{
	"credit": "Made with Blockbench",
	"textures": {
		"1": "block/3d/metal",
		"2": "block/3d_objects/props08a",
		"3": "block/acacia_planks",
		"particle": "block/acacia_planks"
	},
	"elements": [
		{
			"from": [-0.2125, 10.2325, -9.155],
			"to": [1.6125, 14.43, 24.425],
			"rotation": {"angle": -22.5, "axis": "z", "origin": [12.5625, 6.4, 31.36]},
			"faces": {
				"north": {"uv": [7.438, 6.27133, 11.063, 8.063], "texture": "#3"},
				"east": {"uv": [7.438, 6.27133, 11.063, 8.063], "texture": "#3"},
				"south": {"uv": [7.438, 6.27133, 11.063, 8.063], "texture": "#3"},
				"west": {"uv": [7.438, 6.27133, 11.063, 8.063], "texture": "#2"},
				"up": {"uv": [7.438, 6.27133, 11.063, 8.063], "texture": "#3"},
				"down": {"uv": [7.438, 6.27133, 11.063, 8.063], "texture": "#3"}
			}
		},
		{
			"from": [11.8325, 3.2975, -9.155],
			"to": [13.6575, 7.6775, 24.425],
			"rotation": {"angle": 22.5, "axis": "z", "origin": [0.8825, 6.4, 31.36]},
			"faces": {
				"north": {"uv": [0.188, 4.063, 15.563, 7.188], "texture": "#3"},
				"east": {"uv": [7.438, 6.27133, 11.063, 8.063], "texture": "#2"},
				"south": {"uv": [0.188, 4.063, 15.563, 7.188], "texture": "#3"},
				"west": {"uv": [0.188, 4.063, 15.563, 7.188], "texture": "#3"},
				"up": {"uv": [0.188, 4.063, 15.563, 7.188], "texture": "#3"},
				"down": {"uv": [0.188, 4.063, 15.563, 7.188], "texture": "#3"}
			}
		},
		{
			"from": [11.8325, 10.2325, -9.155],
			"to": [13.6575, 14.43, 24.425],
			"rotation": {"angle": 22.5, "axis": "z", "origin": [0.8825, 6.4, 31.36]},
			"faces": {
				"north": {"uv": [0.188, 4.063, 15.563, 7.188], "texture": "#3"},
				"east": {"uv": [7.438, 6.27133, 11.063, 8.063], "texture": "#2"},
				"south": {"uv": [0.188, 4.063, 15.563, 7.188], "texture": "#3"},
				"west": {"uv": [0.188, 4.063, 15.563, 7.188], "texture": "#3"},
				"up": {"uv": [0.188, 4.063, 15.563, 7.188], "texture": "#3"},
				"down": {"uv": [0.188, 4.063, 15.563, 7.188], "texture": "#3"}
			}
		},
		{
			"from": [-0.2125, 3.2975, -9.155],
			"to": [1.6125, 7.6775, 24.425],
			"rotation": {"angle": -22.5, "axis": "z", "origin": [12.5625, 6.4, 31.36]},
			"faces": {
				"north": {"uv": [0.188, 4.063, 15.563, 7.188], "texture": "#3"},
				"east": {"uv": [0.188, 4.063, 15.563, 7.188], "texture": "#3"},
				"south": {"uv": [0.188, 4.063, 15.563, 7.188], "texture": "#3"},
				"west": {"uv": [7.438, 6.27133, 11.063, 8.063], "texture": "#2"},
				"up": {"uv": [0.188, 4.063, 15.563, 7.188], "texture": "#3"},
				"down": {"uv": [0.188, 4.063, 15.563, 7.188], "texture": "#3"}
			}
		},
		{
			"from": [0.8825, -5.28, 19.68],
			"to": [2.89, 17.1675, 21.6875],
			"rotation": {"angle": -22.5, "axis": "z", "origin": [12.5625, 6.4, 31.36]},
			"faces": {
				"north": {"uv": [0, 0, 7.375, 15.875], "texture": "#1"},
				"east": {"uv": [0, 0, 7.375, 15.875], "texture": "#1"},
				"south": {"uv": [0, 0, 7.375, 15.875], "texture": "#1"},
				"west": {"uv": [0, 0, 7.375, 15.875], "texture": "#1"},
				"up": {"uv": [0, 0, 7.375, 15.875], "texture": "#1"},
				"down": {"uv": [0, 0, 7.375, 15.875], "texture": "#1"}
			}
		},
		{
			"from": [5.883, 19.905, 19.68],
			"to": [7.5255, 20.8175, 21.6875],
			"rotation": {"angle": 0, "axis": "z", "origin": [-4.045, 10.05, 31.36]},
			"faces": {
				"north": {"uv": [0, 0, 7.375, 15.875], "texture": "#1"},
				"east": {"uv": [0, 0, 7.375, 15.875], "texture": "#1"},
				"south": {"uv": [0, 0, 7.375, 15.875], "texture": "#1"},
				"west": {"uv": [0, 0, 7.375, 15.875], "texture": "#1"},
				"up": {"uv": [0, 0, 7.375, 15.875], "texture": "#1"},
				"down": {"uv": [0, 0, 7.375, 15.875], "texture": "#1"}
			}
		},
		{
			"from": [10.555, -5.28, 19.68],
			"to": [12.5625, 17.1675, 21.6875],
			"rotation": {"angle": 22.5, "axis": "z", "origin": [0.8825, 6.4, 31.36]},
			"faces": {
				"north": {"uv": [0, 0, 7.375, 15.875], "texture": "#1"},
				"east": {"uv": [0, 0, 7.375, 15.875], "texture": "#1"},
				"south": {"uv": [0, 0, 7.375, 15.875], "texture": "#1"},
				"west": {"uv": [0, 0, 7.375, 15.875], "texture": "#1"},
				"up": {"uv": [0, 0, 7.375, 15.875], "texture": "#1"},
				"down": {"uv": [0, 0, 7.375, 15.875], "texture": "#1"}
			}
		},
		{
			"from": [0.8825, -5.28, -5.87],
			"to": [2.89, 17.1675, -3.8625],
			"rotation": {"angle": -22.5, "axis": "z", "origin": [12.5625, 6.4, 5.81]},
			"faces": {
				"north": {"uv": [0, 0, 6.125, 15.875], "texture": "#1"},
				"east": {"uv": [0, 0, 6.125, 15.875], "texture": "#1"},
				"south": {"uv": [0, 0, 6.125, 15.875], "texture": "#1"},
				"west": {"uv": [0, 0, 6.125, 15.875], "texture": "#1"},
				"up": {"uv": [0, 0, 6.125, 15.875], "texture": "#1"},
				"down": {"uv": [0, 0, 6.125, 15.875], "texture": "#1"}
			}
		},
		{
			"from": [5.883, 19.905, -5.87],
			"to": [7.5255, 20.8175, -3.8625],
			"rotation": {"angle": 0, "axis": "z", "origin": [-4.045, 10.05, 5.81]},
			"faces": {
				"north": {"uv": [0, 0, 6.125, 15.875], "texture": "#1"},
				"east": {"uv": [0, 0, 6.125, 15.875], "texture": "#1"},
				"south": {"uv": [0, 0, 6.125, 15.875], "texture": "#1"},
				"west": {"uv": [0, 0, 6.125, 15.875], "texture": "#1"},
				"up": {"uv": [0, 0, 6.125, 15.875], "texture": "#1"},
				"down": {"uv": [0, 0, 6.125, 15.875], "texture": "#1"}
			}
		},
		{
			"from": [10.555, -5.28, -5.87],
			"to": [12.5625, 17.1675, -3.8625],
			"rotation": {"angle": 22.5, "axis": "z", "origin": [0.8825, 6.4, 5.81]},
			"faces": {
				"north": {"uv": [0, 0, 6.125, 15.875], "texture": "#1"},
				"east": {"uv": [0, 0, 6.125, 15.875], "texture": "#1"},
				"south": {"uv": [0, 0, 6.125, 15.875], "texture": "#1"},
				"west": {"uv": [0, 0, 6.125, 15.875], "texture": "#1"},
				"up": {"uv": [0, 0, 6.125, 15.875], "texture": "#1"},
				"down": {"uv": [0, 0, 6.125, 15.875], "texture": "#1"}
			}
		}
	],
	"display": {
		"thirdperson_righthand": {
			"scale": [0.33, 0.29, 0.34]
		},
		"thirdperson_lefthand": {
			"translation": [-0.25, 0, 0],
			"scale": [0.36, 0.31, 0.31]
		},
		"firstperson_righthand": {
			"scale": [0.02, 0, 0]
		},
		"firstperson_lefthand": {
			"scale": [0, 0, 0]
		},
		"gui": {
			"rotation": [8, 52, 0],
			"translation": [0.5, -0.5, 0],
			"scale": [0.41, 0.4, 0.4]
		}
	},
	"groups": [
		{
			"name": "group",
			"origin": [8, 8, 8],
			"color": 0,
			"children": [
				{
					"name": "group",
					"origin": [11.125, 4.25, 24],
					"color": 0,
					"children": [0, 1, 2, 3]
				},
				{
					"name": "group",
					"origin": [-0.25, 6.75, 8],
					"color": 0,
					"children": [4, 5, 6]
				},
				{
					"name": "group",
					"origin": [-0.25, 6.75, 8],
					"color": 0,
					"children": [7, 8, 9]
				}
			]
		}
	]
}