{
	"credit": "ALTA Official CONTENT -- Do not use without credits !",
	"textures": {
		"1": "block/3d_objects/pompe01",
		"2": "block/3d/metal",
		"3": "block/cauldron_inner",
		"particle": "block/3d/metal"
	},
	"elements": [
		{
			"from": [-1.05515, 6.375, 11.375],
			"to": [-0.68015, 12.625, 11.625],
			"rotation": {"angle": 0, "axis": "y", "origin": [-8.93015, 14.625, 19.5]},
			"faces": {
				"north": {"uv": [12.215, 4.907, 10.657, 6.216], "texture": "#3"},
				"east": {"uv": [12.215, 4.907, 10.657, 6.216], "texture": "#3"},
				"south": {"uv": [12.215, 4.907, 10.657, 6.216], "texture": "#3"},
				"west": {"uv": [12.215, 4.907, 10.657, 6.216], "texture": "#3"},
				"up": {"uv": [12.215, 4.907, 10.657, 6.216], "texture": "#3"},
				"down": {"uv": [12.215, 4.907, 10.657, 6.216], "texture": "#3"}
			}
		},
		{
			"from": [-1.05515, 12.125, 11.625],
			"to": [-0.68015, 12.625, 13.25],
			"rotation": {"angle": 0, "axis": "y", "origin": [-8.93015, 14.625, 21.375]},
			"faces": {
				"north": {"uv": [12.215, 4.907, 10.657, 6.216], "texture": "#3"},
				"east": {"uv": [12.215, 4.907, 10.657, 6.216], "texture": "#3"},
				"south": {"uv": [12.215, 4.907, 10.657, 6.216], "texture": "#3"},
				"west": {"uv": [12.215, 4.907, 10.657, 6.216], "texture": "#3"},
				"up": {"uv": [12.215, 4.907, 10.657, 6.216], "texture": "#3"},
				"down": {"uv": [12.215, 4.907, 10.657, 6.216], "texture": "#3"}
			}
		},
		{
			"from": [-2.05515, 4.875, 12.25],
			"to": [-1.68015, 10, 12.625],
			"rotation": {"angle": 0, "axis": "y", "origin": [-8.93015, 13.75, 21.375]},
			"faces": {
				"north": {"uv": [4.438, 1.875, 2.719, 2.375], "texture": "#3"},
				"east": {"uv": [4.438, 1.875, 2.719, 2.375], "texture": "#3"},
				"south": {"uv": [4.438, 1.875, 2.719, 2.375], "texture": "#3"},
				"west": {"uv": [4.438, 1.875, 2.719, 2.375], "texture": "#3"},
				"up": {"uv": [4.438, 1.875, 2.719, 2.375], "texture": "#3"},
				"down": {"uv": [4.438, 1.875, 2.719, 2.375], "texture": "#3"}
			}
		},
		{
			"from": [-2.05515, 8, 6.875],
			"to": [-1.68015, 10.25, 7.25],
			"rotation": {"angle": -45, "axis": "x", "origin": [-8.93015, 14, 16]},
			"faces": {
				"north": {"uv": [4.438, 1.875, 2.719, 2.375], "texture": "#3"},
				"east": {"uv": [4.438, 1.875, 2.719, 2.375], "texture": "#3"},
				"south": {"uv": [4.438, 1.875, 2.719, 2.375], "texture": "#3"},
				"west": {"uv": [4.438, 1.875, 2.719, 2.375], "texture": "#3"},
				"up": {"uv": [4.438, 1.875, 2.719, 2.375], "texture": "#3"},
				"down": {"uv": [4.438, 1.875, 2.719, 2.375], "texture": "#3"}
			}
		},
		{
			"from": [-2.05515, 3.375, 13.75],
			"to": [-1.68015, 3.75, 16],
			"rotation": {"angle": 0, "axis": "x", "origin": [-8.93015, 12.5, 19.75]},
			"faces": {
				"north": {"uv": [4.438, 1.875, 2.719, 2.375], "texture": "#3"},
				"east": {"uv": [4.438, 1.875, 2.719, 2.375], "texture": "#3"},
				"south": {"uv": [4.438, 1.875, 2.719, 2.375], "texture": "#3"},
				"west": {"uv": [4.438, 1.875, 2.719, 2.375], "texture": "#3"},
				"up": {"uv": [4.438, 1.875, 2.719, 2.375], "texture": "#3"},
				"down": {"uv": [4.438, 1.875, 2.719, 2.375], "texture": "#3"}
			}
		},
		{
			"from": [-2.05515, 8, 22.375],
			"to": [-1.68015, 10.25, 22.75],
			"rotation": {"angle": 45, "axis": "x", "origin": [-8.93015, 14, 13.625]},
			"faces": {
				"north": {"uv": [4.438, 1.875, 2.719, 2.375], "texture": "#3"},
				"east": {"uv": [4.438, 1.875, 2.719, 2.375], "texture": "#3"},
				"south": {"uv": [4.438, 1.875, 2.719, 2.375], "texture": "#3"},
				"west": {"uv": [4.438, 1.875, 2.719, 2.375], "texture": "#3"},
				"up": {"uv": [4.438, 1.875, 2.719, 2.375], "texture": "#3"},
				"down": {"uv": [4.438, 1.875, 2.719, 2.375], "texture": "#3"}
			}
		},
		{
			"from": [4.19485, 8, 17],
			"to": [4.56985, 16, 17.375],
			"rotation": {"angle": -45, "axis": "z", "origin": [-2.68015, 14, 8.25]},
			"faces": {
				"north": {"uv": [4.438, 1.875, 2.719, 2.375], "texture": "#3"},
				"east": {"uv": [4.438, 1.875, 2.719, 2.375], "texture": "#3"},
				"south": {"uv": [4.438, 1.875, 2.719, 2.375], "texture": "#3"},
				"west": {"uv": [4.438, 1.875, 2.719, 2.375], "texture": "#3"},
				"up": {"uv": [4.438, 1.875, 2.719, 2.375], "texture": "#3"},
				"down": {"uv": [4.438, 1.875, 2.719, 2.375], "texture": "#3"}
			}
		},
		{
			"from": [6.19485, 12.5, 17],
			"to": [6.56985, 17.75, 17.375],
			"rotation": {"angle": -22.5, "axis": "z", "origin": [-0.68015, 18.5, 8.25]},
			"faces": {
				"north": {"uv": [4.438, 1.875, 2.719, 2.375], "texture": "#3"},
				"east": {"uv": [4.438, 1.875, 2.719, 2.375], "texture": "#3"},
				"south": {"uv": [4.438, 1.875, 2.719, 2.375], "texture": "#3"},
				"west": {"uv": [4.438, 1.875, 2.719, 2.375], "texture": "#3"},
				"up": {"uv": [4.438, 1.875, 2.719, 2.375], "texture": "#3"},
				"down": {"uv": [4.438, 1.875, 2.719, 2.375], "texture": "#3"}
			}
		},
		{
			"from": [5.31985, 11, 15.375],
			"to": [5.69485, 16.25, 15.75],
			"rotation": {"angle": -22.5, "axis": "x", "origin": [-1.55515, 17, 6.625]},
			"faces": {
				"north": {"uv": [4.438, 1.875, 2.719, 2.375], "texture": "#3"},
				"east": {"uv": [4.438, 1.875, 2.719, 2.375], "texture": "#3"},
				"south": {"uv": [4.438, 1.875, 2.719, 2.375], "texture": "#3"},
				"west": {"uv": [4.438, 1.875, 2.719, 2.375], "texture": "#3"},
				"up": {"uv": [4.438, 1.875, 2.719, 2.375], "texture": "#3"},
				"down": {"uv": [4.438, 1.875, 2.719, 2.375], "texture": "#3"}
			}
		},
		{
			"from": [-2.05515, 9.375, 12],
			"to": [-1.68015, 10.125, 12.875],
			"rotation": {"angle": 0, "axis": "y", "origin": [-8.93015, 13.75, 21.375]},
			"faces": {
				"north": {"uv": [4.438, 1.875, 2.719, 2.375], "texture": "#3"},
				"east": {"uv": [4.438, 1.875, 2.719, 2.375], "texture": "#3"},
				"south": {"uv": [4.438, 1.875, 2.719, 2.375], "texture": "#3"},
				"west": {"uv": [4.438, 1.875, 2.719, 2.375], "texture": "#3"},
				"up": {"uv": [4.438, 1.875, 2.719, 2.375], "texture": "#3"},
				"down": {"uv": [4.438, 1.875, 2.719, 2.375], "texture": "#3"}
			}
		},
		{
			"from": [-1.68015, 9.375, 12],
			"to": [-0.68015, 11.75, 12.875],
			"rotation": {"angle": 0, "axis": "y", "origin": [-8.93015, 13.75, 21.375]},
			"faces": {
				"north": {"uv": [4.438, 1.875, 2.719, 2.375], "texture": "#3"},
				"east": {"uv": [4.438, 1.875, 2.719, 2.375], "texture": "#3"},
				"south": {"uv": [4.438, 1.875, 2.719, 2.375], "texture": "#3"},
				"west": {"uv": [4.438, 1.875, 2.719, 2.375], "texture": "#3"},
				"up": {"uv": [4.438, 1.875, 2.719, 2.375], "texture": "#3"},
				"down": {"uv": [4.438, 1.875, 2.719, 2.375], "texture": "#3"}
			}
		},
		{
			"from": [-1.05515, 6.375, 11.625],
			"to": [-0.68015, 6.875, 13.25],
			"rotation": {"angle": 0, "axis": "y", "origin": [-8.93015, 8.875, 21.375]},
			"faces": {
				"north": {"uv": [12.215, 4.907, 10.657, 6.216], "texture": "#3"},
				"east": {"uv": [12.215, 4.907, 10.657, 6.216], "texture": "#3"},
				"south": {"uv": [12.215, 4.907, 10.657, 6.216], "texture": "#3"},
				"west": {"uv": [12.215, 4.907, 10.657, 6.216], "texture": "#3"},
				"up": {"uv": [12.215, 4.907, 10.657, 6.216], "texture": "#3"},
				"down": {"uv": [12.215, 4.907, 10.657, 6.216], "texture": "#3"}
			}
		},
		{
			"from": [-1.05515, 6.375, 13.25],
			"to": [-0.68015, 12.625, 13.5],
			"rotation": {"angle": 0, "axis": "y", "origin": [-8.93015, 14.625, 21.375]},
			"faces": {
				"north": {"uv": [12.215, 4.907, 10.657, 6.216], "texture": "#3"},
				"east": {"uv": [12.215, 4.907, 10.657, 6.216], "texture": "#3"},
				"south": {"uv": [12.215, 4.907, 10.657, 6.216], "texture": "#3"},
				"west": {"uv": [12.215, 4.907, 10.657, 6.216], "texture": "#3"},
				"up": {"uv": [12.215, 4.907, 10.657, 6.216], "texture": "#3"},
				"down": {"uv": [12.215, 4.907, 10.657, 6.216], "texture": "#3"}
			}
		},
		{
			"from": [16.56985, 6.375, 11.375],
			"to": [16.94485, 12.625, 11.625],
			"rotation": {"angle": 0, "axis": "y", "origin": [24.81985, 14.625, 19.5]},
			"faces": {
				"north": {"uv": [0, 0, 16, 16], "texture": "#3"},
				"east": {"uv": [0, 0, 16, 16], "texture": "#3"},
				"south": {"uv": [0, 0, 16, 16], "texture": "#3"},
				"west": {"uv": [0, 0, 16, 16], "texture": "#3"},
				"up": {"uv": [0, 0, 16, 16], "texture": "#3"},
				"down": {"uv": [0, 0, 16, 16], "texture": "#3"}
			}
		},
		{
			"from": [16.56985, 12.125, 11.625],
			"to": [16.94485, 12.625, 13.25],
			"rotation": {"angle": 0, "axis": "y", "origin": [24.81985, 14.625, 21.375]},
			"faces": {
				"north": {"uv": [0, 0, 16, 16], "texture": "#3"},
				"east": {"uv": [0, 0, 16, 16], "texture": "#3"},
				"south": {"uv": [0, 0, 16, 16], "texture": "#3"},
				"west": {"uv": [0, 0, 16, 16], "texture": "#3"},
				"up": {"uv": [0, 0, 16, 16], "texture": "#3"},
				"down": {"uv": [0, 0, 16, 16], "texture": "#3"}
			}
		},
		{
			"from": [17.56985, 4.875, 12.25],
			"to": [17.94485, 10, 12.625],
			"rotation": {"angle": 0, "axis": "y", "origin": [24.81985, 13.75, 21.375]},
			"faces": {
				"north": {"uv": [0, 0, 16, 16], "texture": "#3"},
				"east": {"uv": [0, 0, 16, 16], "texture": "#3"},
				"south": {"uv": [0, 0, 16, 16], "texture": "#3"},
				"west": {"uv": [0, 0, 16, 16], "texture": "#3"},
				"up": {"uv": [0, 0, 16, 16], "texture": "#3"},
				"down": {"uv": [0, 0, 16, 16], "texture": "#3"}
			}
		},
		{
			"from": [17.56985, 8, 6.875],
			"to": [17.94485, 10.25, 7.25],
			"rotation": {"angle": -45, "axis": "x", "origin": [24.81985, 14, 16]},
			"faces": {
				"north": {"uv": [0, 0, 16, 16], "texture": "#3"},
				"east": {"uv": [0, 0, 16, 16], "texture": "#3"},
				"south": {"uv": [0, 0, 16, 16], "texture": "#3"},
				"west": {"uv": [0, 0, 16, 16], "texture": "#3"},
				"up": {"uv": [0, 0, 16, 16], "texture": "#3"},
				"down": {"uv": [0, 0, 16, 16], "texture": "#3"}
			}
		},
		{
			"from": [17.56985, 3.375, 13.75],
			"to": [17.94485, 3.75, 16],
			"rotation": {"angle": 0, "axis": "x", "origin": [24.81985, 12.5, 19.75]},
			"faces": {
				"north": {"uv": [0, 0, 16, 16], "texture": "#3"},
				"east": {"uv": [0, 0, 16, 16], "texture": "#3"},
				"south": {"uv": [0, 0, 16, 16], "texture": "#3"},
				"west": {"uv": [0, 0, 16, 16], "texture": "#3"},
				"up": {"uv": [0, 0, 16, 16], "texture": "#3"},
				"down": {"uv": [0, 0, 16, 16], "texture": "#3"}
			}
		},
		{
			"from": [17.56985, 8, 22.375],
			"to": [17.94485, 10.25, 22.75],
			"rotation": {"angle": 45, "axis": "x", "origin": [24.81985, 14, 13.625]},
			"faces": {
				"north": {"uv": [0, 0, 16, 16], "texture": "#3"},
				"east": {"uv": [0, 0, 16, 16], "texture": "#3"},
				"south": {"uv": [0, 0, 16, 16], "texture": "#3"},
				"west": {"uv": [0, 0, 16, 16], "texture": "#3"},
				"up": {"uv": [0, 0, 16, 16], "texture": "#3"},
				"down": {"uv": [0, 0, 16, 16], "texture": "#3"}
			}
		},
		{
			"from": [11.31985, 8, 17],
			"to": [11.69485, 16, 17.375],
			"rotation": {"angle": 45, "axis": "z", "origin": [18.56985, 14, 8.25]},
			"faces": {
				"north": {"uv": [0, 0, 16, 16], "texture": "#3"},
				"east": {"uv": [0, 0, 16, 16], "texture": "#3"},
				"south": {"uv": [0, 0, 16, 16], "texture": "#3"},
				"west": {"uv": [0, 0, 16, 16], "texture": "#3"},
				"up": {"uv": [0, 0, 16, 16], "texture": "#3"},
				"down": {"uv": [0, 0, 16, 16], "texture": "#3"}
			}
		},
		{
			"from": [9.31985, 12.5, 17],
			"to": [9.69485, 17.75, 17.375],
			"rotation": {"angle": 22.5, "axis": "z", "origin": [16.56985, 18.5, 8.25]},
			"faces": {
				"north": {"uv": [0, 0, 16, 16], "texture": "#3"},
				"east": {"uv": [0, 0, 16, 16], "texture": "#3"},
				"south": {"uv": [0, 0, 16, 16], "texture": "#3"},
				"west": {"uv": [0, 0, 16, 16], "texture": "#3"},
				"up": {"uv": [0, 0, 16, 16], "texture": "#3"},
				"down": {"uv": [0, 0, 16, 16], "texture": "#3"}
			}
		},
		{
			"from": [10.19485, 11, 15.375],
			"to": [10.56985, 16.25, 15.75],
			"rotation": {"angle": -22.5, "axis": "x", "origin": [17.44485, 17, 6.625]},
			"faces": {
				"north": {"uv": [0, 0, 16, 16], "texture": "#3"},
				"east": {"uv": [0, 0, 16, 16], "texture": "#3"},
				"south": {"uv": [0, 0, 16, 16], "texture": "#3"},
				"west": {"uv": [0, 0, 16, 16], "texture": "#3"},
				"up": {"uv": [0, 0, 16, 16], "texture": "#3"},
				"down": {"uv": [0, 0, 16, 16], "texture": "#3"}
			}
		},
		{
			"from": [17.56985, 9.375, 12],
			"to": [17.94485, 10.125, 12.875],
			"rotation": {"angle": 0, "axis": "y", "origin": [24.81985, 13.75, 21.375]},
			"faces": {
				"north": {"uv": [0, 0, 16, 16], "texture": "#3"},
				"east": {"uv": [0, 0, 16, 16], "texture": "#3"},
				"south": {"uv": [0, 0, 16, 16], "texture": "#3"},
				"west": {"uv": [0, 0, 16, 16], "texture": "#3"},
				"up": {"uv": [0, 0, 16, 16], "texture": "#3"},
				"down": {"uv": [0, 0, 16, 16], "texture": "#3"}
			}
		},
		{
			"from": [16.56985, 9.375, 12],
			"to": [17.56985, 11.75, 12.875],
			"rotation": {"angle": 0, "axis": "y", "origin": [24.81985, 13.75, 21.375]},
			"faces": {
				"north": {"uv": [0, 0, 16, 16], "texture": "#3"},
				"east": {"uv": [0, 0, 16, 16], "texture": "#3"},
				"south": {"uv": [0, 0, 16, 16], "texture": "#3"},
				"west": {"uv": [0, 0, 16, 16], "texture": "#3"},
				"up": {"uv": [0, 0, 16, 16], "texture": "#3"},
				"down": {"uv": [0, 0, 16, 16], "texture": "#3"}
			}
		},
		{
			"from": [16.56985, 6.375, 11.625],
			"to": [16.94485, 6.875, 13.25],
			"rotation": {"angle": 0, "axis": "y", "origin": [24.81985, 8.875, 21.375]},
			"faces": {
				"north": {"uv": [0, 0, 16, 16], "texture": "#3"},
				"east": {"uv": [0, 0, 16, 16], "texture": "#3"},
				"south": {"uv": [0, 0, 16, 16], "texture": "#3"},
				"west": {"uv": [0, 0, 16, 16], "texture": "#3"},
				"up": {"uv": [0, 0, 16, 16], "texture": "#3"},
				"down": {"uv": [0, 0, 16, 16], "texture": "#3"}
			}
		},
		{
			"from": [16.56985, 6.375, 13.25],
			"to": [16.94485, 12.625, 13.5],
			"rotation": {"angle": 0, "axis": "y", "origin": [24.81985, 14.625, 21.375]},
			"faces": {
				"north": {"uv": [0, 0, 16, 16], "texture": "#3"},
				"east": {"uv": [0, 0, 16, 16], "texture": "#3"},
				"south": {"uv": [0, 0, 16, 16], "texture": "#3"},
				"west": {"uv": [0, 0, 16, 16], "texture": "#3"},
				"up": {"uv": [0, 0, 16, 16], "texture": "#3"},
				"down": {"uv": [0, 0, 16, 16], "texture": "#3"}
			}
		},
		{
			"from": [13.81985, 0, 0],
			"to": [16.69485, 13, 15.125],
			"rotation": {"angle": 0, "axis": "y", "origin": [10.56985, 8, 8]},
			"faces": {
				"north": {"uv": [11, 8.938, 12.313, 12.468], "texture": "#1"},
				"east": {"uv": [1, 8.469, 6.999, 13.688], "texture": "#1"},
				"south": {"uv": [10.844, 6.782, 12.532, 12.532], "texture": "#1"},
				"west": {"uv": [0, 0, 16, 16], "texture": "#2"},
				"up": {"uv": [0, 0, 16, 16], "texture": "#2"},
				"down": {"uv": [0, 0, 16, 16], "texture": "#2"}
			}
		},
		{
			"from": [-0.80515, 0, 0],
			"to": [2.56985, 13, 15.125],
			"rotation": {"angle": 0, "axis": "y", "origin": [5.31985, 8, 8]},
			"faces": {
				"north": {"uv": [10.625, 8.313, 12.375, 12.532], "texture": "#1"},
				"east": {"uv": [0, 0, 16, 16], "texture": "#2"},
				"south": {"uv": [10.844, 9, 12.218, 12.625], "texture": "#1"},
				"west": {"uv": [6.938, 8.562, 1, 13.749], "texture": "#1"},
				"up": {"uv": [0, 0, 16, 16], "texture": "#2"},
				"down": {"uv": [0, 0, 16, 16], "texture": "#2"}
			}
		},
		{
			"from": [2.56985, 0, 0],
			"to": [13.81985, 19.75, 15.125],
			"rotation": {"angle": 0, "axis": "y", "origin": [10.56985, 8, 8]},
			"faces": {
				"north": {"uv": [10.532, 7.25, 12.407, 12.625], "texture": "#1"},
				"east": {"uv": [0, 0, 16, 16], "texture": "#2"},
				"south": {"uv": [10.75, 6.469, 12.313, 12.688], "texture": "#1"},
				"west": {"uv": [0, 0, 16, 16], "texture": "#2"},
				"up": {"uv": [0, 0, 16, 16], "texture": "#2"},
				"down": {"uv": [0, 0, 16, 16], "texture": "#2"}
			}
		},
		{
			"from": [11.31985, 10, 0],
			"to": [13.56985, 16.25, 15.125],
			"rotation": {"angle": 22.5, "axis": "z", "origin": [7.44485, 18, 8]},
			"faces": {
				"north": {"uv": [0, 0, 16, 16], "texture": "#2"},
				"east": {"uv": [1, 6.563, 7, 8.625], "texture": "#1"},
				"south": {"uv": [0, 0, 16, 16], "texture": "#2"},
				"west": {"uv": [0, 0, 16, 16], "texture": "#2"},
				"up": {"uv": [0, 0, 16, 16], "texture": "#2"},
				"down": {"uv": [0, 0, 16, 16], "texture": "#2"}
			}
		},
		{
			"from": [2.94485, 10, 0],
			"to": [5.19485, 16.25, 15.125],
			"rotation": {"angle": -22.5, "axis": "z", "origin": [9.06985, 18, 8]},
			"faces": {
				"north": {"uv": [0, 0, 16, 16], "texture": "#2"},
				"east": {"uv": [0, 0, 16, 16], "texture": "#2"},
				"south": {"uv": [0, 0, 16, 16], "texture": "#2"},
				"west": {"uv": [1, 6.563, 7, 8.625], "texture": "#1"},
				"up": {"uv": [0, 0, 16, 16], "texture": "#2"},
				"down": {"uv": [0, 0, 16, 16], "texture": "#2"}
			}
		},
		{
			"from": [2.56985, 29.75, 0],
			"to": [13.81985, 32, 15.125],
			"rotation": {"angle": 0, "axis": "y", "origin": [10.56985, 20.25, 8]},
			"faces": {
				"north": {"uv": [0, 0, 16, 16], "texture": "#2"},
				"east": {"uv": [0.782, 1.594, 7.156, 2.469], "texture": "#1"},
				"south": {"uv": [0, 0, 16, 16], "texture": "#2"},
				"west": {"uv": [0.782, 1.594, 7.156, 2.469], "texture": "#1"},
				"up": {"uv": [0, 0, 16, 16], "texture": "#2"},
				"down": {"uv": [0, 0, 16, 16], "texture": "#2"}
			}
		},
		{
			"from": [2.56985, 19.75, 0],
			"to": [13.81985, 31.125, 1],
			"rotation": {"angle": 0, "axis": "y", "origin": [10.56985, 20.25, -6.125]},
			"faces": {
				"north": {"uv": [0, 0, 16, 16], "texture": "#2"},
				"east": {"uv": [0, 0, 16, 16], "texture": "#2"},
				"south": {"uv": [0, 0, 16, 16], "texture": "#2"},
				"west": {"uv": [0, 0, 16, 16], "texture": "#2"},
				"up": {"uv": [0, 0, 16, 16], "texture": "#2"},
				"down": {"uv": [0, 0, 16, 16], "texture": "#2"}
			}
		},
		{
			"from": [2.56985, 19.75, 14.125],
			"to": [13.81985, 31.125, 15.125],
			"rotation": {"angle": 0, "axis": "y", "origin": [10.56985, 20.25, 8]},
			"faces": {
				"north": {"uv": [0, 0, 16, 16], "texture": "#2"},
				"east": {"uv": [0, 0, 16, 16], "texture": "#2"},
				"south": {"uv": [0, 0, 16, 16], "texture": "#2"},
				"west": {"uv": [0, 0, 16, 16], "texture": "#2"},
				"up": {"uv": [0, 0, 16, 16], "texture": "#2"},
				"down": {"uv": [0, 0, 16, 16], "texture": "#2"}
			}
		}
	],
	"display": {
		"thirdperson_righthand": {
			"scale": [0.26, 0.26, 0.26]
		},
		"thirdperson_lefthand": {
			"scale": [0.27, 0.28, 0.27]
		},
		"firstperson_righthand": {
			"scale": [0, 0, 0]
		},
		"firstperson_lefthand": {
			"scale": [0, 0, 0]
		},
		"gui": {
			"rotation": [19, 68, 0],
			"translation": [0, -2.5, 0],
			"scale": [0.35, 0.38, 0.36]
		}
	},
	"groups": [
		{
			"name": "group",
			"origin": [8, 8, 8],
			"children": [0, 1, 2, 3, 4, 5, 6, 7, 8, 9, 10, 11, 12,
				{
					"name": "group",
					"origin": [8, 8, 8],
					"children": [13, 14, 15, 16, 17, 18, 19, 20, 21, 22, 23, 24, 25]
				}
			]
		},
		{
			"name": "group",
			"origin": [8, 8, 8],
			"children": [26, 27, 28, 29, 30, 31, 32, 33]
		}
	]
}