{
	"credit": "ALTA Official CONTENT -- Do not use without credits !",
	"textures": {
		"0": "block/birch_planks",
		"particle": "block/birch_planks"
	},
	"elements": [
		{
			"from": [-16, 28, 11.875],
			"to": [-0.5, 29.375, 15.5],
			"rotation": {"angle": 0, "axis": "y", "origin": [10.625, 36, 19.625]},
			"faces": {
				"north": {"uv": [0, 0, 16, 16], "texture": "#0"},
				"east": {"uv": [0, 0, 16, 16], "texture": "#0"},
				"south": {"uv": [0, 0, 16, 16], "texture": "#0"},
				"west": {"uv": [0, 0, 16, 16], "texture": "#0"},
				"up": {"uv": [0, 0, 16, 16], "texture": "#0"},
				"down": {"uv": [0, 0, 16, 16], "texture": "#0"}
			}
		},
		{
			"from": [12.125, 7.75, 11.875],
			"to": [27.5, 9.125, 15.5],
			"rotation": {"angle": 0, "axis": "y", "origin": [38.75, 15.75, 19.625]},
			"faces": {
				"north": {"uv": [0, 0, 16, 16], "texture": "#0"},
				"east": {"uv": [0, 0, 16, 16], "texture": "#0"},
				"south": {"uv": [0, 0, 16, 16], "texture": "#0"},
				"west": {"uv": [0, 0, 16, 16], "texture": "#0"},
				"up": {"uv": [0, 0, 16, 16], "texture": "#0"},
				"down": {"uv": [0, 0, 16, 16], "texture": "#0"}
			}
		},
		{
			"from": [-16, 12, 11.875],
			"to": [-0.5, 13.375, 15.5],
			"rotation": {"angle": 0, "axis": "y", "origin": [10.625, 20, 19.625]},
			"faces": {
				"north": {"uv": [0, 0, 16, 16], "texture": "#0"},
				"east": {"uv": [0, 0, 16, 16], "texture": "#0"},
				"south": {"uv": [0, 0, 16, 16], "texture": "#0"},
				"west": {"uv": [0, 0, 16, 16], "texture": "#0"},
				"up": {"uv": [0, 0, 16, 16], "texture": "#0"},
				"down": {"uv": [0, 0, 16, 16], "texture": "#0"}
			}
		},
		{
			"from": [4.5, 22.375, 11.875],
			"to": [20, 23.75, 15.5],
			"rotation": {"angle": 0, "axis": "y", "origin": [31.125, 30.375, 19.625]},
			"faces": {
				"north": {"uv": [0, 0, 16, 16], "texture": "#0"},
				"east": {"uv": [0, 0, 16, 16], "texture": "#0"},
				"south": {"uv": [0, 0, 16, 16], "texture": "#0"},
				"west": {"uv": [0, 0, 16, 16], "texture": "#0"},
				"up": {"uv": [0, 0, 16, 16], "texture": "#0"},
				"down": {"uv": [0, 0, 16, 16], "texture": "#0"}
			}
		},
		{
			"from": [27.25, 0, 11.625],
			"to": [28.5, 32, 16],
			"rotation": {"angle": 0, "axis": "y", "origin": [35.25, 8, 19.625]},
			"faces": {
				"north": {"uv": [0, 0, 16, 16], "texture": "#0"},
				"east": {"uv": [0, 0, 16, 16], "texture": "#0"},
				"south": {"uv": [0, 0, 16, 16], "texture": "#0"},
				"west": {"uv": [0, 0, 16, 16], "texture": "#0"},
				"up": {"uv": [0, 0, 16, 16], "texture": "#0"},
				"down": {"uv": [0, 0, 16, 16], "texture": "#0"}
			}
		},
		{
			"from": [19.125, 0, 11.625],
			"to": [20.375, 32, 16],
			"rotation": {"angle": 0, "axis": "y", "origin": [27.125, 8, 19.625]},
			"faces": {
				"north": {"uv": [0, 0, 16, 16], "texture": "#0"},
				"east": {"uv": [0, 0, 16, 16], "texture": "#0"},
				"south": {"uv": [0, 0, 16, 16], "texture": "#0"},
				"west": {"uv": [0, 0, 16, 16], "texture": "#0"},
				"up": {"uv": [0, 0, 16, 16], "texture": "#0"},
				"down": {"uv": [0, 0, 16, 16], "texture": "#0"}
			}
		},
		{
			"from": [-4.5, 0, 11.625],
			"to": [-3.25, 32, 16],
			"rotation": {"angle": 0, "axis": "y", "origin": [3.5, 8, 19.625]},
			"faces": {
				"north": {"uv": [0, 0, 16, 16], "texture": "#0"},
				"east": {"uv": [0, 0, 16, 16], "texture": "#0"},
				"south": {"uv": [0, 0, 16, 16], "texture": "#0"},
				"west": {"uv": [0, 0, 16, 16], "texture": "#0"},
				"up": {"uv": [0, 0, 16, 16], "texture": "#0"},
				"down": {"uv": [0, 0, 16, 16], "texture": "#0"}
			}
		},
		{
			"from": [-12.625, 0, 11.625],
			"to": [-11.375, 32, 16],
			"rotation": {"angle": 0, "axis": "y", "origin": [-4.625, 8, 19.625]},
			"faces": {
				"north": {"uv": [0, 0, 16, 16], "texture": "#0"},
				"east": {"uv": [0, 0, 16, 16], "texture": "#0"},
				"south": {"uv": [0, 0, 16, 16], "texture": "#0"},
				"west": {"uv": [0, 0, 16, 16], "texture": "#0"},
				"up": {"uv": [0, 0, 16, 16], "texture": "#0"},
				"down": {"uv": [0, 0, 16, 16], "texture": "#0"}
			}
		},
		{
			"from": [11.5, 0, 11.625],
			"to": [12.75, 32, 16],
			"rotation": {"angle": 0, "axis": "y", "origin": [19.5, 8, 19.625]},
			"faces": {
				"north": {"uv": [0, 0, 16, 16], "texture": "#0"},
				"east": {"uv": [0, 0, 16, 16], "texture": "#0"},
				"south": {"uv": [0, 0, 16, 16], "texture": "#0"},
				"west": {"uv": [0, 0, 16, 16], "texture": "#0"},
				"up": {"uv": [0, 0, 16, 16], "texture": "#0"},
				"down": {"uv": [0, 0, 16, 16], "texture": "#0"}
			}
		},
		{
			"from": [3.375, 0, 11.625],
			"to": [4.625, 32, 16],
			"rotation": {"angle": 0, "axis": "y", "origin": [11.375, 8, 19.625]},
			"faces": {
				"north": {"uv": [0, 0, 16, 16], "texture": "#0"},
				"east": {"uv": [0, 0, 16, 16], "texture": "#0"},
				"south": {"uv": [0, 0, 16, 16], "texture": "#0"},
				"west": {"uv": [0, 0, 16, 16], "texture": "#0"},
				"up": {"uv": [0, 0, 16, 16], "texture": "#0"},
				"down": {"uv": [0, 0, 16, 16], "texture": "#0"}
			}
		},
		{
			"from": [-3.25, 2.5, 11.875],
			"to": [12.25, 3.875, 15.5],
			"rotation": {"angle": 0, "axis": "y", "origin": [23.375, 10.5, 19.625]},
			"faces": {
				"north": {"uv": [0, 0, 16, 16], "texture": "#0"},
				"east": {"uv": [0, 0, 16, 16], "texture": "#0"},
				"south": {"uv": [0, 0, 16, 16], "texture": "#0"},
				"west": {"uv": [0, 0, 16, 16], "texture": "#0"},
				"up": {"uv": [0, 0, 16, 16], "texture": "#0"},
				"down": {"uv": [0, 0, 16, 16], "texture": "#0"}
			}
		}
	],
	"display": {
		"thirdperson_righthand": {
			"scale": [0.3, 0.26, 0.22]
		},
		"thirdperson_lefthand": {
			"scale": [0.35, 0.31, 0.31]
		},
		"firstperson_righthand": {
			"scale": [0, 0, 0]
		},
		"firstperson_lefthand": {
			"scale": [0, 0, 0]
		},
		"gui": {
			"rotation": [13, -29, 0],
			"translation": [1.25, -2.5, 0],
			"scale": [0.33, 0.36, 0.35]
		}
	},
	"groups": [
		{
			"name": "group",
			"origin": [8, 8, 8],
			"children": [0, 1, 2, 3,
				{
					"name": "group",
					"origin": [16.875, 8, 19.625],
					"children": [4, 5]
				},
				{
					"name": "group",
					"origin": [16.875, 8, 19.625],
					"children": [6, 7]
				},
				{
					"name": "group",
					"origin": [16.875, 8, 19.625],
					"children": [8, 9]
				}, 10]
		}
	]
}