{
	"credit": "ALTA Commons - All right reserved (c)",
	"ambientocclusion": false,
	"textures": {
		"particle": "block/3d/frame1",
		"texture1": "block/3d/frame1"
	},
	"elements": [
		{
			"name": "c",
			"from": [-6, 15, 7.75],
			"to": [-4, 15.5, 8.25],
			"faces": {
				"north": {"uv": [14, 4.5, 16, 5], "texture": "#texture1"},
				"east": {"uv": [14, 4.5, 16, 5], "texture": "#texture1"},
				"south": {"uv": [14, 4.5, 16, 5], "texture": "#texture1"},
				"west": {"uv": [14, 4.5, 16, 5], "texture": "#texture1"},
				"up": {"uv": [14, 4.5, 16, 5], "texture": "#texture1"},
				"down": {"uv": [14, 4.5, 16, 5], "texture": "#texture1"}
			}
		},
		{
			"name": "c",
			"from": [-6, 16.5, 7.75],
			"to": [-4, 17, 8.25],
			"faces": {
				"north": {"uv": [14, 3, 16, 3.5], "texture": "#texture1"},
				"east": {"uv": [14, 3, 16, 3.5], "texture": "#texture1"},
				"south": {"uv": [14, 3, 16, 3.5], "texture": "#texture1"},
				"west": {"uv": [14, 3, 16, 3.5], "texture": "#texture1"},
				"up": {"uv": [14, 3, 16, 3.5], "texture": "#texture1"},
				"down": {"uv": [14, 3, 16, 3.5], "texture": "#texture1"}
			}
		},
		{
			"name": "c",
			"from": [-4.5, 15.5, 7.75],
			"to": [-4, 16.5, 8.25],
			"faces": {
				"north": {"uv": [14, 3.5, 14.5, 4.5], "texture": "#texture1"},
				"east": {"uv": [14, 3.5, 14.5, 4.5], "texture": "#texture1"},
				"south": {"uv": [14, 3.5, 14.5, 4.5], "texture": "#texture1"},
				"west": {"uv": [14, 3.5, 14.5, 4.5], "texture": "#texture1"},
				"up": {"uv": [14, 3.5, 14.5, 4.5], "texture": "#texture1"},
				"down": {"uv": [14, 3.5, 14.5, 4.5], "texture": "#texture1"}
			}
		},
		{
			"name": "c",
			"from": [-3.3125, 13.875, 7.75],
			"to": [-2.8125, 14.875, 8.25],
			"rotation": {"angle": -45, "axis": "z", "origin": [-3.3125, 14.875, 7.75]},
			"faces": {
				"north": {"uv": [12.8125, 5.125, 13.3125, 6.125], "texture": "#texture1"},
				"east": {"uv": [12.8125, 5.125, 13.3125, 6.125], "texture": "#texture1"},
				"south": {"uv": [12.8125, 5.125, 13.3125, 6.125], "texture": "#texture1"},
				"west": {"uv": [12.8125, 5.125, 13.3125, 6.125], "texture": "#texture1"},
				"up": {"uv": [12.8125, 5.125, 13.3125, 6.125], "texture": "#texture1"},
				"down": {"uv": [12.8125, 5.125, 13.3125, 6.125], "texture": "#texture1"}
			}
		},
		{
			"name": "c",
			"from": [-3, 14.6875, 7.75],
			"to": [-0.25, 15.1875, 8.25],
			"rotation": {"angle": -45, "axis": "z", "origin": [-3, 15.1875, 7.75]},
			"faces": {
				"north": {"uv": [10.25, 4.8125, 13, 5.3125], "texture": "#texture1"},
				"east": {"uv": [10.25, 4.8125, 13, 5.3125], "texture": "#texture1"},
				"south": {"uv": [10.25, 4.8125, 13, 5.3125], "texture": "#texture1"},
				"west": {"uv": [10.25, 4.8125, 13, 5.3125], "texture": "#texture1"},
				"up": {"uv": [10.25, 4.8125, 13, 5.3125], "texture": "#texture1"},
				"down": {"uv": [10.25, 4.8125, 13, 5.3125], "texture": "#texture1"}
			}
		},
		{
			"name": "c",
			"from": [-4, 13.7188, 7.75],
			"to": [-1.25, 14.2188, 8.25],
			"rotation": {"angle": -45, "axis": "z", "origin": [-4, 14.2188, 7.75]},
			"faces": {
				"north": {"uv": [11.25, 5.78125, 14, 6.28125], "texture": "#texture1"},
				"east": {"uv": [11.25, 5.78125, 14, 6.28125], "texture": "#texture1"},
				"south": {"uv": [11.25, 5.78125, 14, 6.28125], "texture": "#texture1"},
				"west": {"uv": [11.25, 5.78125, 14, 6.28125], "texture": "#texture1"},
				"up": {"uv": [11.25, 5.78125, 14, 6.28125], "texture": "#texture1"},
				"down": {"uv": [11.25, 5.78125, 14, 6.28125], "texture": "#texture1"}
			}
		},
		{
			"name": "c",
			"from": [-1.73038, 12.25, 7.75],
			"to": [-1.23038, 13.25, 8.25],
			"rotation": {"angle": -45, "axis": "z", "origin": [-1.73038, 13.25, 7.75]},
			"faces": {
				"north": {"uv": [11.2304, 6.75, 11.7304, 7.75], "texture": "#texture1"},
				"east": {"uv": [11.2304, 6.75, 11.7304, 7.75], "texture": "#texture1"},
				"south": {"uv": [11.2304, 6.75, 11.7304, 7.75], "texture": "#texture1"},
				"west": {"uv": [11.2304, 6.75, 11.7304, 7.75], "texture": "#texture1"},
				"up": {"uv": [11.2304, 6.75, 11.7304, 7.75], "texture": "#texture1"},
				"down": {"uv": [11.2304, 6.75, 11.7304, 7.75], "texture": "#texture1"}
			}
		},
		{
			"name": "c",
			"from": [-2.5, 12.875, 7],
			"to": [0.25, 13.375, 7.5],
			"rotation": {"angle": -22.5, "axis": "z", "origin": [-2.5, 13.375, 7]},
			"faces": {
				"north": {"uv": [9.75, 6.625, 12.5, 7.125], "texture": "#texture1"},
				"east": {"uv": [9.75, 6.625, 12.5, 7.125], "texture": "#texture1"},
				"south": {"uv": [9.75, 6.625, 12.5, 7.125], "texture": "#texture1"},
				"west": {"uv": [9.75, 6.625, 12.5, 7.125], "texture": "#texture1"},
				"up": {"uv": [9.75, 6.625, 12.5, 7.125], "texture": "#texture1"},
				"down": {"uv": [9.75, 6.625, 12.5, 7.125], "texture": "#texture1"}
			}
		},
		{
			"name": "c",
			"from": [-2.5, 12.875, 8.5],
			"to": [0.25, 13.375, 9],
			"rotation": {"angle": -22.5, "axis": "z", "origin": [-2.5, 13.375, 8.5]},
			"faces": {
				"north": {"uv": [9.75, 6.625, 12.5, 7.125], "texture": "#texture1"},
				"east": {"uv": [9.75, 6.625, 12.5, 7.125], "texture": "#texture1"},
				"south": {"uv": [9.75, 6.625, 12.5, 7.125], "texture": "#texture1"},
				"west": {"uv": [9.75, 6.625, 12.5, 7.125], "texture": "#texture1"},
				"up": {"uv": [9.75, 6.625, 12.5, 7.125], "texture": "#texture1"},
				"down": {"uv": [9.75, 6.625, 12.5, 7.125], "texture": "#texture1"}
			}
		},
		{
			"name": "c",
			"from": [-2.5, 12.875, 7.5],
			"to": [-2, 13.375, 8.5],
			"rotation": {"angle": -22.5, "axis": "z", "origin": [-2.5, 13.375, 7.5]},
			"faces": {
				"north": {"uv": [0, 0, 0, 0], "texture": "#texture1"},
				"east": {"uv": [0, 0, 0, 0], "texture": "#texture1"},
				"south": {"uv": [0, 0, 0, 0], "texture": "#texture1"},
				"west": {"uv": [0, 0, 0, 0], "texture": "#texture1"},
				"up": {"uv": [0, 0, 0, 0], "texture": "#texture1"},
				"down": {"uv": [0, 0, 0, 0], "texture": "#texture1"}
			}
		},
		{
			"name": "c",
			"from": [-0.375, 12, 7.5],
			"to": [0.125, 12.5, 8.5],
			"rotation": {"angle": -22.5, "axis": "z", "origin": [-0.375, 12.5, 7.5]},
			"faces": {
				"north": {"uv": [9.875, 7.5, 10.375, 8], "texture": "#texture1"},
				"east": {"uv": [9.875, 7.5, 10.375, 8], "texture": "#texture1"},
				"south": {"uv": [9.875, 7.5, 10.375, 8], "texture": "#texture1"},
				"west": {"uv": [9.875, 7.5, 10.375, 8], "texture": "#texture1"},
				"up": {"uv": [9.875, 7.5, 10.375, 8], "texture": "#texture1"},
				"down": {"uv": [9.875, 7.5, 10.375, 8], "texture": "#texture1"}
			}
		},
		{
			"name": "c",
			"from": [-0.8125, 11.5625, 7.75],
			"to": [1.9375, 12.0625, 8.25],
			"rotation": {"angle": -22.5, "axis": "z", "origin": [-0.8125, 12.0625, 7.75]},
			"faces": {
				"north": {"uv": [8.0625, 7.9375, 10.8125, 8.4375], "texture": "#texture1"},
				"east": {"uv": [8.0625, 7.9375, 10.8125, 8.4375], "texture": "#texture1"},
				"south": {"uv": [8.0625, 7.9375, 10.8125, 8.4375], "texture": "#texture1"},
				"west": {"uv": [8.0625, 7.9375, 10.8125, 8.4375], "texture": "#texture1"},
				"up": {"uv": [8.0625, 7.9375, 10.8125, 8.4375], "texture": "#texture1"},
				"down": {"uv": [8.0625, 7.9375, 10.8125, 8.4375], "texture": "#texture1"}
			}
		},
		{
			"name": "c",
			"from": [-0.3125, 12.6875, 7.75],
			"to": [2.4375, 13.1875, 8.25],
			"rotation": {"angle": -22.5, "axis": "z", "origin": [-0.3125, 13.1875, 7.75]},
			"faces": {
				"north": {"uv": [7.5625, 6.8125, 10.3125, 7.3125], "texture": "#texture1"},
				"east": {"uv": [7.5625, 6.8125, 10.3125, 7.3125], "texture": "#texture1"},
				"south": {"uv": [7.5625, 6.8125, 10.3125, 7.3125], "texture": "#texture1"},
				"west": {"uv": [7.5625, 6.8125, 10.3125, 7.3125], "texture": "#texture1"},
				"up": {"uv": [7.5625, 6.8125, 10.3125, 7.3125], "texture": "#texture1"},
				"down": {"uv": [7.5625, 6.8125, 10.3125, 7.3125], "texture": "#texture1"}
			}
		},
		{
			"name": "c",
			"from": [-0.5255, 12, 7.75],
			"to": [-0.0255, 12.75, 8.25],
			"rotation": {"angle": -22.5, "axis": "z", "origin": [-0.5255, 12.75, 7.75]},
			"faces": {
				"north": {"uv": [10.0255, 7.25, 10.5255, 8], "texture": "#texture1"},
				"east": {"uv": [10.0255, 7.25, 10.5255, 8], "texture": "#texture1"},
				"south": {"uv": [10.0255, 7.25, 10.5255, 8], "texture": "#texture1"},
				"west": {"uv": [10.0255, 7.25, 10.5255, 8], "texture": "#texture1"},
				"up": {"uv": [10.0255, 7.25, 10.5255, 8], "texture": "#texture1"},
				"down": {"uv": [10.0255, 7.25, 10.5255, 8], "texture": "#texture1"}
			}
		},
		{
			"name": "c",
			"from": [1.5625, 11.125, 7.8125],
			"to": [2.0625, 11.875, 8.3125],
			"rotation": {"angle": -22.5, "axis": "z", "origin": [1.5625, 11.875, 7.8125]},
			"faces": {
				"north": {"uv": [13.9375, 8.125, 14.4375, 8.875], "texture": "#texture1"},
				"east": {"uv": [13.9375, 8.125, 14.4375, 8.875], "texture": "#texture1"},
				"south": {"uv": [13.9375, 8.125, 14.4375, 8.875], "texture": "#texture1"},
				"west": {"uv": [13.9375, 8.125, 14.4375, 8.875], "texture": "#texture1"},
				"up": {"uv": [13.9375, 8.125, 14.4375, 8.875], "texture": "#texture1"},
				"down": {"uv": [13.9375, 8.125, 14.4375, 8.875], "texture": "#texture1"}
			}
		},
		{
			"name": "c",
			"from": [-4.8, 15.6, 7],
			"to": [-2.05, 16.1, 7.5],
			"rotation": {"angle": -45, "axis": "z", "origin": [-4.8, 16.1, 7]},
			"faces": {
				"north": {"uv": [12.05, 3.9, 14.8, 4.4], "texture": "#texture1"},
				"east": {"uv": [12.05, 3.9, 14.8, 4.4], "texture": "#texture1"},
				"south": {"uv": [12.05, 3.9, 14.8, 4.4], "texture": "#texture1"},
				"west": {"uv": [12.05, 3.9, 14.8, 4.4], "texture": "#texture1"},
				"up": {"uv": [12.05, 3.9, 14.8, 4.4], "texture": "#texture1"},
				"down": {"uv": [12.05, 3.9, 14.8, 4.4], "texture": "#texture1"}
			}
		},
		{
			"name": "c",
			"from": [-4.8, 15.6, 8.5],
			"to": [-2.05, 16.1, 9],
			"rotation": {"angle": -45, "axis": "z", "origin": [-4.8, 16.1, 8.5]},
			"faces": {
				"north": {"uv": [12.05, 3.9, 14.8, 4.4], "texture": "#texture1"},
				"east": {"uv": [12.05, 3.9, 14.8, 4.4], "texture": "#texture1"},
				"south": {"uv": [12.05, 3.9, 14.8, 4.4], "texture": "#texture1"},
				"west": {"uv": [12.05, 3.9, 14.8, 4.4], "texture": "#texture1"},
				"up": {"uv": [12.05, 3.9, 14.8, 4.4], "texture": "#texture1"},
				"down": {"uv": [12.05, 3.9, 14.8, 4.4], "texture": "#texture1"}
			}
		},
		{
			"name": "c",
			"from": [-4.8, 15.6, 7.5],
			"to": [-4.3, 16.1, 8.5],
			"rotation": {"angle": -45, "axis": "z", "origin": [-4.8, 16.1, 7.5]},
			"faces": {
				"north": {"uv": [14.3, 3.9, 14.8, 4.4], "texture": "#texture1"},
				"east": {"uv": [14.3, 3.9, 14.8, 4.4], "texture": "#texture1"},
				"south": {"uv": [14.3, 3.9, 14.8, 4.4], "texture": "#texture1"},
				"west": {"uv": [14.3, 3.9, 14.8, 4.4], "texture": "#texture1"},
				"up": {"uv": [14.3, 3.9, 14.8, 4.4], "texture": "#texture1"},
				"down": {"uv": [14.3, 3.9, 14.8, 4.4], "texture": "#texture1"}
			}
		},
		{
			"name": "c",
			"from": [-3.1875, 14, 7.5],
			"to": [-2.6875, 14.5, 8.5],
			"rotation": {"angle": -45, "axis": "z", "origin": [-3.1875, 14.5, 7.5]},
			"faces": {
				"north": {"uv": [12.6875, 5.5, 13.1875, 6], "texture": "#texture1"},
				"east": {"uv": [12.6875, 5.5, 13.1875, 6], "texture": "#texture1"},
				"south": {"uv": [12.6875, 5.5, 13.1875, 6], "texture": "#texture1"},
				"west": {"uv": [12.6875, 5.5, 13.1875, 6], "texture": "#texture1"},
				"up": {"uv": [12.6875, 5.5, 13.1875, 6], "texture": "#texture1"},
				"down": {"uv": [12.6875, 5.5, 13.1875, 6], "texture": "#texture1"}
			}
		},
		{
			"name": "c",
			"from": [1, 11.375, 7.5],
			"to": [1.5, 11.875, 8.5],
			"faces": {
				"north": {"uv": [0, 0, 0, 0], "texture": "#texture1"},
				"east": {"uv": [0, 0, 0, 0], "texture": "#texture1"},
				"south": {"uv": [0, 0, 0, 0], "texture": "#texture1"},
				"west": {"uv": [0, 0, 0, 0], "texture": "#texture1"},
				"up": {"uv": [0, 0, 0, 0], "texture": "#texture1"},
				"down": {"uv": [0, 0, 0, 0], "texture": "#texture1"}
			}
		},
		{
			"name": "c",
			"from": [3.25, 11.375, 7.5],
			"to": [3.75, 11.875, 8.5],
			"faces": {
				"north": {"uv": [0, 0, 0, 0], "texture": "#texture1"},
				"east": {"uv": [0, 0, 0, 0], "texture": "#texture1"},
				"south": {"uv": [0, 0, 0, 0], "texture": "#texture1"},
				"west": {"uv": [0, 0, 0, 0], "texture": "#texture1"},
				"up": {"uv": [0, 0, 0, 0], "texture": "#texture1"},
				"down": {"uv": [0, 0, 0, 0], "texture": "#texture1"}
			}
		},
		{
			"name": "c",
			"from": [1, 11.375, 8.5],
			"to": [3.75, 11.875, 9],
			"faces": {
				"north": {"uv": [12.25, 8.125, 15, 8.625], "texture": "#texture1"},
				"east": {"uv": [12.25, 8.125, 15, 8.625], "texture": "#texture1"},
				"south": {"uv": [12.25, 8.125, 15, 8.625], "texture": "#texture1"},
				"west": {"uv": [12.25, 8.125, 15, 8.625], "texture": "#texture1"},
				"up": {"uv": [12.25, 8.125, 15, 8.625], "texture": "#texture1"},
				"down": {"uv": [12.25, 8.125, 15, 8.625], "texture": "#texture1"}
			}
		},
		{
			"name": "c",
			"from": [1, 11.375, 7],
			"to": [3.75, 11.875, 7.5],
			"faces": {
				"north": {"uv": [12.25, 8.125, 15, 8.625], "texture": "#texture1"},
				"east": {"uv": [12.25, 8.125, 15, 8.625], "texture": "#texture1"},
				"south": {"uv": [12.25, 8.125, 15, 8.625], "texture": "#texture1"},
				"west": {"uv": [12.25, 8.125, 15, 8.625], "texture": "#texture1"},
				"up": {"uv": [12.25, 8.125, 15, 8.625], "texture": "#texture1"},
				"down": {"uv": [12.25, 8.125, 15, 8.625], "texture": "#texture1"}
			}
		},
		{
			"name": "c",
			"from": [2.875, 11, 7.75],
			"to": [3.375, 12, 8.25],
			"faces": {
				"north": {"uv": [12.625, 8, 13.125, 9], "texture": "#texture1"},
				"east": {"uv": [12.625, 8, 13.125, 9], "texture": "#texture1"},
				"south": {"uv": [12.625, 8, 13.125, 9], "texture": "#texture1"},
				"west": {"uv": [12.625, 8, 13.125, 9], "texture": "#texture1"},
				"up": {"uv": [12.625, 8, 13.125, 9], "texture": "#texture1"},
				"down": {"uv": [12.625, 8, 13.125, 9], "texture": "#texture1"}
			}
		},
		{
			"name": "c",
			"from": [5.125, 11, 7.75],
			"to": [5.625, 12, 8.25],
			"faces": {
				"north": {"uv": [10.375, 8, 10.875, 9], "texture": "#texture1"},
				"east": {"uv": [10.375, 8, 10.875, 9], "texture": "#texture1"},
				"south": {"uv": [10.375, 8, 10.875, 9], "texture": "#texture1"},
				"west": {"uv": [10.375, 8, 10.875, 9], "texture": "#texture1"},
				"up": {"uv": [10.375, 8, 10.875, 9], "texture": "#texture1"},
				"down": {"uv": [10.375, 8, 10.875, 9], "texture": "#texture1"}
			}
		},
		{
			"name": "c",
			"from": [2.875, 12, 7.75],
			"to": [5.625, 12.5, 8.25],
			"faces": {
				"north": {"uv": [10.375, 7.5, 13.125, 8], "texture": "#texture1"},
				"east": {"uv": [10.375, 7.5, 13.125, 8], "texture": "#texture1"},
				"south": {"uv": [10.375, 7.5, 13.125, 8], "texture": "#texture1"},
				"west": {"uv": [10.375, 7.5, 13.125, 8], "texture": "#texture1"},
				"up": {"uv": [10.375, 7.5, 13.125, 8], "texture": "#texture1"},
				"down": {"uv": [10.375, 7.5, 13.125, 8], "texture": "#texture1"}
			}
		},
		{
			"name": "c",
			"from": [2.875, 10.5, 7.75],
			"to": [5.625, 11, 8.25],
			"faces": {
				"north": {"uv": [10.375, 9, 13.125, 9.5], "texture": "#texture1"},
				"east": {"uv": [10.375, 9, 13.125, 9.5], "texture": "#texture1"},
				"south": {"uv": [10.375, 9, 13.125, 9.5], "texture": "#texture1"},
				"west": {"uv": [10.375, 9, 13.125, 9.5], "texture": "#texture1"},
				"up": {"uv": [10.375, 9, 13.125, 9.5], "texture": "#texture1"},
				"down": {"uv": [10.375, 9, 13.125, 9.5], "texture": "#texture1"}
			}
		},
		{
			"name": "c",
			"from": [4.6875, 11.375, 7.5],
			"to": [5.1875, 11.875, 8.5],
			"faces": {
				"north": {"uv": [0, 0, 0, 0], "texture": "#texture1"},
				"east": {"uv": [0, 0, 0, 0], "texture": "#texture1"},
				"south": {"uv": [0, 0, 0, 0], "texture": "#texture1"},
				"west": {"uv": [0, 0, 0, 0], "texture": "#texture1"},
				"up": {"uv": [0, 0, 0, 0], "texture": "#texture1"},
				"down": {"uv": [0, 0, 0, 0], "texture": "#texture1"}
			}
		},
		{
			"name": "c",
			"from": [6.9375, 11.375, 7.5],
			"to": [7.4375, 11.875, 8.5],
			"faces": {
				"north": {"uv": [0, 0, 0, 0], "texture": "#texture1"},
				"east": {"uv": [0, 0, 0, 0], "texture": "#texture1"},
				"south": {"uv": [0, 0, 0, 0], "texture": "#texture1"},
				"west": {"uv": [0, 0, 0, 0], "texture": "#texture1"},
				"up": {"uv": [0, 0, 0, 0], "texture": "#texture1"},
				"down": {"uv": [0, 0, 0, 0], "texture": "#texture1"}
			}
		},
		{
			"name": "c",
			"from": [4.6875, 11.375, 8.5],
			"to": [7.4375, 11.875, 9],
			"faces": {
				"north": {"uv": [8.5625, 8.125, 11.3125, 8.625], "texture": "#texture1"},
				"east": {"uv": [8.5625, 8.125, 11.3125, 8.625], "texture": "#texture1"},
				"south": {"uv": [8.5625, 8.125, 11.3125, 8.625], "texture": "#texture1"},
				"west": {"uv": [8.5625, 8.125, 11.3125, 8.625], "texture": "#texture1"},
				"up": {"uv": [8.5625, 8.125, 11.3125, 8.625], "texture": "#texture1"},
				"down": {"uv": [8.5625, 8.125, 11.3125, 8.625], "texture": "#texture1"}
			}
		},
		{
			"name": "c",
			"from": [4.6875, 11.375, 7],
			"to": [7.4375, 11.875, 7.5],
			"faces": {
				"north": {"uv": [8.5625, 8.125, 11.3125, 8.625], "texture": "#texture1"},
				"east": {"uv": [8.5625, 8.125, 11.3125, 8.625], "texture": "#texture1"},
				"south": {"uv": [8.5625, 8.125, 11.3125, 8.625], "texture": "#texture1"},
				"west": {"uv": [8.5625, 8.125, 11.3125, 8.625], "texture": "#texture1"},
				"up": {"uv": [8.5625, 8.125, 11.3125, 8.625], "texture": "#texture1"},
				"down": {"uv": [8.5625, 8.125, 11.3125, 8.625], "texture": "#texture1"}
			}
		},
		{
			"name": "c",
			"from": [6.7, 10.9, 7.75],
			"to": [7.2, 11.9, 8.25],
			"faces": {
				"north": {"uv": [8.8, 8.1, 9.3, 9.1], "texture": "#texture1"},
				"east": {"uv": [8.8, 8.1, 9.3, 9.1], "texture": "#texture1"},
				"south": {"uv": [8.8, 8.1, 9.3, 9.1], "texture": "#texture1"},
				"west": {"uv": [8.8, 8.1, 9.3, 9.1], "texture": "#texture1"},
				"up": {"uv": [8.8, 8.1, 9.3, 9.1], "texture": "#texture1"},
				"down": {"uv": [8.8, 8.1, 9.3, 9.1], "texture": "#texture1"}
			}
		},
		{
			"name": "c",
			"from": [9, 10.9, 7.75],
			"to": [9.5, 11.9, 8.25],
			"faces": {
				"north": {"uv": [6.5, 8.1, 7, 9.1], "texture": "#texture1"},
				"east": {"uv": [6.5, 8.1, 7, 9.1], "texture": "#texture1"},
				"south": {"uv": [6.5, 8.1, 7, 9.1], "texture": "#texture1"},
				"west": {"uv": [6.5, 8.1, 7, 9.1], "texture": "#texture1"},
				"up": {"uv": [6.5, 8.1, 7, 9.1], "texture": "#texture1"},
				"down": {"uv": [6.5, 8.1, 7, 9.1], "texture": "#texture1"}
			}
		},
		{
			"name": "c",
			"from": [6.75, 11.875, 7.75],
			"to": [9.5, 12.375, 8.25],
			"faces": {
				"north": {"uv": [6.5, 7.625, 9.25, 8.125], "texture": "#texture1"},
				"east": {"uv": [6.5, 7.625, 9.25, 8.125], "texture": "#texture1"},
				"south": {"uv": [6.5, 7.625, 9.25, 8.125], "texture": "#texture1"},
				"west": {"uv": [6.5, 7.625, 9.25, 8.125], "texture": "#texture1"},
				"up": {"uv": [6.5, 7.625, 9.25, 8.125], "texture": "#texture1"},
				"down": {"uv": [6.5, 7.625, 9.25, 8.125], "texture": "#texture1"}
			}
		},
		{
			"name": "c",
			"from": [6.7, 10.4, 7.75],
			"to": [9.45, 10.9, 8.25],
			"faces": {
				"north": {"uv": [6.55, 9.1, 9.3, 9.6], "texture": "#texture1"},
				"east": {"uv": [6.55, 9.1, 9.3, 9.6], "texture": "#texture1"},
				"south": {"uv": [6.55, 9.1, 9.3, 9.6], "texture": "#texture1"},
				"west": {"uv": [6.55, 9.1, 9.3, 9.6], "texture": "#texture1"},
				"up": {"uv": [6.55, 9.1, 9.3, 9.6], "texture": "#texture1"},
				"down": {"uv": [6.55, 9.1, 9.3, 9.6], "texture": "#texture1"}
			}
		},
		{
			"name": "fence",
			"from": [-10, 0, 6],
			"to": [-6, 18, 10],
			"faces": {
				"north": {"uv": [6, 0, 10.5, 16], "texture": "#texture1"},
				"east": {"uv": [6, 0, 10.5, 16], "texture": "#texture1"},
				"south": {"uv": [6, 0, 10.5, 16], "texture": "#texture1"},
				"west": {"uv": [6, 0, 10.5, 16], "texture": "#texture1"},
				"up": {"uv": [6, 0, 10.5, 16], "texture": "#texture1"},
				"down": {"uv": [6, 0, 10.5, 16], "texture": "#texture1"}
			}
		},
		{
			"name": "c",
			"from": [20, 15, 7.75],
			"to": [22, 15.5, 8.25],
			"faces": {
				"north": {"uv": [0, 4.5, 2, 5], "texture": "#texture1"},
				"east": {"uv": [0, 4.5, 2, 5], "texture": "#texture1"},
				"south": {"uv": [0, 4.5, 2, 5], "texture": "#texture1"},
				"west": {"uv": [0, 4.5, 2, 5], "texture": "#texture1"},
				"up": {"uv": [0, 4.5, 2, 5], "texture": "#texture1"},
				"down": {"uv": [0, 4.5, 2, 5], "texture": "#texture1"}
			}
		},
		{
			"name": "c",
			"from": [20, 16.5, 7.75],
			"to": [22, 17, 8.25],
			"faces": {
				"north": {"uv": [0, 3, 2, 3.5], "texture": "#texture1"},
				"east": {"uv": [0, 3, 2, 3.5], "texture": "#texture1"},
				"south": {"uv": [0, 3, 2, 3.5], "texture": "#texture1"},
				"west": {"uv": [0, 3, 2, 3.5], "texture": "#texture1"},
				"up": {"uv": [0, 3, 2, 3.5], "texture": "#texture1"},
				"down": {"uv": [0, 3, 2, 3.5], "texture": "#texture1"}
			}
		},
		{
			"name": "c",
			"from": [20, 15.5, 7.75],
			"to": [20.5, 16.5, 8.25],
			"faces": {
				"north": {"uv": [1.5, 3.5, 2, 4.5], "texture": "#texture1"},
				"east": {"uv": [1.5, 3.5, 2, 4.5], "texture": "#texture1"},
				"south": {"uv": [1.5, 3.5, 2, 4.5], "texture": "#texture1"},
				"west": {"uv": [1.5, 3.5, 2, 4.5], "texture": "#texture1"},
				"up": {"uv": [1.5, 3.5, 2, 4.5], "texture": "#texture1"},
				"down": {"uv": [1.5, 3.5, 2, 4.5], "texture": "#texture1"}
			}
		},
		{
			"name": "c",
			"from": [18.95, 13.575, 7.75],
			"to": [19.45, 14.575, 8.25],
			"rotation": {"angle": 45, "axis": "z", "origin": [18.95, 14.575, 7.75]},
			"faces": {
				"north": {"uv": [2.55, 5.425, 3.05, 6.425], "texture": "#texture1"},
				"east": {"uv": [2.55, 5.425, 3.05, 6.425], "texture": "#texture1"},
				"south": {"uv": [2.55, 5.425, 3.05, 6.425], "texture": "#texture1"},
				"west": {"uv": [2.55, 5.425, 3.05, 6.425], "texture": "#texture1"},
				"up": {"uv": [2.55, 5.425, 3.05, 6.425], "texture": "#texture1"},
				"down": {"uv": [2.55, 5.425, 3.05, 6.425], "texture": "#texture1"}
			}
		},
		{
			"name": "c",
			"from": [17.0125, 12.825, 7.75],
			"to": [19.7625, 13.325, 8.25],
			"rotation": {"angle": 45, "axis": "z", "origin": [17.0125, 13.325, 7.75]},
			"faces": {
				"north": {"uv": [2.2375, 6.675, 4.9875, 7.175], "texture": "#texture1"},
				"east": {"uv": [2.2375, 6.675, 4.9875, 7.175], "texture": "#texture1"},
				"south": {"uv": [2.2375, 6.675, 4.9875, 7.175], "texture": "#texture1"},
				"west": {"uv": [2.2375, 6.675, 4.9875, 7.175], "texture": "#texture1"},
				"up": {"uv": [2.2375, 6.675, 4.9875, 7.175], "texture": "#texture1"},
				"down": {"uv": [2.2375, 6.675, 4.9875, 7.175], "texture": "#texture1"}
			}
		},
		{
			"name": "c",
			"from": [18.075, 11.7625, 7.75],
			"to": [20.825, 12.2625, 8.25],
			"rotation": {"angle": 45, "axis": "z", "origin": [18.075, 12.2625, 7.75]},
			"faces": {
				"north": {"uv": [1.175, 7.7375, 3.925, 8.2375], "texture": "#texture1"},
				"east": {"uv": [1.175, 7.7375, 3.925, 8.2375], "texture": "#texture1"},
				"south": {"uv": [1.175, 7.7375, 3.925, 8.2375], "texture": "#texture1"},
				"west": {"uv": [1.175, 7.7375, 3.925, 8.2375], "texture": "#texture1"},
				"up": {"uv": [1.175, 7.7375, 3.925, 8.2375], "texture": "#texture1"},
				"down": {"uv": [1.175, 7.7375, 3.925, 8.2375], "texture": "#texture1"}
			}
		},
		{
			"name": "c",
			"from": [17.375, 11.95, 7.75],
			"to": [17.875, 12.95, 8.25],
			"rotation": {"angle": 45, "axis": "z", "origin": [17.375, 12.95, 7.75]},
			"faces": {
				"north": {"uv": [4.125, 7.05, 4.625, 8.05], "texture": "#texture1"},
				"east": {"uv": [4.125, 7.05, 4.625, 8.05], "texture": "#texture1"},
				"south": {"uv": [4.125, 7.05, 4.625, 8.05], "texture": "#texture1"},
				"west": {"uv": [4.125, 7.05, 4.625, 8.05], "texture": "#texture1"},
				"up": {"uv": [4.125, 7.05, 4.625, 8.05], "texture": "#texture1"},
				"down": {"uv": [4.125, 7.05, 4.625, 8.05], "texture": "#texture1"}
			}
		},
		{
			"name": "c",
			"from": [15.875, 11.925, 8.5],
			"to": [18.625, 12.425, 9],
			"rotation": {"angle": 22.5, "axis": "z", "origin": [15.875, 12.425, 8.5]},
			"faces": {
				"north": {"uv": [3.375, 7.575, 6.125, 8.075], "texture": "#texture1"},
				"east": {"uv": [3.375, 7.575, 6.125, 8.075], "texture": "#texture1"},
				"south": {"uv": [3.375, 7.575, 6.125, 8.075], "texture": "#texture1"},
				"west": {"uv": [3.375, 7.575, 6.125, 8.075], "texture": "#texture1"},
				"up": {"uv": [3.375, 7.575, 6.125, 8.075], "texture": "#texture1"},
				"down": {"uv": [3.375, 7.575, 6.125, 8.075], "texture": "#texture1"}
			}
		},
		{
			"name": "c",
			"from": [15.875, 11.925, 7],
			"to": [18.625, 12.425, 7.5],
			"rotation": {"angle": 22.5, "axis": "z", "origin": [15.875, 12.425, 7]},
			"faces": {
				"north": {"uv": [3.375, 7.575, 6.125, 8.075], "texture": "#texture1"},
				"east": {"uv": [3.375, 7.575, 6.125, 8.075], "texture": "#texture1"},
				"south": {"uv": [3.375, 7.575, 6.125, 8.075], "texture": "#texture1"},
				"west": {"uv": [3.375, 7.575, 6.125, 8.075], "texture": "#texture1"},
				"up": {"uv": [3.375, 7.575, 6.125, 8.075], "texture": "#texture1"},
				"down": {"uv": [3.375, 7.575, 6.125, 8.075], "texture": "#texture1"}
			}
		},
		{
			"name": "c",
			"from": [18, 12.8, 7.5],
			"to": [18.5, 13.3, 8.5],
			"rotation": {"angle": 22.5, "axis": "z", "origin": [18, 13.3, 7.5]},
			"faces": {
				"north": {"uv": [3.5, 6.7, 4, 7.2], "texture": "#texture1"},
				"east": {"uv": [3.5, 6.7, 4, 7.2], "texture": "#texture1"},
				"south": {"uv": [3.5, 6.7, 4, 7.2], "texture": "#texture1"},
				"west": {"uv": [3.5, 6.7, 4, 7.2], "texture": "#texture1"},
				"up": {"uv": [3.5, 6.7, 4, 7.2], "texture": "#texture1"},
				"down": {"uv": [3.5, 6.7, 4, 7.2], "texture": "#texture1"}
			}
		},
		{
			"name": "c",
			"from": [15.875, 11.875, 7.5],
			"to": [16.375, 12.375, 8.5],
			"rotation": {"angle": 22.5, "axis": "z", "origin": [15.875, 12.375, 7.5]},
			"faces": {
				"north": {"uv": [0, 0, 0, 0], "texture": "#texture1"},
				"east": {"uv": [0, 0, 0, 0], "texture": "#texture1"},
				"south": {"uv": [0, 0, 0, 0], "texture": "#texture1"},
				"west": {"uv": [0, 0, 0, 0], "texture": "#texture1"},
				"up": {"uv": [0, 0, 0, 0], "texture": "#texture1"},
				"down": {"uv": [0, 0, 0, 0], "texture": "#texture1"}
			}
		},
		{
			"name": "c",
			"from": [14.25, 10.5, 7.75],
			"to": [17, 11, 8.25],
			"rotation": {"angle": 22.5, "axis": "z", "origin": [14.25, 11, 7.75]},
			"faces": {
				"north": {"uv": [5, 9, 7.75, 9.5], "texture": "#texture1"},
				"east": {"uv": [5, 9, 7.75, 9.5], "texture": "#texture1"},
				"south": {"uv": [5, 9, 7.75, 9.5], "texture": "#texture1"},
				"west": {"uv": [5, 9, 7.75, 9.5], "texture": "#texture1"},
				"up": {"uv": [5, 9, 7.75, 9.5], "texture": "#texture1"},
				"down": {"uv": [5, 9, 7.75, 9.5], "texture": "#texture1"}
			}
		},
		{
			"name": "c",
			"from": [13.75, 11.5625, 7.75],
			"to": [16.5, 12.0625, 8.25],
			"rotation": {"angle": 22.5, "axis": "z", "origin": [13.75, 12.0625, 7.75]},
			"faces": {
				"north": {"uv": [5.5, 7.9375, 8.25, 8.4375], "texture": "#texture1"},
				"east": {"uv": [5.5, 7.9375, 8.25, 8.4375], "texture": "#texture1"},
				"south": {"uv": [5.5, 7.9375, 8.25, 8.4375], "texture": "#texture1"},
				"west": {"uv": [5.5, 7.9375, 8.25, 8.4375], "texture": "#texture1"},
				"up": {"uv": [5.5, 7.9375, 8.25, 8.4375], "texture": "#texture1"},
				"down": {"uv": [5.5, 7.9375, 8.25, 8.4375], "texture": "#texture1"}
			}
		},
		{
			"name": "c",
			"from": [16.0625, 11.75, 7.75],
			"to": [16.5625, 12.5, 8.25],
			"rotation": {"angle": 22.5, "axis": "z", "origin": [16.0625, 12.5, 7.75]},
			"faces": {
				"north": {"uv": [5.4375, 7.5, 5.9375, 8.25], "texture": "#texture1"},
				"east": {"uv": [5.4375, 7.5, 5.9375, 8.25], "texture": "#texture1"},
				"south": {"uv": [5.4375, 7.5, 5.9375, 8.25], "texture": "#texture1"},
				"west": {"uv": [5.4375, 7.5, 5.9375, 8.25], "texture": "#texture1"},
				"up": {"uv": [5.4375, 7.5, 5.9375, 8.25], "texture": "#texture1"},
				"down": {"uv": [5.4375, 7.5, 5.9375, 8.25], "texture": "#texture1"}
			}
		},
		{
			"name": "c",
			"from": [14, 10.925, 7.75],
			"to": [14.5, 11.675, 8.25],
			"rotation": {"angle": 22.5, "axis": "z", "origin": [14, 11.675, 7.75]},
			"faces": {
				"north": {"uv": [1.5, 8.325, 2, 9.075], "texture": "#texture1"},
				"east": {"uv": [1.5, 8.325, 2, 9.075], "texture": "#texture1"},
				"south": {"uv": [1.5, 8.325, 2, 9.075], "texture": "#texture1"},
				"west": {"uv": [1.5, 8.325, 2, 9.075], "texture": "#texture1"},
				"up": {"uv": [1.5, 8.325, 2, 9.075], "texture": "#texture1"},
				"down": {"uv": [1.5, 8.325, 2, 9.075], "texture": "#texture1"}
			}
		},
		{
			"name": "c",
			"from": [18.75, 13.625, 8.5],
			"to": [21.5, 14.125, 9],
			"rotation": {"angle": 45, "axis": "z", "origin": [18.75, 14.125, 8.5]},
			"faces": {
				"north": {"uv": [0.5, 5.875, 3.25, 6.375], "texture": "#texture1"},
				"east": {"uv": [0.5, 5.875, 3.25, 6.375], "texture": "#texture1"},
				"south": {"uv": [0.5, 5.875, 3.25, 6.375], "texture": "#texture1"},
				"west": {"uv": [0.5, 5.875, 3.25, 6.375], "texture": "#texture1"},
				"up": {"uv": [0.5, 5.875, 3.25, 6.375], "texture": "#texture1"},
				"down": {"uv": [0.5, 5.875, 3.25, 6.375], "texture": "#texture1"}
			}
		},
		{
			"name": "c",
			"from": [18.75, 13.625, 7],
			"to": [21.5, 14.125, 7.5],
			"rotation": {"angle": 45, "axis": "z", "origin": [18.75, 14.125, 7]},
			"faces": {
				"north": {"uv": [0.5, 5.875, 3.25, 6.375], "texture": "#texture1"},
				"east": {"uv": [0.5, 5.875, 3.25, 6.375], "texture": "#texture1"},
				"south": {"uv": [0.5, 5.875, 3.25, 6.375], "texture": "#texture1"},
				"west": {"uv": [0.5, 5.875, 3.25, 6.375], "texture": "#texture1"},
				"up": {"uv": [0.5, 5.875, 3.25, 6.375], "texture": "#texture1"},
				"down": {"uv": [0.5, 5.875, 3.25, 6.375], "texture": "#texture1"}
			}
		},
		{
			"name": "c",
			"from": [20.375, 15.25, 7.5],
			"to": [20.875, 15.75, 8.5],
			"rotation": {"angle": 45, "axis": "z", "origin": [20.375, 15.75, 7.5]},
			"faces": {
				"north": {"uv": [1.125, 4.25, 1.625, 4.75], "texture": "#texture1"},
				"east": {"uv": [1.125, 4.25, 1.625, 4.75], "texture": "#texture1"},
				"south": {"uv": [1.125, 4.25, 1.625, 4.75], "texture": "#texture1"},
				"west": {"uv": [1.125, 4.25, 1.625, 4.75], "texture": "#texture1"},
				"up": {"uv": [1.125, 4.25, 1.625, 4.75], "texture": "#texture1"},
				"down": {"uv": [1.125, 4.25, 1.625, 4.75], "texture": "#texture1"}
			}
		},
		{
			"name": "c",
			"from": [18.75, 13.625, 7.5],
			"to": [19.25, 14.125, 8.5],
			"rotation": {"angle": 45, "axis": "z", "origin": [18.75, 14.125, 7.5]},
			"faces": {
				"north": {"uv": [0, 0, 0, 0], "texture": "#texture1"},
				"east": {"uv": [0, 0, 0, 0], "texture": "#texture1"},
				"south": {"uv": [0, 0, 0, 0], "texture": "#texture1"},
				"west": {"uv": [0, 0, 0, 0], "texture": "#texture1"},
				"up": {"uv": [0, 0, 0, 0], "texture": "#texture1"},
				"down": {"uv": [0, 0, 0, 0], "texture": "#texture1"}
			}
		},
		{
			"name": "c",
			"from": [14.5, 11.375, 7.5],
			"to": [15, 11.875, 8.5],
			"faces": {
				"north": {"uv": [0, 0, 0, 0], "texture": "#texture1"},
				"east": {"uv": [0, 0, 0, 0], "texture": "#texture1"},
				"south": {"uv": [0, 0, 0, 0], "texture": "#texture1"},
				"west": {"uv": [0, 0, 0, 0], "texture": "#texture1"},
				"up": {"uv": [0, 0, 0, 0], "texture": "#texture1"},
				"down": {"uv": [0, 0, 0, 0], "texture": "#texture1"}
			}
		},
		{
			"name": "c",
			"from": [12.25, 11.375, 7.5],
			"to": [12.75, 11.875, 8.5],
			"faces": {
				"north": {"uv": [0, 0, 0, 0], "texture": "#texture1"},
				"east": {"uv": [0, 0, 0, 0], "texture": "#texture1"},
				"south": {"uv": [0, 0, 0, 0], "texture": "#texture1"},
				"west": {"uv": [0, 0, 0, 0], "texture": "#texture1"},
				"up": {"uv": [0, 0, 0, 0], "texture": "#texture1"},
				"down": {"uv": [0, 0, 0, 0], "texture": "#texture1"}
			}
		},
		{
			"name": "c",
			"from": [12.25, 11.375, 7],
			"to": [15, 11.875, 7.5],
			"faces": {
				"north": {"uv": [1, 8.125, 3.75, 8.625], "texture": "#texture1"},
				"east": {"uv": [1, 8.125, 3.75, 8.625], "texture": "#texture1"},
				"south": {"uv": [1, 8.125, 3.75, 8.625], "texture": "#texture1"},
				"west": {"uv": [1, 8.125, 3.75, 8.625], "texture": "#texture1"},
				"up": {"uv": [1, 8.125, 3.75, 8.625], "texture": "#texture1"},
				"down": {"uv": [1, 8.125, 3.75, 8.625], "texture": "#texture1"}
			}
		},
		{
			"name": "c",
			"from": [12.25, 11.375, 8.5],
			"to": [15, 11.875, 9],
			"faces": {
				"north": {"uv": [1, 8.125, 3.75, 8.625], "texture": "#texture1"},
				"east": {"uv": [1, 8.125, 3.75, 8.625], "texture": "#texture1"},
				"south": {"uv": [1, 8.125, 3.75, 8.625], "texture": "#texture1"},
				"west": {"uv": [1, 8.125, 3.75, 8.625], "texture": "#texture1"},
				"up": {"uv": [1, 8.125, 3.75, 8.625], "texture": "#texture1"},
				"down": {"uv": [1, 8.125, 3.75, 8.625], "texture": "#texture1"}
			}
		},
		{
			"name": "c",
			"from": [12.625, 11, 7.75],
			"to": [13.125, 12, 8.25],
			"faces": {
				"north": {"uv": [2.875, 8, 3.375, 9], "texture": "#texture1"},
				"east": {"uv": [2.875, 8, 3.375, 9], "texture": "#texture1"},
				"south": {"uv": [2.875, 8, 3.375, 9], "texture": "#texture1"},
				"west": {"uv": [2.875, 8, 3.375, 9], "texture": "#texture1"},
				"up": {"uv": [2.875, 8, 3.375, 9], "texture": "#texture1"},
				"down": {"uv": [2.875, 8, 3.375, 9], "texture": "#texture1"}
			}
		},
		{
			"name": "c",
			"from": [10.375, 11, 7.75],
			"to": [10.875, 12, 8.25],
			"faces": {
				"north": {"uv": [5.125, 8, 5.625, 9], "texture": "#texture1"},
				"east": {"uv": [5.125, 8, 5.625, 9], "texture": "#texture1"},
				"south": {"uv": [5.125, 8, 5.625, 9], "texture": "#texture1"},
				"west": {"uv": [5.125, 8, 5.625, 9], "texture": "#texture1"},
				"up": {"uv": [5.125, 8, 5.625, 9], "texture": "#texture1"},
				"down": {"uv": [5.125, 8, 5.625, 9], "texture": "#texture1"}
			}
		},
		{
			"name": "c",
			"from": [10.375, 12, 7.75],
			"to": [13.125, 12.5, 8.25],
			"faces": {
				"north": {"uv": [2.875, 7.5, 5.625, 8], "texture": "#texture1"},
				"east": {"uv": [2.875, 7.5, 5.625, 8], "texture": "#texture1"},
				"south": {"uv": [2.875, 7.5, 5.625, 8], "texture": "#texture1"},
				"west": {"uv": [2.875, 7.5, 5.625, 8], "texture": "#texture1"},
				"up": {"uv": [2.875, 7.5, 5.625, 8], "texture": "#texture1"},
				"down": {"uv": [2.875, 7.5, 5.625, 8], "texture": "#texture1"}
			}
		},
		{
			"name": "c",
			"from": [10.375, 10.5, 7.75],
			"to": [13.125, 11, 8.25],
			"faces": {
				"north": {"uv": [2.875, 9, 5.625, 9.5], "texture": "#texture1"},
				"east": {"uv": [2.875, 9, 5.625, 9.5], "texture": "#texture1"},
				"south": {"uv": [2.875, 9, 5.625, 9.5], "texture": "#texture1"},
				"west": {"uv": [2.875, 9, 5.625, 9.5], "texture": "#texture1"},
				"up": {"uv": [2.875, 9, 5.625, 9.5], "texture": "#texture1"},
				"down": {"uv": [2.875, 9, 5.625, 9.5], "texture": "#texture1"}
			}
		},
		{
			"name": "c",
			"from": [10.8125, 11.375, 7.5],
			"to": [11.3125, 11.875, 8.5],
			"faces": {
				"north": {"uv": [0, 0, 0, 0], "texture": "#texture1"},
				"east": {"uv": [0, 0, 0, 0], "texture": "#texture1"},
				"south": {"uv": [0, 0, 0, 0], "texture": "#texture1"},
				"west": {"uv": [0, 0, 0, 0], "texture": "#texture1"},
				"up": {"uv": [0, 0, 0, 0], "texture": "#texture1"},
				"down": {"uv": [0, 0, 0, 0], "texture": "#texture1"}
			}
		},
		{
			"name": "c",
			"from": [8.5625, 11.375, 7.5],
			"to": [9.0625, 11.875, 8.5],
			"faces": {
				"north": {"uv": [0, 0, 0, 0], "texture": "#texture1"},
				"east": {"uv": [0, 0, 0, 0], "texture": "#texture1"},
				"south": {"uv": [0, 0, 0, 0], "texture": "#texture1"},
				"west": {"uv": [0, 0, 0, 0], "texture": "#texture1"},
				"up": {"uv": [0, 0, 0, 0], "texture": "#texture1"},
				"down": {"uv": [0, 0, 0, 0], "texture": "#texture1"}
			}
		},
		{
			"name": "c",
			"from": [8.5625, 11.375, 7],
			"to": [11.3125, 11.875, 7.5],
			"faces": {
				"north": {"uv": [4.6875, 8.125, 7.4375, 8.625], "texture": "#texture1"},
				"east": {"uv": [4.6875, 8.125, 7.4375, 8.625], "texture": "#texture1"},
				"south": {"uv": [4.6875, 8.125, 7.4375, 8.625], "texture": "#texture1"},
				"west": {"uv": [4.6875, 8.125, 7.4375, 8.625], "texture": "#texture1"},
				"up": {"uv": [4.6875, 8.125, 7.4375, 8.625], "texture": "#texture1"},
				"down": {"uv": [4.6875, 8.125, 7.4375, 8.625], "texture": "#texture1"}
			}
		},
		{
			"name": "c",
			"from": [8.5625, 11.375, 8.5],
			"to": [11.3125, 11.875, 9],
			"faces": {
				"north": {"uv": [4.6875, 8.125, 7.4375, 8.625], "texture": "#texture1"},
				"east": {"uv": [4.6875, 8.125, 7.4375, 8.625], "texture": "#texture1"},
				"south": {"uv": [4.6875, 8.125, 7.4375, 8.625], "texture": "#texture1"},
				"west": {"uv": [4.6875, 8.125, 7.4375, 8.625], "texture": "#texture1"},
				"up": {"uv": [4.6875, 8.125, 7.4375, 8.625], "texture": "#texture1"},
				"down": {"uv": [4.6875, 8.125, 7.4375, 8.625], "texture": "#texture1"}
			}
		},
		{
			"name": "fence",
			"from": [22, 0, 6],
			"to": [26, 18, 10],
			"faces": {
				"north": {"uv": [6, 0, 10.5, 16], "texture": "#texture1"},
				"east": {"uv": [6, 0, 10.5, 16], "texture": "#texture1"},
				"south": {"uv": [6, 0, 10.5, 16], "texture": "#texture1"},
				"west": {"uv": [6, 0, 10.5, 16], "texture": "#texture1"},
				"up": {"uv": [6, 0, 10.5, 16], "texture": "#texture1"},
				"down": {"uv": [6, 0, 10.5, 16], "texture": "#texture1"}
			}
		},
		{
			"name": "fence1",
			"from": [-10.5, 18, 5.5],
			"to": [-5.5, 20, 10.5],
			"faces": {
				"north": {"uv": [5.5, 4, 10.5, 6], "texture": "#texture1", "cullface": "up"},
				"east": {"uv": [5.5, 4, 10.5, 6], "texture": "#texture1", "cullface": "up"},
				"south": {"uv": [5.5, 4, 10.5, 6], "texture": "#texture1", "cullface": "up"},
				"west": {"uv": [5.5, 4, 10.5, 6], "texture": "#texture1", "cullface": "up"},
				"up": {"uv": [5.5, 4, 10.5, 6], "texture": "#texture1", "cullface": "up"},
				"down": {"uv": [5.5, 4, 10.5, 6], "texture": "#texture1", "cullface": "up"}
			}
		},
		{
			"name": "fence1",
			"from": [-10, 21, 6],
			"to": [-6, 22, 10],
			"faces": {
				"north": {"uv": [6, 2, 10, 3], "texture": "#texture1", "cullface": "up"},
				"east": {"uv": [6, 2, 10, 3], "texture": "#texture1", "cullface": "up"},
				"south": {"uv": [6, 2, 10, 3], "texture": "#texture1", "cullface": "up"},
				"west": {"uv": [6, 2, 10, 3], "texture": "#texture1", "cullface": "up"},
				"up": {"uv": [6, 2, 10, 3], "texture": "#texture1", "cullface": "up"},
				"down": {"uv": [6, 2, 10, 3], "texture": "#texture1", "cullface": "up"}
			}
		},
		{
			"name": "fence1",
			"from": [-9.5, 20.5, 6.5],
			"to": [-6.5, 22.5, 9.5],
			"faces": {
				"north": {"uv": [6.5, 1.5, 9.5, 3.5], "texture": "#texture1", "cullface": "up"},
				"east": {"uv": [6.5, 1.5, 9.5, 3.5], "texture": "#texture1", "cullface": "up"},
				"south": {"uv": [6.5, 1.5, 9.5, 3.5], "texture": "#texture1", "cullface": "up"},
				"west": {"uv": [6.5, 1.5, 9.5, 3.5], "texture": "#texture1", "cullface": "up"},
				"up": {"uv": [6.5, 1.5, 9.5, 3.5], "texture": "#texture1", "cullface": "up"},
				"down": {"uv": [6.5, 1.5, 9.5, 3.5], "texture": "#texture1", "cullface": "up"}
			}
		},
		{
			"name": "fence1",
			"from": [-9, 22.5, 7],
			"to": [-7, 23, 9],
			"faces": {
				"north": {"uv": [7, 1, 9, 1.5], "texture": "#texture1", "cullface": "up"},
				"east": {"uv": [7, 1, 9, 1.5], "texture": "#texture1", "cullface": "up"},
				"south": {"uv": [7, 1, 9, 1.5], "texture": "#texture1", "cullface": "up"},
				"west": {"uv": [7, 1, 9, 1.5], "texture": "#texture1", "cullface": "up"},
				"up": {"uv": [7, 1, 9, 1.5], "texture": "#texture1", "cullface": "up"},
				"down": {"uv": [7, 1, 9, 1.5], "texture": "#texture1", "cullface": "up"}
			}
		},
		{
			"name": "fence1",
			"from": [-10, 19.5, 6],
			"to": [-6, 20.5, 10],
			"faces": {
				"north": {"uv": [6, 3.5, 10, 4.5], "texture": "#texture1", "cullface": "up"},
				"east": {"uv": [6, 3.5, 10, 4.5], "texture": "#texture1", "cullface": "up"},
				"south": {"uv": [6, 3.5, 10, 4.5], "texture": "#texture1", "cullface": "up"},
				"west": {"uv": [6, 3.5, 10, 4.5], "texture": "#texture1", "cullface": "up"},
				"up": {"uv": [6, 3.5, 10, 4.5], "texture": "#texture1", "cullface": "up"},
				"down": {"uv": [6, 3.5, 10, 4.5], "texture": "#texture1", "cullface": "up"}
			}
		},
		{
			"name": "fence1*",
			"from": [21.5, 18, 5.5],
			"to": [26.5, 20, 10.5],
			"faces": {
				"north": {"uv": [5.5, 4, 10.5, 6], "texture": "#texture1", "cullface": "up"},
				"east": {"uv": [5.5, 4, 10.5, 6], "texture": "#texture1", "cullface": "up"},
				"south": {"uv": [5.5, 4, 10.5, 6], "texture": "#texture1", "cullface": "up"},
				"west": {"uv": [5.5, 4, 10.5, 6], "texture": "#texture1", "cullface": "up"},
				"up": {"uv": [5.5, 4, 10.5, 6], "texture": "#texture1", "cullface": "up"},
				"down": {"uv": [5.5, 4, 10.5, 6], "texture": "#texture1", "cullface": "up"}
			}
		},
		{
			"name": "fence1*",
			"from": [22, 21, 6],
			"to": [26, 22, 10],
			"faces": {
				"north": {"uv": [6, 2, 10, 3], "texture": "#texture1", "cullface": "up"},
				"east": {"uv": [6, 2, 10, 3], "texture": "#texture1", "cullface": "up"},
				"south": {"uv": [6, 2, 10, 3], "texture": "#texture1", "cullface": "up"},
				"west": {"uv": [6, 2, 10, 3], "texture": "#texture1", "cullface": "up"},
				"up": {"uv": [6, 2, 10, 3], "texture": "#texture1", "cullface": "up"},
				"down": {"uv": [6, 2, 10, 3], "texture": "#texture1", "cullface": "up"}
			}
		},
		{
			"name": "fence1*",
			"from": [22.5, 20.5, 6.5],
			"to": [25.5, 22.5, 9.5],
			"faces": {
				"north": {"uv": [6.5, 1.5, 9.5, 3.5], "texture": "#texture1", "cullface": "up"},
				"east": {"uv": [6.5, 1.5, 9.5, 3.5], "texture": "#texture1", "cullface": "up"},
				"south": {"uv": [6.5, 1.5, 9.5, 3.5], "texture": "#texture1", "cullface": "up"},
				"west": {"uv": [6.5, 1.5, 9.5, 3.5], "texture": "#texture1", "cullface": "up"},
				"up": {"uv": [6.5, 1.5, 9.5, 3.5], "texture": "#texture1", "cullface": "up"},
				"down": {"uv": [6.5, 1.5, 9.5, 3.5], "texture": "#texture1", "cullface": "up"}
			}
		},
		{
			"name": "fence1*",
			"from": [23, 22.5, 7],
			"to": [25, 23, 9],
			"faces": {
				"north": {"uv": [7, 1, 9, 1.5], "texture": "#texture1", "cullface": "up"},
				"east": {"uv": [7, 1, 9, 1.5], "texture": "#texture1", "cullface": "up"},
				"south": {"uv": [7, 1, 9, 1.5], "texture": "#texture1", "cullface": "up"},
				"west": {"uv": [7, 1, 9, 1.5], "texture": "#texture1", "cullface": "up"},
				"up": {"uv": [7, 1, 9, 1.5], "texture": "#texture1", "cullface": "up"},
				"down": {"uv": [7, 1, 9, 1.5], "texture": "#texture1", "cullface": "up"}
			}
		},
		{
			"name": "fence1*",
			"from": [22, 19.5, 6],
			"to": [26, 20.5, 10],
			"faces": {
				"north": {"uv": [6, 3.5, 10, 4.5], "texture": "#texture1", "cullface": "up"},
				"east": {"uv": [6, 3.5, 10, 4.5], "texture": "#texture1", "cullface": "up"},
				"south": {"uv": [6, 3.5, 10, 4.5], "texture": "#texture1", "cullface": "up"},
				"west": {"uv": [6, 3.5, 10, 4.5], "texture": "#texture1", "cullface": "up"},
				"up": {"uv": [6, 3.5, 10, 4.5], "texture": "#texture1", "cullface": "up"},
				"down": {"uv": [6, 3.5, 10, 4.5], "texture": "#texture1", "cullface": "up"}
			}
		},
		{
			"name": "c",
			"from": [-6, 8, 7.75],
			"to": [-4, 8.5, 8.25],
			"faces": {
				"north": {"uv": [14, 4.5, 16, 5], "texture": "#texture1"},
				"east": {"uv": [14, 4.5, 16, 5], "texture": "#texture1"},
				"south": {"uv": [14, 4.5, 16, 5], "texture": "#texture1"},
				"west": {"uv": [14, 4.5, 16, 5], "texture": "#texture1"},
				"up": {"uv": [14, 4.5, 16, 5], "texture": "#texture1"},
				"down": {"uv": [14, 4.5, 16, 5], "texture": "#texture1"}
			}
		},
		{
			"name": "c",
			"from": [-6, 9.5, 7.75],
			"to": [-4, 10, 8.25],
			"faces": {
				"north": {"uv": [14, 3, 16, 3.5], "texture": "#texture1"},
				"east": {"uv": [14, 3, 16, 3.5], "texture": "#texture1"},
				"south": {"uv": [14, 3, 16, 3.5], "texture": "#texture1"},
				"west": {"uv": [14, 3, 16, 3.5], "texture": "#texture1"},
				"up": {"uv": [14, 3, 16, 3.5], "texture": "#texture1"},
				"down": {"uv": [14, 3, 16, 3.5], "texture": "#texture1"}
			}
		},
		{
			"name": "c",
			"from": [-4.5, 8.5, 7.75],
			"to": [-4, 9.5, 8.25],
			"faces": {
				"north": {"uv": [14, 3.5, 14.5, 4.5], "texture": "#texture1"},
				"east": {"uv": [14, 3.5, 14.5, 4.5], "texture": "#texture1"},
				"south": {"uv": [14, 3.5, 14.5, 4.5], "texture": "#texture1"},
				"west": {"uv": [14, 3.5, 14.5, 4.5], "texture": "#texture1"},
				"up": {"uv": [14, 3.5, 14.5, 4.5], "texture": "#texture1"},
				"down": {"uv": [14, 3.5, 14.5, 4.5], "texture": "#texture1"}
			}
		},
		{
			"name": "c",
			"from": [20, 8, 7.75],
			"to": [22, 8.5, 8.25],
			"faces": {
				"north": {"uv": [0, 4.5, 2, 5], "texture": "#texture1"},
				"east": {"uv": [0, 4.5, 2, 5], "texture": "#texture1"},
				"south": {"uv": [0, 4.5, 2, 5], "texture": "#texture1"},
				"west": {"uv": [0, 4.5, 2, 5], "texture": "#texture1"},
				"up": {"uv": [0, 4.5, 2, 5], "texture": "#texture1"},
				"down": {"uv": [0, 4.5, 2, 5], "texture": "#texture1"}
			}
		},
		{
			"name": "c",
			"from": [20, 9.5, 7.75],
			"to": [22, 10, 8.25],
			"faces": {
				"north": {"uv": [0, 3, 2, 3.5], "texture": "#texture1"},
				"east": {"uv": [0, 3, 2, 3.5], "texture": "#texture1"},
				"south": {"uv": [0, 3, 2, 3.5], "texture": "#texture1"},
				"west": {"uv": [0, 3, 2, 3.5], "texture": "#texture1"},
				"up": {"uv": [0, 3, 2, 3.5], "texture": "#texture1"},
				"down": {"uv": [0, 3, 2, 3.5], "texture": "#texture1"}
			}
		},
		{
			"name": "c",
			"from": [20, 8.5, 7.75],
			"to": [20.5, 9.5, 8.25],
			"faces": {
				"north": {"uv": [1.5, 3.5, 2, 4.5], "texture": "#texture1"},
				"east": {"uv": [1.5, 3.5, 2, 4.5], "texture": "#texture1"},
				"south": {"uv": [1.5, 3.5, 2, 4.5], "texture": "#texture1"},
				"west": {"uv": [1.5, 3.5, 2, 4.5], "texture": "#texture1"},
				"up": {"uv": [1.5, 3.5, 2, 4.5], "texture": "#texture1"},
				"down": {"uv": [1.5, 3.5, 2, 4.5], "texture": "#texture1"}
			}
		},
		{
			"name": "c",
			"from": [-4.8, 8.6, 7],
			"to": [-2.05, 9.1, 7.5],
			"rotation": {"angle": -45, "axis": "z", "origin": [-4.8, 9.1, 7]},
			"faces": {
				"north": {"uv": [12.05, 3.9, 14.8, 4.4], "texture": "#texture1"},
				"east": {"uv": [12.05, 3.9, 14.8, 4.4], "texture": "#texture1"},
				"south": {"uv": [12.05, 3.9, 14.8, 4.4], "texture": "#texture1"},
				"west": {"uv": [12.05, 3.9, 14.8, 4.4], "texture": "#texture1"},
				"up": {"uv": [12.05, 3.9, 14.8, 4.4], "texture": "#texture1"},
				"down": {"uv": [12.05, 3.9, 14.8, 4.4], "texture": "#texture1"}
			}
		},
		{
			"name": "c",
			"from": [-4.8, 8.6, 8.5],
			"to": [-2.05, 9.1, 9],
			"rotation": {"angle": -45, "axis": "z", "origin": [-4.8, 9.1, 8.5]},
			"faces": {
				"north": {"uv": [12.05, 3.9, 14.8, 4.4], "texture": "#texture1"},
				"east": {"uv": [12.05, 3.9, 14.8, 4.4], "texture": "#texture1"},
				"south": {"uv": [12.05, 3.9, 14.8, 4.4], "texture": "#texture1"},
				"west": {"uv": [12.05, 3.9, 14.8, 4.4], "texture": "#texture1"},
				"up": {"uv": [12.05, 3.9, 14.8, 4.4], "texture": "#texture1"},
				"down": {"uv": [12.05, 3.9, 14.8, 4.4], "texture": "#texture1"}
			}
		},
		{
			"name": "c",
			"from": [-4.8, 8.6, 7.5],
			"to": [-4.3, 9.1, 8.5],
			"rotation": {"angle": -45, "axis": "z", "origin": [-4.8, 9.1, 7.5]},
			"faces": {
				"north": {"uv": [14.3, 3.9, 14.8, 4.4], "texture": "#texture1"},
				"east": {"uv": [14.3, 3.9, 14.8, 4.4], "texture": "#texture1"},
				"south": {"uv": [14.3, 3.9, 14.8, 4.4], "texture": "#texture1"},
				"west": {"uv": [14.3, 3.9, 14.8, 4.4], "texture": "#texture1"},
				"up": {"uv": [14.3, 3.9, 14.8, 4.4], "texture": "#texture1"},
				"down": {"uv": [14.3, 3.9, 14.8, 4.4], "texture": "#texture1"}
			}
		},
		{
			"name": "c",
			"from": [-3.1875, 7, 7.5],
			"to": [-2.6875, 7.5, 8.5],
			"rotation": {"angle": -45, "axis": "z", "origin": [-3.1875, 7.5, 7.5]},
			"faces": {
				"north": {"uv": [12.6875, 5.5, 13.1875, 6], "texture": "#texture1"},
				"east": {"uv": [12.6875, 5.5, 13.1875, 6], "texture": "#texture1"},
				"south": {"uv": [12.6875, 5.5, 13.1875, 6], "texture": "#texture1"},
				"west": {"uv": [12.6875, 5.5, 13.1875, 6], "texture": "#texture1"},
				"up": {"uv": [12.6875, 5.5, 13.1875, 6], "texture": "#texture1"},
				"down": {"uv": [12.6875, 5.5, 13.1875, 6], "texture": "#texture1"}
			}
		},
		{
			"name": "c",
			"from": [-3.3125, 6.875, 7.75],
			"to": [-2.8125, 7.875, 8.25],
			"rotation": {"angle": -45, "axis": "z", "origin": [-3.3125, 7.875, 7.75]},
			"faces": {
				"north": {"uv": [12.8125, 5.125, 13.3125, 6.125], "texture": "#texture1"},
				"east": {"uv": [12.8125, 5.125, 13.3125, 6.125], "texture": "#texture1"},
				"south": {"uv": [12.8125, 5.125, 13.3125, 6.125], "texture": "#texture1"},
				"west": {"uv": [12.8125, 5.125, 13.3125, 6.125], "texture": "#texture1"},
				"up": {"uv": [12.8125, 5.125, 13.3125, 6.125], "texture": "#texture1"},
				"down": {"uv": [12.8125, 5.125, 13.3125, 6.125], "texture": "#texture1"}
			}
		},
		{
			"name": "c",
			"from": [-3, 7.6875, 7.75],
			"to": [-0.25, 8.1875, 8.25],
			"rotation": {"angle": -45, "axis": "z", "origin": [-3, 8.1875, 7.75]},
			"faces": {
				"north": {"uv": [10.25, 4.8125, 13, 5.3125], "texture": "#texture1"},
				"east": {"uv": [10.25, 4.8125, 13, 5.3125], "texture": "#texture1"},
				"south": {"uv": [10.25, 4.8125, 13, 5.3125], "texture": "#texture1"},
				"west": {"uv": [10.25, 4.8125, 13, 5.3125], "texture": "#texture1"},
				"up": {"uv": [10.25, 4.8125, 13, 5.3125], "texture": "#texture1"},
				"down": {"uv": [10.25, 4.8125, 13, 5.3125], "texture": "#texture1"}
			}
		},
		{
			"name": "c",
			"from": [-4, 6.71875, 7.75],
			"to": [-1.25, 7.21875, 8.25],
			"rotation": {"angle": -45, "axis": "z", "origin": [-4, 7.21875, 7.75]},
			"faces": {
				"north": {"uv": [11.25, 5.78125, 14, 6.28125], "texture": "#texture1"},
				"east": {"uv": [11.25, 5.78125, 14, 6.28125], "texture": "#texture1"},
				"south": {"uv": [11.25, 5.78125, 14, 6.28125], "texture": "#texture1"},
				"west": {"uv": [11.25, 5.78125, 14, 6.28125], "texture": "#texture1"},
				"up": {"uv": [11.25, 5.78125, 14, 6.28125], "texture": "#texture1"},
				"down": {"uv": [11.25, 5.78125, 14, 6.28125], "texture": "#texture1"}
			}
		},
		{
			"name": "c",
			"from": [-1.73038, 5.25, 7.75],
			"to": [-1.23038, 6.25, 8.25],
			"rotation": {"angle": -45, "axis": "z", "origin": [-1.73038, 6.25, 7.75]},
			"faces": {
				"north": {"uv": [11.2304, 6.75, 11.7304, 7.75], "texture": "#texture1"},
				"east": {"uv": [11.2304, 6.75, 11.7304, 7.75], "texture": "#texture1"},
				"south": {"uv": [11.2304, 6.75, 11.7304, 7.75], "texture": "#texture1"},
				"west": {"uv": [11.2304, 6.75, 11.7304, 7.75], "texture": "#texture1"},
				"up": {"uv": [11.2304, 6.75, 11.7304, 7.75], "texture": "#texture1"},
				"down": {"uv": [11.2304, 6.75, 11.7304, 7.75], "texture": "#texture1"}
			}
		},
		{
			"name": "c",
			"from": [-2.5, 5.875, 7],
			"to": [0.25, 6.375, 7.5],
			"rotation": {"angle": -22.5, "axis": "z", "origin": [-2.5, 6.375, 7]},
			"faces": {
				"north": {"uv": [9.75, 6.625, 12.5, 7.125], "texture": "#texture1"},
				"east": {"uv": [9.75, 6.625, 12.5, 7.125], "texture": "#texture1"},
				"south": {"uv": [9.75, 6.625, 12.5, 7.125], "texture": "#texture1"},
				"west": {"uv": [9.75, 6.625, 12.5, 7.125], "texture": "#texture1"},
				"up": {"uv": [9.75, 6.625, 12.5, 7.125], "texture": "#texture1"},
				"down": {"uv": [9.75, 6.625, 12.5, 7.125], "texture": "#texture1"}
			}
		},
		{
			"name": "c",
			"from": [-2.5, 5.875, 8.5],
			"to": [0.25, 6.375, 9],
			"rotation": {"angle": -22.5, "axis": "z", "origin": [-2.5, 6.375, 8.5]},
			"faces": {
				"north": {"uv": [9.75, 6.625, 12.5, 7.125], "texture": "#texture1"},
				"east": {"uv": [9.75, 6.625, 12.5, 7.125], "texture": "#texture1"},
				"south": {"uv": [9.75, 6.625, 12.5, 7.125], "texture": "#texture1"},
				"west": {"uv": [9.75, 6.625, 12.5, 7.125], "texture": "#texture1"},
				"up": {"uv": [9.75, 6.625, 12.5, 7.125], "texture": "#texture1"},
				"down": {"uv": [9.75, 6.625, 12.5, 7.125], "texture": "#texture1"}
			}
		},
		{
			"name": "c",
			"from": [-2.5, 5.875, 7.5],
			"to": [-2, 6.375, 8.5],
			"rotation": {"angle": -22.5, "axis": "z", "origin": [-2.5, 6.375, 7.5]},
			"faces": {
				"north": {"uv": [0, 0, 0, 0], "texture": "#texture1"},
				"east": {"uv": [0, 0, 0, 0], "texture": "#texture1"},
				"south": {"uv": [0, 0, 0, 0], "texture": "#texture1"},
				"west": {"uv": [0, 0, 0, 0], "texture": "#texture1"},
				"up": {"uv": [0, 0, 0, 0], "texture": "#texture1"},
				"down": {"uv": [0, 0, 0, 0], "texture": "#texture1"}
			}
		},
		{
			"name": "c",
			"from": [-0.375, 5, 7.5],
			"to": [0.125, 5.5, 8.5],
			"rotation": {"angle": -22.5, "axis": "z", "origin": [-0.375, 5.5, 7.5]},
			"faces": {
				"north": {"uv": [9.875, 7.5, 10.375, 8], "texture": "#texture1"},
				"east": {"uv": [9.875, 7.5, 10.375, 8], "texture": "#texture1"},
				"south": {"uv": [9.875, 7.5, 10.375, 8], "texture": "#texture1"},
				"west": {"uv": [9.875, 7.5, 10.375, 8], "texture": "#texture1"},
				"up": {"uv": [9.875, 7.5, 10.375, 8], "texture": "#texture1"},
				"down": {"uv": [9.875, 7.5, 10.375, 8], "texture": "#texture1"}
			}
		},
		{
			"name": "c",
			"from": [-0.8125, 4.5625, 7.75],
			"to": [1.9375, 5.0625, 8.25],
			"rotation": {"angle": -22.5, "axis": "z", "origin": [-0.8125, 5.0625, 7.75]},
			"faces": {
				"north": {"uv": [8.0625, 7.9375, 10.8125, 8.4375], "texture": "#texture1"},
				"east": {"uv": [8.0625, 7.9375, 10.8125, 8.4375], "texture": "#texture1"},
				"south": {"uv": [8.0625, 7.9375, 10.8125, 8.4375], "texture": "#texture1"},
				"west": {"uv": [8.0625, 7.9375, 10.8125, 8.4375], "texture": "#texture1"},
				"up": {"uv": [8.0625, 7.9375, 10.8125, 8.4375], "texture": "#texture1"},
				"down": {"uv": [8.0625, 7.9375, 10.8125, 8.4375], "texture": "#texture1"}
			}
		},
		{
			"name": "c",
			"from": [-0.3125, 5.6875, 7.75],
			"to": [2.4375, 6.1875, 8.25],
			"rotation": {"angle": -22.5, "axis": "z", "origin": [-0.3125, 6.1875, 7.75]},
			"faces": {
				"north": {"uv": [7.5625, 6.8125, 10.3125, 7.3125], "texture": "#texture1"},
				"east": {"uv": [7.5625, 6.8125, 10.3125, 7.3125], "texture": "#texture1"},
				"south": {"uv": [7.5625, 6.8125, 10.3125, 7.3125], "texture": "#texture1"},
				"west": {"uv": [7.5625, 6.8125, 10.3125, 7.3125], "texture": "#texture1"},
				"up": {"uv": [7.5625, 6.8125, 10.3125, 7.3125], "texture": "#texture1"},
				"down": {"uv": [7.5625, 6.8125, 10.3125, 7.3125], "texture": "#texture1"}
			}
		},
		{
			"name": "c",
			"from": [-0.5255, 5, 7.75],
			"to": [-0.0255, 5.75, 8.25],
			"rotation": {"angle": -22.5, "axis": "z", "origin": [-0.5255, 5.75, 7.75]},
			"faces": {
				"north": {"uv": [10.0255, 7.25, 10.5255, 8], "texture": "#texture1"},
				"east": {"uv": [10.0255, 7.25, 10.5255, 8], "texture": "#texture1"},
				"south": {"uv": [10.0255, 7.25, 10.5255, 8], "texture": "#texture1"},
				"west": {"uv": [10.0255, 7.25, 10.5255, 8], "texture": "#texture1"},
				"up": {"uv": [10.0255, 7.25, 10.5255, 8], "texture": "#texture1"},
				"down": {"uv": [10.0255, 7.25, 10.5255, 8], "texture": "#texture1"}
			}
		},
		{
			"name": "c",
			"from": [1.5625, 4.125, 7.8125],
			"to": [2.0625, 4.875, 8.3125],
			"rotation": {"angle": -22.5, "axis": "z", "origin": [1.5625, 4.875, 7.8125]},
			"faces": {
				"north": {"uv": [13.9375, 8.125, 14.4375, 8.875], "texture": "#texture1"},
				"east": {"uv": [13.9375, 8.125, 14.4375, 8.875], "texture": "#texture1"},
				"south": {"uv": [13.9375, 8.125, 14.4375, 8.875], "texture": "#texture1"},
				"west": {"uv": [13.9375, 8.125, 14.4375, 8.875], "texture": "#texture1"},
				"up": {"uv": [13.9375, 8.125, 14.4375, 8.875], "texture": "#texture1"},
				"down": {"uv": [13.9375, 8.125, 14.4375, 8.875], "texture": "#texture1"}
			}
		},
		{
			"name": "c",
			"from": [1, 4.375, 7.5],
			"to": [1.5, 4.875, 8.5],
			"faces": {
				"north": {"uv": [0, 0, 0, 0], "texture": "#texture1"},
				"east": {"uv": [0, 0, 0, 0], "texture": "#texture1"},
				"south": {"uv": [0, 0, 0, 0], "texture": "#texture1"},
				"west": {"uv": [0, 0, 0, 0], "texture": "#texture1"},
				"up": {"uv": [0, 0, 0, 0], "texture": "#texture1"},
				"down": {"uv": [0, 0, 0, 0], "texture": "#texture1"}
			}
		},
		{
			"name": "c",
			"from": [3.25, 4.375, 7.5],
			"to": [3.75, 4.875, 8.5],
			"faces": {
				"north": {"uv": [0, 0, 0, 0], "texture": "#texture1"},
				"east": {"uv": [0, 0, 0, 0], "texture": "#texture1"},
				"south": {"uv": [0, 0, 0, 0], "texture": "#texture1"},
				"west": {"uv": [0, 0, 0, 0], "texture": "#texture1"},
				"up": {"uv": [0, 0, 0, 0], "texture": "#texture1"},
				"down": {"uv": [0, 0, 0, 0], "texture": "#texture1"}
			}
		},
		{
			"name": "c",
			"from": [1, 4.375, 8.5],
			"to": [3.75, 4.875, 9],
			"faces": {
				"north": {"uv": [12.25, 8.125, 15, 8.625], "texture": "#texture1"},
				"east": {"uv": [12.25, 8.125, 15, 8.625], "texture": "#texture1"},
				"south": {"uv": [12.25, 8.125, 15, 8.625], "texture": "#texture1"},
				"west": {"uv": [12.25, 8.125, 15, 8.625], "texture": "#texture1"},
				"up": {"uv": [12.25, 8.125, 15, 8.625], "texture": "#texture1"},
				"down": {"uv": [12.25, 8.125, 15, 8.625], "texture": "#texture1"}
			}
		},
		{
			"name": "c",
			"from": [1, 4.375, 7],
			"to": [3.75, 4.875, 7.5],
			"faces": {
				"north": {"uv": [12.25, 8.125, 15, 8.625], "texture": "#texture1"},
				"east": {"uv": [12.25, 8.125, 15, 8.625], "texture": "#texture1"},
				"south": {"uv": [12.25, 8.125, 15, 8.625], "texture": "#texture1"},
				"west": {"uv": [12.25, 8.125, 15, 8.625], "texture": "#texture1"},
				"up": {"uv": [12.25, 8.125, 15, 8.625], "texture": "#texture1"},
				"down": {"uv": [12.25, 8.125, 15, 8.625], "texture": "#texture1"}
			}
		},
		{
			"name": "c",
			"from": [2.875, 4, 7.75],
			"to": [3.375, 5, 8.25],
			"faces": {
				"north": {"uv": [12.625, 8, 13.125, 9], "texture": "#texture1"},
				"east": {"uv": [12.625, 8, 13.125, 9], "texture": "#texture1"},
				"south": {"uv": [12.625, 8, 13.125, 9], "texture": "#texture1"},
				"west": {"uv": [12.625, 8, 13.125, 9], "texture": "#texture1"},
				"up": {"uv": [12.625, 8, 13.125, 9], "texture": "#texture1"},
				"down": {"uv": [12.625, 8, 13.125, 9], "texture": "#texture1"}
			}
		},
		{
			"name": "c",
			"from": [5.125, 4, 7.75],
			"to": [5.625, 5, 8.25],
			"faces": {
				"north": {"uv": [10.375, 8, 10.875, 9], "texture": "#texture1"},
				"east": {"uv": [10.375, 8, 10.875, 9], "texture": "#texture1"},
				"south": {"uv": [10.375, 8, 10.875, 9], "texture": "#texture1"},
				"west": {"uv": [10.375, 8, 10.875, 9], "texture": "#texture1"},
				"up": {"uv": [10.375, 8, 10.875, 9], "texture": "#texture1"},
				"down": {"uv": [10.375, 8, 10.875, 9], "texture": "#texture1"}
			}
		},
		{
			"name": "c",
			"from": [2.875, 5, 7.75],
			"to": [5.625, 5.5, 8.25],
			"faces": {
				"north": {"uv": [10.375, 7.5, 13.125, 8], "texture": "#texture1"},
				"east": {"uv": [10.375, 7.5, 13.125, 8], "texture": "#texture1"},
				"south": {"uv": [10.375, 7.5, 13.125, 8], "texture": "#texture1"},
				"west": {"uv": [10.375, 7.5, 13.125, 8], "texture": "#texture1"},
				"up": {"uv": [10.375, 7.5, 13.125, 8], "texture": "#texture1"},
				"down": {"uv": [10.375, 7.5, 13.125, 8], "texture": "#texture1"}
			}
		},
		{
			"name": "c",
			"from": [2.875, 3.5, 7.75],
			"to": [5.625, 4, 8.25],
			"faces": {
				"north": {"uv": [10.375, 9, 13.125, 9.5], "texture": "#texture1"},
				"east": {"uv": [10.375, 9, 13.125, 9.5], "texture": "#texture1"},
				"south": {"uv": [10.375, 9, 13.125, 9.5], "texture": "#texture1"},
				"west": {"uv": [10.375, 9, 13.125, 9.5], "texture": "#texture1"},
				"up": {"uv": [10.375, 9, 13.125, 9.5], "texture": "#texture1"},
				"down": {"uv": [10.375, 9, 13.125, 9.5], "texture": "#texture1"}
			}
		},
		{
			"name": "c",
			"from": [4.6875, 4.375, 7.5],
			"to": [5.1875, 4.875, 8.5],
			"faces": {
				"north": {"uv": [0, 0, 0, 0], "texture": "#texture1"},
				"east": {"uv": [0, 0, 0, 0], "texture": "#texture1"},
				"south": {"uv": [0, 0, 0, 0], "texture": "#texture1"},
				"west": {"uv": [0, 0, 0, 0], "texture": "#texture1"},
				"up": {"uv": [0, 0, 0, 0], "texture": "#texture1"},
				"down": {"uv": [0, 0, 0, 0], "texture": "#texture1"}
			}
		},
		{
			"name": "c",
			"from": [6.9375, 4.375, 7.5],
			"to": [7.4375, 4.875, 8.5],
			"faces": {
				"north": {"uv": [0, 0, 0, 0], "texture": "#texture1"},
				"east": {"uv": [0, 0, 0, 0], "texture": "#texture1"},
				"south": {"uv": [0, 0, 0, 0], "texture": "#texture1"},
				"west": {"uv": [0, 0, 0, 0], "texture": "#texture1"},
				"up": {"uv": [0, 0, 0, 0], "texture": "#texture1"},
				"down": {"uv": [0, 0, 0, 0], "texture": "#texture1"}
			}
		},
		{
			"name": "c",
			"from": [4.6875, 4.375, 8.5],
			"to": [7.4375, 4.875, 9],
			"faces": {
				"north": {"uv": [8.5625, 8.125, 11.3125, 8.625], "texture": "#texture1"},
				"east": {"uv": [8.5625, 8.125, 11.3125, 8.625], "texture": "#texture1"},
				"south": {"uv": [8.5625, 8.125, 11.3125, 8.625], "texture": "#texture1"},
				"west": {"uv": [8.5625, 8.125, 11.3125, 8.625], "texture": "#texture1"},
				"up": {"uv": [8.5625, 8.125, 11.3125, 8.625], "texture": "#texture1"},
				"down": {"uv": [8.5625, 8.125, 11.3125, 8.625], "texture": "#texture1"}
			}
		},
		{
			"name": "c",
			"from": [4.6875, 4.375, 7],
			"to": [7.4375, 4.875, 7.5],
			"faces": {
				"north": {"uv": [8.5625, 8.125, 11.3125, 8.625], "texture": "#texture1"},
				"east": {"uv": [8.5625, 8.125, 11.3125, 8.625], "texture": "#texture1"},
				"south": {"uv": [8.5625, 8.125, 11.3125, 8.625], "texture": "#texture1"},
				"west": {"uv": [8.5625, 8.125, 11.3125, 8.625], "texture": "#texture1"},
				"up": {"uv": [8.5625, 8.125, 11.3125, 8.625], "texture": "#texture1"},
				"down": {"uv": [8.5625, 8.125, 11.3125, 8.625], "texture": "#texture1"}
			}
		},
		{
			"name": "c",
			"from": [6.7, 3.9, 7.75],
			"to": [7.2, 4.9, 8.25],
			"faces": {
				"north": {"uv": [8.8, 8.1, 9.3, 9.1], "texture": "#texture1"},
				"east": {"uv": [8.8, 8.1, 9.3, 9.1], "texture": "#texture1"},
				"south": {"uv": [8.8, 8.1, 9.3, 9.1], "texture": "#texture1"},
				"west": {"uv": [8.8, 8.1, 9.3, 9.1], "texture": "#texture1"},
				"up": {"uv": [8.8, 8.1, 9.3, 9.1], "texture": "#texture1"},
				"down": {"uv": [8.8, 8.1, 9.3, 9.1], "texture": "#texture1"}
			}
		},
		{
			"name": "c",
			"from": [9, 3.9, 7.75],
			"to": [9.5, 4.9, 8.25],
			"faces": {
				"north": {"uv": [6.5, 8.1, 7, 9.1], "texture": "#texture1"},
				"east": {"uv": [6.5, 8.1, 7, 9.1], "texture": "#texture1"},
				"south": {"uv": [6.5, 8.1, 7, 9.1], "texture": "#texture1"},
				"west": {"uv": [6.5, 8.1, 7, 9.1], "texture": "#texture1"},
				"up": {"uv": [6.5, 8.1, 7, 9.1], "texture": "#texture1"},
				"down": {"uv": [6.5, 8.1, 7, 9.1], "texture": "#texture1"}
			}
		},
		{
			"name": "c",
			"from": [6.75, 4.875, 7.75],
			"to": [9.5, 5.375, 8.25],
			"faces": {
				"north": {"uv": [6.5, 7.625, 9.25, 8.125], "texture": "#texture1"},
				"east": {"uv": [6.5, 7.625, 9.25, 8.125], "texture": "#texture1"},
				"south": {"uv": [6.5, 7.625, 9.25, 8.125], "texture": "#texture1"},
				"west": {"uv": [6.5, 7.625, 9.25, 8.125], "texture": "#texture1"},
				"up": {"uv": [6.5, 7.625, 9.25, 8.125], "texture": "#texture1"},
				"down": {"uv": [6.5, 7.625, 9.25, 8.125], "texture": "#texture1"}
			}
		},
		{
			"name": "c",
			"from": [6.7, 3.4, 7.75],
			"to": [9.45, 3.9, 8.25],
			"faces": {
				"north": {"uv": [6.55, 9.1, 9.3, 9.6], "texture": "#texture1"},
				"east": {"uv": [6.55, 9.1, 9.3, 9.6], "texture": "#texture1"},
				"south": {"uv": [6.55, 9.1, 9.3, 9.6], "texture": "#texture1"},
				"west": {"uv": [6.55, 9.1, 9.3, 9.6], "texture": "#texture1"},
				"up": {"uv": [6.55, 9.1, 9.3, 9.6], "texture": "#texture1"},
				"down": {"uv": [6.55, 9.1, 9.3, 9.6], "texture": "#texture1"}
			}
		},
		{
			"name": "c",
			"from": [18.75, 6.625, 8.5],
			"to": [21.5, 7.125, 9],
			"rotation": {"angle": 45, "axis": "z", "origin": [18.75, 7.125, 8.5]},
			"faces": {
				"north": {"uv": [0.5, 5.875, 3.25, 6.375], "texture": "#texture1"},
				"east": {"uv": [0.5, 5.875, 3.25, 6.375], "texture": "#texture1"},
				"south": {"uv": [0.5, 5.875, 3.25, 6.375], "texture": "#texture1"},
				"west": {"uv": [0.5, 5.875, 3.25, 6.375], "texture": "#texture1"},
				"up": {"uv": [0.5, 5.875, 3.25, 6.375], "texture": "#texture1"},
				"down": {"uv": [0.5, 5.875, 3.25, 6.375], "texture": "#texture1"}
			}
		},
		{
			"name": "c",
			"from": [18.75, 6.625, 7],
			"to": [21.5, 7.125, 7.5],
			"rotation": {"angle": 45, "axis": "z", "origin": [18.75, 7.125, 7]},
			"faces": {
				"north": {"uv": [0.5, 5.875, 3.25, 6.375], "texture": "#texture1"},
				"east": {"uv": [0.5, 5.875, 3.25, 6.375], "texture": "#texture1"},
				"south": {"uv": [0.5, 5.875, 3.25, 6.375], "texture": "#texture1"},
				"west": {"uv": [0.5, 5.875, 3.25, 6.375], "texture": "#texture1"},
				"up": {"uv": [0.5, 5.875, 3.25, 6.375], "texture": "#texture1"},
				"down": {"uv": [0.5, 5.875, 3.25, 6.375], "texture": "#texture1"}
			}
		},
		{
			"name": "c",
			"from": [20.375, 8.25, 7.5],
			"to": [20.875, 8.75, 8.5],
			"rotation": {"angle": 45, "axis": "z", "origin": [20.375, 8.75, 7.5]},
			"faces": {
				"north": {"uv": [1.125, 4.25, 1.625, 4.75], "texture": "#texture1"},
				"east": {"uv": [1.125, 4.25, 1.625, 4.75], "texture": "#texture1"},
				"south": {"uv": [1.125, 4.25, 1.625, 4.75], "texture": "#texture1"},
				"west": {"uv": [1.125, 4.25, 1.625, 4.75], "texture": "#texture1"},
				"up": {"uv": [1.125, 4.25, 1.625, 4.75], "texture": "#texture1"},
				"down": {"uv": [1.125, 4.25, 1.625, 4.75], "texture": "#texture1"}
			}
		},
		{
			"name": "c",
			"from": [18.75, 6.625, 7.5],
			"to": [19.25, 7.125, 8.5],
			"rotation": {"angle": 45, "axis": "z", "origin": [18.75, 7.125, 7.5]},
			"faces": {
				"north": {"uv": [0, 0, 0, 0], "texture": "#texture1"},
				"east": {"uv": [0, 0, 0, 0], "texture": "#texture1"},
				"south": {"uv": [0, 0, 0, 0], "texture": "#texture1"},
				"west": {"uv": [0, 0, 0, 0], "texture": "#texture1"},
				"up": {"uv": [0, 0, 0, 0], "texture": "#texture1"},
				"down": {"uv": [0, 0, 0, 0], "texture": "#texture1"}
			}
		},
		{
			"name": "c",
			"from": [18.95, 6.575, 7.75],
			"to": [19.45, 7.575, 8.25],
			"rotation": {"angle": 45, "axis": "z", "origin": [18.95, 7.575, 7.75]},
			"faces": {
				"north": {"uv": [2.55, 5.425, 3.05, 6.425], "texture": "#texture1"},
				"east": {"uv": [2.55, 5.425, 3.05, 6.425], "texture": "#texture1"},
				"south": {"uv": [2.55, 5.425, 3.05, 6.425], "texture": "#texture1"},
				"west": {"uv": [2.55, 5.425, 3.05, 6.425], "texture": "#texture1"},
				"up": {"uv": [2.55, 5.425, 3.05, 6.425], "texture": "#texture1"},
				"down": {"uv": [2.55, 5.425, 3.05, 6.425], "texture": "#texture1"}
			}
		},
		{
			"name": "c",
			"from": [17.0125, 5.825, 7.75],
			"to": [19.7625, 6.325, 8.25],
			"rotation": {"angle": 45, "axis": "z", "origin": [17.0125, 6.325, 7.75]},
			"faces": {
				"north": {"uv": [2.2375, 6.675, 4.9875, 7.175], "texture": "#texture1"},
				"east": {"uv": [2.2375, 6.675, 4.9875, 7.175], "texture": "#texture1"},
				"south": {"uv": [2.2375, 6.675, 4.9875, 7.175], "texture": "#texture1"},
				"west": {"uv": [2.2375, 6.675, 4.9875, 7.175], "texture": "#texture1"},
				"up": {"uv": [2.2375, 6.675, 4.9875, 7.175], "texture": "#texture1"},
				"down": {"uv": [2.2375, 6.675, 4.9875, 7.175], "texture": "#texture1"}
			}
		},
		{
			"name": "c",
			"from": [18.075, 4.7625, 7.75],
			"to": [20.825, 5.2625, 8.25],
			"rotation": {"angle": 45, "axis": "z", "origin": [18.075, 5.2625, 7.75]},
			"faces": {
				"north": {"uv": [1.175, 7.7375, 3.925, 8.2375], "texture": "#texture1"},
				"east": {"uv": [1.175, 7.7375, 3.925, 8.2375], "texture": "#texture1"},
				"south": {"uv": [1.175, 7.7375, 3.925, 8.2375], "texture": "#texture1"},
				"west": {"uv": [1.175, 7.7375, 3.925, 8.2375], "texture": "#texture1"},
				"up": {"uv": [1.175, 7.7375, 3.925, 8.2375], "texture": "#texture1"},
				"down": {"uv": [1.175, 7.7375, 3.925, 8.2375], "texture": "#texture1"}
			}
		},
		{
			"name": "c",
			"from": [17.375, 4.95, 7.75],
			"to": [17.875, 5.95, 8.25],
			"rotation": {"angle": 45, "axis": "z", "origin": [17.375, 5.95, 7.75]},
			"faces": {
				"north": {"uv": [4.125, 7.05, 4.625, 8.05], "texture": "#texture1"},
				"east": {"uv": [4.125, 7.05, 4.625, 8.05], "texture": "#texture1"},
				"south": {"uv": [4.125, 7.05, 4.625, 8.05], "texture": "#texture1"},
				"west": {"uv": [4.125, 7.05, 4.625, 8.05], "texture": "#texture1"},
				"up": {"uv": [4.125, 7.05, 4.625, 8.05], "texture": "#texture1"},
				"down": {"uv": [4.125, 7.05, 4.625, 8.05], "texture": "#texture1"}
			}
		},
		{
			"name": "c",
			"from": [15.875, 4.925, 8.5],
			"to": [18.625, 5.425, 9],
			"rotation": {"angle": 22.5, "axis": "z", "origin": [15.875, 5.425, 8.5]},
			"faces": {
				"north": {"uv": [3.375, 7.575, 6.125, 8.075], "texture": "#texture1"},
				"east": {"uv": [3.375, 7.575, 6.125, 8.075], "texture": "#texture1"},
				"south": {"uv": [3.375, 7.575, 6.125, 8.075], "texture": "#texture1"},
				"west": {"uv": [3.375, 7.575, 6.125, 8.075], "texture": "#texture1"},
				"up": {"uv": [3.375, 7.575, 6.125, 8.075], "texture": "#texture1"},
				"down": {"uv": [3.375, 7.575, 6.125, 8.075], "texture": "#texture1"}
			}
		},
		{
			"name": "c",
			"from": [15.875, 4.925, 7],
			"to": [18.625, 5.425, 7.5],
			"rotation": {"angle": 22.5, "axis": "z", "origin": [15.875, 5.425, 7]},
			"faces": {
				"north": {"uv": [3.375, 7.575, 6.125, 8.075], "texture": "#texture1"},
				"east": {"uv": [3.375, 7.575, 6.125, 8.075], "texture": "#texture1"},
				"south": {"uv": [3.375, 7.575, 6.125, 8.075], "texture": "#texture1"},
				"west": {"uv": [3.375, 7.575, 6.125, 8.075], "texture": "#texture1"},
				"up": {"uv": [3.375, 7.575, 6.125, 8.075], "texture": "#texture1"},
				"down": {"uv": [3.375, 7.575, 6.125, 8.075], "texture": "#texture1"}
			}
		},
		{
			"name": "c",
			"from": [18, 5.8, 7.5],
			"to": [18.5, 6.3, 8.5],
			"rotation": {"angle": 22.5, "axis": "z", "origin": [18, 6.3, 7.5]},
			"faces": {
				"north": {"uv": [3.5, 6.7, 4, 7.2], "texture": "#texture1"},
				"east": {"uv": [3.5, 6.7, 4, 7.2], "texture": "#texture1"},
				"south": {"uv": [3.5, 6.7, 4, 7.2], "texture": "#texture1"},
				"west": {"uv": [3.5, 6.7, 4, 7.2], "texture": "#texture1"},
				"up": {"uv": [3.5, 6.7, 4, 7.2], "texture": "#texture1"},
				"down": {"uv": [3.5, 6.7, 4, 7.2], "texture": "#texture1"}
			}
		},
		{
			"name": "c",
			"from": [15.875, 4.875, 7.5],
			"to": [16.375, 5.375, 8.5],
			"rotation": {"angle": 22.5, "axis": "z", "origin": [15.875, 5.375, 7.5]},
			"faces": {
				"north": {"uv": [0, 0, 0, 0], "texture": "#texture1"},
				"east": {"uv": [0, 0, 0, 0], "texture": "#texture1"},
				"south": {"uv": [0, 0, 0, 0], "texture": "#texture1"},
				"west": {"uv": [0, 0, 0, 0], "texture": "#texture1"},
				"up": {"uv": [0, 0, 0, 0], "texture": "#texture1"},
				"down": {"uv": [0, 0, 0, 0], "texture": "#texture1"}
			}
		},
		{
			"name": "c",
			"from": [14.25, 3.5, 7.75],
			"to": [17, 4, 8.25],
			"rotation": {"angle": 22.5, "axis": "z", "origin": [14.25, 4, 7.75]},
			"faces": {
				"north": {"uv": [5, 9, 7.75, 9.5], "texture": "#texture1"},
				"east": {"uv": [5, 9, 7.75, 9.5], "texture": "#texture1"},
				"south": {"uv": [5, 9, 7.75, 9.5], "texture": "#texture1"},
				"west": {"uv": [5, 9, 7.75, 9.5], "texture": "#texture1"},
				"up": {"uv": [5, 9, 7.75, 9.5], "texture": "#texture1"},
				"down": {"uv": [5, 9, 7.75, 9.5], "texture": "#texture1"}
			}
		},
		{
			"name": "c",
			"from": [13.75, 4.5625, 7.75],
			"to": [16.5, 5.0625, 8.25],
			"rotation": {"angle": 22.5, "axis": "z", "origin": [13.75, 5.0625, 7.75]},
			"faces": {
				"north": {"uv": [5.5, 7.9375, 8.25, 8.4375], "texture": "#texture1"},
				"east": {"uv": [5.5, 7.9375, 8.25, 8.4375], "texture": "#texture1"},
				"south": {"uv": [5.5, 7.9375, 8.25, 8.4375], "texture": "#texture1"},
				"west": {"uv": [5.5, 7.9375, 8.25, 8.4375], "texture": "#texture1"},
				"up": {"uv": [5.5, 7.9375, 8.25, 8.4375], "texture": "#texture1"},
				"down": {"uv": [5.5, 7.9375, 8.25, 8.4375], "texture": "#texture1"}
			}
		},
		{
			"name": "c",
			"from": [16.0625, 4.75, 7.75],
			"to": [16.5625, 5.5, 8.25],
			"rotation": {"angle": 22.5, "axis": "z", "origin": [16.0625, 5.5, 7.75]},
			"faces": {
				"north": {"uv": [5.4375, 7.5, 5.9375, 8.25], "texture": "#texture1"},
				"east": {"uv": [5.4375, 7.5, 5.9375, 8.25], "texture": "#texture1"},
				"south": {"uv": [5.4375, 7.5, 5.9375, 8.25], "texture": "#texture1"},
				"west": {"uv": [5.4375, 7.5, 5.9375, 8.25], "texture": "#texture1"},
				"up": {"uv": [5.4375, 7.5, 5.9375, 8.25], "texture": "#texture1"},
				"down": {"uv": [5.4375, 7.5, 5.9375, 8.25], "texture": "#texture1"}
			}
		},
		{
			"name": "c",
			"from": [14, 3.925, 7.75],
			"to": [14.5, 4.675, 8.25],
			"rotation": {"angle": 22.5, "axis": "z", "origin": [14, 4.675, 7.75]},
			"faces": {
				"north": {"uv": [1.5, 8.325, 2, 9.075], "texture": "#texture1"},
				"east": {"uv": [1.5, 8.325, 2, 9.075], "texture": "#texture1"},
				"south": {"uv": [1.5, 8.325, 2, 9.075], "texture": "#texture1"},
				"west": {"uv": [1.5, 8.325, 2, 9.075], "texture": "#texture1"},
				"up": {"uv": [1.5, 8.325, 2, 9.075], "texture": "#texture1"},
				"down": {"uv": [1.5, 8.325, 2, 9.075], "texture": "#texture1"}
			}
		},
		{
			"name": "c",
			"from": [14.5, 4.375, 7.5],
			"to": [15, 4.875, 8.5],
			"faces": {
				"north": {"uv": [0, 0, 0, 0], "texture": "#texture1"},
				"east": {"uv": [0, 0, 0, 0], "texture": "#texture1"},
				"south": {"uv": [0, 0, 0, 0], "texture": "#texture1"},
				"west": {"uv": [0, 0, 0, 0], "texture": "#texture1"},
				"up": {"uv": [0, 0, 0, 0], "texture": "#texture1"},
				"down": {"uv": [0, 0, 0, 0], "texture": "#texture1"}
			}
		},
		{
			"name": "c",
			"from": [12.25, 4.375, 7.5],
			"to": [12.75, 4.875, 8.5],
			"faces": {
				"north": {"uv": [0, 0, 0, 0], "texture": "#texture1"},
				"east": {"uv": [0, 0, 0, 0], "texture": "#texture1"},
				"south": {"uv": [0, 0, 0, 0], "texture": "#texture1"},
				"west": {"uv": [0, 0, 0, 0], "texture": "#texture1"},
				"up": {"uv": [0, 0, 0, 0], "texture": "#texture1"},
				"down": {"uv": [0, 0, 0, 0], "texture": "#texture1"}
			}
		},
		{
			"name": "c",
			"from": [12.25, 4.375, 7],
			"to": [15, 4.875, 7.5],
			"faces": {
				"north": {"uv": [1, 8.125, 3.75, 8.625], "texture": "#texture1"},
				"east": {"uv": [1, 8.125, 3.75, 8.625], "texture": "#texture1"},
				"south": {"uv": [1, 8.125, 3.75, 8.625], "texture": "#texture1"},
				"west": {"uv": [1, 8.125, 3.75, 8.625], "texture": "#texture1"},
				"up": {"uv": [1, 8.125, 3.75, 8.625], "texture": "#texture1"},
				"down": {"uv": [1, 8.125, 3.75, 8.625], "texture": "#texture1"}
			}
		},
		{
			"name": "c",
			"from": [12.25, 4.375, 8.5],
			"to": [15, 4.875, 9],
			"faces": {
				"north": {"uv": [1, 8.125, 3.75, 8.625], "texture": "#texture1"},
				"east": {"uv": [1, 8.125, 3.75, 8.625], "texture": "#texture1"},
				"south": {"uv": [1, 8.125, 3.75, 8.625], "texture": "#texture1"},
				"west": {"uv": [1, 8.125, 3.75, 8.625], "texture": "#texture1"},
				"up": {"uv": [1, 8.125, 3.75, 8.625], "texture": "#texture1"},
				"down": {"uv": [1, 8.125, 3.75, 8.625], "texture": "#texture1"}
			}
		},
		{
			"name": "c",
			"from": [12.625, 4, 7.75],
			"to": [13.125, 5, 8.25],
			"faces": {
				"north": {"uv": [2.875, 8, 3.375, 9], "texture": "#texture1"},
				"east": {"uv": [2.875, 8, 3.375, 9], "texture": "#texture1"},
				"south": {"uv": [2.875, 8, 3.375, 9], "texture": "#texture1"},
				"west": {"uv": [2.875, 8, 3.375, 9], "texture": "#texture1"},
				"up": {"uv": [2.875, 8, 3.375, 9], "texture": "#texture1"},
				"down": {"uv": [2.875, 8, 3.375, 9], "texture": "#texture1"}
			}
		},
		{
			"name": "c",
			"from": [10.375, 4, 7.75],
			"to": [10.875, 5, 8.25],
			"faces": {
				"north": {"uv": [5.125, 8, 5.625, 9], "texture": "#texture1"},
				"east": {"uv": [5.125, 8, 5.625, 9], "texture": "#texture1"},
				"south": {"uv": [5.125, 8, 5.625, 9], "texture": "#texture1"},
				"west": {"uv": [5.125, 8, 5.625, 9], "texture": "#texture1"},
				"up": {"uv": [5.125, 8, 5.625, 9], "texture": "#texture1"},
				"down": {"uv": [5.125, 8, 5.625, 9], "texture": "#texture1"}
			}
		},
		{
			"name": "c",
			"from": [10.375, 5, 7.75],
			"to": [13.125, 5.5, 8.25],
			"faces": {
				"north": {"uv": [2.875, 7.5, 5.625, 8], "texture": "#texture1"},
				"east": {"uv": [2.875, 7.5, 5.625, 8], "texture": "#texture1"},
				"south": {"uv": [2.875, 7.5, 5.625, 8], "texture": "#texture1"},
				"west": {"uv": [2.875, 7.5, 5.625, 8], "texture": "#texture1"},
				"up": {"uv": [2.875, 7.5, 5.625, 8], "texture": "#texture1"},
				"down": {"uv": [2.875, 7.5, 5.625, 8], "texture": "#texture1"}
			}
		},
		{
			"name": "c",
			"from": [10.375, 3.5, 7.75],
			"to": [13.125, 4, 8.25],
			"faces": {
				"north": {"uv": [2.875, 9, 5.625, 9.5], "texture": "#texture1"},
				"east": {"uv": [2.875, 9, 5.625, 9.5], "texture": "#texture1"},
				"south": {"uv": [2.875, 9, 5.625, 9.5], "texture": "#texture1"},
				"west": {"uv": [2.875, 9, 5.625, 9.5], "texture": "#texture1"},
				"up": {"uv": [2.875, 9, 5.625, 9.5], "texture": "#texture1"},
				"down": {"uv": [2.875, 9, 5.625, 9.5], "texture": "#texture1"}
			}
		},
		{
			"name": "c",
			"from": [10.8125, 4.375, 7.5],
			"to": [11.3125, 4.875, 8.5],
			"faces": {
				"north": {"uv": [0, 0, 0, 0], "texture": "#texture1"},
				"east": {"uv": [0, 0, 0, 0], "texture": "#texture1"},
				"south": {"uv": [0, 0, 0, 0], "texture": "#texture1"},
				"west": {"uv": [0, 0, 0, 0], "texture": "#texture1"},
				"up": {"uv": [0, 0, 0, 0], "texture": "#texture1"},
				"down": {"uv": [0, 0, 0, 0], "texture": "#texture1"}
			}
		},
		{
			"name": "c",
			"from": [8.5625, 4.375, 7.5],
			"to": [9.0625, 4.875, 8.5],
			"faces": {
				"north": {"uv": [0, 0, 0, 0], "texture": "#texture1"},
				"east": {"uv": [0, 0, 0, 0], "texture": "#texture1"},
				"south": {"uv": [0, 0, 0, 0], "texture": "#texture1"},
				"west": {"uv": [0, 0, 0, 0], "texture": "#texture1"},
				"up": {"uv": [0, 0, 0, 0], "texture": "#texture1"},
				"down": {"uv": [0, 0, 0, 0], "texture": "#texture1"}
			}
		},
		{
			"name": "c",
			"from": [8.5625, 4.375, 7],
			"to": [11.3125, 4.875, 7.5],
			"faces": {
				"north": {"uv": [4.6875, 8.125, 7.4375, 8.625], "texture": "#texture1"},
				"east": {"uv": [4.6875, 8.125, 7.4375, 8.625], "texture": "#texture1"},
				"south": {"uv": [4.6875, 8.125, 7.4375, 8.625], "texture": "#texture1"},
				"west": {"uv": [4.6875, 8.125, 7.4375, 8.625], "texture": "#texture1"},
				"up": {"uv": [4.6875, 8.125, 7.4375, 8.625], "texture": "#texture1"},
				"down": {"uv": [4.6875, 8.125, 7.4375, 8.625], "texture": "#texture1"}
			}
		},
		{
			"name": "c",
			"from": [8.5625, 4.375, 8.5],
			"to": [11.3125, 4.875, 9],
			"faces": {
				"north": {"uv": [4.6875, 8.125, 7.4375, 8.625], "texture": "#texture1"},
				"east": {"uv": [4.6875, 8.125, 7.4375, 8.625], "texture": "#texture1"},
				"south": {"uv": [4.6875, 8.125, 7.4375, 8.625], "texture": "#texture1"},
				"west": {"uv": [4.6875, 8.125, 7.4375, 8.625], "texture": "#texture1"},
				"up": {"uv": [4.6875, 8.125, 7.4375, 8.625], "texture": "#texture1"},
				"down": {"uv": [4.6875, 8.125, 7.4375, 8.625], "texture": "#texture1"}
			}
		}
	],
	"display": {
		"thirdperson_righthand": {
			"rotation": [75, 45, 0],
			"translation": [0, 2.5, 0],
			"scale": [0.375, 0.375, 0.375]
		},
		"thirdperson_lefthand": {
			"rotation": [75, 45, 0],
			"translation": [0, 2.5, 0],
			"scale": [0.375, 0.375, 0.375]
		},
		"firstperson_righthand": {
			"rotation": [0, -45, 0],
			"scale": [0.2, 0.2, 0.2]
		},
		"firstperson_lefthand": {
			"rotation": [0, -45, 0],
			"scale": [0.2, 0.2, 0.2]
		},
		"ground": {
			"translation": [0, 3, 0],
			"scale": [0.25, 0.25, 0.25]
		},
		"gui": {
			"rotation": [30, -135, 0],
			"translation": [0, -1, 0],
			"scale": [0.5, 0.5, 0.5]
		}
	}
}