{
	"credit": "ALTA Commons - All right reserved (c)",
	"textures": {
		"0": "block/obsidian",
		"particle": "block/obsidian"
	},
	"elements": [
		{
			"name": "Bar_1",
			"from": [7.7, 0, 0.3],
			"to": [8.3, 23, 0.7],
			"faces": {
				"north": {"uv": [0, 0, 0.6, 16], "texture": "#0"},
				"east": {"uv": [0, 0, 0.4, 16], "texture": "#0"},
				"south": {"uv": [0, 0, 0.6, 16], "texture": "#0"},
				"west": {"uv": [0, 0, 0.4, 16], "texture": "#0"},
				"up": {"uv": [0, 0, 0.4, 0.6], "rotation": 90, "texture": "#0"},
				"down": {"uv": [0, 0, 0.4, 0.6], "rotation": 270, "texture": "#0"}
			}
		},
		{
			"name": "Bar_2",
			"from": [7.7, 0, 4.3],
			"to": [8.3, 23, 4.8],
			"faces": {
				"north": {"uv": [0, 0, 0.6, 16], "texture": "#0"},
				"east": {"uv": [0, 0, 0.5, 16], "texture": "#0"},
				"south": {"uv": [0, 0, 0.6, 16], "texture": "#0"},
				"west": {"uv": [0, 0, 0.5, 16], "texture": "#0"},
				"up": {"uv": [0, 0, 0.5, 0.6], "rotation": 90, "texture": "#0"},
				"down": {"uv": [0, 0, 0.5, 0.6], "rotation": 270, "texture": "#0"}
			}
		},
		{
			"name": "Bar_3",
			"from": [7.7, 0, 8.2],
			"to": [8.3, 23, 8.7],
			"faces": {
				"north": {"uv": [0, 0, 0.6, 16], "texture": "#0"},
				"east": {"uv": [0, 0, 0.5, 16], "texture": "#0"},
				"south": {"uv": [0, 0, 0.6, 16], "texture": "#0"},
				"west": {"uv": [0, 0, 0.5, 16], "texture": "#0"},
				"up": {"uv": [0, 0, 0.5, 0.6], "rotation": 90, "texture": "#0"},
				"down": {"uv": [0, 0, 0.5, 0.6], "rotation": 270, "texture": "#0"}
			}
		},
		{
			"name": "Bar_4",
			"from": [7.7, 0, 12.2],
			"to": [8.3, 23, 12.7],
			"faces": {
				"north": {"uv": [0, 0, 0.6, 16], "texture": "#0"},
				"east": {"uv": [0, 0, 0.5, 16], "texture": "#0"},
				"south": {"uv": [0, 0, 0.6, 16], "texture": "#0"},
				"west": {"uv": [0, 0, 0.5, 16], "texture": "#0"},
				"up": {"uv": [0, 0, 0.5, 0.6], "rotation": 90, "texture": "#0"},
				"down": {"uv": [0, 0, 0.5, 0.6], "rotation": 270, "texture": "#0"}
			}
		},
		{
			"name": "Horiz_D",
			"from": [7.5, 2, 0],
			"to": [8.5, 3, 16],
			"faces": {
				"north": {"uv": [0, 0, 1, 1], "texture": "#0"},
				"east": {"uv": [0, 0, 16, 1], "texture": "#0"},
				"south": {"uv": [0, 0, 1, 1], "texture": "#0"},
				"west": {"uv": [0, 0, 16, 1], "texture": "#0"},
				"up": {"uv": [0, 0, 16, 1], "rotation": 90, "texture": "#0"},
				"down": {"uv": [0, 0, 16, 1], "rotation": 270, "texture": "#0"}
			}
		},
		{
			"name": "Horiz_U",
			"from": [7.5, 18, 0],
			"to": [8.5, 19, 16],
			"faces": {
				"north": {"uv": [0, 0, 1, 1], "texture": "#0"},
				"east": {"uv": [0, 0, 16, 1], "texture": "#0"},
				"south": {"uv": [0, 0, 1, 1], "texture": "#0"},
				"west": {"uv": [0, 0, 16, 1], "texture": "#0"},
				"up": {"uv": [0, 0, 16, 1], "rotation": 90, "texture": "#0"},
				"down": {"uv": [0, 0, 16, 1], "rotation": 270, "texture": "#0"}
			}
		},
		{
			"name": "Head_1_1",
			"from": [7.5, 23, 0],
			"to": [8.5, 23.2, 1],
			"faces": {
				"north": {"uv": [0, 0, 1, 0.2], "texture": "#0"},
				"east": {"uv": [0, 0, 1, 0.2], "texture": "#0"},
				"south": {"uv": [0, 0, 1, 0.2], "texture": "#0"},
				"west": {"uv": [0, 0, 1, 0.2], "texture": "#0"},
				"up": {"uv": [0, 0, 1, 1], "rotation": 90, "texture": "#0"},
				"down": {"uv": [0, 0, 1, 1], "rotation": 270, "texture": "#0"}
			}
		},
		{
			"name": "Head_2_1",
			"from": [7.5, 23, 4],
			"to": [8.5, 23.2, 5],
			"faces": {
				"north": {"uv": [0, 0, 1, 0.2], "texture": "#0"},
				"east": {"uv": [0, 0, 1, 0.2], "texture": "#0"},
				"south": {"uv": [0, 0, 1, 0.2], "texture": "#0"},
				"west": {"uv": [0, 0, 1, 0.2], "texture": "#0"},
				"up": {"uv": [0, 0, 1, 1], "rotation": 90, "texture": "#0"},
				"down": {"uv": [0, 0, 1, 1], "rotation": 270, "texture": "#0"}
			}
		},
		{
			"name": "Head_3_1",
			"from": [7.5, 23, 8],
			"to": [8.5, 23.2, 9],
			"faces": {
				"north": {"uv": [0, 0, 1, 0.2], "texture": "#0"},
				"east": {"uv": [0, 0, 1, 0.2], "texture": "#0"},
				"south": {"uv": [0, 0, 1, 0.2], "texture": "#0"},
				"west": {"uv": [0, 0, 1, 0.2], "texture": "#0"},
				"up": {"uv": [0, 0, 1, 1], "rotation": 90, "texture": "#0"},
				"down": {"uv": [0, 0, 1, 1], "rotation": 270, "texture": "#0"}
			}
		},
		{
			"name": "Head_4_1",
			"from": [7.5, 23, 12],
			"to": [8.5, 23.2, 13],
			"faces": {
				"north": {"uv": [0, 0, 1, 0.2], "texture": "#0"},
				"east": {"uv": [0, 0, 1, 0.2], "texture": "#0"},
				"south": {"uv": [0, 0, 1, 0.2], "texture": "#0"},
				"west": {"uv": [0, 0, 1, 0.2], "texture": "#0"},
				"up": {"uv": [0, 0, 1, 1], "rotation": 90, "texture": "#0"},
				"down": {"uv": [0, 0, 1, 1], "rotation": 270, "texture": "#0"}
			}
		},
		{
			"name": "Head_1_2",
			"from": [7.6, 23.2, 0.1],
			"to": [8.4, 23.4, 0.9],
			"faces": {
				"north": {"uv": [0, 0, 0.8, 0.2], "texture": "#0"},
				"east": {"uv": [0, 0, 0.8, 0.2], "texture": "#0"},
				"south": {"uv": [0, 0, 0.8, 0.2], "texture": "#0"},
				"west": {"uv": [0, 0, 0.8, 0.2], "texture": "#0"},
				"up": {"uv": [0, 0, 0.8, 0.8], "rotation": 90, "texture": "#0"},
				"down": {"uv": [0, 0, 0.8, 0.8], "rotation": 270, "texture": "#0"}
			}
		},
		{
			"name": "Head_2_2",
			"from": [7.6, 23.2, 4.1],
			"to": [8.4, 23.4, 4.9],
			"faces": {
				"north": {"uv": [0, 0, 0.8, 0.2], "texture": "#0"},
				"east": {"uv": [0, 0, 0.8, 0.2], "texture": "#0"},
				"south": {"uv": [0, 0, 0.8, 0.2], "texture": "#0"},
				"west": {"uv": [0, 0, 0.8, 0.2], "texture": "#0"},
				"up": {"uv": [0, 0, 0.8, 0.8], "rotation": 90, "texture": "#0"},
				"down": {"uv": [0, 0, 0.8, 0.8], "rotation": 270, "texture": "#0"}
			}
		},
		{
			"name": "Head_3_2",
			"from": [7.6, 23.2, 8.1],
			"to": [8.4, 23.4, 8.9],
			"faces": {
				"north": {"uv": [0, 0, 0.8, 0.2], "texture": "#0"},
				"east": {"uv": [0, 0, 0.8, 0.2], "texture": "#0"},
				"south": {"uv": [0, 0, 0.8, 0.2], "texture": "#0"},
				"west": {"uv": [0, 0, 0.8, 0.2], "texture": "#0"},
				"up": {"uv": [0, 0, 0.8, 0.8], "rotation": 90, "texture": "#0"},
				"down": {"uv": [0, 0, 0.8, 0.8], "rotation": 270, "texture": "#0"}
			}
		},
		{
			"name": "Head_4_2",
			"from": [7.6, 23.2, 12.1],
			"to": [8.4, 23.4, 12.9],
			"faces": {
				"north": {"uv": [0, 0, 0.8, 0.2], "texture": "#0"},
				"east": {"uv": [0, 0, 0.8, 0.2], "texture": "#0"},
				"south": {"uv": [0, 0, 0.8, 0.2], "texture": "#0"},
				"west": {"uv": [0, 0, 0.8, 0.2], "texture": "#0"},
				"up": {"uv": [0, 0, 0.8, 0.8], "rotation": 90, "texture": "#0"},
				"down": {"uv": [0, 0, 0.8, 0.8], "rotation": 270, "texture": "#0"}
			}
		},
		{
			"name": "Head_1_3",
			"from": [7.7, 23.4, 0.2],
			"to": [8.3, 23.6, 0.8],
			"faces": {
				"north": {"uv": [0, 0, 0.6, 0.2], "texture": "#0"},
				"east": {"uv": [0, 0, 0.6, 0.2], "texture": "#0"},
				"south": {"uv": [0, 0, 0.6, 0.2], "texture": "#0"},
				"west": {"uv": [0, 0, 0.6, 0.2], "texture": "#0"},
				"up": {"uv": [0, 0, 0.6, 0.6], "rotation": 90, "texture": "#0"},
				"down": {"uv": [0, 0, 0.6, 0.6], "rotation": 270, "texture": "#0"}
			}
		},
		{
			"name": "Head_2_3",
			"from": [7.7, 23.4, 4.2],
			"to": [8.3, 23.6, 4.8],
			"faces": {
				"north": {"uv": [0, 0, 0.6, 0.2], "texture": "#0"},
				"east": {"uv": [0, 0, 0.6, 0.2], "texture": "#0"},
				"south": {"uv": [0, 0, 0.6, 0.2], "texture": "#0"},
				"west": {"uv": [0, 0, 0.6, 0.2], "texture": "#0"},
				"up": {"uv": [0, 0, 0.6, 0.6], "rotation": 90, "texture": "#0"},
				"down": {"uv": [0, 0, 0.6, 0.6], "rotation": 270, "texture": "#0"}
			}
		},
		{
			"name": "Head_3_3",
			"from": [7.7, 23.4, 8.2],
			"to": [8.3, 23.6, 8.8],
			"faces": {
				"north": {"uv": [0, 0, 0.6, 0.2], "texture": "#0"},
				"east": {"uv": [0, 0, 0.6, 0.2], "texture": "#0"},
				"south": {"uv": [0, 0, 0.6, 0.2], "texture": "#0"},
				"west": {"uv": [0, 0, 0.6, 0.2], "texture": "#0"},
				"up": {"uv": [0, 0, 0.6, 0.6], "rotation": 90, "texture": "#0"},
				"down": {"uv": [0, 0, 0.6, 0.6], "rotation": 270, "texture": "#0"}
			}
		},
		{
			"name": "Head_3_4",
			"from": [7.7, 23.4, 12.2],
			"to": [8.3, 23.6, 12.8],
			"faces": {
				"north": {"uv": [0, 0, 0.6, 0.2], "texture": "#0"},
				"east": {"uv": [0, 0, 0.6, 0.2], "texture": "#0"},
				"south": {"uv": [0, 0, 0.6, 0.2], "texture": "#0"},
				"west": {"uv": [0, 0, 0.6, 0.2], "texture": "#0"},
				"up": {"uv": [0, 0, 0.6, 0.6], "rotation": 90, "texture": "#0"},
				"down": {"uv": [0, 0, 0.6, 0.6], "rotation": 270, "texture": "#0"}
			}
		},
		{
			"name": "Head_1_4",
			"from": [7.8, 23.6, 0.3],
			"to": [8.2, 23.8, 0.7],
			"faces": {
				"north": {"uv": [0, 0, 0.4, 0.2], "texture": "#0"},
				"east": {"uv": [0, 0, 0.4, 0.2], "texture": "#0"},
				"south": {"uv": [0, 0, 0.4, 0.2], "texture": "#0"},
				"west": {"uv": [0, 0, 0.4, 0.2], "texture": "#0"},
				"up": {"uv": [0, 0, 0.4, 0.4], "rotation": 90, "texture": "#0"},
				"down": {"uv": [0, 0, 0.4, 0.4], "rotation": 270, "texture": "#0"}
			}
		},
		{
			"name": "Head_2_4",
			"from": [7.8, 23.6, 4.3],
			"to": [8.2, 23.8, 4.7],
			"faces": {
				"north": {"uv": [0, 0, 0.4, 0.2], "texture": "#0"},
				"east": {"uv": [0, 0, 0.4, 0.2], "texture": "#0"},
				"south": {"uv": [0, 0, 0.4, 0.2], "texture": "#0"},
				"west": {"uv": [0, 0, 0.4, 0.2], "texture": "#0"},
				"up": {"uv": [0, 0, 0.4, 0.4], "rotation": 90, "texture": "#0"},
				"down": {"uv": [0, 0, 0.4, 0.4], "rotation": 270, "texture": "#0"}
			}
		},
		{
			"name": "Head_3_4",
			"from": [7.8, 23.6, 8.3],
			"to": [8.2, 23.8, 8.7],
			"faces": {
				"north": {"uv": [0, 0, 0.4, 0.2], "texture": "#0"},
				"east": {"uv": [0, 0, 0.4, 0.2], "texture": "#0"},
				"south": {"uv": [0, 0, 0.4, 0.2], "texture": "#0"},
				"west": {"uv": [0, 0, 0.4, 0.2], "texture": "#0"},
				"up": {"uv": [0, 0, 0.4, 0.4], "rotation": 90, "texture": "#0"},
				"down": {"uv": [0, 0, 0.4, 0.4], "rotation": 270, "texture": "#0"}
			}
		},
		{
			"name": "Head_4_4",
			"from": [7.8, 23.6, 12.3],
			"to": [8.2, 23.8, 12.7],
			"faces": {
				"north": {"uv": [0, 0, 0.4, 0.2], "texture": "#0"},
				"east": {"uv": [0, 0, 0.4, 0.2], "texture": "#0"},
				"south": {"uv": [0, 0, 0.4, 0.2], "texture": "#0"},
				"west": {"uv": [0, 0, 0.4, 0.2], "texture": "#0"},
				"up": {"uv": [0, 0, 0.4, 0.4], "rotation": 90, "texture": "#0"},
				"down": {"uv": [0, 0, 0.4, 0.4], "rotation": 270, "texture": "#0"}
			}
		},
		{
			"name": "Head_5_1",
			"from": [7.9, 23.8, 0.4],
			"to": [8.1, 24, 0.6],
			"faces": {
				"north": {"uv": [0, 0, 0.2, 0.2], "texture": "#0"},
				"east": {"uv": [0, 0, 0.2, 0.2], "texture": "#0"},
				"south": {"uv": [0, 0, 0.2, 0.2], "texture": "#0"},
				"west": {"uv": [0, 0, 0.2, 0.2], "texture": "#0"},
				"up": {"uv": [0, 0, 0.2, 0.2], "rotation": 90, "texture": "#0"},
				"down": {"uv": [0, 0, 0.2, 0.2], "rotation": 270, "texture": "#0"}
			}
		},
		{
			"name": "Head_5_2",
			"from": [7.9, 23.8, 4.4],
			"to": [8.1, 24, 4.6],
			"faces": {
				"north": {"uv": [0, 0, 0.2, 0.2], "texture": "#0"},
				"east": {"uv": [0, 0, 0.2, 0.2], "texture": "#0"},
				"south": {"uv": [0, 0, 0.2, 0.2], "texture": "#0"},
				"west": {"uv": [0, 0, 0.2, 0.2], "texture": "#0"},
				"up": {"uv": [0, 0, 0.2, 0.2], "rotation": 90, "texture": "#0"},
				"down": {"uv": [0, 0, 0.2, 0.2], "rotation": 270, "texture": "#0"}
			}
		},
		{
			"name": "Head_5_3",
			"from": [7.9, 23.8, 8.4],
			"to": [8.1, 24, 8.6],
			"faces": {
				"north": {"uv": [0, 0, 0.2, 0.2], "texture": "#0"},
				"east": {"uv": [0, 0, 0.2, 0.2], "texture": "#0"},
				"south": {"uv": [0, 0, 0.2, 0.2], "texture": "#0"},
				"west": {"uv": [0, 0, 0.2, 0.2], "texture": "#0"},
				"up": {"uv": [0, 0, 0.2, 0.2], "rotation": 90, "texture": "#0"},
				"down": {"uv": [0, 0, 0.2, 0.2], "rotation": 270, "texture": "#0"}
			}
		},
		{
			"name": "Head_5_4",
			"from": [7.9, 23.8, 12.4],
			"to": [8.1, 24, 12.6],
			"faces": {
				"north": {"uv": [0, 0, 0.2, 0.2], "texture": "#0"},
				"east": {"uv": [0, 0, 0.2, 0.2], "texture": "#0"},
				"south": {"uv": [0, 0, 0.2, 0.2], "texture": "#0"},
				"west": {"uv": [0, 0, 0.2, 0.2], "texture": "#0"},
				"up": {"uv": [0, 0, 0.2, 0.2], "rotation": 90, "texture": "#0"},
				"down": {"uv": [0, 0, 0.2, 0.2], "rotation": 270, "texture": "#0"}
			}
		},
		{
			"name": "Ring_1_1",
			"from": [7.6, 22.5, 0.1],
			"to": [8.4, 22.7, 0.9],
			"faces": {
				"north": {"uv": [0, 0, 0.8, 0.2], "texture": "#0"},
				"east": {"uv": [0, 0, 0.8, 0.2], "texture": "#0"},
				"south": {"uv": [0, 0, 0.8, 0.2], "texture": "#0"},
				"west": {"uv": [0, 0, 0.8, 0.2], "texture": "#0"},
				"up": {"uv": [0, 0, 0.8, 0.8], "rotation": 90, "texture": "#0"},
				"down": {"uv": [0, 0, 0.8, 0.8], "rotation": 270, "texture": "#0"}
			}
		},
		{
			"name": "Ring_1_2",
			"from": [7.6, 22.1, 0.1],
			"to": [8.4, 22.3, 0.9],
			"faces": {
				"north": {"uv": [0, 0, 0.8, 0.2], "texture": "#0"},
				"east": {"uv": [0, 0, 0.8, 0.2], "texture": "#0"},
				"south": {"uv": [0, 0, 0.8, 0.2], "texture": "#0"},
				"west": {"uv": [0, 0, 0.8, 0.2], "texture": "#0"},
				"up": {"uv": [0, 0, 0.8, 0.8], "rotation": 90, "texture": "#0"},
				"down": {"uv": [0, 0, 0.8, 0.8], "rotation": 270, "texture": "#0"}
			}
		},
		{
			"name": "Ring_1_3",
			"from": [7.6, 19, 0.1],
			"to": [8.4, 19.2, 0.9],
			"faces": {
				"north": {"uv": [0, 0, 0.8, 0.2], "texture": "#0"},
				"east": {"uv": [0, 0, 0.8, 0.2], "texture": "#0"},
				"south": {"uv": [0, 0, 0.8, 0.2], "texture": "#0"},
				"west": {"uv": [0, 0, 0.8, 0.2], "texture": "#0"},
				"up": {"uv": [0, 0, 0.8, 0.8], "rotation": 90, "texture": "#0"},
				"down": {"uv": [0, 0, 0.8, 0.8], "rotation": 270, "texture": "#0"}
			}
		},
		{
			"name": "Ring_1_4",
			"from": [7.6, 17.8, 0.1],
			"to": [8.4, 18, 0.9],
			"faces": {
				"north": {"uv": [0, 0, 0.8, 0.2], "texture": "#0"},
				"east": {"uv": [0, 0, 0.8, 0.2], "texture": "#0"},
				"south": {"uv": [0, 0, 0.8, 0.2], "texture": "#0"},
				"west": {"uv": [0, 0, 0.8, 0.2], "texture": "#0"},
				"up": {"uv": [0, 0, 0.8, 0.8], "rotation": 90, "texture": "#0"},
				"down": {"uv": [0, 0, 0.8, 0.8], "rotation": 270, "texture": "#0"}
			}
		},
		{
			"name": "Ring_1_5",
			"from": [7.6, 10.8, 0.1],
			"to": [8.4, 11, 0.9],
			"faces": {
				"north": {"uv": [0, 0, 0.8, 0.2], "texture": "#0"},
				"east": {"uv": [0, 0, 0.8, 0.2], "texture": "#0"},
				"south": {"uv": [0, 0, 0.8, 0.2], "texture": "#0"},
				"west": {"uv": [0, 0, 0.8, 0.2], "texture": "#0"},
				"up": {"uv": [0, 0, 0.8, 0.8], "rotation": 90, "texture": "#0"},
				"down": {"uv": [0, 0, 0.8, 0.8], "rotation": 270, "texture": "#0"}
			}
		},
		{
			"name": "Ring_1_6",
			"from": [7.6, 3, 0.1],
			"to": [8.4, 3.2, 0.9],
			"faces": {
				"north": {"uv": [0, 0, 0.8, 0.2], "texture": "#0"},
				"east": {"uv": [0, 0, 0.8, 0.2], "texture": "#0"},
				"south": {"uv": [0, 0, 0.8, 0.2], "texture": "#0"},
				"west": {"uv": [0, 0, 0.8, 0.2], "texture": "#0"},
				"up": {"uv": [0, 0, 0.8, 0.8], "rotation": 90, "texture": "#0"},
				"down": {"uv": [0, 0, 0.8, 0.8], "rotation": 270, "texture": "#0"}
			}
		},
		{
			"name": "Ring_1_7",
			"from": [7.6, 1.8, 0.1],
			"to": [8.4, 2, 0.9],
			"faces": {
				"north": {"uv": [0, 0, 0.8, 0.2], "texture": "#0"},
				"east": {"uv": [0, 0, 0.8, 0.2], "texture": "#0"},
				"south": {"uv": [0, 0, 0.8, 0.2], "texture": "#0"},
				"west": {"uv": [0, 0, 0.8, 0.2], "texture": "#0"},
				"up": {"uv": [0, 0, 0.8, 0.8], "rotation": 90, "texture": "#0"},
				"down": {"uv": [0, 0, 0.8, 0.8], "rotation": 270, "texture": "#0"}
			}
		},
		{
			"name": "Ring_2_1",
			"from": [7.6, 22.5, 4.1],
			"to": [8.4, 22.7, 4.9],
			"faces": {
				"north": {"uv": [0, 0, 0.8, 0.2], "texture": "#0"},
				"east": {"uv": [0, 0, 0.8, 0.2], "texture": "#0"},
				"south": {"uv": [0, 0, 0.8, 0.2], "texture": "#0"},
				"west": {"uv": [0, 0, 0.8, 0.2], "texture": "#0"},
				"up": {"uv": [0, 0, 0.8, 0.8], "rotation": 90, "texture": "#0"},
				"down": {"uv": [0, 0, 0.8, 0.8], "rotation": 270, "texture": "#0"}
			}
		},
		{
			"name": "Ring_2_2",
			"from": [7.6, 22.1, 4.1],
			"to": [8.4, 22.3, 4.9],
			"faces": {
				"north": {"uv": [0, 0, 0.8, 0.2], "texture": "#0"},
				"east": {"uv": [0, 0, 0.8, 0.2], "texture": "#0"},
				"south": {"uv": [0, 0, 0.8, 0.2], "texture": "#0"},
				"west": {"uv": [0, 0, 0.8, 0.2], "texture": "#0"},
				"up": {"uv": [0, 0, 0.8, 0.8], "rotation": 90, "texture": "#0"},
				"down": {"uv": [0, 0, 0.8, 0.8], "rotation": 270, "texture": "#0"}
			}
		},
		{
			"name": "Ring_2_3",
			"from": [7.6, 19, 4.1],
			"to": [8.4, 19.2, 4.9],
			"faces": {
				"north": {"uv": [0, 0, 0.8, 0.2], "texture": "#0"},
				"east": {"uv": [0, 0, 0.8, 0.2], "texture": "#0"},
				"south": {"uv": [0, 0, 0.8, 0.2], "texture": "#0"},
				"west": {"uv": [0, 0, 0.8, 0.2], "texture": "#0"},
				"up": {"uv": [0, 0, 0.8, 0.8], "rotation": 90, "texture": "#0"},
				"down": {"uv": [0, 0, 0.8, 0.8], "rotation": 270, "texture": "#0"}
			}
		},
		{
			"name": "Ring_2_4",
			"from": [7.6, 17.8, 4.1],
			"to": [8.4, 18, 4.9],
			"faces": {
				"north": {"uv": [0, 0, 0.8, 0.2], "texture": "#0"},
				"east": {"uv": [0, 0, 0.8, 0.2], "texture": "#0"},
				"south": {"uv": [0, 0, 0.8, 0.2], "texture": "#0"},
				"west": {"uv": [0, 0, 0.8, 0.2], "texture": "#0"},
				"up": {"uv": [0, 0, 0.8, 0.8], "rotation": 90, "texture": "#0"},
				"down": {"uv": [0, 0, 0.8, 0.8], "rotation": 270, "texture": "#0"}
			}
		},
		{
			"name": "Ring_2_5",
			"from": [7.6, 10.8, 4.1],
			"to": [8.4, 11, 4.9],
			"faces": {
				"north": {"uv": [0, 0, 0.8, 0.2], "texture": "#0"},
				"east": {"uv": [0, 0, 0.8, 0.2], "texture": "#0"},
				"south": {"uv": [0, 0, 0.8, 0.2], "texture": "#0"},
				"west": {"uv": [0, 0, 0.8, 0.2], "texture": "#0"},
				"up": {"uv": [0, 0, 0.8, 0.8], "rotation": 90, "texture": "#0"},
				"down": {"uv": [0, 0, 0.8, 0.8], "rotation": 270, "texture": "#0"}
			}
		},
		{
			"name": "Ring_2_6",
			"from": [7.6, 3, 4.1],
			"to": [8.4, 3.2, 4.9],
			"faces": {
				"north": {"uv": [0, 0, 0.8, 0.2], "texture": "#0"},
				"east": {"uv": [0, 0, 0.8, 0.2], "texture": "#0"},
				"south": {"uv": [0, 0, 0.8, 0.2], "texture": "#0"},
				"west": {"uv": [0, 0, 0.8, 0.2], "texture": "#0"},
				"up": {"uv": [0, 0, 0.8, 0.8], "rotation": 90, "texture": "#0"},
				"down": {"uv": [0, 0, 0.8, 0.8], "rotation": 270, "texture": "#0"}
			}
		},
		{
			"name": "Ring_2_7",
			"from": [7.6, 1.8, 4.1],
			"to": [8.4, 2, 4.9],
			"faces": {
				"north": {"uv": [0, 0, 0.8, 0.2], "texture": "#0"},
				"east": {"uv": [0, 0, 0.8, 0.2], "texture": "#0"},
				"south": {"uv": [0, 0, 0.8, 0.2], "texture": "#0"},
				"west": {"uv": [0, 0, 0.8, 0.2], "texture": "#0"},
				"up": {"uv": [0, 0, 0.8, 0.8], "rotation": 90, "texture": "#0"},
				"down": {"uv": [0, 0, 0.8, 0.8], "rotation": 270, "texture": "#0"}
			}
		},
		{
			"name": "Ring_3_1",
			"from": [7.6, 22.5, 8.1],
			"to": [8.4, 22.7, 8.9],
			"faces": {
				"north": {"uv": [0, 0, 0.8, 0.2], "texture": "#0"},
				"east": {"uv": [0, 0, 0.8, 0.2], "texture": "#0"},
				"south": {"uv": [0, 0, 0.8, 0.2], "texture": "#0"},
				"west": {"uv": [0, 0, 0.8, 0.2], "texture": "#0"},
				"up": {"uv": [0, 0, 0.8, 0.8], "rotation": 90, "texture": "#0"},
				"down": {"uv": [0, 0, 0.8, 0.8], "rotation": 270, "texture": "#0"}
			}
		},
		{
			"name": "Ring_3_2",
			"from": [7.6, 22.1, 8.1],
			"to": [8.4, 22.3, 8.9],
			"faces": {
				"north": {"uv": [0, 0, 0.8, 0.2], "texture": "#0"},
				"east": {"uv": [0, 0, 0.8, 0.2], "texture": "#0"},
				"south": {"uv": [0, 0, 0.8, 0.2], "texture": "#0"},
				"west": {"uv": [0, 0, 0.8, 0.2], "texture": "#0"},
				"up": {"uv": [0, 0, 0.8, 0.8], "rotation": 90, "texture": "#0"},
				"down": {"uv": [0, 0, 0.8, 0.8], "rotation": 270, "texture": "#0"}
			}
		},
		{
			"name": "Ring_3_3",
			"from": [7.6, 19, 8.1],
			"to": [8.4, 19.2, 8.9],
			"faces": {
				"north": {"uv": [0, 0, 0.8, 0.2], "texture": "#0"},
				"east": {"uv": [0, 0, 0.8, 0.2], "texture": "#0"},
				"south": {"uv": [0, 0, 0.8, 0.2], "texture": "#0"},
				"west": {"uv": [0, 0, 0.8, 0.2], "texture": "#0"},
				"up": {"uv": [0, 0, 0.8, 0.8], "rotation": 90, "texture": "#0"},
				"down": {"uv": [0, 0, 0.8, 0.8], "rotation": 270, "texture": "#0"}
			}
		},
		{
			"name": "Ring_3_4",
			"from": [7.6, 17.8, 8.1],
			"to": [8.4, 18, 8.9],
			"faces": {
				"north": {"uv": [0, 0, 0.8, 0.2], "texture": "#0"},
				"east": {"uv": [0, 0, 0.8, 0.2], "texture": "#0"},
				"south": {"uv": [0, 0, 0.8, 0.2], "texture": "#0"},
				"west": {"uv": [0, 0, 0.8, 0.2], "texture": "#0"},
				"up": {"uv": [0, 0, 0.8, 0.8], "rotation": 90, "texture": "#0"},
				"down": {"uv": [0, 0, 0.8, 0.8], "rotation": 270, "texture": "#0"}
			}
		},
		{
			"name": "Ring_3_5",
			"from": [7.6, 10.8, 8.1],
			"to": [8.4, 11, 8.9],
			"faces": {
				"north": {"uv": [0, 0, 0.8, 0.2], "texture": "#0"},
				"east": {"uv": [0, 0, 0.8, 0.2], "texture": "#0"},
				"south": {"uv": [0, 0, 0.8, 0.2], "texture": "#0"},
				"west": {"uv": [0, 0, 0.8, 0.2], "texture": "#0"},
				"up": {"uv": [0, 0, 0.8, 0.8], "rotation": 90, "texture": "#0"},
				"down": {"uv": [0, 0, 0.8, 0.8], "rotation": 270, "texture": "#0"}
			}
		},
		{
			"name": "Ring_3_6",
			"from": [7.6, 3, 8.1],
			"to": [8.4, 3.2, 8.9],
			"faces": {
				"north": {"uv": [0, 0, 0.8, 0.2], "texture": "#0"},
				"east": {"uv": [0, 0, 0.8, 0.2], "texture": "#0"},
				"south": {"uv": [0, 0, 0.8, 0.2], "texture": "#0"},
				"west": {"uv": [0, 0, 0.8, 0.2], "texture": "#0"},
				"up": {"uv": [0, 0, 0.8, 0.8], "rotation": 90, "texture": "#0"},
				"down": {"uv": [0, 0, 0.8, 0.8], "rotation": 270, "texture": "#0"}
			}
		},
		{
			"name": "Ring_3_7",
			"from": [7.6, 1.8, 8.1],
			"to": [8.4, 2, 8.9],
			"faces": {
				"north": {"uv": [0, 0, 0.8, 0.2], "texture": "#0"},
				"east": {"uv": [0, 0, 0.8, 0.2], "texture": "#0"},
				"south": {"uv": [0, 0, 0.8, 0.2], "texture": "#0"},
				"west": {"uv": [0, 0, 0.8, 0.2], "texture": "#0"},
				"up": {"uv": [0, 0, 0.8, 0.8], "rotation": 90, "texture": "#0"},
				"down": {"uv": [0, 0, 0.8, 0.8], "rotation": 270, "texture": "#0"}
			}
		},
		{
			"name": "Ring_4_1",
			"from": [7.6, 22.5, 12.1],
			"to": [8.4, 22.7, 12.9],
			"faces": {
				"north": {"uv": [0, 0, 0.8, 0.2], "texture": "#0"},
				"east": {"uv": [0, 0, 0.8, 0.2], "texture": "#0"},
				"south": {"uv": [0, 0, 0.8, 0.2], "texture": "#0"},
				"west": {"uv": [0, 0, 0.8, 0.2], "texture": "#0"},
				"up": {"uv": [0, 0, 0.8, 0.8], "rotation": 90, "texture": "#0"},
				"down": {"uv": [0, 0, 0.8, 0.8], "rotation": 270, "texture": "#0"}
			}
		},
		{
			"name": "Ring_4_2",
			"from": [7.6, 22.1, 12.1],
			"to": [8.4, 22.3, 12.9],
			"faces": {
				"north": {"uv": [0, 0, 0.8, 0.2], "texture": "#0"},
				"east": {"uv": [0, 0, 0.8, 0.2], "texture": "#0"},
				"south": {"uv": [0, 0, 0.8, 0.2], "texture": "#0"},
				"west": {"uv": [0, 0, 0.8, 0.2], "texture": "#0"},
				"up": {"uv": [0, 0, 0.8, 0.8], "rotation": 90, "texture": "#0"},
				"down": {"uv": [0, 0, 0.8, 0.8], "rotation": 270, "texture": "#0"}
			}
		},
		{
			"name": "Ring_4_3",
			"from": [7.6, 19, 12.1],
			"to": [8.4, 19.2, 12.9],
			"faces": {
				"north": {"uv": [0, 0, 0.8, 0.2], "texture": "#0"},
				"east": {"uv": [0, 0, 0.8, 0.2], "texture": "#0"},
				"south": {"uv": [0, 0, 0.8, 0.2], "texture": "#0"},
				"west": {"uv": [0, 0, 0.8, 0.2], "texture": "#0"},
				"up": {"uv": [0, 0, 0.8, 0.8], "rotation": 90, "texture": "#0"},
				"down": {"uv": [0, 0, 0.8, 0.8], "rotation": 270, "texture": "#0"}
			}
		},
		{
			"name": "Ring_4_4",
			"from": [7.6, 17.8, 12.1],
			"to": [8.4, 18, 12.9],
			"faces": {
				"north": {"uv": [0, 0, 0.8, 0.2], "texture": "#0"},
				"east": {"uv": [0, 0, 0.8, 0.2], "texture": "#0"},
				"south": {"uv": [0, 0, 0.8, 0.2], "texture": "#0"},
				"west": {"uv": [0, 0, 0.8, 0.2], "texture": "#0"},
				"up": {"uv": [0, 0, 0.8, 0.8], "rotation": 90, "texture": "#0"},
				"down": {"uv": [0, 0, 0.8, 0.8], "rotation": 270, "texture": "#0"}
			}
		},
		{
			"name": "Ring_4_5",
			"from": [7.6, 10.8, 12.1],
			"to": [8.4, 11, 12.9],
			"faces": {
				"north": {"uv": [0, 0, 0.8, 0.2], "texture": "#0"},
				"east": {"uv": [0, 0, 0.8, 0.2], "texture": "#0"},
				"south": {"uv": [0, 0, 0.8, 0.2], "texture": "#0"},
				"west": {"uv": [0, 0, 0.8, 0.2], "texture": "#0"},
				"up": {"uv": [0, 0, 0.8, 0.8], "rotation": 90, "texture": "#0"},
				"down": {"uv": [0, 0, 0.8, 0.8], "rotation": 270, "texture": "#0"}
			}
		},
		{
			"name": "Ring_4_6",
			"from": [7.6, 3, 12.1],
			"to": [8.4, 3.2, 12.9],
			"faces": {
				"north": {"uv": [0, 0, 0.8, 0.2], "texture": "#0"},
				"east": {"uv": [0, 0, 0.8, 0.2], "texture": "#0"},
				"south": {"uv": [0, 0, 0.8, 0.2], "texture": "#0"},
				"west": {"uv": [0, 0, 0.8, 0.2], "texture": "#0"},
				"up": {"uv": [0, 0, 0.8, 0.8], "rotation": 90, "texture": "#0"},
				"down": {"uv": [0, 0, 0.8, 0.8], "rotation": 270, "texture": "#0"}
			}
		},
		{
			"name": "Ring_4_7",
			"from": [7.6, 1.8, 12.1],
			"to": [8.4, 2, 12.9],
			"faces": {
				"north": {"uv": [0, 0, 0.8, 0.2], "texture": "#0"},
				"east": {"uv": [0, 0, 0.8, 0.2], "texture": "#0"},
				"south": {"uv": [0, 0, 0.8, 0.2], "texture": "#0"},
				"west": {"uv": [0, 0, 0.8, 0.2], "texture": "#0"},
				"up": {"uv": [0, 0, 0.8, 0.8], "rotation": 90, "texture": "#0"},
				"down": {"uv": [0, 0, 0.8, 0.8], "rotation": 270, "texture": "#0"}
			}
		}
	],
	"display": {
		"gui": {
			"rotation": [4, 57, 0]
		}
	}
}