{
	"credit": "Made with Blockbench",
	"textures": {
		"0": "block/3d_objects/vegetation1",
		"particle": "block/3d_objects/vegetation1"
	},
	"elements": [
		{
			"from": [0, 0, 8],
			"to": [16, 26, 8],
			"faces": {
				"north": {"uv": [6.125, 8.4375, 12.125, 16], "texture": "#0"},
				"east": {"uv": [6.125, 8.4375, 12.125, 16], "texture": "#0"},
				"south": {"uv": [6.125, 8.4375, 12.125, 16], "texture": "#0"},
				"west": {"uv": [6.125, 8.4375, 12.125, 16], "texture": "#0"},
				"up": {"uv": [6.125, 8.4375, 12.125, 16], "texture": "#0"},
				"down": {"uv": [6.125, 8.4375, 12.125, 16], "texture": "#0"}
			}
		},
		{
			"from": [8, 0, 0],
			"to": [8, 26, 16],
			"rotation": {"angle": 0, "axis": "y", "origin": [0, 0, 16]},
			"faces": {
				"north": {"uv": [6.125, 8.4375, 12.125, 16], "texture": "#0"},
				"east": {"uv": [6.125, 8.4375, 12.125, 16], "texture": "#0"},
				"south": {"uv": [6.125, 8.4375, 12.125, 16], "texture": "#0"},
				"west": {"uv": [6.125, 8.4375, 12.125, 16], "texture": "#0"},
				"up": {"uv": [6.125, 8.4375, 12.125, 16], "texture": "#0"},
				"down": {"uv": [6.125, 8.4375, 12.125, 16], "texture": "#0"}
			}
		},
		{
			"from": [5, 0, -8],
			"to": [5, 26, 8],
			"rotation": {"angle": -45, "axis": "y", "origin": [-4, 0, 8]},
			"faces": {
				"north": {"uv": [6.125, 8.4375, 12.125, 16], "texture": "#0"},
				"east": {"uv": [6.125, 8.4375, 12.125, 16], "texture": "#0"},
				"south": {"uv": [6.125, 8.4375, 12.125, 16], "texture": "#0"},
				"west": {"uv": [6.125, 8.4375, 12.125, 16], "texture": "#0"},
				"up": {"uv": [6.125, 8.4375, 12.125, 16], "texture": "#0"},
				"down": {"uv": [6.125, 8.4375, 12.125, 16], "texture": "#0"}
			}
		},
		{
			"from": [15, 0, 3],
			"to": [15, 26, 19],
			"rotation": {"angle": 45, "axis": "y", "origin": [8, 0, 19]},
			"faces": {
				"north": {"uv": [6.125, 8.4375, 12.125, 16], "texture": "#0"},
				"east": {"uv": [6.125, 8.4375, 12.125, 16], "texture": "#0"},
				"south": {"uv": [6.125, 8.4375, 12.125, 16], "texture": "#0"},
				"west": {"uv": [6.125, 8.4375, 12.125, 16], "texture": "#0"},
				"up": {"uv": [6.125, 8.4375, 12.125, 16], "texture": "#0"},
				"down": {"uv": [6.125, 8.4375, 12.125, 16], "texture": "#0"}
			}
		}
	],
	"display": {
		"thirdperson_righthand": {
			"scale": [0.34, 0.34, 0.34]
		},
		"thirdperson_lefthand": {
			"scale": [0.32, 0.32, 0.32]
		},
		"firstperson_righthand": {
			"translation": [0, 2.75, 2.75],
			"scale": [0.26, 0.26, 0.26]
		},
		"firstperson_lefthand": {
			"translation": [0, 2.75, 2.75],
			"scale": [0.26, 0.26, 0.26]
		},
		"gui": {
			"translation": [0, -3.25, 0],
			"scale": [0.61, 0.5907, 0.61]
		}
	}
}