{
	"credit": "ALTA Official CONTENT -- Do not use without credits !",
	"textures": {
		"4": "block/hopper_outside",
		"6": "block/black_wool",
		"7": "block/3d/stone",
		"1_0": "block/3d/metal",
		"particle": "block/3d/metal"
	},
	"elements": [
		{
			"from": [6.5, 14, 6.30479],
			"to": [9.5, 16, 14.92979],
			"rotation": {"angle": -45, "axis": "z", "origin": [8, 8, 7.92979]},
			"faces": {
				"north": {"uv": [16, 0, 0, 16], "rotation": 180, "texture": "#7"},
				"east": {"uv": [16, 0, 0, 16], "rotation": 180, "texture": "#7"},
				"south": {"uv": [16, 0, 0, 16], "rotation": 180, "texture": "#7"},
				"west": {"uv": [16, 0, 0, 16], "rotation": 180, "texture": "#7"},
				"up": {"uv": [0, 16, 16, 0], "rotation": 180, "texture": "#7"},
				"down": {"uv": [0, 16, 16, 0], "rotation": 180, "texture": "#7"}
			}
		},
		{
			"from": [6.5, 14, 6.30479],
			"to": [9.5, 16, 14.92979],
			"rotation": {"angle": 0, "axis": "y", "origin": [8, 8, 7.92979]},
			"faces": {
				"north": {"uv": [16, 0, 0, 16], "rotation": 180, "texture": "#7"},
				"east": {"uv": [16, 0, 0, 16], "rotation": 180, "texture": "#7"},
				"south": {"uv": [16, 0, 0, 16], "rotation": 180, "texture": "#7"},
				"west": {"uv": [16, 0, 0, 16], "rotation": 180, "texture": "#7"},
				"up": {"uv": [0, 16, 16, 0], "rotation": 180, "texture": "#7"},
				"down": {"uv": [0, 16, 16, 0], "rotation": 180, "texture": "#7"}
			}
		},
		{
			"from": [6.5, 14, 6.30479],
			"to": [9.5, 16, 14.92979],
			"rotation": {"angle": -22.5, "axis": "z", "origin": [8, 8, 7.92979]},
			"faces": {
				"north": {"uv": [16, 0, 0, 16], "rotation": 180, "texture": "#7"},
				"east": {"uv": [16, 0, 0, 16], "rotation": 180, "texture": "#7"},
				"south": {"uv": [16, 0, 0, 16], "rotation": 180, "texture": "#7"},
				"west": {"uv": [16, 0, 0, 16], "rotation": 180, "texture": "#7"},
				"up": {"uv": [0, 16, 16, 0], "rotation": 180, "texture": "#7"},
				"down": {"uv": [0, 16, 16, 0], "rotation": 180, "texture": "#7"}
			}
		},
		{
			"from": [14, 6.5, 6.30479],
			"to": [16, 9.5, 14.92979],
			"rotation": {"angle": 22.5, "axis": "z", "origin": [8, 8, 7.92979]},
			"faces": {
				"north": {"uv": [0, 16, 16, 0], "rotation": 90, "texture": "#7"},
				"east": {"uv": [0, 16, 16, 0], "rotation": 90, "texture": "#7"},
				"south": {"uv": [0, 16, 16, 0], "rotation": 90, "texture": "#7"},
				"west": {"uv": [0, 16, 16, 0], "rotation": 90, "texture": "#7"},
				"up": {"uv": [16, 0, 0, 16], "rotation": 90, "texture": "#7"},
				"down": {"uv": [16, 0, 0, 16], "rotation": 90, "texture": "#7"}
			}
		},
		{
			"from": [6.5, 0, 6.30479],
			"to": [9.5, 2, 14.92979],
			"rotation": {"angle": 0, "axis": "y", "origin": [8, 8, 7.92979]},
			"faces": {
				"north": {"uv": [16, 0, 0, 16], "texture": "#7"},
				"east": {"uv": [16, 0, 0, 16], "texture": "#7"},
				"south": {"uv": [16, 0, 0, 16], "texture": "#7"},
				"west": {"uv": [16, 0, 0, 16], "texture": "#7"},
				"up": {"uv": [0, 16, 16, 0], "texture": "#7"},
				"down": {"uv": [0, 16, 16, 0], "texture": "#7"}
			}
		},
		{
			"from": [6.5, 0, 6.30479],
			"to": [9.5, 2, 14.92979],
			"rotation": {"angle": 22.5, "axis": "z", "origin": [8, 8, 7.92979]},
			"faces": {
				"north": {"uv": [16, 0, 0, 16], "texture": "#7"},
				"east": {"uv": [16, 0, 0, 16], "texture": "#7"},
				"south": {"uv": [16, 0, 0, 16], "texture": "#7"},
				"west": {"uv": [16, 0, 0, 16], "texture": "#7"},
				"up": {"uv": [0, 16, 16, 0], "texture": "#7"},
				"down": {"uv": [0, 16, 16, 0], "texture": "#7"}
			}
		},
		{
			"from": [14, 6.5, 6.30479],
			"to": [16, 9.5, 14.92979],
			"rotation": {"angle": -22.5, "axis": "z", "origin": [8, 8, 7.92979]},
			"faces": {
				"north": {"uv": [0, 16, 16, 0], "rotation": 90, "texture": "#7"},
				"east": {"uv": [0, 16, 16, 0], "rotation": 90, "texture": "#7"},
				"south": {"uv": [0, 16, 16, 0], "rotation": 90, "texture": "#7"},
				"west": {"uv": [0, 16, 16, 0], "rotation": 90, "texture": "#7"},
				"up": {"uv": [16, 0, 0, 16], "rotation": 90, "texture": "#7"},
				"down": {"uv": [16, 0, 0, 16], "rotation": 90, "texture": "#7"}
			}
		},
		{
			"from": [14, 6.5, 6.30479],
			"to": [16, 9.5, 14.92979],
			"rotation": {"angle": -45, "axis": "z", "origin": [8, 8, 7.92979]},
			"faces": {
				"north": {"uv": [0, 16, 16, 0], "rotation": 90, "texture": "#7"},
				"east": {"uv": [0, 16, 16, 0], "rotation": 90, "texture": "#7"},
				"south": {"uv": [0, 16, 16, 0], "rotation": 90, "texture": "#7"},
				"west": {"uv": [0, 16, 16, 0], "rotation": 90, "texture": "#7"},
				"up": {"uv": [16, 0, 0, 16], "rotation": 90, "texture": "#7"},
				"down": {"uv": [16, 0, 0, 16], "rotation": 90, "texture": "#7"}
			}
		},
		{
			"from": [14, 6.5, 6.30479],
			"to": [16, 9.5, 14.92979],
			"rotation": {"angle": 0, "axis": "y", "origin": [8, 8, 7.92979]},
			"faces": {
				"north": {"uv": [0, 16, 16, 0], "rotation": 90, "texture": "#7"},
				"east": {"uv": [0, 16, 16, 0], "rotation": 90, "texture": "#7"},
				"south": {"uv": [0, 16, 16, 0], "rotation": 90, "texture": "#7"},
				"west": {"uv": [0, 16, 16, 0], "rotation": 90, "texture": "#7"},
				"up": {"uv": [16, 0, 0, 16], "rotation": 90, "texture": "#7"},
				"down": {"uv": [16, 0, 0, 16], "rotation": 90, "texture": "#7"}
			}
		},
		{
			"from": [6.5, 0, 6.30479],
			"to": [9.5, 2, 14.92979],
			"rotation": {"angle": -45, "axis": "z", "origin": [8, 8, 7.92979]},
			"faces": {
				"north": {"uv": [16, 0, 0, 16], "texture": "#7"},
				"east": {"uv": [16, 0, 0, 16], "texture": "#7"},
				"south": {"uv": [16, 0, 0, 16], "texture": "#7"},
				"west": {"uv": [16, 0, 0, 16], "texture": "#7"},
				"up": {"uv": [0, 16, 16, 0], "texture": "#7"},
				"down": {"uv": [0, 16, 16, 0], "texture": "#7"}
			}
		},
		{
			"from": [6.5, 0, 6.30479],
			"to": [9.5, 2, 14.92979],
			"rotation": {"angle": -22.5, "axis": "z", "origin": [8, 8, 7.92979]},
			"faces": {
				"north": {"uv": [16, 0, 0, 16], "texture": "#7"},
				"east": {"uv": [16, 0, 0, 16], "texture": "#7"},
				"south": {"uv": [16, 0, 0, 16], "texture": "#7"},
				"west": {"uv": [16, 0, 0, 16], "texture": "#7"},
				"up": {"uv": [0, 16, 16, 0], "texture": "#7"},
				"down": {"uv": [0, 16, 16, 0], "texture": "#7"}
			}
		},
		{
			"from": [0, 6.5, 6.30479],
			"to": [2, 9.5, 14.92979],
			"rotation": {"angle": 22.5, "axis": "z", "origin": [8, 8, 7.92979]},
			"faces": {
				"north": {"uv": [0, 16, 16, 0], "rotation": 270, "texture": "#7"},
				"east": {"uv": [0, 16, 16, 0], "rotation": 270, "texture": "#7"},
				"south": {"uv": [0, 16, 16, 0], "rotation": 270, "texture": "#7"},
				"west": {"uv": [0, 16, 16, 0], "rotation": 270, "texture": "#7"},
				"up": {"uv": [16, 0, 0, 16], "rotation": 270, "texture": "#7"},
				"down": {"uv": [16, 0, 0, 16], "rotation": 270, "texture": "#7"}
			}
		},
		{
			"from": [6.5, 14, 6.30479],
			"to": [9.5, 16, 14.92979],
			"rotation": {"angle": 22.5, "axis": "z", "origin": [8, 8, 7.92979]},
			"faces": {
				"north": {"uv": [16, 0, 0, 16], "rotation": 180, "texture": "#7"},
				"east": {"uv": [16, 0, 0, 16], "rotation": 180, "texture": "#7"},
				"south": {"uv": [16, 0, 0, 16], "rotation": 180, "texture": "#7"},
				"west": {"uv": [16, 0, 0, 16], "rotation": 180, "texture": "#7"},
				"up": {"uv": [0, 16, 16, 0], "rotation": 180, "texture": "#7"},
				"down": {"uv": [0, 16, 16, 0], "rotation": 180, "texture": "#7"}
			}
		},
		{
			"from": [0, 6.5, 6.30479],
			"to": [2, 9.5, 14.92979],
			"rotation": {"angle": -22.5, "axis": "z", "origin": [8, 8, 7.92979]},
			"faces": {
				"north": {"uv": [0, 16, 16, 0], "rotation": 270, "texture": "#7"},
				"east": {"uv": [0, 16, 16, 0], "rotation": 270, "texture": "#7"},
				"south": {"uv": [0, 16, 16, 0], "rotation": 270, "texture": "#7"},
				"west": {"uv": [0, 16, 16, 0], "rotation": 270, "texture": "#7"},
				"up": {"uv": [16, 0, 0, 16], "rotation": 270, "texture": "#7"},
				"down": {"uv": [16, 0, 0, 16], "rotation": 270, "texture": "#7"}
			}
		},
		{
			"from": [6.5, 14, 6.30479],
			"to": [9.5, 16, 14.92979],
			"rotation": {"angle": 45, "axis": "z", "origin": [8, 8, 7.92979]},
			"faces": {
				"north": {"uv": [16, 0, 0, 16], "rotation": 180, "texture": "#7"},
				"east": {"uv": [16, 0, 0, 16], "rotation": 180, "texture": "#7"},
				"south": {"uv": [16, 0, 0, 16], "rotation": 180, "texture": "#7"},
				"west": {"uv": [16, 0, 0, 16], "rotation": 180, "texture": "#7"},
				"up": {"uv": [0, 16, 16, 0], "rotation": 180, "texture": "#7"},
				"down": {"uv": [0, 16, 16, 0], "rotation": 180, "texture": "#7"}
			}
		},
		{
			"from": [0, 6.5, 6.30479],
			"to": [2, 9.5, 14.92979],
			"rotation": {"angle": 0, "axis": "y", "origin": [8, 8, 7.92979]},
			"faces": {
				"north": {"uv": [0, 16, 16, 0], "rotation": 270, "texture": "#7"},
				"east": {"uv": [0, 16, 16, 0], "rotation": 270, "texture": "#7"},
				"south": {"uv": [0, 16, 16, 0], "rotation": 270, "texture": "#7"},
				"west": {"uv": [0, 16, 16, 0], "rotation": 270, "texture": "#7"},
				"up": {"uv": [16, 0, 0, 16], "rotation": 270, "texture": "#7"},
				"down": {"uv": [16, 0, 0, 16], "rotation": 270, "texture": "#7"}
			}
		},
		{
			"from": [8.67, 0.028, 6.30479],
			"to": [9.67, 1.028, 14.92979],
			"rotation": {"angle": -22.5, "axis": "z", "origin": [8, 8, 7.92979]},
			"faces": {
				"north": {"uv": [16, 0, 0, 16], "texture": "#7"},
				"east": {"uv": [16, 0, 0, 16], "texture": "#7"},
				"south": {"uv": [16, 0, 0, 16], "texture": "#7"},
				"west": {"uv": [16, 0, 0, 16], "texture": "#7"},
				"up": {"uv": [0, 16, 16, 0], "texture": "#7"},
				"down": {"uv": [0, 16, 16, 0], "texture": "#7"}
			}
		},
		{
			"from": [0.028, 6.33, 6.30479],
			"to": [1.028, 7.33, 14.92979],
			"rotation": {"angle": 0, "axis": "y", "origin": [8, 8, 7.92979]},
			"faces": {
				"north": {"uv": [0, 16, 16, 0], "rotation": 270, "texture": "#7"},
				"east": {"uv": [0, 16, 16, 0], "rotation": 270, "texture": "#7"},
				"south": {"uv": [0, 16, 16, 0], "rotation": 270, "texture": "#7"},
				"west": {"uv": [0, 16, 16, 0], "rotation": 270, "texture": "#7"},
				"up": {"uv": [16, 0, 0, 16], "rotation": 270, "texture": "#7"},
				"down": {"uv": [16, 0, 0, 16], "rotation": 270, "texture": "#7"}
			}
		},
		{
			"from": [0.028, 6.33, 6.30479],
			"to": [1.028, 7.33, 14.92979],
			"rotation": {"angle": 22.5, "axis": "z", "origin": [8, 8, 7.92979]},
			"faces": {
				"north": {"uv": [0, 16, 16, 0], "rotation": 270, "texture": "#7"},
				"east": {"uv": [0, 16, 16, 0], "rotation": 270, "texture": "#7"},
				"south": {"uv": [0, 16, 16, 0], "rotation": 270, "texture": "#7"},
				"west": {"uv": [0, 16, 16, 0], "rotation": 270, "texture": "#7"},
				"up": {"uv": [16, 0, 0, 16], "rotation": 270, "texture": "#7"},
				"down": {"uv": [16, 0, 0, 16], "rotation": 270, "texture": "#7"}
			}
		},
		{
			"from": [0.028, 6.33, 6.30479],
			"to": [1.028, 7.33, 14.92979],
			"rotation": {"angle": -45, "axis": "z", "origin": [8, 8, 7.92979]},
			"faces": {
				"north": {"uv": [0, 16, 16, 0], "rotation": 270, "texture": "#7"},
				"east": {"uv": [0, 16, 16, 0], "rotation": 270, "texture": "#7"},
				"south": {"uv": [0, 16, 16, 0], "rotation": 270, "texture": "#7"},
				"west": {"uv": [0, 16, 16, 0], "rotation": 270, "texture": "#7"},
				"up": {"uv": [16, 0, 0, 16], "rotation": 270, "texture": "#7"},
				"down": {"uv": [16, 0, 0, 16], "rotation": 270, "texture": "#7"}
			}
		},
		{
			"from": [6.33, 14.972, 6.30479],
			"to": [7.33, 15.972, 14.92979],
			"rotation": {"angle": 22.5, "axis": "z", "origin": [8, 8, 7.92979]},
			"faces": {
				"north": {"uv": [16, 0, 0, 16], "rotation": 180, "texture": "#7"},
				"east": {"uv": [16, 0, 0, 16], "rotation": 180, "texture": "#7"},
				"south": {"uv": [16, 0, 0, 16], "rotation": 180, "texture": "#7"},
				"west": {"uv": [16, 0, 0, 16], "rotation": 180, "texture": "#7"},
				"up": {"uv": [0, 16, 16, 0], "rotation": 180, "texture": "#7"},
				"down": {"uv": [0, 16, 16, 0], "rotation": 180, "texture": "#7"}
			}
		},
		{
			"from": [6.33, 14.972, 6.30479],
			"to": [7.33, 15.972, 14.92979],
			"rotation": {"angle": 0, "axis": "y", "origin": [8, 8, 7.92979]},
			"faces": {
				"north": {"uv": [16, 0, 0, 16], "rotation": 180, "texture": "#7"},
				"east": {"uv": [16, 0, 0, 16], "rotation": 180, "texture": "#7"},
				"south": {"uv": [16, 0, 0, 16], "rotation": 180, "texture": "#7"},
				"west": {"uv": [16, 0, 0, 16], "rotation": 180, "texture": "#7"},
				"up": {"uv": [0, 16, 16, 0], "rotation": 180, "texture": "#7"},
				"down": {"uv": [0, 16, 16, 0], "rotation": 180, "texture": "#7"}
			}
		},
		{
			"from": [0.028, 6.33, 6.30479],
			"to": [1.028, 7.33, 14.92979],
			"rotation": {"angle": -22.5, "axis": "z", "origin": [8, 8, 7.92979]},
			"faces": {
				"north": {"uv": [0, 16, 16, 0], "rotation": 270, "texture": "#7"},
				"east": {"uv": [0, 16, 16, 0], "rotation": 270, "texture": "#7"},
				"south": {"uv": [0, 16, 16, 0], "rotation": 270, "texture": "#7"},
				"west": {"uv": [0, 16, 16, 0], "rotation": 270, "texture": "#7"},
				"up": {"uv": [16, 0, 0, 16], "rotation": 270, "texture": "#7"},
				"down": {"uv": [16, 0, 0, 16], "rotation": 270, "texture": "#7"}
			}
		},
		{
			"from": [6.33, 14.972, 6.30479],
			"to": [7.33, 15.972, 14.92979],
			"rotation": {"angle": -22.5, "axis": "z", "origin": [8, 8, 7.92979]},
			"faces": {
				"north": {"uv": [16, 0, 0, 16], "rotation": 180, "texture": "#7"},
				"east": {"uv": [16, 0, 0, 16], "rotation": 180, "texture": "#7"},
				"south": {"uv": [16, 0, 0, 16], "rotation": 180, "texture": "#7"},
				"west": {"uv": [16, 0, 0, 16], "rotation": 180, "texture": "#7"},
				"up": {"uv": [0, 16, 16, 0], "rotation": 180, "texture": "#7"},
				"down": {"uv": [0, 16, 16, 0], "rotation": 180, "texture": "#7"}
			}
		},
		{
			"from": [6.33, 14.972, 6.30479],
			"to": [7.33, 15.972, 14.92979],
			"rotation": {"angle": -45, "axis": "z", "origin": [8, 8, 7.92979]},
			"faces": {
				"north": {"uv": [16, 0, 0, 16], "rotation": 180, "texture": "#7"},
				"east": {"uv": [16, 0, 0, 16], "rotation": 180, "texture": "#7"},
				"south": {"uv": [16, 0, 0, 16], "rotation": 180, "texture": "#7"},
				"west": {"uv": [16, 0, 0, 16], "rotation": 180, "texture": "#7"},
				"up": {"uv": [0, 16, 16, 0], "rotation": 180, "texture": "#7"},
				"down": {"uv": [0, 16, 16, 0], "rotation": 180, "texture": "#7"}
			}
		},
		{
			"from": [14.972, 8.67, 6.30479],
			"to": [15.972, 9.67, 14.92979],
			"rotation": {"angle": 22.5, "axis": "z", "origin": [8, 8, 7.92979]},
			"faces": {
				"north": {"uv": [0, 16, 16, 0], "rotation": 90, "texture": "#7"},
				"east": {"uv": [0, 16, 16, 0], "rotation": 90, "texture": "#7"},
				"south": {"uv": [0, 16, 16, 0], "rotation": 90, "texture": "#7"},
				"west": {"uv": [0, 16, 16, 0], "rotation": 90, "texture": "#7"},
				"up": {"uv": [16, 0, 0, 16], "rotation": 90, "texture": "#7"},
				"down": {"uv": [16, 0, 0, 16], "rotation": 90, "texture": "#7"}
			}
		},
		{
			"from": [14.972, 8.67, 6.30479],
			"to": [15.972, 9.67, 14.92979],
			"rotation": {"angle": 0, "axis": "y", "origin": [8, 8, 7.92979]},
			"faces": {
				"north": {"uv": [0, 16, 16, 0], "rotation": 90, "texture": "#7"},
				"east": {"uv": [0, 16, 16, 0], "rotation": 90, "texture": "#7"},
				"south": {"uv": [0, 16, 16, 0], "rotation": 90, "texture": "#7"},
				"west": {"uv": [0, 16, 16, 0], "rotation": 90, "texture": "#7"},
				"up": {"uv": [16, 0, 0, 16], "rotation": 90, "texture": "#7"},
				"down": {"uv": [16, 0, 0, 16], "rotation": 90, "texture": "#7"}
			}
		},
		{
			"from": [14.972, 8.67, 6.30479],
			"to": [15.972, 9.67, 14.92979],
			"rotation": {"angle": -22.5, "axis": "z", "origin": [8, 8, 7.92979]},
			"faces": {
				"north": {"uv": [0, 16, 16, 0], "rotation": 90, "texture": "#7"},
				"east": {"uv": [0, 16, 16, 0], "rotation": 90, "texture": "#7"},
				"south": {"uv": [0, 16, 16, 0], "rotation": 90, "texture": "#7"},
				"west": {"uv": [0, 16, 16, 0], "rotation": 90, "texture": "#7"},
				"up": {"uv": [16, 0, 0, 16], "rotation": 90, "texture": "#7"},
				"down": {"uv": [16, 0, 0, 16], "rotation": 90, "texture": "#7"}
			}
		},
		{
			"from": [14.972, 8.67, 6.30479],
			"to": [15.972, 9.67, 14.92979],
			"rotation": {"angle": -45, "axis": "z", "origin": [8, 8, 7.92979]},
			"faces": {
				"north": {"uv": [0, 16, 16, 0], "rotation": 90, "texture": "#7"},
				"east": {"uv": [0, 16, 16, 0], "rotation": 90, "texture": "#7"},
				"south": {"uv": [0, 16, 16, 0], "rotation": 90, "texture": "#7"},
				"west": {"uv": [0, 16, 16, 0], "rotation": 90, "texture": "#7"},
				"up": {"uv": [16, 0, 0, 16], "rotation": 90, "texture": "#7"},
				"down": {"uv": [16, 0, 0, 16], "rotation": 90, "texture": "#7"}
			}
		},
		{
			"from": [8.67, 0.028, 6.30479],
			"to": [9.67, 1.028, 14.92979],
			"rotation": {"angle": 22.5, "axis": "z", "origin": [8, 8, 7.92979]},
			"faces": {
				"north": {"uv": [16, 0, 0, 16], "texture": "#7"},
				"east": {"uv": [16, 0, 0, 16], "texture": "#7"},
				"south": {"uv": [16, 0, 0, 16], "texture": "#7"},
				"west": {"uv": [16, 0, 0, 16], "texture": "#7"},
				"up": {"uv": [0, 16, 16, 0], "texture": "#7"},
				"down": {"uv": [0, 16, 16, 0], "texture": "#7"}
			}
		},
		{
			"from": [8.67, 0.028, 6.30479],
			"to": [9.67, 1.028, 14.92979],
			"rotation": {"angle": -45, "axis": "z", "origin": [8, 8, 7.92979]},
			"faces": {
				"north": {"uv": [16, 0, 0, 16], "texture": "#7"},
				"east": {"uv": [16, 0, 0, 16], "texture": "#7"},
				"south": {"uv": [16, 0, 0, 16], "texture": "#7"},
				"west": {"uv": [16, 0, 0, 16], "texture": "#7"},
				"up": {"uv": [0, 16, 16, 0], "texture": "#7"},
				"down": {"uv": [0, 16, 16, 0], "texture": "#7"}
			}
		},
		{
			"from": [8.67, 0.028, 6.30479],
			"to": [9.67, 1.028, 14.92979],
			"rotation": {"angle": 0, "axis": "y", "origin": [8, 8, 7.92979]},
			"faces": {
				"north": {"uv": [16, 0, 0, 16], "texture": "#7"},
				"east": {"uv": [16, 0, 0, 16], "texture": "#7"},
				"south": {"uv": [16, 0, 0, 16], "texture": "#7"},
				"west": {"uv": [16, 0, 0, 16], "texture": "#7"},
				"up": {"uv": [0, 16, 16, 0], "texture": "#7"},
				"down": {"uv": [0, 16, 16, 0], "texture": "#7"}
			}
		},
		{
			"from": [2, 6, 6.31479],
			"to": [2.5, 10.25, 14.68979],
			"rotation": {"angle": 22.5, "axis": "z", "origin": [8, 8, 7.92979]},
			"faces": {
				"north": {"uv": [0, 16, 16, 0], "rotation": 270, "texture": "#4"},
				"east": {"uv": [0, 16, 16, 0], "rotation": 270, "texture": "#4"},
				"south": {"uv": [0, 16, 16, 0], "rotation": 270, "texture": "#4"},
				"west": {"uv": [0, 16, 16, 0], "rotation": 270, "texture": "#4"},
				"up": {"uv": [16, 0, 0, 16], "rotation": 270, "texture": "#4"},
				"down": {"uv": [16, 0, 0, 16], "rotation": 270, "texture": "#4"}
			}
		},
		{
			"from": [5.75, 2, 6.31479],
			"to": [10, 2.5, 14.68979],
			"rotation": {"angle": 0, "axis": "y", "origin": [8, 8, 7.92979]},
			"faces": {
				"north": {"uv": [16, 0, 0, 16], "texture": "#4"},
				"east": {"uv": [16, 0, 0, 16], "texture": "#4"},
				"south": {"uv": [16, 0, 0, 16], "texture": "#4"},
				"west": {"uv": [16, 0, 0, 16], "texture": "#4"},
				"up": {"uv": [0, 16, 16, 0], "texture": "#4"},
				"down": {"uv": [0, 16, 16, 0], "texture": "#4"}
			}
		},
		{
			"from": [2, 6, 6.31479],
			"to": [2.5, 10.25, 14.68979],
			"rotation": {"angle": -45, "axis": "z", "origin": [8, 8, 7.92979]},
			"faces": {
				"north": {"uv": [0, 16, 16, 0], "rotation": 270, "texture": "#4"},
				"east": {"uv": [0, 16, 16, 0], "rotation": 270, "texture": "#4"},
				"south": {"uv": [0, 16, 16, 0], "rotation": 270, "texture": "#4"},
				"west": {"uv": [0, 16, 16, 0], "rotation": 270, "texture": "#4"},
				"up": {"uv": [16, 0, 0, 16], "rotation": 270, "texture": "#4"},
				"down": {"uv": [16, 0, 0, 16], "rotation": 270, "texture": "#4"}
			}
		},
		{
			"from": [5.75, 2, 6.31479],
			"to": [10, 2.5, 14.68979],
			"rotation": {"angle": 22.5, "axis": "z", "origin": [8, 8, 7.92979]},
			"faces": {
				"north": {"uv": [16, 0, 0, 16], "texture": "#4"},
				"east": {"uv": [16, 0, 0, 16], "texture": "#4"},
				"south": {"uv": [16, 0, 0, 16], "texture": "#4"},
				"west": {"uv": [16, 0, 0, 16], "texture": "#4"},
				"up": {"uv": [0, 16, 16, 0], "texture": "#4"},
				"down": {"uv": [0, 16, 16, 0], "texture": "#4"}
			}
		},
		{
			"from": [13.5, 5.75, 6.31479],
			"to": [14, 10, 14.68979],
			"rotation": {"angle": -45, "axis": "z", "origin": [8, 8, 7.92979]},
			"faces": {
				"north": {"uv": [0, 16, 16, 0], "rotation": 90, "texture": "#4"},
				"east": {"uv": [0, 16, 16, 0], "rotation": 90, "texture": "#4"},
				"south": {"uv": [0, 16, 16, 0], "rotation": 90, "texture": "#4"},
				"west": {"uv": [0, 16, 16, 0], "rotation": 90, "texture": "#4"},
				"up": {"uv": [16, 0, 0, 16], "rotation": 90, "texture": "#4"},
				"down": {"uv": [16, 0, 0, 16], "rotation": 90, "texture": "#4"}
			}
		},
		{
			"from": [13.5, 5.75, 6.31479],
			"to": [14, 10, 14.68979],
			"rotation": {"angle": -22.5, "axis": "z", "origin": [8, 8, 7.92979]},
			"faces": {
				"north": {"uv": [0, 16, 16, 0], "rotation": 90, "texture": "#4"},
				"east": {"uv": [0, 16, 16, 0], "rotation": 90, "texture": "#4"},
				"south": {"uv": [0, 16, 16, 0], "rotation": 90, "texture": "#4"},
				"west": {"uv": [0, 16, 16, 0], "rotation": 90, "texture": "#4"},
				"up": {"uv": [16, 0, 0, 16], "rotation": 90, "texture": "#4"},
				"down": {"uv": [16, 0, 0, 16], "rotation": 90, "texture": "#4"}
			}
		},
		{
			"from": [13.5, 5.75, 6.31479],
			"to": [14, 10, 14.68979],
			"rotation": {"angle": 0, "axis": "y", "origin": [8, 8, 7.92979]},
			"faces": {
				"north": {"uv": [0, 16, 16, 0], "rotation": 90, "texture": "#4"},
				"east": {"uv": [0, 16, 16, 0], "rotation": 90, "texture": "#4"},
				"south": {"uv": [0, 16, 16, 0], "rotation": 90, "texture": "#4"},
				"west": {"uv": [0, 16, 16, 0], "rotation": 90, "texture": "#4"},
				"up": {"uv": [16, 0, 0, 16], "rotation": 90, "texture": "#4"},
				"down": {"uv": [16, 0, 0, 16], "rotation": 90, "texture": "#4"}
			}
		},
		{
			"from": [6, 13.5, 6.31479],
			"to": [10.25, 14, 14.68979],
			"rotation": {"angle": -45, "axis": "z", "origin": [8, 8, 7.92979]},
			"faces": {
				"north": {"uv": [16, 0, 0, 16], "rotation": 180, "texture": "#4"},
				"east": {"uv": [16, 0, 0, 16], "rotation": 180, "texture": "#4"},
				"south": {"uv": [16, 0, 0, 16], "rotation": 180, "texture": "#4"},
				"west": {"uv": [16, 0, 0, 16], "rotation": 180, "texture": "#4"},
				"up": {"uv": [0, 16, 16, 0], "rotation": 180, "texture": "#4"},
				"down": {"uv": [0, 16, 16, 0], "rotation": 180, "texture": "#4"}
			}
		},
		{
			"from": [6, 13.5, 6.31479],
			"to": [10.25, 14, 14.68979],
			"rotation": {"angle": -22.5, "axis": "z", "origin": [8, 8, 7.92979]},
			"faces": {
				"north": {"uv": [16, 0, 0, 16], "rotation": 180, "texture": "#4"},
				"east": {"uv": [16, 0, 0, 16], "rotation": 180, "texture": "#4"},
				"south": {"uv": [16, 0, 0, 16], "rotation": 180, "texture": "#4"},
				"west": {"uv": [16, 0, 0, 16], "rotation": 180, "texture": "#4"},
				"up": {"uv": [0, 16, 16, 0], "rotation": 180, "texture": "#4"},
				"down": {"uv": [0, 16, 16, 0], "rotation": 180, "texture": "#4"}
			}
		},
		{
			"from": [13.5, 5.75, 6.31479],
			"to": [14, 10, 14.68979],
			"rotation": {"angle": 22.5, "axis": "z", "origin": [8, 8, 7.92979]},
			"faces": {
				"north": {"uv": [0, 16, 16, 0], "rotation": 90, "texture": "#4"},
				"east": {"uv": [0, 16, 16, 0], "rotation": 90, "texture": "#4"},
				"south": {"uv": [0, 16, 16, 0], "rotation": 90, "texture": "#4"},
				"west": {"uv": [0, 16, 16, 0], "rotation": 90, "texture": "#4"},
				"up": {"uv": [16, 0, 0, 16], "rotation": 90, "texture": "#4"},
				"down": {"uv": [16, 0, 0, 16], "rotation": 90, "texture": "#4"}
			}
		},
		{
			"from": [6, 13.5, 6.31479],
			"to": [10.25, 14, 14.68979],
			"rotation": {"angle": 22.5, "axis": "z", "origin": [8, 8, 7.92979]},
			"faces": {
				"north": {"uv": [16, 0, 0, 16], "rotation": 180, "texture": "#4"},
				"east": {"uv": [16, 0, 0, 16], "rotation": 180, "texture": "#4"},
				"south": {"uv": [16, 0, 0, 16], "rotation": 180, "texture": "#4"},
				"west": {"uv": [16, 0, 0, 16], "rotation": 180, "texture": "#4"},
				"up": {"uv": [0, 16, 16, 0], "rotation": 180, "texture": "#4"},
				"down": {"uv": [0, 16, 16, 0], "rotation": 180, "texture": "#4"}
			}
		},
		{
			"from": [2, 6, 6.31479],
			"to": [2.5, 10.25, 14.68979],
			"rotation": {"angle": 0, "axis": "y", "origin": [8, 8, 7.92979]},
			"faces": {
				"north": {"uv": [0, 16, 16, 0], "rotation": 270, "texture": "#4"},
				"east": {"uv": [0, 16, 16, 0], "rotation": 270, "texture": "#4"},
				"south": {"uv": [0, 16, 16, 0], "rotation": 270, "texture": "#4"},
				"west": {"uv": [0, 16, 16, 0], "rotation": 270, "texture": "#4"},
				"up": {"uv": [16, 0, 0, 16], "rotation": 270, "texture": "#4"},
				"down": {"uv": [16, 0, 0, 16], "rotation": 270, "texture": "#4"}
			}
		},
		{
			"from": [2, 6, 6.31479],
			"to": [2.5, 10.25, 14.68979],
			"rotation": {"angle": -22.5, "axis": "z", "origin": [8, 8, 7.92979]},
			"faces": {
				"north": {"uv": [0, 16, 16, 0], "rotation": 270, "texture": "#4"},
				"east": {"uv": [0, 16, 16, 0], "rotation": 270, "texture": "#4"},
				"south": {"uv": [0, 16, 16, 0], "rotation": 270, "texture": "#4"},
				"west": {"uv": [0, 16, 16, 0], "rotation": 270, "texture": "#4"},
				"up": {"uv": [16, 0, 0, 16], "rotation": 270, "texture": "#4"},
				"down": {"uv": [16, 0, 0, 16], "rotation": 270, "texture": "#4"}
			}
		},
		{
			"from": [5.75, 2, 6.31479],
			"to": [10, 2.5, 14.68979],
			"rotation": {"angle": -22.5, "axis": "z", "origin": [8, 8, 7.92979]},
			"faces": {
				"north": {"uv": [16, 0, 0, 16], "texture": "#4"},
				"east": {"uv": [16, 0, 0, 16], "texture": "#4"},
				"south": {"uv": [16, 0, 0, 16], "texture": "#4"},
				"west": {"uv": [16, 0, 0, 16], "texture": "#4"},
				"up": {"uv": [0, 16, 16, 0], "texture": "#4"},
				"down": {"uv": [0, 16, 16, 0], "texture": "#4"}
			}
		},
		{
			"from": [5.75, 2, 6.31479],
			"to": [10, 2.5, 14.68979],
			"rotation": {"angle": -45, "axis": "z", "origin": [8, 8, 7.92979]},
			"faces": {
				"north": {"uv": [16, 0, 0, 16], "texture": "#4"},
				"east": {"uv": [16, 0, 0, 16], "texture": "#4"},
				"south": {"uv": [16, 0, 0, 16], "texture": "#4"},
				"west": {"uv": [16, 0, 0, 16], "texture": "#4"},
				"up": {"uv": [0, 16, 16, 0], "texture": "#4"},
				"down": {"uv": [0, 16, 16, 0], "texture": "#4"}
			}
		},
		{
			"from": [6, 13.5, 6.31479],
			"to": [10.25, 14, 14.68979],
			"rotation": {"angle": 0, "axis": "y", "origin": [8, 8, 7.92979]},
			"faces": {
				"north": {"uv": [16, 0, 0, 16], "rotation": 180, "texture": "#4"},
				"east": {"uv": [16, 0, 0, 16], "rotation": 180, "texture": "#4"},
				"south": {"uv": [16, 0, 0, 16], "rotation": 180, "texture": "#4"},
				"west": {"uv": [16, 0, 0, 16], "rotation": 180, "texture": "#4"},
				"up": {"uv": [0, 16, 16, 0], "rotation": 180, "texture": "#4"},
				"down": {"uv": [0, 16, 16, 0], "rotation": 180, "texture": "#4"}
			}
		},
		{
			"from": [7.63, 7.26, 12.93054],
			"to": [8.37, 7.63, 14.50304],
			"rotation": {"angle": 0, "axis": "y", "origin": [8, 8, 9.32304]},
			"faces": {
				"north": {"uv": [16, 0, 0, 16], "texture": "#4"},
				"east": {"uv": [16, 0, 0, 16], "texture": "#4"},
				"south": {"uv": [16, 0, 0, 16], "texture": "#4"},
				"west": {"uv": [16, 0, 0, 16], "texture": "#4"},
				"up": {"uv": [0, 16, 16, 0], "texture": "#4"},
				"down": {"uv": [0, 16, 16, 0], "texture": "#4"}
			}
		},
		{
			"from": [7.26, 7.63, 12.93054],
			"to": [7.63, 8.37, 14.50304],
			"rotation": {"angle": 0, "axis": "y", "origin": [8, 8, 9.32304]},
			"faces": {
				"north": {"uv": [16, 0, 0, 16], "texture": "#4"},
				"east": {"uv": [16, 0, 0, 16], "texture": "#4"},
				"south": {"uv": [16, 0, 0, 16], "texture": "#4"},
				"west": {"uv": [16, 0, 0, 16], "texture": "#4"},
				"up": {"uv": [0, 16, 16, 0], "texture": "#4"},
				"down": {"uv": [0, 16, 16, 0], "texture": "#4"}
			}
		},
		{
			"from": [7.63, 7.63, 12.93054],
			"to": [8.37, 8.37, 14.50304],
			"rotation": {"angle": 0, "axis": "y", "origin": [8, 8, 9.32304]},
			"faces": {
				"north": {"uv": [16, 0, 0, 16], "texture": "#4"},
				"east": {"uv": [16, 0, 0, 16], "texture": "#4"},
				"south": {"uv": [16, 0, 0, 16], "texture": "#4"},
				"west": {"uv": [16, 0, 0, 16], "texture": "#4"},
				"up": {"uv": [0, 16, 16, 0], "texture": "#4"},
				"down": {"uv": [0, 16, 16, 0], "texture": "#4"}
			}
		},
		{
			"from": [8.4181, 7.741, 12.93054],
			"to": [8.7881, 8.259, 14.50304],
			"rotation": {"angle": 45, "axis": "z", "origin": [8, 8, 9.32304]},
			"faces": {
				"north": {"uv": [0, 16, 16, 0], "rotation": 270, "texture": "#4"},
				"east": {"uv": [0, 16, 16, 0], "rotation": 270, "texture": "#4"},
				"south": {"uv": [0, 16, 16, 0], "rotation": 270, "texture": "#4"},
				"west": {"uv": [0, 16, 16, 0], "rotation": 270, "texture": "#4"},
				"up": {"uv": [16, 0, 0, 16], "rotation": 270, "texture": "#4"},
				"down": {"uv": [16, 0, 0, 16], "rotation": 270, "texture": "#4"}
			}
		},
		{
			"from": [7.741, 8.4181, 12.93054],
			"to": [8.259, 8.7881, 14.50304],
			"rotation": {"angle": 45, "axis": "z", "origin": [8, 8, 9.32304]},
			"faces": {
				"north": {"uv": [16, 0, 0, 16], "texture": "#4"},
				"east": {"uv": [16, 0, 0, 16], "texture": "#4"},
				"south": {"uv": [16, 0, 0, 16], "texture": "#4"},
				"west": {"uv": [16, 0, 0, 16], "texture": "#4"},
				"up": {"uv": [0, 16, 16, 0], "texture": "#4"},
				"down": {"uv": [0, 16, 16, 0], "texture": "#4"}
			}
		},
		{
			"from": [7.63, 8.37, 12.93054],
			"to": [8.37, 8.74, 14.50304],
			"rotation": {"angle": 0, "axis": "y", "origin": [8, 8, 9.32304]},
			"faces": {
				"north": {"uv": [16, 0, 0, 16], "texture": "#4"},
				"east": {"uv": [16, 0, 0, 16], "texture": "#4"},
				"south": {"uv": [16, 0, 0, 16], "texture": "#4"},
				"west": {"uv": [16, 0, 0, 16], "texture": "#4"},
				"up": {"uv": [0, 16, 16, 0], "texture": "#4"},
				"down": {"uv": [0, 16, 16, 0], "texture": "#4"}
			}
		},
		{
			"from": [8.4181, 7.741, 12.93054],
			"to": [8.7881, 8.259, 14.50304],
			"rotation": {"angle": -45, "axis": "z", "origin": [8, 8, 9.32304]},
			"faces": {
				"north": {"uv": [0, 16, 16, 0], "rotation": 270, "texture": "#4"},
				"east": {"uv": [0, 16, 16, 0], "rotation": 270, "texture": "#4"},
				"south": {"uv": [0, 16, 16, 0], "rotation": 270, "texture": "#4"},
				"west": {"uv": [0, 16, 16, 0], "rotation": 270, "texture": "#4"},
				"up": {"uv": [16, 0, 0, 16], "rotation": 270, "texture": "#4"},
				"down": {"uv": [16, 0, 0, 16], "rotation": 270, "texture": "#4"}
			}
		},
		{
			"from": [7.2119, 7.741, 12.93054],
			"to": [7.5819, 8.259, 14.50304],
			"rotation": {"angle": 45, "axis": "z", "origin": [8, 8, 9.32304]},
			"faces": {
				"north": {"uv": [0, 16, 16, 0], "rotation": 90, "texture": "#4"},
				"east": {"uv": [0, 16, 16, 0], "rotation": 90, "texture": "#4"},
				"south": {"uv": [0, 16, 16, 0], "rotation": 90, "texture": "#4"},
				"west": {"uv": [0, 16, 16, 0], "rotation": 90, "texture": "#4"},
				"up": {"uv": [16, 0, 0, 16], "rotation": 90, "texture": "#4"},
				"down": {"uv": [16, 0, 0, 16], "rotation": 90, "texture": "#4"}
			}
		},
		{
			"from": [8.37, 7.63, 12.93054],
			"to": [8.74, 8.37, 14.50304],
			"rotation": {"angle": 0, "axis": "y", "origin": [8, 8, 9.32304]},
			"faces": {
				"north": {"uv": [16, 0, 0, 16], "texture": "#4"},
				"east": {"uv": [16, 0, 0, 16], "texture": "#4"},
				"south": {"uv": [16, 0, 0, 16], "texture": "#4"},
				"west": {"uv": [16, 0, 0, 16], "texture": "#4"},
				"up": {"uv": [0, 16, 16, 0], "texture": "#4"},
				"down": {"uv": [0, 16, 16, 0], "texture": "#4"}
			}
		},
		{
			"from": [7.29774, 6.59548, 10.85558],
			"to": [8.70226, 7.29774, 14.14414],
			"rotation": {"angle": 0, "axis": "y", "origin": [8, 8, 9.32304]},
			"faces": {
				"north": {"uv": [16, 0, 0, 16], "texture": "#4"},
				"east": {"uv": [16, 0, 0, 16], "texture": "#4"},
				"south": {"uv": [16, 0, 0, 16], "texture": "#4"},
				"west": {"uv": [16, 0, 0, 16], "texture": "#4"},
				"up": {"uv": [0, 16, 16, 0], "texture": "#4"},
				"down": {"uv": [0, 16, 16, 0], "texture": "#4"}
			}
		},
		{
			"from": [6.59548, 7.29774, 10.85558],
			"to": [7.29774, 8.70226, 14.14414],
			"rotation": {"angle": 0, "axis": "y", "origin": [8, 8, 9.32304]},
			"faces": {
				"north": {"uv": [16, 0, 0, 16], "texture": "#4"},
				"east": {"uv": [16, 0, 0, 16], "texture": "#4"},
				"south": {"uv": [16, 0, 0, 16], "texture": "#4"},
				"west": {"uv": [16, 0, 0, 16], "texture": "#4"},
				"up": {"uv": [0, 16, 16, 0], "texture": "#4"},
				"down": {"uv": [0, 16, 16, 0], "texture": "#4"}
			}
		},
		{
			"from": [7.29774, 7.29774, 10.85558],
			"to": [8.70226, 8.70226, 14.14414],
			"rotation": {"angle": 0, "axis": "y", "origin": [8, 8, 9.32304]},
			"faces": {
				"north": {"uv": [16, 0, 0, 16], "texture": "#4"},
				"east": {"uv": [16, 0, 0, 16], "texture": "#4"},
				"south": {"uv": [16, 0, 0, 16], "texture": "#4"},
				"west": {"uv": [16, 0, 0, 16], "texture": "#4"},
				"up": {"uv": [0, 16, 16, 0], "texture": "#4"},
				"down": {"uv": [0, 16, 16, 0], "texture": "#4"}
			}
		},
		{
			"from": [8.79355, 7.50842, 10.85558],
			"to": [9.49581, 8.49158, 14.14414],
			"rotation": {"angle": 45, "axis": "z", "origin": [8, 8, 3.99504]},
			"faces": {
				"north": {"uv": [0, 16, 16, 0], "rotation": 270, "texture": "#4"},
				"east": {"uv": [0, 16, 16, 0], "rotation": 270, "texture": "#4"},
				"south": {"uv": [0, 16, 16, 0], "rotation": 270, "texture": "#4"},
				"west": {"uv": [0, 16, 16, 0], "rotation": 270, "texture": "#4"},
				"up": {"uv": [16, 0, 0, 16], "rotation": 270, "texture": "#4"},
				"down": {"uv": [16, 0, 0, 16], "rotation": 270, "texture": "#4"}
			}
		},
		{
			"from": [7.50842, 8.79355, 10.85558],
			"to": [8.49158, 9.49581, 14.14414],
			"rotation": {"angle": 45, "axis": "z", "origin": [8, 8, 3.99504]},
			"faces": {
				"north": {"uv": [16, 0, 0, 16], "texture": "#4"},
				"east": {"uv": [16, 0, 0, 16], "texture": "#4"},
				"south": {"uv": [16, 0, 0, 16], "texture": "#4"},
				"west": {"uv": [16, 0, 0, 16], "texture": "#4"},
				"up": {"uv": [0, 16, 16, 0], "texture": "#4"},
				"down": {"uv": [0, 16, 16, 0], "texture": "#4"}
			}
		},
		{
			"from": [7.29774, 8.70226, 10.85558],
			"to": [8.70226, 9.40452, 14.14414],
			"rotation": {"angle": 0, "axis": "y", "origin": [8, 8, 9.32304]},
			"faces": {
				"north": {"uv": [16, 0, 0, 16], "texture": "#4"},
				"east": {"uv": [16, 0, 0, 16], "texture": "#4"},
				"south": {"uv": [16, 0, 0, 16], "texture": "#4"},
				"west": {"uv": [16, 0, 0, 16], "texture": "#4"},
				"up": {"uv": [0, 16, 16, 0], "texture": "#4"},
				"down": {"uv": [0, 16, 16, 0], "texture": "#4"}
			}
		},
		{
			"from": [8.79355, 7.50842, 10.85558],
			"to": [9.49581, 8.49158, 14.14414],
			"rotation": {"angle": -45, "axis": "z", "origin": [8, 8, 3.99504]},
			"faces": {
				"north": {"uv": [0, 16, 16, 0], "rotation": 270, "texture": "#4"},
				"east": {"uv": [0, 16, 16, 0], "rotation": 270, "texture": "#4"},
				"south": {"uv": [0, 16, 16, 0], "rotation": 270, "texture": "#4"},
				"west": {"uv": [0, 16, 16, 0], "rotation": 270, "texture": "#4"},
				"up": {"uv": [16, 0, 0, 16], "rotation": 270, "texture": "#4"},
				"down": {"uv": [16, 0, 0, 16], "rotation": 270, "texture": "#4"}
			}
		},
		{
			"from": [6.50419, 7.50842, 10.85558],
			"to": [7.20645, 8.49158, 14.14414],
			"rotation": {"angle": 45, "axis": "z", "origin": [8, 8, 3.99504]},
			"faces": {
				"north": {"uv": [0, 16, 16, 0], "rotation": 90, "texture": "#4"},
				"east": {"uv": [0, 16, 16, 0], "rotation": 90, "texture": "#4"},
				"south": {"uv": [0, 16, 16, 0], "rotation": 90, "texture": "#4"},
				"west": {"uv": [0, 16, 16, 0], "rotation": 90, "texture": "#4"},
				"up": {"uv": [16, 0, 0, 16], "rotation": 90, "texture": "#4"},
				"down": {"uv": [16, 0, 0, 16], "rotation": 90, "texture": "#4"}
			}
		},
		{
			"from": [8.70226, 7.29774, 10.85558],
			"to": [9.40452, 8.70226, 14.14414],
			"rotation": {"angle": 0, "axis": "y", "origin": [8, 8, 9.32304]},
			"faces": {
				"north": {"uv": [16, 0, 0, 16], "texture": "#4"},
				"east": {"uv": [16, 0, 0, 16], "texture": "#4"},
				"south": {"uv": [16, 0, 0, 16], "texture": "#4"},
				"west": {"uv": [16, 0, 0, 16], "texture": "#4"},
				"up": {"uv": [0, 16, 16, 0], "texture": "#4"},
				"down": {"uv": [0, 16, 16, 0], "texture": "#4"}
			}
		},
		{
			"from": [2, 7.5, 10.42979],
			"to": [14, 7.85, 13.42979],
			"rotation": {"angle": 0, "axis": "y", "origin": [8, 8, 7.92979]},
			"faces": {
				"north": {"uv": [0, 16, 16, 0], "rotation": 90, "texture": "#4"},
				"east": {"uv": [0, 16, 16, 0], "rotation": 90, "texture": "#4"},
				"south": {"uv": [0, 16, 16, 0], "rotation": 90, "texture": "#4"},
				"west": {"uv": [0, 16, 16, 0], "rotation": 90, "texture": "#4"},
				"up": {"uv": [16, 0, 0, 16], "rotation": 90, "texture": "#4"},
				"down": {"uv": [16, 0, 0, 16], "rotation": 90, "texture": "#4"}
			}
		},
		{
			"from": [2, 7.5, 10.42979],
			"to": [8, 7.85, 13.42979],
			"rotation": {"angle": 45, "axis": "z", "origin": [8, 8, 7.92979]},
			"faces": {
				"north": {"uv": [0, 16, 16, 0], "rotation": 90, "texture": "#4"},
				"east": {"uv": [0, 16, 16, 0], "rotation": 90, "texture": "#4"},
				"south": {"uv": [0, 16, 16, 0], "rotation": 90, "texture": "#4"},
				"west": {"uv": [0, 16, 16, 0], "rotation": 90, "texture": "#4"},
				"up": {"uv": [16, 0, 0, 16], "rotation": 90, "texture": "#4"},
				"down": {"uv": [16, 0, 0, 16], "rotation": 90, "texture": "#4"}
			}
		},
		{
			"from": [8.15, 8, 10.42979],
			"to": [8.5, 14, 13.42979],
			"rotation": {"angle": -45, "axis": "z", "origin": [8, 8, 7.92979]},
			"faces": {
				"north": {"uv": [16, 0, 0, 16], "texture": "#4"},
				"east": {"uv": [16, 0, 0, 16], "texture": "#4"},
				"south": {"uv": [16, 0, 0, 16], "texture": "#4"},
				"west": {"uv": [16, 0, 0, 16], "texture": "#4"},
				"up": {"uv": [0, 16, 16, 0], "texture": "#4"},
				"down": {"uv": [0, 16, 16, 0], "texture": "#4"}
			}
		},
		{
			"from": [8, 7.5, 10.42979],
			"to": [14, 7.85, 13.42979],
			"rotation": {"angle": -45, "axis": "z", "origin": [8, 8, 7.92979]},
			"faces": {
				"north": {"uv": [0, 16, 16, 0], "rotation": 270, "texture": "#4"},
				"east": {"uv": [0, 16, 16, 0], "rotation": 270, "texture": "#4"},
				"south": {"uv": [0, 16, 16, 0], "rotation": 270, "texture": "#4"},
				"west": {"uv": [0, 16, 16, 0], "rotation": 270, "texture": "#4"},
				"up": {"uv": [16, 0, 0, 16], "rotation": 270, "texture": "#4"},
				"down": {"uv": [16, 0, 0, 16], "rotation": 270, "texture": "#4"}
			}
		},
		{
			"from": [7.5, 2, 10.42979],
			"to": [8.225, 14, 13.42979],
			"rotation": {"angle": 0, "axis": "y", "origin": [8, 8, 7.92979]},
			"faces": {
				"north": {"uv": [16, 0, 0, 16], "texture": "#4"},
				"east": {"uv": [16, 0, 0, 16], "texture": "#4"},
				"south": {"uv": [16, 0, 0, 16], "texture": "#4"},
				"west": {"uv": [16, 0, 0, 16], "texture": "#4"},
				"up": {"uv": [0, 16, 16, 0], "texture": "#4"},
				"down": {"uv": [0, 16, 16, 0], "texture": "#4"}
			}
		},
		{
			"from": [7.5, 8, 10.42979],
			"to": [7.85, 14, 13.42979],
			"rotation": {"angle": 45, "axis": "z", "origin": [8, 8, 7.92979]},
			"faces": {
				"north": {"uv": [16, 0, 0, 16], "texture": "#4"},
				"east": {"uv": [16, 0, 0, 16], "texture": "#4"},
				"south": {"uv": [16, 0, 0, 16], "texture": "#4"},
				"west": {"uv": [16, 0, 0, 16], "texture": "#4"},
				"up": {"uv": [0, 16, 16, 0], "texture": "#4"},
				"down": {"uv": [0, 16, 16, 0], "texture": "#4"}
			}
		},
		{
			"from": [8.15, 2, 10.42979],
			"to": [8.5, 14, 13.42979],
			"rotation": {"angle": 0, "axis": "y", "origin": [8, 8, 7.92979]},
			"faces": {
				"north": {"uv": [16, 0, 0, 16], "texture": "#4"},
				"east": {"uv": [16, 0, 0, 16], "texture": "#4"},
				"south": {"uv": [16, 0, 0, 16], "texture": "#4"},
				"west": {"uv": [16, 0, 0, 16], "texture": "#4"},
				"up": {"uv": [0, 16, 16, 0], "texture": "#4"},
				"down": {"uv": [0, 16, 16, 0], "texture": "#4"}
			}
		},
		{
			"from": [7.5, 1, 10.42979],
			"to": [8.225, 14, 13.42979],
			"rotation": {"angle": -45, "axis": "z", "origin": [8, 8, 7.92979]},
			"faces": {
				"north": {"uv": [16, 0, 0, 16], "texture": "#4"},
				"east": {"uv": [16, 0, 0, 16], "texture": "#4"},
				"south": {"uv": [16, 0, 0, 16], "texture": "#4"},
				"west": {"uv": [16, 0, 0, 16], "texture": "#4"},
				"up": {"uv": [0, 16, 16, 0], "texture": "#4"},
				"down": {"uv": [0, 16, 16, 0], "texture": "#4"}
			}
		},
		{
			"from": [7.85, 2, 10.42979],
			"to": [8.45, 14, 13.42979],
			"rotation": {"angle": 45, "axis": "z", "origin": [8, 8, 7.92979]},
			"faces": {
				"north": {"uv": [16, 0, 0, 16], "texture": "#4"},
				"east": {"uv": [16, 0, 0, 16], "texture": "#4"},
				"south": {"uv": [16, 0, 0, 16], "texture": "#4"},
				"west": {"uv": [16, 0, 0, 16], "texture": "#4"},
				"up": {"uv": [0, 16, 16, 0], "texture": "#4"},
				"down": {"uv": [0, 16, 16, 0], "texture": "#4"}
			}
		},
		{
			"from": [2, 7.85, 10.42979],
			"to": [14, 8.45, 13.42979],
			"rotation": {"angle": 0, "axis": "y", "origin": [8, 8, 7.92979]},
			"faces": {
				"north": {"uv": [0, 16, 16, 0], "rotation": 90, "texture": "#4"},
				"east": {"uv": [0, 16, 16, 0], "rotation": 90, "texture": "#4"},
				"south": {"uv": [0, 16, 16, 0], "rotation": 90, "texture": "#4"},
				"west": {"uv": [0, 16, 16, 0], "rotation": 90, "texture": "#4"},
				"up": {"uv": [16, 0, 0, 16], "rotation": 90, "texture": "#4"},
				"down": {"uv": [16, 0, 0, 16], "rotation": 90, "texture": "#4"}
			}
		},
		{
			"from": [2, 6, 8.68979],
			"to": [13.5, 10.25, 12.68979],
			"rotation": {"angle": 22.5, "axis": "z", "origin": [8, 8, 9.92979]},
			"faces": {
				"north": {"uv": [0, 16, 16, 0], "rotation": 270, "texture": "#6"},
				"east": {"uv": [0, 16, 16, 0], "rotation": 270, "texture": "#6"},
				"south": {"uv": [0, 16, 16, 0], "rotation": 270, "texture": "#6"},
				"west": {"uv": [0, 16, 16, 0], "rotation": 270, "texture": "#6"},
				"up": {"uv": [16, 0, 0, 16], "rotation": 270, "texture": "#6"},
				"down": {"uv": [16, 0, 0, 16], "rotation": 270, "texture": "#6"}
			}
		},
		{
			"from": [5.75, 2, 8.68979],
			"to": [10, 2.5, 12.68979],
			"rotation": {"angle": 0, "axis": "y", "origin": [8, 8, 9.92979]},
			"faces": {
				"north": {"uv": [16, 0, 0, 16], "texture": "#6"},
				"east": {"uv": [16, 0, 0, 16], "texture": "#6"},
				"south": {"uv": [16, 0, 0, 16], "texture": "#6"},
				"west": {"uv": [16, 0, 0, 16], "texture": "#6"},
				"up": {"uv": [0, 16, 16, 0], "texture": "#6"},
				"down": {"uv": [0, 16, 16, 0], "texture": "#6"}
			}
		},
		{
			"from": [2, 6, 8.68979],
			"to": [13.5, 10.25, 12.68979],
			"rotation": {"angle": -45, "axis": "z", "origin": [8, 8, 9.92979]},
			"faces": {
				"north": {"uv": [0, 16, 16, 0], "rotation": 270, "texture": "#6"},
				"east": {"uv": [0, 16, 16, 0], "rotation": 270, "texture": "#6"},
				"south": {"uv": [0, 16, 16, 0], "rotation": 270, "texture": "#6"},
				"west": {"uv": [0, 16, 16, 0], "rotation": 270, "texture": "#6"},
				"up": {"uv": [16, 0, 0, 16], "rotation": 270, "texture": "#6"},
				"down": {"uv": [16, 0, 0, 16], "rotation": 270, "texture": "#6"}
			}
		},
		{
			"from": [5.75, 2, 8.68979],
			"to": [10, 2.5, 12.68979],
			"rotation": {"angle": 22.5, "axis": "z", "origin": [8, 8, 9.92979]},
			"faces": {
				"north": {"uv": [16, 0, 0, 16], "texture": "#6"},
				"east": {"uv": [16, 0, 0, 16], "texture": "#6"},
				"south": {"uv": [16, 0, 0, 16], "texture": "#6"},
				"west": {"uv": [16, 0, 0, 16], "texture": "#6"},
				"up": {"uv": [0, 16, 16, 0], "texture": "#6"},
				"down": {"uv": [0, 16, 16, 0], "texture": "#6"}
			}
		},
		{
			"from": [13.5, 5.75, 8.68979],
			"to": [14, 10, 12.68979],
			"rotation": {"angle": -45, "axis": "z", "origin": [8, 8, 9.92979]},
			"faces": {
				"north": {"uv": [0, 16, 16, 0], "rotation": 90, "texture": "#6"},
				"east": {"uv": [0, 16, 16, 0], "rotation": 90, "texture": "#6"},
				"south": {"uv": [0, 16, 16, 0], "rotation": 90, "texture": "#6"},
				"west": {"uv": [0, 16, 16, 0], "rotation": 90, "texture": "#6"},
				"up": {"uv": [16, 0, 0, 16], "rotation": 90, "texture": "#6"},
				"down": {"uv": [16, 0, 0, 16], "rotation": 90, "texture": "#6"}
			}
		},
		{
			"from": [2.5, 5.75, 8.68979],
			"to": [14, 10, 12.68979],
			"rotation": {"angle": -22.5, "axis": "z", "origin": [8, 8, 9.92979]},
			"faces": {
				"north": {"uv": [0, 16, 16, 0], "rotation": 90, "texture": "#6"},
				"east": {"uv": [0, 16, 16, 0], "rotation": 90, "texture": "#6"},
				"south": {"uv": [0, 16, 16, 0], "rotation": 90, "texture": "#6"},
				"west": {"uv": [0, 16, 16, 0], "rotation": 90, "texture": "#6"},
				"up": {"uv": [16, 0, 0, 16], "rotation": 90, "texture": "#6"},
				"down": {"uv": [16, 0, 0, 16], "rotation": 90, "texture": "#6"}
			}
		},
		{
			"from": [2.5, 5.75, 8.68979],
			"to": [14, 10, 12.68979],
			"rotation": {"angle": 0, "axis": "y", "origin": [8, 8, 9.92979]},
			"faces": {
				"north": {"uv": [0, 16, 16, 0], "rotation": 90, "texture": "#6"},
				"east": {"uv": [0, 16, 16, 0], "rotation": 90, "texture": "#6"},
				"south": {"uv": [0, 16, 16, 0], "rotation": 90, "texture": "#6"},
				"west": {"uv": [0, 16, 16, 0], "rotation": 90, "texture": "#6"},
				"up": {"uv": [16, 0, 0, 16], "rotation": 90, "texture": "#6"},
				"down": {"uv": [16, 0, 0, 16], "rotation": 90, "texture": "#6"}
			}
		},
		{
			"from": [6, 13.5, 8.68979],
			"to": [10.25, 14, 12.68979],
			"rotation": {"angle": -45, "axis": "z", "origin": [8, 8, 9.92979]},
			"faces": {
				"north": {"uv": [16, 0, 0, 16], "rotation": 180, "texture": "#6"},
				"east": {"uv": [16, 0, 0, 16], "rotation": 180, "texture": "#6"},
				"south": {"uv": [16, 0, 0, 16], "rotation": 180, "texture": "#6"},
				"west": {"uv": [16, 0, 0, 16], "rotation": 180, "texture": "#6"},
				"up": {"uv": [0, 16, 16, 0], "rotation": 180, "texture": "#6"},
				"down": {"uv": [0, 16, 16, 0], "rotation": 180, "texture": "#6"}
			}
		},
		{
			"from": [6, 2.5, 8.68979],
			"to": [10.25, 14, 12.68979],
			"rotation": {"angle": -22.5, "axis": "z", "origin": [8, 8, 9.92979]},
			"faces": {
				"north": {"uv": [16, 0, 0, 16], "rotation": 180, "texture": "#6"},
				"east": {"uv": [16, 0, 0, 16], "rotation": 180, "texture": "#6"},
				"south": {"uv": [16, 0, 0, 16], "rotation": 180, "texture": "#6"},
				"west": {"uv": [16, 0, 0, 16], "rotation": 180, "texture": "#6"},
				"up": {"uv": [0, 16, 16, 0], "rotation": 180, "texture": "#6"},
				"down": {"uv": [0, 16, 16, 0], "rotation": 180, "texture": "#6"}
			}
		},
		{
			"from": [13.5, 5.75, 8.68979],
			"to": [14, 10, 12.68979],
			"rotation": {"angle": 22.5, "axis": "z", "origin": [8, 8, 9.92979]},
			"faces": {
				"north": {"uv": [0, 16, 16, 0], "rotation": 90, "texture": "#6"},
				"east": {"uv": [0, 16, 16, 0], "rotation": 90, "texture": "#6"},
				"south": {"uv": [0, 16, 16, 0], "rotation": 90, "texture": "#6"},
				"west": {"uv": [0, 16, 16, 0], "rotation": 90, "texture": "#6"},
				"up": {"uv": [16, 0, 0, 16], "rotation": 90, "texture": "#6"},
				"down": {"uv": [16, 0, 0, 16], "rotation": 90, "texture": "#6"}
			}
		},
		{
			"from": [6, 2.5, 8.68979],
			"to": [10.25, 14, 12.68979],
			"rotation": {"angle": 22.5, "axis": "z", "origin": [8, 8, 9.92979]},
			"faces": {
				"north": {"uv": [16, 0, 0, 16], "rotation": 180, "texture": "#6"},
				"east": {"uv": [16, 0, 0, 16], "rotation": 180, "texture": "#6"},
				"south": {"uv": [16, 0, 0, 16], "rotation": 180, "texture": "#6"},
				"west": {"uv": [16, 0, 0, 16], "rotation": 180, "texture": "#6"},
				"up": {"uv": [0, 16, 16, 0], "rotation": 180, "texture": "#6"},
				"down": {"uv": [0, 16, 16, 0], "rotation": 180, "texture": "#6"}
			}
		},
		{
			"from": [2, 6, 8.68979],
			"to": [2.5, 10.25, 12.68979],
			"rotation": {"angle": 0, "axis": "y", "origin": [8, 8, 9.92979]},
			"faces": {
				"north": {"uv": [0, 16, 16, 0], "rotation": 270, "texture": "#6"},
				"east": {"uv": [0, 16, 16, 0], "rotation": 270, "texture": "#6"},
				"south": {"uv": [0, 16, 16, 0], "rotation": 270, "texture": "#6"},
				"west": {"uv": [0, 16, 16, 0], "rotation": 270, "texture": "#6"},
				"up": {"uv": [16, 0, 0, 16], "rotation": 270, "texture": "#6"},
				"down": {"uv": [16, 0, 0, 16], "rotation": 270, "texture": "#6"}
			}
		},
		{
			"from": [2, 6, 8.68979],
			"to": [2.5, 10.25, 12.68979],
			"rotation": {"angle": -22.5, "axis": "z", "origin": [8, 8, 9.92979]},
			"faces": {
				"north": {"uv": [0, 16, 16, 0], "rotation": 270, "texture": "#6"},
				"east": {"uv": [0, 16, 16, 0], "rotation": 270, "texture": "#6"},
				"south": {"uv": [0, 16, 16, 0], "rotation": 270, "texture": "#6"},
				"west": {"uv": [0, 16, 16, 0], "rotation": 270, "texture": "#6"},
				"up": {"uv": [16, 0, 0, 16], "rotation": 270, "texture": "#6"},
				"down": {"uv": [16, 0, 0, 16], "rotation": 270, "texture": "#6"}
			}
		},
		{
			"from": [5.75, 2, 8.68979],
			"to": [10, 2.5, 12.68979],
			"rotation": {"angle": -22.5, "axis": "z", "origin": [8, 8, 9.92979]},
			"faces": {
				"north": {"uv": [16, 0, 0, 16], "texture": "#6"},
				"east": {"uv": [16, 0, 0, 16], "texture": "#6"},
				"south": {"uv": [16, 0, 0, 16], "texture": "#6"},
				"west": {"uv": [16, 0, 0, 16], "texture": "#6"},
				"up": {"uv": [0, 16, 16, 0], "texture": "#6"},
				"down": {"uv": [0, 16, 16, 0], "texture": "#6"}
			}
		},
		{
			"from": [5.75, 2, 8.68979],
			"to": [10, 2.5, 12.68979],
			"rotation": {"angle": -45, "axis": "z", "origin": [8, 8, 9.92979]},
			"faces": {
				"north": {"uv": [16, 0, 0, 16], "texture": "#6"},
				"east": {"uv": [16, 0, 0, 16], "texture": "#6"},
				"south": {"uv": [16, 0, 0, 16], "texture": "#6"},
				"west": {"uv": [16, 0, 0, 16], "texture": "#6"},
				"up": {"uv": [0, 16, 16, 0], "texture": "#6"},
				"down": {"uv": [0, 16, 16, 0], "texture": "#6"}
			}
		},
		{
			"from": [6, 13.5, 8.68979],
			"to": [10.25, 14, 12.68979],
			"rotation": {"angle": 0, "axis": "y", "origin": [8, 8, 9.92979]},
			"faces": {
				"north": {"uv": [16, 0, 0, 16], "rotation": 180, "texture": "#6"},
				"east": {"uv": [16, 0, 0, 16], "rotation": 180, "texture": "#6"},
				"south": {"uv": [16, 0, 0, 16], "rotation": 180, "texture": "#6"},
				"west": {"uv": [16, 0, 0, 16], "rotation": 180, "texture": "#6"},
				"up": {"uv": [0, 16, 16, 0], "rotation": 180, "texture": "#6"},
				"down": {"uv": [0, 16, 16, 0], "rotation": 180, "texture": "#6"}
			}
		},
		{
			"from": [2.5, 6, 6.43979],
			"to": [3.15, 10.25, 13.68979],
			"rotation": {"angle": 22.5, "axis": "z", "origin": [8, 8, 7.92979]},
			"faces": {
				"north": {"uv": [0, 16, 16, 0], "rotation": 270, "texture": "#4"},
				"east": {"uv": [0, 16, 16, 0], "rotation": 270, "texture": "#4"},
				"south": {"uv": [0, 16, 16, 0], "rotation": 270, "texture": "#4"},
				"west": {"uv": [0, 16, 16, 0], "rotation": 270, "texture": "#4"},
				"up": {"uv": [16, 0, 0, 16], "rotation": 270, "texture": "#4"},
				"down": {"uv": [16, 0, 0, 16], "rotation": 270, "texture": "#4"}
			}
		},
		{
			"from": [5.75, 2.5, 6.43979],
			"to": [10, 3.15, 13.68979],
			"rotation": {"angle": -22.5, "axis": "z", "origin": [8, 8, 7.92979]},
			"faces": {
				"north": {"uv": [16, 0, 0, 16], "texture": "#4"},
				"east": {"uv": [16, 0, 0, 16], "texture": "#4"},
				"south": {"uv": [16, 0, 0, 16], "texture": "#4"},
				"west": {"uv": [16, 0, 0, 16], "texture": "#4"},
				"up": {"uv": [0, 16, 16, 0], "texture": "#4"},
				"down": {"uv": [0, 16, 16, 0], "texture": "#4"}
			}
		},
		{
			"from": [12.85, 5.75, 6.43979],
			"to": [13.5, 10, 13.68979],
			"rotation": {"angle": 22.5, "axis": "z", "origin": [8, 8, 7.92979]},
			"faces": {
				"north": {"uv": [0, 16, 16, 0], "rotation": 270, "texture": "#4"},
				"east": {"uv": [0, 16, 16, 0], "rotation": 270, "texture": "#4"},
				"south": {"uv": [0, 16, 16, 0], "rotation": 270, "texture": "#4"},
				"west": {"uv": [0, 16, 16, 0], "rotation": 270, "texture": "#4"},
				"up": {"uv": [16, 0, 0, 16], "rotation": 270, "texture": "#4"},
				"down": {"uv": [16, 0, 0, 16], "rotation": 270, "texture": "#4"}
			}
		},
		{
			"from": [5.75, 2.5, 6.43979],
			"to": [10, 3.15, 13.68979],
			"rotation": {"angle": -45, "axis": "z", "origin": [8, 8, 7.92979]},
			"faces": {
				"north": {"uv": [16, 0, 0, 16], "texture": "#4"},
				"east": {"uv": [16, 0, 0, 16], "texture": "#4"},
				"south": {"uv": [16, 0, 0, 16], "texture": "#4"},
				"west": {"uv": [16, 0, 0, 16], "texture": "#4"},
				"up": {"uv": [0, 16, 16, 0], "texture": "#4"},
				"down": {"uv": [0, 16, 16, 0], "texture": "#4"}
			}
		},
		{
			"from": [6, 12.85, 6.43979],
			"to": [10.25, 13.5, 13.68979],
			"rotation": {"angle": 22.5, "axis": "z", "origin": [8, 8, 7.92979]},
			"faces": {
				"north": {"uv": [16, 0, 0, 16], "texture": "#4"},
				"east": {"uv": [16, 0, 0, 16], "texture": "#4"},
				"south": {"uv": [16, 0, 0, 16], "texture": "#4"},
				"west": {"uv": [16, 0, 0, 16], "texture": "#4"},
				"up": {"uv": [0, 16, 16, 0], "texture": "#4"},
				"down": {"uv": [0, 16, 16, 0], "texture": "#4"}
			}
		},
		{
			"from": [7.125, 9.225, 6.06479],
			"to": [9.125, 10.5, 13.31479],
			"rotation": {"angle": 22.5, "axis": "z", "origin": [8, 8, 7.55479]},
			"faces": {
				"north": {"uv": [16, 0, 0, 16], "texture": "#4"},
				"east": {"uv": [16, 0, 0, 16], "texture": "#4"},
				"south": {"uv": [16, 0, 0, 16], "texture": "#4"},
				"west": {"uv": [16, 0, 0, 16], "texture": "#4"},
				"up": {"uv": [0, 16, 16, 0], "texture": "#4"},
				"down": {"uv": [0, 16, 16, 0], "texture": "#4"}
			}
		},
		{
			"from": [6.875, 9.225, 6.06479],
			"to": [8.875, 10.5, 13.31479],
			"rotation": {"angle": -22.5, "axis": "z", "origin": [8, 8, 7.55479]},
			"faces": {
				"north": {"uv": [0, 0, 16, 16], "texture": "#4"},
				"east": {"uv": [0, 0, 16, 16], "texture": "#4"},
				"south": {"uv": [0, 0, 16, 16], "texture": "#4"},
				"west": {"uv": [0, 0, 16, 16], "texture": "#4"},
				"up": {"uv": [16, 16, 0, 0], "texture": "#4"},
				"down": {"uv": [16, 16, 0, 0], "texture": "#4"}
			}
		},
		{
			"from": [9.225, 7.125, 6.06479],
			"to": [10.5, 9.125, 13.31479],
			"rotation": {"angle": 22.5, "axis": "z", "origin": [8, 8, 7.55479]},
			"faces": {
				"north": {"uv": [16, 16, 0, 0], "rotation": 270, "texture": "#4"},
				"east": {"uv": [16, 16, 0, 0], "rotation": 270, "texture": "#4"},
				"south": {"uv": [16, 16, 0, 0], "rotation": 270, "texture": "#4"},
				"west": {"uv": [16, 16, 0, 0], "rotation": 270, "texture": "#4"},
				"up": {"uv": [0, 0, 16, 16], "rotation": 270, "texture": "#4"},
				"down": {"uv": [0, 0, 16, 16], "rotation": 270, "texture": "#4"}
			}
		},
		{
			"from": [5.5, 6.875, 6.06479],
			"to": [6.775, 8.875, 13.31479],
			"rotation": {"angle": -22.5, "axis": "z", "origin": [8, 8, 7.55479]},
			"faces": {
				"north": {"uv": [16, 16, 0, 0], "rotation": 90, "texture": "#4"},
				"east": {"uv": [16, 16, 0, 0], "rotation": 90, "texture": "#4"},
				"south": {"uv": [16, 16, 0, 0], "rotation": 90, "texture": "#4"},
				"west": {"uv": [16, 16, 0, 0], "rotation": 90, "texture": "#4"},
				"up": {"uv": [0, 0, 16, 16], "rotation": 90, "texture": "#4"},
				"down": {"uv": [0, 0, 16, 16], "rotation": 90, "texture": "#4"}
			}
		},
		{
			"from": [5.5, 6.875, 6.06479],
			"to": [6.775, 8.875, 13.31479],
			"rotation": {"angle": 22.5, "axis": "z", "origin": [8, 8, 7.55479]},
			"faces": {
				"north": {"uv": [16, 16, 0, 0], "rotation": 90, "texture": "#4"},
				"east": {"uv": [16, 16, 0, 0], "rotation": 90, "texture": "#4"},
				"south": {"uv": [16, 16, 0, 0], "rotation": 90, "texture": "#4"},
				"west": {"uv": [16, 16, 0, 0], "rotation": 90, "texture": "#4"},
				"up": {"uv": [0, 0, 16, 16], "rotation": 90, "texture": "#4"},
				"down": {"uv": [0, 0, 16, 16], "rotation": 90, "texture": "#4"}
			}
		},
		{
			"from": [7.125, 5.5, 6.06479],
			"to": [9.125, 6.775, 13.31479],
			"rotation": {"angle": -22.5, "axis": "z", "origin": [8, 8, 7.55479]},
			"faces": {
				"north": {"uv": [0, 0, 16, 16], "rotation": 180, "texture": "#4"},
				"east": {"uv": [0, 0, 16, 16], "rotation": 180, "texture": "#4"},
				"south": {"uv": [0, 0, 16, 16], "rotation": 180, "texture": "#4"},
				"west": {"uv": [0, 0, 16, 16], "rotation": 180, "texture": "#4"},
				"up": {"uv": [16, 16, 0, 0], "rotation": 180, "texture": "#4"},
				"down": {"uv": [16, 16, 0, 0], "rotation": 180, "texture": "#4"}
			}
		},
		{
			"from": [7.125, 5.5, 6.06479],
			"to": [9.125, 6.775, 13.31479],
			"rotation": {"angle": 22.5, "axis": "z", "origin": [8, 8, 7.55479]},
			"faces": {
				"north": {"uv": [0, 0, 16, 16], "rotation": 180, "texture": "#4"},
				"east": {"uv": [0, 0, 16, 16], "rotation": 180, "texture": "#4"},
				"south": {"uv": [0, 0, 16, 16], "rotation": 180, "texture": "#4"},
				"west": {"uv": [0, 0, 16, 16], "rotation": 180, "texture": "#4"},
				"up": {"uv": [16, 16, 0, 0], "rotation": 180, "texture": "#4"},
				"down": {"uv": [16, 16, 0, 0], "rotation": 180, "texture": "#4"}
			}
		},
		{
			"from": [9.225, 7.125, 6.06479],
			"to": [10.5, 9.125, 13.31479],
			"rotation": {"angle": -22.5, "axis": "z", "origin": [8, 8, 7.55479]},
			"faces": {
				"north": {"uv": [16, 16, 0, 0], "rotation": 270, "texture": "#4"},
				"east": {"uv": [16, 16, 0, 0], "rotation": 270, "texture": "#4"},
				"south": {"uv": [16, 16, 0, 0], "rotation": 270, "texture": "#4"},
				"west": {"uv": [16, 16, 0, 0], "rotation": 270, "texture": "#4"},
				"up": {"uv": [0, 0, 16, 16], "rotation": 270, "texture": "#4"},
				"down": {"uv": [0, 0, 16, 16], "rotation": 270, "texture": "#4"}
			}
		},
		{
			"from": [6, 12.85, 6.43979],
			"to": [10.25, 13.5, 13.68979],
			"rotation": {"angle": -22.5, "axis": "z", "origin": [8, 8, 7.92979]},
			"faces": {
				"north": {"uv": [16, 0, 0, 16], "texture": "#4"},
				"east": {"uv": [16, 0, 0, 16], "texture": "#4"},
				"south": {"uv": [16, 0, 0, 16], "texture": "#4"},
				"west": {"uv": [16, 0, 0, 16], "texture": "#4"},
				"up": {"uv": [0, 16, 16, 0], "texture": "#4"},
				"down": {"uv": [0, 16, 16, 0], "texture": "#4"}
			}
		},
		{
			"from": [2.5, 6, 6.43979],
			"to": [3.15, 10.25, 13.68979],
			"rotation": {"angle": -22.5, "axis": "z", "origin": [8, 8, 7.92979]},
			"faces": {
				"north": {"uv": [0, 16, 16, 0], "rotation": 270, "texture": "#4"},
				"east": {"uv": [0, 16, 16, 0], "rotation": 270, "texture": "#4"},
				"south": {"uv": [0, 16, 16, 0], "rotation": 270, "texture": "#4"},
				"west": {"uv": [0, 16, 16, 0], "rotation": 270, "texture": "#4"},
				"up": {"uv": [16, 0, 0, 16], "rotation": 270, "texture": "#4"},
				"down": {"uv": [16, 0, 0, 16], "rotation": 270, "texture": "#4"}
			}
		},
		{
			"from": [12.85, 5.75, 6.43979],
			"to": [13.5, 10, 13.68979],
			"rotation": {"angle": -45, "axis": "z", "origin": [8, 8, 7.92979]},
			"faces": {
				"north": {"uv": [0, 16, 16, 0], "rotation": 270, "texture": "#4"},
				"east": {"uv": [0, 16, 16, 0], "rotation": 270, "texture": "#4"},
				"south": {"uv": [0, 16, 16, 0], "rotation": 270, "texture": "#4"},
				"west": {"uv": [0, 16, 16, 0], "rotation": 270, "texture": "#4"},
				"up": {"uv": [16, 0, 0, 16], "rotation": 270, "texture": "#4"},
				"down": {"uv": [16, 0, 0, 16], "rotation": 270, "texture": "#4"}
			}
		},
		{
			"from": [12.85, 5.75, 6.43979],
			"to": [13.5, 10, 13.68979],
			"rotation": {"angle": -22.5, "axis": "z", "origin": [8, 8, 7.92979]},
			"faces": {
				"north": {"uv": [0, 16, 16, 0], "rotation": 270, "texture": "#4"},
				"east": {"uv": [0, 16, 16, 0], "rotation": 270, "texture": "#4"},
				"south": {"uv": [0, 16, 16, 0], "rotation": 270, "texture": "#4"},
				"west": {"uv": [0, 16, 16, 0], "rotation": 270, "texture": "#4"},
				"up": {"uv": [16, 0, 0, 16], "rotation": 270, "texture": "#4"},
				"down": {"uv": [16, 0, 0, 16], "rotation": 270, "texture": "#4"}
			}
		},
		{
			"from": [12.85, 5.75, 6.43979],
			"to": [13.5, 10, 13.68979],
			"rotation": {"angle": 45, "axis": "z", "origin": [8, 8, 7.92979]},
			"faces": {
				"north": {"uv": [0, 16, 16, 0], "rotation": 270, "texture": "#4"},
				"east": {"uv": [0, 16, 16, 0], "rotation": 270, "texture": "#4"},
				"south": {"uv": [0, 16, 16, 0], "rotation": 270, "texture": "#4"},
				"west": {"uv": [0, 16, 16, 0], "rotation": 270, "texture": "#4"},
				"up": {"uv": [16, 0, 0, 16], "rotation": 270, "texture": "#4"},
				"down": {"uv": [16, 0, 0, 16], "rotation": 270, "texture": "#4"}
			}
		},
		{
			"from": [5.75, 2.5, 6.43979],
			"to": [10, 3.15, 13.68979],
			"rotation": {"angle": 22.5, "axis": "z", "origin": [8, 8, 7.92979]},
			"faces": {
				"north": {"uv": [16, 0, 0, 16], "rotation": 180, "texture": "#4"},
				"east": {"uv": [16, 0, 0, 16], "rotation": 180, "texture": "#4"},
				"south": {"uv": [16, 0, 0, 16], "rotation": 180, "texture": "#4"},
				"west": {"uv": [16, 0, 0, 16], "rotation": 180, "texture": "#4"},
				"up": {"uv": [0, 16, 16, 0], "rotation": 180, "texture": "#4"},
				"down": {"uv": [0, 16, 16, 0], "rotation": 180, "texture": "#4"}
			}
		},
		{
			"from": [6, 12.85, 6.43979],
			"to": [10.25, 13.5, 13.68979],
			"rotation": {"angle": -22.5, "axis": "z", "origin": [8, 8, 7.92979]},
			"faces": {
				"north": {"uv": [16, 0, 0, 16], "texture": "#4"},
				"east": {"uv": [16, 0, 0, 16], "texture": "#4"},
				"south": {"uv": [16, 0, 0, 16], "texture": "#4"},
				"west": {"uv": [16, 0, 0, 16], "texture": "#4"},
				"up": {"uv": [0, 16, 16, 0], "texture": "#4"},
				"down": {"uv": [0, 16, 16, 0], "texture": "#4"}
			}
		},
		{
			"from": [2.5, 6, 6.43979],
			"to": [3.15, 10.25, 13.68979],
			"rotation": {"angle": -45, "axis": "z", "origin": [8, 8, 7.92979]},
			"faces": {
				"north": {"uv": [0, 16, 16, 0], "rotation": 270, "texture": "#4"},
				"east": {"uv": [0, 16, 16, 0], "rotation": 270, "texture": "#4"},
				"south": {"uv": [0, 16, 16, 0], "rotation": 270, "texture": "#4"},
				"west": {"uv": [0, 16, 16, 0], "rotation": 270, "texture": "#4"},
				"up": {"uv": [16, 0, 0, 16], "rotation": 270, "texture": "#4"},
				"down": {"uv": [16, 0, 0, 16], "rotation": 270, "texture": "#4"}
			}
		},
		{
			"from": [7.815, 7.63, 13.76304],
			"to": [8.185, 7.815, 14.87304],
			"rotation": {"angle": 0, "axis": "y", "origin": [8, 8, 9.32304]},
			"faces": {
				"north": {"uv": [16, 0, 0, 16], "texture": "#4"},
				"east": {"uv": [16, 0, 0, 16], "texture": "#4"},
				"south": {"uv": [16, 0, 0, 16], "texture": "#4"},
				"west": {"uv": [16, 0, 0, 16], "texture": "#4"},
				"up": {"uv": [0, 16, 16, 0], "texture": "#4"},
				"down": {"uv": [0, 16, 16, 0], "texture": "#4"}
			}
		},
		{
			"from": [7.63, 7.815, 13.76304],
			"to": [7.815, 8.185, 14.87304],
			"rotation": {"angle": 0, "axis": "y", "origin": [8, 8, 9.32304]},
			"faces": {
				"north": {"uv": [16, 0, 0, 16], "texture": "#4"},
				"east": {"uv": [16, 0, 0, 16], "texture": "#4"},
				"south": {"uv": [16, 0, 0, 16], "texture": "#4"},
				"west": {"uv": [16, 0, 0, 16], "texture": "#4"},
				"up": {"uv": [0, 16, 16, 0], "texture": "#4"},
				"down": {"uv": [0, 16, 16, 0], "texture": "#4"}
			}
		},
		{
			"from": [7.815, 7.815, 13.76304],
			"to": [8.185, 8.185, 14.87304],
			"rotation": {"angle": 0, "axis": "y", "origin": [8, 8, 9.32304]},
			"faces": {
				"north": {"uv": [16, 0, 0, 16], "texture": "#4"},
				"east": {"uv": [16, 0, 0, 16], "texture": "#4"},
				"south": {"uv": [16, 0, 0, 16], "texture": "#4"},
				"west": {"uv": [16, 0, 0, 16], "texture": "#4"},
				"up": {"uv": [0, 16, 16, 0], "texture": "#4"},
				"down": {"uv": [0, 16, 16, 0], "texture": "#4"}
			}
		},
		{
			"from": [8.20905, 7.8705, 13.76304],
			"to": [8.39405, 8.1295, 14.87304],
			"rotation": {"angle": 45, "axis": "z", "origin": [8, 8, 12.28304]},
			"faces": {
				"north": {"uv": [0, 16, 16, 0], "rotation": 270, "texture": "#4"},
				"east": {"uv": [0, 16, 16, 0], "rotation": 270, "texture": "#4"},
				"south": {"uv": [0, 16, 16, 0], "rotation": 270, "texture": "#4"},
				"west": {"uv": [0, 16, 16, 0], "rotation": 270, "texture": "#4"},
				"up": {"uv": [16, 0, 0, 16], "rotation": 270, "texture": "#4"},
				"down": {"uv": [16, 0, 0, 16], "rotation": 270, "texture": "#4"}
			}
		},
		{
			"from": [7.8705, 8.20905, 13.76304],
			"to": [8.1295, 8.39405, 14.87304],
			"rotation": {"angle": 45, "axis": "z", "origin": [8, 8, 12.28304]},
			"faces": {
				"north": {"uv": [16, 0, 0, 16], "texture": "#4"},
				"east": {"uv": [16, 0, 0, 16], "texture": "#4"},
				"south": {"uv": [16, 0, 0, 16], "texture": "#4"},
				"west": {"uv": [16, 0, 0, 16], "texture": "#4"},
				"up": {"uv": [0, 16, 16, 0], "texture": "#4"},
				"down": {"uv": [0, 16, 16, 0], "texture": "#4"}
			}
		},
		{
			"from": [7.815, 8.185, 13.76304],
			"to": [8.185, 8.37, 14.87304],
			"rotation": {"angle": 0, "axis": "y", "origin": [8, 8, 9.32304]},
			"faces": {
				"north": {"uv": [16, 0, 0, 16], "texture": "#4"},
				"east": {"uv": [16, 0, 0, 16], "texture": "#4"},
				"south": {"uv": [16, 0, 0, 16], "texture": "#4"},
				"west": {"uv": [16, 0, 0, 16], "texture": "#4"},
				"up": {"uv": [0, 16, 16, 0], "texture": "#4"},
				"down": {"uv": [0, 16, 16, 0], "texture": "#4"}
			}
		},
		{
			"from": [8.20905, 7.8705, 13.76304],
			"to": [8.39405, 8.1295, 14.87304],
			"rotation": {"angle": -45, "axis": "z", "origin": [8, 8, 12.28304]},
			"faces": {
				"north": {"uv": [0, 16, 16, 0], "rotation": 270, "texture": "#4"},
				"east": {"uv": [0, 16, 16, 0], "rotation": 270, "texture": "#4"},
				"south": {"uv": [0, 16, 16, 0], "rotation": 270, "texture": "#4"},
				"west": {"uv": [0, 16, 16, 0], "rotation": 270, "texture": "#4"},
				"up": {"uv": [16, 0, 0, 16], "rotation": 270, "texture": "#4"},
				"down": {"uv": [16, 0, 0, 16], "rotation": 270, "texture": "#4"}
			}
		},
		{
			"from": [7.60595, 7.8705, 13.76304],
			"to": [7.79095, 8.1295, 14.87304],
			"rotation": {"angle": 45, "axis": "z", "origin": [8, 8, 12.28304]},
			"faces": {
				"north": {"uv": [0, 16, 16, 0], "rotation": 90, "texture": "#4"},
				"east": {"uv": [0, 16, 16, 0], "rotation": 90, "texture": "#4"},
				"south": {"uv": [0, 16, 16, 0], "rotation": 90, "texture": "#4"},
				"west": {"uv": [0, 16, 16, 0], "rotation": 90, "texture": "#4"},
				"up": {"uv": [16, 0, 0, 16], "rotation": 90, "texture": "#4"},
				"down": {"uv": [16, 0, 0, 16], "rotation": 90, "texture": "#4"}
			}
		},
		{
			"from": [8.185, 7.815, 13.76304],
			"to": [8.37, 8.185, 14.87304],
			"rotation": {"angle": 0, "axis": "y", "origin": [8, 8, 9.32304]},
			"faces": {
				"north": {"uv": [16, 0, 0, 16], "texture": "#4"},
				"east": {"uv": [16, 0, 0, 16], "texture": "#4"},
				"south": {"uv": [16, 0, 0, 16], "texture": "#4"},
				"west": {"uv": [16, 0, 0, 16], "texture": "#4"},
				"up": {"uv": [0, 16, 16, 0], "texture": "#4"},
				"down": {"uv": [0, 16, 16, 0], "texture": "#4"}
			}
		},
		{
			"from": [7.7225, 7.7225, 14.91004],
			"to": [8.2775, 8.2775, 14.91004],
			"rotation": {"angle": 0, "axis": "y", "origin": [8, 8, 9.32304]},
			"faces": {
				"north": {"uv": [13.37504, 2.5625, 2.6875, 13.1875], "texture": "#4"},
				"east": {"uv": [13.37504, 2.5625, 2.6875, 13.1875], "texture": "#4"},
				"south": {"uv": [13.37504, 2.5625, 2.6875, 13.1875], "texture": "#4"},
				"west": {"uv": [13.37504, 2.5625, 2.6875, 13.1875], "texture": "#4"},
				"up": {"uv": [2.6875, 13.1875, 13.37504, 2.5625], "texture": "#4"},
				"down": {"uv": [2.6875, 13.1875, 13.37504, 2.5625], "texture": "#4"}
			}
		},
		{
			"from": [1.625, 7.525, 10.42979],
			"to": [13.625, 7.75, 13.67979],
			"rotation": {"angle": 45, "axis": "z", "origin": [7.625, 7.625, 7.92979]},
			"faces": {
				"north": {"uv": [0, 16, 16, 0], "rotation": 270, "texture": "#1_0"},
				"east": {"uv": [0, 16, 16, 0], "rotation": 270, "texture": "#1_0"},
				"south": {"uv": [0, 16, 16, 0], "rotation": 90, "texture": "#1_0"},
				"west": {"uv": [0, 16, 16, 0], "rotation": 270, "texture": "#1_0"},
				"up": {"uv": [16, 0, 0, 16], "rotation": 270, "texture": "#1_0"},
				"down": {"uv": [16, 0, 0, 16], "rotation": 270, "texture": "#1_0"}
			}
		},
		{
			"from": [7.9, 2, 10.42979],
			"to": [8.125, 14, 13.67979],
			"rotation": {"angle": 45, "axis": "z", "origin": [7.625, 8, 7.92979]},
			"faces": {
				"north": {"uv": [16, 0, 0, 16], "texture": "#1_0"},
				"east": {"uv": [16, 0, 0, 16], "texture": "#1_0"},
				"south": {"uv": [16, 0, 0, 16], "texture": "#1_0"},
				"west": {"uv": [16, 0, 0, 16], "texture": "#1_0"},
				"up": {"uv": [0, 16, 16, 0], "texture": "#1_0"},
				"down": {"uv": [0, 16, 16, 0], "texture": "#1_0"}
			}
		},
		{
			"from": [1.625, 7.9, 10.42979],
			"to": [13.625, 8.125, 13.67979],
			"rotation": {"angle": 0, "axis": "z", "origin": [7.625, 7.625, 7.92979]},
			"faces": {
				"north": {"uv": [0, 16, 16, 0], "rotation": 270, "texture": "#1_0"},
				"east": {"uv": [0, 16, 16, 0], "rotation": 270, "texture": "#1_0"},
				"south": {"uv": [0, 16, 16, 0], "rotation": 90, "texture": "#1_0"},
				"west": {"uv": [0, 16, 16, 0], "rotation": 270, "texture": "#1_0"},
				"up": {"uv": [16, 0, 0, 16], "rotation": 270, "texture": "#1_0"},
				"down": {"uv": [16, 0, 0, 16], "rotation": 270, "texture": "#1_0"}
			}
		},
		{
			"from": [7.9, 2, 10.42979],
			"to": [8.125, 14, 13.67979],
			"rotation": {"angle": 0, "axis": "y", "origin": [7.625, 8, 7.92979]},
			"faces": {
				"north": {"uv": [16, 0, 0, 16], "texture": "#1_0"},
				"east": {"uv": [16, 0, 0, 16], "texture": "#1_0"},
				"south": {"uv": [16, 0, 0, 16], "texture": "#1_0"},
				"west": {"uv": [16, 0, 0, 16], "texture": "#1_0"},
				"up": {"uv": [0, 16, 16, 0], "texture": "#1_0"},
				"down": {"uv": [0, 16, 16, 0], "texture": "#1_0"}
			}
		}
	],
	"display": {
		"firstperson_righthand": {
			"scale": [0, 0, 0]
		},
		"firstperson_lefthand": {
			"scale": [0, 0, 0]
		},
		"gui": {
			"rotation": [-8, 172, 0],
			"translation": [0.25, -0.25, 0],
			"scale": [0.91, 0.89, 0.87]
		},
		"head": {
			"scale": [1.02, 1, 1]
		},
		"fixed": {
			"rotation": [90, 0, 0],
			"translation": [0, 0, -15],
			"scale": [2, 2, 2]
		}
	},
	"groups": [
		{
			"name": "grindstone",
			"origin": [8, 8, 8],
			"children": [
				{
					"name": "pneu",
					"origin": [8, 8, 8],
					"children": [0, 1, 2, 3, 4, 5, 6, 7, 8,
						{
							"name": "group2",
							"origin": [8, 8, 8],
							"children": [9, 10, 11, 12, 13, 14, 15]
						}, 16, 17, 18, 19, 20, 21, 22, 23, 24, 25, 26, 27, 28, 29, 30, 31]
				},
				{
					"name": "cadre sup jante",
					"origin": [8, 8, 8],
					"children": [32, 33, 34, 35, 36, 37, 38, 39, 40, 41, 42, 43, 44, 45, 46, 47]
				},
				{
					"name": "point central",
					"origin": [8, 8, 8],
					"children": [48, 49, 50, 51, 52, 53, 54, 55, 56]
				},
				{
					"name": "point central 2",
					"origin": [8, 8, 8],
					"children": [57, 58, 59, 60, 61, 62, 63, 64, 65]
				},
				{
					"name": "branches",
					"origin": [8, 8, 8],
					"children": [66, 67, 68, 69, 70, 71, 72, 73, 74, 75]
				},
				{
					"name": "fond",
					"origin": [8, 8, 8],
					"children": [76, 77, 78, 79, 80, 81, 82, 83, 84, 85, 86, 87, 88, 89, 90, 91]
				},
				{
					"name": "contour jante",
					"origin": [8, 8, 8],
					"children": [92, 93, 94, 95, 96, 97, 98, 99, 100, 101, 102, 103, 104, 105, 106, 107, 108, 109, 110, 111, 112]
				},
				{
					"name": "logo rond",
					"origin": [8, 8, 8],
					"children": [113, 114, 115, 116, 117, 118, 119, 120, 121, 122]
				}
			]
		}, 123, 124, 125, 126]
}