{
	"credit": "ALTA Commons - All right reserved (c)",
	"textures": {
		"4": "block/black_wool",
		"5": "block/acacia_planks",
		"7": "block/3d/stone",
		"particle": "block/3d/stone"
	},
	"elements": [
		{
			"from": [1, 14, 6.57021],
			"to": [9.625, 16, 9.57021],
			"rotation": {"angle": -45, "axis": "x", "origin": [8, 8, 8.07021]},
			"faces": {
				"north": {"uv": [0, 0, 16, 16], "rotation": 180, "texture": "#7"},
				"east": {"uv": [0, 0, 16, 16], "rotation": 180, "texture": "#7"},
				"south": {"uv": [0, 0, 16, 16], "rotation": 180, "texture": "#7"},
				"west": {"uv": [0, 0, 16, 16], "rotation": 180, "texture": "#7"},
				"up": {"uv": [0, 0, 16, 16], "rotation": 90, "texture": "#7"},
				"down": {"uv": [0, 0, 16, 16], "rotation": 270, "texture": "#7"}
			}
		},
		{
			"from": [1, 14, 6.57021],
			"to": [9.625, 16, 9.57021],
			"rotation": {"angle": 0, "axis": "y", "origin": [8, 8, 8.07021]},
			"faces": {
				"north": {"uv": [0, 0, 16, 16], "rotation": 180, "texture": "#7"},
				"east": {"uv": [0, 0, 16, 16], "rotation": 180, "texture": "#7"},
				"south": {"uv": [0, 0, 16, 16], "rotation": 180, "texture": "#7"},
				"west": {"uv": [0, 0, 16, 16], "rotation": 180, "texture": "#7"},
				"up": {"uv": [0, 0, 16, 16], "rotation": 90, "texture": "#7"},
				"down": {"uv": [0, 0, 16, 16], "rotation": 270, "texture": "#7"}
			}
		},
		{
			"from": [1, 14, 6.57021],
			"to": [9.625, 16, 9.57021],
			"rotation": {"angle": -22.5, "axis": "x", "origin": [8, 8, 8.07021]},
			"faces": {
				"north": {"uv": [0, 0, 16, 16], "rotation": 180, "texture": "#7"},
				"east": {"uv": [0, 0, 16, 16], "rotation": 180, "texture": "#7"},
				"south": {"uv": [0, 0, 16, 16], "rotation": 180, "texture": "#7"},
				"west": {"uv": [0, 0, 16, 16], "rotation": 180, "texture": "#7"},
				"up": {"uv": [0, 0, 16, 16], "rotation": 90, "texture": "#7"},
				"down": {"uv": [0, 0, 16, 16], "rotation": 270, "texture": "#7"}
			}
		},
		{
			"from": [1, 6.5, 0.07021],
			"to": [9.625, 9.5, 2.07021],
			"rotation": {"angle": 22.5, "axis": "x", "origin": [8, 8, 8.07021]},
			"faces": {
				"north": {"uv": [0, 0, 16, 16], "rotation": 90, "texture": "#7"},
				"east": {"uv": [0, 0, 16, 16], "rotation": 90, "texture": "#7"},
				"south": {"uv": [0, 0, 16, 16], "rotation": 90, "texture": "#7"},
				"west": {"uv": [0, 0, 16, 16], "rotation": 90, "texture": "#7"},
				"up": {"uv": [0, 0, 16, 16], "texture": "#7"},
				"down": {"uv": [0, 0, 16, 16], "rotation": 180, "texture": "#7"}
			}
		},
		{
			"from": [1, 0, 6.57021],
			"to": [9.625, 2, 9.57021],
			"rotation": {"angle": 0, "axis": "y", "origin": [8, 8, 8.07021]},
			"faces": {
				"north": {"uv": [0, 0, 16, 16], "texture": "#7"},
				"east": {"uv": [0, 0, 16, 16], "texture": "#7"},
				"south": {"uv": [0, 0, 16, 16], "texture": "#7"},
				"west": {"uv": [0, 0, 16, 16], "texture": "#7"},
				"up": {"uv": [0, 0, 16, 16], "rotation": 270, "texture": "#7"},
				"down": {"uv": [0, 0, 16, 16], "rotation": 90, "texture": "#7"}
			}
		},
		{
			"from": [1, 0, 6.57021],
			"to": [9.625, 2, 9.57021],
			"rotation": {"angle": 22.5, "axis": "x", "origin": [8, 8, 8.07021]},
			"faces": {
				"north": {"uv": [0, 0, 16, 16], "texture": "#7"},
				"east": {"uv": [0, 0, 16, 16], "texture": "#7"},
				"south": {"uv": [0, 0, 16, 16], "texture": "#7"},
				"west": {"uv": [0, 0, 16, 16], "texture": "#7"},
				"up": {"uv": [0, 0, 16, 16], "rotation": 270, "texture": "#7"},
				"down": {"uv": [0, 0, 16, 16], "rotation": 90, "texture": "#7"}
			}
		},
		{
			"from": [1, 6.5, 0.07021],
			"to": [9.625, 9.5, 2.07021],
			"rotation": {"angle": -22.5, "axis": "x", "origin": [8, 8, 8.07021]},
			"faces": {
				"north": {"uv": [0, 0, 16, 16], "rotation": 90, "texture": "#7"},
				"east": {"uv": [0, 0, 16, 16], "rotation": 90, "texture": "#7"},
				"south": {"uv": [0, 0, 16, 16], "rotation": 90, "texture": "#7"},
				"west": {"uv": [0, 0, 16, 16], "rotation": 90, "texture": "#7"},
				"up": {"uv": [0, 0, 16, 16], "texture": "#7"},
				"down": {"uv": [0, 0, 16, 16], "rotation": 180, "texture": "#7"}
			}
		},
		{
			"from": [1, 6.5, 0.07021],
			"to": [9.625, 9.5, 2.07021],
			"rotation": {"angle": -45, "axis": "x", "origin": [8, 8, 8.07021]},
			"faces": {
				"north": {"uv": [0, 0, 16, 16], "rotation": 90, "texture": "#7"},
				"east": {"uv": [0, 0, 16, 16], "rotation": 90, "texture": "#7"},
				"south": {"uv": [0, 0, 16, 16], "rotation": 90, "texture": "#7"},
				"west": {"uv": [0, 0, 16, 16], "rotation": 90, "texture": "#7"},
				"up": {"uv": [0, 0, 16, 16], "texture": "#7"},
				"down": {"uv": [0, 0, 16, 16], "rotation": 180, "texture": "#7"}
			}
		},
		{
			"from": [1, 6.5, 0.07021],
			"to": [9.625, 9.5, 2.07021],
			"rotation": {"angle": 0, "axis": "y", "origin": [8, 8, 8.07021]},
			"faces": {
				"north": {"uv": [0, 0, 16, 16], "rotation": 90, "texture": "#7"},
				"east": {"uv": [0, 0, 16, 16], "rotation": 90, "texture": "#7"},
				"south": {"uv": [0, 0, 16, 16], "rotation": 90, "texture": "#7"},
				"west": {"uv": [0, 0, 16, 16], "rotation": 90, "texture": "#7"},
				"up": {"uv": [0, 0, 16, 16], "texture": "#7"},
				"down": {"uv": [0, 0, 16, 16], "rotation": 180, "texture": "#7"}
			}
		},
		{
			"from": [1, 0, 6.57021],
			"to": [9.625, 2, 9.57021],
			"rotation": {"angle": -45, "axis": "x", "origin": [8, 8, 8.07021]},
			"faces": {
				"north": {"uv": [0, 0, 16, 16], "texture": "#7"},
				"east": {"uv": [0, 0, 16, 16], "texture": "#7"},
				"south": {"uv": [0, 0, 16, 16], "texture": "#7"},
				"west": {"uv": [0, 0, 16, 16], "texture": "#7"},
				"up": {"uv": [0, 0, 16, 16], "rotation": 270, "texture": "#7"},
				"down": {"uv": [0, 0, 16, 16], "rotation": 90, "texture": "#7"}
			}
		},
		{
			"from": [1, 0, 6.57021],
			"to": [9.625, 2, 9.57021],
			"rotation": {"angle": -22.5, "axis": "x", "origin": [8, 8, 8.07021]},
			"faces": {
				"north": {"uv": [0, 0, 16, 16], "texture": "#7"},
				"east": {"uv": [0, 0, 16, 16], "texture": "#7"},
				"south": {"uv": [0, 0, 16, 16], "texture": "#7"},
				"west": {"uv": [0, 0, 16, 16], "texture": "#7"},
				"up": {"uv": [0, 0, 16, 16], "rotation": 270, "texture": "#7"},
				"down": {"uv": [0, 0, 16, 16], "rotation": 90, "texture": "#7"}
			}
		},
		{
			"from": [1, 6.5, 14.07021],
			"to": [9.625, 9.5, 16.07021],
			"rotation": {"angle": 22.5, "axis": "x", "origin": [8, 8, 8.07021]},
			"faces": {
				"north": {"uv": [0, 0, 16, 16], "rotation": 270, "texture": "#7"},
				"east": {"uv": [0, 0, 16, 16], "rotation": 270, "texture": "#7"},
				"south": {"uv": [0, 0, 16, 16], "rotation": 270, "texture": "#7"},
				"west": {"uv": [0, 0, 16, 16], "rotation": 270, "texture": "#7"},
				"up": {"uv": [0, 0, 16, 16], "rotation": 180, "texture": "#7"},
				"down": {"uv": [0, 0, 16, 16], "texture": "#7"}
			}
		},
		{
			"from": [1, 14, 6.57021],
			"to": [9.625, 16, 9.57021],
			"rotation": {"angle": 22.5, "axis": "x", "origin": [8, 8, 8.07021]},
			"faces": {
				"north": {"uv": [0, 0, 16, 16], "rotation": 180, "texture": "#7"},
				"east": {"uv": [0, 0, 16, 16], "rotation": 180, "texture": "#7"},
				"south": {"uv": [0, 0, 16, 16], "rotation": 180, "texture": "#7"},
				"west": {"uv": [0, 0, 16, 16], "rotation": 180, "texture": "#7"},
				"up": {"uv": [0, 0, 16, 16], "rotation": 90, "texture": "#7"},
				"down": {"uv": [0, 0, 16, 16], "rotation": 270, "texture": "#7"}
			}
		},
		{
			"from": [1, 6.5, 14.07021],
			"to": [9.625, 9.5, 16.07021],
			"rotation": {"angle": -22.5, "axis": "x", "origin": [8, 8, 8.07021]},
			"faces": {
				"north": {"uv": [0, 0, 16, 16], "rotation": 270, "texture": "#7"},
				"east": {"uv": [0, 0, 16, 16], "rotation": 270, "texture": "#7"},
				"south": {"uv": [0, 0, 16, 16], "rotation": 270, "texture": "#7"},
				"west": {"uv": [0, 0, 16, 16], "rotation": 270, "texture": "#7"},
				"up": {"uv": [0, 0, 16, 16], "rotation": 180, "texture": "#7"},
				"down": {"uv": [0, 0, 16, 16], "texture": "#7"}
			}
		},
		{
			"from": [1, 14, 6.57021],
			"to": [9.625, 16, 9.57021],
			"rotation": {"angle": 45, "axis": "x", "origin": [8, 8, 8.07021]},
			"faces": {
				"north": {"uv": [0, 0, 16, 16], "rotation": 180, "texture": "#7"},
				"east": {"uv": [0, 0, 16, 16], "rotation": 180, "texture": "#7"},
				"south": {"uv": [0, 0, 16, 16], "rotation": 180, "texture": "#7"},
				"west": {"uv": [0, 0, 16, 16], "rotation": 180, "texture": "#7"},
				"up": {"uv": [0, 0, 16, 16], "rotation": 90, "texture": "#7"},
				"down": {"uv": [0, 0, 16, 16], "rotation": 270, "texture": "#7"}
			}
		},
		{
			"from": [1, 6.5, 14.07021],
			"to": [9.625, 9.5, 16.07021],
			"rotation": {"angle": 0, "axis": "y", "origin": [8, 8, 8.07021]},
			"faces": {
				"north": {"uv": [0, 0, 16, 16], "rotation": 270, "texture": "#7"},
				"east": {"uv": [0, 0, 16, 16], "rotation": 270, "texture": "#7"},
				"south": {"uv": [0, 0, 16, 16], "rotation": 270, "texture": "#7"},
				"west": {"uv": [0, 0, 16, 16], "rotation": 270, "texture": "#7"},
				"up": {"uv": [0, 0, 16, 16], "rotation": 180, "texture": "#7"},
				"down": {"uv": [0, 0, 16, 16], "texture": "#7"}
			}
		},
		{
			"from": [1, 0.028, 6.40021],
			"to": [9.625, 1.028, 7.40021],
			"rotation": {"angle": -22.5, "axis": "x", "origin": [8, 8, 8.07021]},
			"faces": {
				"north": {"uv": [0, 0, 16, 16], "texture": "#7"},
				"east": {"uv": [0, 0, 16, 16], "texture": "#7"},
				"south": {"uv": [0, 0, 16, 16], "texture": "#7"},
				"west": {"uv": [0, 0, 16, 16], "texture": "#7"},
				"up": {"uv": [0, 0, 16, 16], "rotation": 270, "texture": "#7"},
				"down": {"uv": [0, 0, 16, 16], "rotation": 90, "texture": "#7"}
			}
		},
		{
			"from": [1, 6.33, 15.04221],
			"to": [9.625, 7.33, 16.04221],
			"rotation": {"angle": 0, "axis": "y", "origin": [8, 8, 8.07021]},
			"faces": {
				"north": {"uv": [0, 0, 16, 16], "rotation": 270, "texture": "#7"},
				"east": {"uv": [0, 0, 16, 16], "rotation": 270, "texture": "#7"},
				"south": {"uv": [0, 0, 16, 16], "rotation": 270, "texture": "#7"},
				"west": {"uv": [0, 0, 16, 16], "rotation": 270, "texture": "#7"},
				"up": {"uv": [0, 0, 16, 16], "rotation": 180, "texture": "#7"},
				"down": {"uv": [0, 0, 16, 16], "texture": "#7"}
			}
		},
		{
			"from": [1, 6.33, 15.04221],
			"to": [9.625, 7.33, 16.04221],
			"rotation": {"angle": 22.5, "axis": "x", "origin": [8, 8, 8.07021]},
			"faces": {
				"north": {"uv": [0, 0, 16, 16], "rotation": 270, "texture": "#7"},
				"east": {"uv": [0, 0, 16, 16], "rotation": 270, "texture": "#7"},
				"south": {"uv": [0, 0, 16, 16], "rotation": 270, "texture": "#7"},
				"west": {"uv": [0, 0, 16, 16], "rotation": 270, "texture": "#7"},
				"up": {"uv": [0, 0, 16, 16], "rotation": 180, "texture": "#7"},
				"down": {"uv": [0, 0, 16, 16], "texture": "#7"}
			}
		},
		{
			"from": [1, 6.33, 15.04221],
			"to": [9.625, 7.33, 16.04221],
			"rotation": {"angle": -45, "axis": "x", "origin": [8, 8, 8.07021]},
			"faces": {
				"north": {"uv": [0, 0, 16, 16], "rotation": 270, "texture": "#7"},
				"east": {"uv": [0, 0, 16, 16], "rotation": 270, "texture": "#7"},
				"south": {"uv": [0, 0, 16, 16], "rotation": 270, "texture": "#7"},
				"west": {"uv": [0, 0, 16, 16], "rotation": 270, "texture": "#7"},
				"up": {"uv": [0, 0, 16, 16], "rotation": 180, "texture": "#7"},
				"down": {"uv": [0, 0, 16, 16], "texture": "#7"}
			}
		},
		{
			"from": [1, 14.972, 8.74021],
			"to": [9.625, 15.972, 9.74021],
			"rotation": {"angle": 22.5, "axis": "x", "origin": [8, 8, 8.07021]},
			"faces": {
				"north": {"uv": [0, 0, 16, 16], "rotation": 180, "texture": "#7"},
				"east": {"uv": [0, 0, 16, 16], "rotation": 180, "texture": "#7"},
				"south": {"uv": [0, 0, 16, 16], "rotation": 180, "texture": "#7"},
				"west": {"uv": [0, 0, 16, 16], "rotation": 180, "texture": "#7"},
				"up": {"uv": [0, 0, 16, 16], "rotation": 90, "texture": "#7"},
				"down": {"uv": [0, 0, 16, 16], "rotation": 270, "texture": "#7"}
			}
		},
		{
			"from": [1, 14.972, 8.74021],
			"to": [9.625, 15.972, 9.74021],
			"rotation": {"angle": 0, "axis": "y", "origin": [8, 8, 8.07021]},
			"faces": {
				"north": {"uv": [0, 0, 16, 16], "rotation": 180, "texture": "#7"},
				"east": {"uv": [0, 0, 16, 16], "rotation": 180, "texture": "#7"},
				"south": {"uv": [0, 0, 16, 16], "rotation": 180, "texture": "#7"},
				"west": {"uv": [0, 0, 16, 16], "rotation": 180, "texture": "#7"},
				"up": {"uv": [0, 0, 16, 16], "rotation": 90, "texture": "#7"},
				"down": {"uv": [0, 0, 16, 16], "rotation": 270, "texture": "#7"}
			}
		},
		{
			"from": [1, 6.33, 15.04221],
			"to": [9.625, 7.33, 16.04221],
			"rotation": {"angle": -22.5, "axis": "x", "origin": [8, 8, 8.07021]},
			"faces": {
				"north": {"uv": [0, 0, 16, 16], "rotation": 270, "texture": "#7"},
				"east": {"uv": [0, 0, 16, 16], "rotation": 270, "texture": "#7"},
				"south": {"uv": [0, 0, 16, 16], "rotation": 270, "texture": "#7"},
				"west": {"uv": [0, 0, 16, 16], "rotation": 270, "texture": "#7"},
				"up": {"uv": [0, 0, 16, 16], "rotation": 180, "texture": "#7"},
				"down": {"uv": [0, 0, 16, 16], "texture": "#7"}
			}
		},
		{
			"from": [1, 14.972, 8.74021],
			"to": [9.625, 15.972, 9.74021],
			"rotation": {"angle": -22.5, "axis": "x", "origin": [8, 8, 8.07021]},
			"faces": {
				"north": {"uv": [0, 0, 16, 16], "rotation": 180, "texture": "#7"},
				"east": {"uv": [0, 0, 16, 16], "rotation": 180, "texture": "#7"},
				"south": {"uv": [0, 0, 16, 16], "rotation": 180, "texture": "#7"},
				"west": {"uv": [0, 0, 16, 16], "rotation": 180, "texture": "#7"},
				"up": {"uv": [0, 0, 16, 16], "rotation": 90, "texture": "#7"},
				"down": {"uv": [0, 0, 16, 16], "rotation": 270, "texture": "#7"}
			}
		},
		{
			"from": [1, 14.972, 8.74021],
			"to": [9.625, 15.972, 9.74021],
			"rotation": {"angle": -45, "axis": "x", "origin": [8, 8, 8.07021]},
			"faces": {
				"north": {"uv": [0, 0, 16, 16], "rotation": 180, "texture": "#7"},
				"east": {"uv": [0, 0, 16, 16], "rotation": 180, "texture": "#7"},
				"south": {"uv": [0, 0, 16, 16], "rotation": 180, "texture": "#7"},
				"west": {"uv": [0, 0, 16, 16], "rotation": 180, "texture": "#7"},
				"up": {"uv": [0, 0, 16, 16], "rotation": 90, "texture": "#7"},
				"down": {"uv": [0, 0, 16, 16], "rotation": 270, "texture": "#7"}
			}
		},
		{
			"from": [1, 8.67, 0.09821],
			"to": [9.625, 9.67, 1.09821],
			"rotation": {"angle": 22.5, "axis": "x", "origin": [8, 8, 8.07021]},
			"faces": {
				"north": {"uv": [0, 0, 16, 16], "rotation": 90, "texture": "#7"},
				"east": {"uv": [0, 0, 16, 16], "rotation": 90, "texture": "#7"},
				"south": {"uv": [0, 0, 16, 16], "rotation": 90, "texture": "#7"},
				"west": {"uv": [0, 0, 16, 16], "rotation": 90, "texture": "#7"},
				"up": {"uv": [0, 0, 16, 16], "texture": "#7"},
				"down": {"uv": [0, 0, 16, 16], "rotation": 180, "texture": "#7"}
			}
		},
		{
			"from": [1, 8.67, 0.09821],
			"to": [9.625, 9.67, 1.09821],
			"rotation": {"angle": 0, "axis": "y", "origin": [8, 8, 8.07021]},
			"faces": {
				"north": {"uv": [0, 0, 16, 16], "rotation": 90, "texture": "#7"},
				"east": {"uv": [0, 0, 16, 16], "rotation": 90, "texture": "#7"},
				"south": {"uv": [0, 0, 16, 16], "rotation": 90, "texture": "#7"},
				"west": {"uv": [0, 0, 16, 16], "rotation": 90, "texture": "#7"},
				"up": {"uv": [0, 0, 16, 16], "texture": "#7"},
				"down": {"uv": [0, 0, 16, 16], "rotation": 180, "texture": "#7"}
			}
		},
		{
			"from": [1, 8.67, 0.09821],
			"to": [9.625, 9.67, 1.09821],
			"rotation": {"angle": -22.5, "axis": "x", "origin": [8, 8, 8.07021]},
			"faces": {
				"north": {"uv": [0, 0, 16, 16], "rotation": 90, "texture": "#7"},
				"east": {"uv": [0, 0, 16, 16], "rotation": 90, "texture": "#7"},
				"south": {"uv": [0, 0, 16, 16], "rotation": 90, "texture": "#7"},
				"west": {"uv": [0, 0, 16, 16], "rotation": 90, "texture": "#7"},
				"up": {"uv": [0, 0, 16, 16], "texture": "#7"},
				"down": {"uv": [0, 0, 16, 16], "rotation": 180, "texture": "#7"}
			}
		},
		{
			"from": [1, 8.67, 0.09821],
			"to": [9.625, 9.67, 1.09821],
			"rotation": {"angle": -45, "axis": "x", "origin": [8, 8, 8.07021]},
			"faces": {
				"north": {"uv": [0, 0, 16, 16], "rotation": 90, "texture": "#7"},
				"east": {"uv": [0, 0, 16, 16], "rotation": 90, "texture": "#7"},
				"south": {"uv": [0, 0, 16, 16], "rotation": 90, "texture": "#7"},
				"west": {"uv": [0, 0, 16, 16], "rotation": 90, "texture": "#7"},
				"up": {"uv": [0, 0, 16, 16], "texture": "#7"},
				"down": {"uv": [0, 0, 16, 16], "rotation": 180, "texture": "#7"}
			}
		},
		{
			"from": [1, 0.028, 6.40021],
			"to": [9.625, 1.028, 7.40021],
			"rotation": {"angle": 22.5, "axis": "x", "origin": [8, 8, 8.07021]},
			"faces": {
				"north": {"uv": [0, 0, 16, 16], "texture": "#7"},
				"east": {"uv": [0, 0, 16, 16], "texture": "#7"},
				"south": {"uv": [0, 0, 16, 16], "texture": "#7"},
				"west": {"uv": [0, 0, 16, 16], "texture": "#7"},
				"up": {"uv": [0, 0, 16, 16], "rotation": 270, "texture": "#7"},
				"down": {"uv": [0, 0, 16, 16], "rotation": 90, "texture": "#7"}
			}
		},
		{
			"from": [1, 0.028, 6.40021],
			"to": [9.625, 1.028, 7.40021],
			"rotation": {"angle": -45, "axis": "x", "origin": [8, 8, 8.07021]},
			"faces": {
				"north": {"uv": [0, 0, 16, 16], "texture": "#7"},
				"east": {"uv": [0, 0, 16, 16], "texture": "#7"},
				"south": {"uv": [0, 0, 16, 16], "texture": "#7"},
				"west": {"uv": [0, 0, 16, 16], "texture": "#7"},
				"up": {"uv": [0, 0, 16, 16], "rotation": 270, "texture": "#7"},
				"down": {"uv": [0, 0, 16, 16], "rotation": 90, "texture": "#7"}
			}
		},
		{
			"from": [1, 0.028, 6.40021],
			"to": [9.625, 1.028, 7.40021],
			"rotation": {"angle": 0, "axis": "y", "origin": [8, 8, 8.07021]},
			"faces": {
				"north": {"uv": [0, 0, 16, 16], "texture": "#7"},
				"east": {"uv": [0, 0, 16, 16], "texture": "#7"},
				"south": {"uv": [0, 0, 16, 16], "texture": "#7"},
				"west": {"uv": [0, 0, 16, 16], "texture": "#7"},
				"up": {"uv": [0, 0, 16, 16], "rotation": 270, "texture": "#7"},
				"down": {"uv": [0, 0, 16, 16], "rotation": 90, "texture": "#7"}
			}
		},
		{
			"from": [1.24, 6, 13.57021],
			"to": [9.615, 10.25, 14.07021],
			"rotation": {"angle": 22.5, "axis": "x", "origin": [8, 8, 8.07021]},
			"faces": {
				"north": {"uv": [0, 0, 16, 16], "rotation": 270, "texture": "#5"},
				"east": {"uv": [0, 0, 16, 16], "rotation": 270, "texture": "#5"},
				"south": {"uv": [0, 0, 16, 16], "rotation": 270, "texture": "#5"},
				"west": {"uv": [0, 0, 16, 16], "rotation": 270, "texture": "#5"},
				"up": {"uv": [0, 0, 16, 16], "rotation": 180, "texture": "#5"},
				"down": {"uv": [0, 0, 16, 16], "texture": "#5"}
			}
		},
		{
			"from": [1.24, 2, 6.07021],
			"to": [9.615, 2.5, 10.32021],
			"rotation": {"angle": 0, "axis": "y", "origin": [8, 8, 8.07021]},
			"faces": {
				"north": {"uv": [0, 0, 16, 16], "texture": "#5"},
				"east": {"uv": [0, 0, 16, 16], "texture": "#5"},
				"south": {"uv": [0, 0, 16, 16], "texture": "#5"},
				"west": {"uv": [0, 0, 16, 16], "texture": "#5"},
				"up": {"uv": [0, 0, 16, 16], "rotation": 270, "texture": "#5"},
				"down": {"uv": [0, 0, 16, 16], "rotation": 90, "texture": "#5"}
			}
		},
		{
			"from": [1.24, 6, 13.57021],
			"to": [9.615, 10.25, 14.07021],
			"rotation": {"angle": -45, "axis": "x", "origin": [8, 8, 8.07021]},
			"faces": {
				"north": {"uv": [0, 0, 16, 16], "rotation": 270, "texture": "#5"},
				"east": {"uv": [0, 0, 16, 16], "rotation": 270, "texture": "#5"},
				"south": {"uv": [0, 0, 16, 16], "rotation": 270, "texture": "#5"},
				"west": {"uv": [0, 0, 16, 16], "rotation": 270, "texture": "#5"},
				"up": {"uv": [0, 0, 16, 16], "rotation": 180, "texture": "#5"},
				"down": {"uv": [0, 0, 16, 16], "texture": "#5"}
			}
		},
		{
			"from": [1.24, 2, 6.07021],
			"to": [9.615, 2.5, 10.32021],
			"rotation": {"angle": 22.5, "axis": "x", "origin": [8, 8, 8.07021]},
			"faces": {
				"north": {"uv": [0, 0, 16, 16], "texture": "#5"},
				"east": {"uv": [0, 0, 16, 16], "texture": "#5"},
				"south": {"uv": [0, 0, 16, 16], "texture": "#5"},
				"west": {"uv": [0, 0, 16, 16], "texture": "#5"},
				"up": {"uv": [0, 0, 16, 16], "rotation": 270, "texture": "#5"},
				"down": {"uv": [0, 0, 16, 16], "rotation": 90, "texture": "#5"}
			}
		},
		{
			"from": [1.24, 5.75, 2.07021],
			"to": [9.615, 10, 2.57021],
			"rotation": {"angle": -45, "axis": "x", "origin": [8, 8, 8.07021]},
			"faces": {
				"north": {"uv": [0, 0, 16, 16], "rotation": 90, "texture": "#5"},
				"east": {"uv": [0, 0, 16, 16], "rotation": 90, "texture": "#5"},
				"south": {"uv": [0, 0, 16, 16], "rotation": 90, "texture": "#5"},
				"west": {"uv": [0, 0, 16, 16], "rotation": 90, "texture": "#5"},
				"up": {"uv": [0, 0, 16, 16], "texture": "#5"},
				"down": {"uv": [0, 0, 16, 16], "rotation": 180, "texture": "#5"}
			}
		},
		{
			"from": [1.24, 5.75, 2.07021],
			"to": [9.615, 10, 2.57021],
			"rotation": {"angle": -22.5, "axis": "x", "origin": [8, 8, 8.07021]},
			"faces": {
				"north": {"uv": [0, 0, 16, 16], "rotation": 90, "texture": "#5"},
				"east": {"uv": [0, 0, 16, 16], "rotation": 90, "texture": "#5"},
				"south": {"uv": [0, 0, 16, 16], "rotation": 90, "texture": "#5"},
				"west": {"uv": [0, 0, 16, 16], "rotation": 90, "texture": "#5"},
				"up": {"uv": [0, 0, 16, 16], "texture": "#5"},
				"down": {"uv": [0, 0, 16, 16], "rotation": 180, "texture": "#5"}
			}
		},
		{
			"from": [1.24, 5.75, 2.07021],
			"to": [9.615, 10, 2.57021],
			"rotation": {"angle": 0, "axis": "y", "origin": [8, 8, 8.07021]},
			"faces": {
				"north": {"uv": [0, 0, 16, 16], "rotation": 90, "texture": "#5"},
				"east": {"uv": [0, 0, 16, 16], "rotation": 90, "texture": "#5"},
				"south": {"uv": [0, 0, 16, 16], "rotation": 90, "texture": "#5"},
				"west": {"uv": [0, 0, 16, 16], "rotation": 90, "texture": "#5"},
				"up": {"uv": [0, 0, 16, 16], "texture": "#5"},
				"down": {"uv": [0, 0, 16, 16], "rotation": 180, "texture": "#5"}
			}
		},
		{
			"from": [1.24, 13.5, 5.82021],
			"to": [9.615, 14, 10.07021],
			"rotation": {"angle": -45, "axis": "x", "origin": [8, 8, 8.07021]},
			"faces": {
				"north": {"uv": [0, 0, 16, 16], "rotation": 180, "texture": "#5"},
				"east": {"uv": [0, 0, 16, 16], "rotation": 180, "texture": "#5"},
				"south": {"uv": [0, 0, 16, 16], "rotation": 180, "texture": "#5"},
				"west": {"uv": [0, 0, 16, 16], "rotation": 180, "texture": "#5"},
				"up": {"uv": [0, 0, 16, 16], "rotation": 90, "texture": "#5"},
				"down": {"uv": [0, 0, 16, 16], "rotation": 270, "texture": "#5"}
			}
		},
		{
			"from": [1.24, 13.5, 5.82021],
			"to": [9.615, 14, 10.07021],
			"rotation": {"angle": -22.5, "axis": "x", "origin": [8, 8, 8.07021]},
			"faces": {
				"north": {"uv": [0, 0, 16, 16], "rotation": 180, "texture": "#5"},
				"east": {"uv": [0, 0, 16, 16], "rotation": 180, "texture": "#5"},
				"south": {"uv": [0, 0, 16, 16], "rotation": 180, "texture": "#5"},
				"west": {"uv": [0, 0, 16, 16], "rotation": 180, "texture": "#5"},
				"up": {"uv": [0, 0, 16, 16], "rotation": 90, "texture": "#5"},
				"down": {"uv": [0, 0, 16, 16], "rotation": 270, "texture": "#5"}
			}
		},
		{
			"from": [1.24, 5.75, 2.07021],
			"to": [9.615, 10, 2.57021],
			"rotation": {"angle": 22.5, "axis": "x", "origin": [8, 8, 8.07021]},
			"faces": {
				"north": {"uv": [0, 0, 16, 16], "rotation": 90, "texture": "#5"},
				"east": {"uv": [0, 0, 16, 16], "rotation": 90, "texture": "#5"},
				"south": {"uv": [0, 0, 16, 16], "rotation": 90, "texture": "#5"},
				"west": {"uv": [0, 0, 16, 16], "rotation": 90, "texture": "#5"},
				"up": {"uv": [0, 0, 16, 16], "texture": "#5"},
				"down": {"uv": [0, 0, 16, 16], "rotation": 180, "texture": "#5"}
			}
		},
		{
			"from": [1.24, 13.5, 5.82021],
			"to": [9.615, 14, 10.07021],
			"rotation": {"angle": 22.5, "axis": "x", "origin": [8, 8, 8.07021]},
			"faces": {
				"north": {"uv": [0, 0, 16, 16], "rotation": 180, "texture": "#5"},
				"east": {"uv": [0, 0, 16, 16], "rotation": 180, "texture": "#5"},
				"south": {"uv": [0, 0, 16, 16], "rotation": 180, "texture": "#5"},
				"west": {"uv": [0, 0, 16, 16], "rotation": 180, "texture": "#5"},
				"up": {"uv": [0, 0, 16, 16], "rotation": 90, "texture": "#5"},
				"down": {"uv": [0, 0, 16, 16], "rotation": 270, "texture": "#5"}
			}
		},
		{
			"from": [1.24, 6, 13.57021],
			"to": [9.615, 10.25, 14.07021],
			"rotation": {"angle": 0, "axis": "y", "origin": [8, 8, 8.07021]},
			"faces": {
				"north": {"uv": [0, 0, 16, 16], "rotation": 270, "texture": "#5"},
				"east": {"uv": [0, 0, 16, 16], "rotation": 270, "texture": "#5"},
				"south": {"uv": [0, 0, 16, 16], "rotation": 270, "texture": "#5"},
				"west": {"uv": [0, 0, 16, 16], "rotation": 270, "texture": "#5"},
				"up": {"uv": [0, 0, 16, 16], "rotation": 180, "texture": "#5"},
				"down": {"uv": [0, 0, 16, 16], "texture": "#5"}
			}
		},
		{
			"from": [1.24, 6, 13.57021],
			"to": [9.615, 10.25, 14.07021],
			"rotation": {"angle": -22.5, "axis": "x", "origin": [8, 8, 8.07021]},
			"faces": {
				"north": {"uv": [0, 0, 16, 16], "rotation": 270, "texture": "#5"},
				"east": {"uv": [0, 0, 16, 16], "rotation": 270, "texture": "#5"},
				"south": {"uv": [0, 0, 16, 16], "rotation": 270, "texture": "#5"},
				"west": {"uv": [0, 0, 16, 16], "rotation": 270, "texture": "#5"},
				"up": {"uv": [0, 0, 16, 16], "rotation": 180, "texture": "#5"},
				"down": {"uv": [0, 0, 16, 16], "texture": "#5"}
			}
		},
		{
			"from": [1.24, 2, 6.07021],
			"to": [9.615, 2.5, 10.32021],
			"rotation": {"angle": -22.5, "axis": "x", "origin": [8, 8, 8.07021]},
			"faces": {
				"north": {"uv": [0, 0, 16, 16], "texture": "#5"},
				"east": {"uv": [0, 0, 16, 16], "texture": "#5"},
				"south": {"uv": [0, 0, 16, 16], "texture": "#5"},
				"west": {"uv": [0, 0, 16, 16], "texture": "#5"},
				"up": {"uv": [0, 0, 16, 16], "rotation": 270, "texture": "#5"},
				"down": {"uv": [0, 0, 16, 16], "rotation": 90, "texture": "#5"}
			}
		},
		{
			"from": [1.24, 2, 6.07021],
			"to": [9.615, 2.5, 10.32021],
			"rotation": {"angle": -45, "axis": "x", "origin": [8, 8, 8.07021]},
			"faces": {
				"north": {"uv": [0, 0, 16, 16], "texture": "#5"},
				"east": {"uv": [0, 0, 16, 16], "texture": "#5"},
				"south": {"uv": [0, 0, 16, 16], "texture": "#5"},
				"west": {"uv": [0, 0, 16, 16], "texture": "#5"},
				"up": {"uv": [0, 0, 16, 16], "rotation": 270, "texture": "#5"},
				"down": {"uv": [0, 0, 16, 16], "rotation": 90, "texture": "#5"}
			}
		},
		{
			"from": [1.24, 13.5, 5.82021],
			"to": [9.615, 14, 10.07021],
			"rotation": {"angle": 0, "axis": "y", "origin": [8, 8, 8.07021]},
			"faces": {
				"north": {"uv": [0, 0, 16, 16], "rotation": 180, "texture": "#5"},
				"east": {"uv": [0, 0, 16, 16], "rotation": 180, "texture": "#5"},
				"south": {"uv": [0, 0, 16, 16], "rotation": 180, "texture": "#5"},
				"west": {"uv": [0, 0, 16, 16], "rotation": 180, "texture": "#5"},
				"up": {"uv": [0, 0, 16, 16], "rotation": 90, "texture": "#5"},
				"down": {"uv": [0, 0, 16, 16], "rotation": 270, "texture": "#5"}
			}
		},
		{
			"from": [1, 7, 7.57021],
			"to": [3.125, 7.5, 8.57021],
			"rotation": {"angle": 0, "axis": "y", "origin": [8, 8, 8.07021]},
			"faces": {
				"north": {"uv": [0, 0, 16, 16], "texture": "#5"},
				"east": {"uv": [0, 0, 16, 16], "texture": "#5"},
				"south": {"uv": [0, 0, 16, 16], "texture": "#5"},
				"west": {"uv": [0, 0, 16, 16], "texture": "#5"},
				"up": {"uv": [0, 0, 16, 16], "rotation": 270, "texture": "#5"},
				"down": {"uv": [0, 0, 16, 16], "rotation": 90, "texture": "#5"}
			}
		},
		{
			"from": [1, 7.5, 8.57021],
			"to": [3.125, 8.5, 9.07021],
			"rotation": {"angle": 0, "axis": "y", "origin": [8, 8, 8.07021]},
			"faces": {
				"north": {"uv": [0, 0, 16, 16], "texture": "#5"},
				"east": {"uv": [0, 0, 16, 16], "texture": "#5"},
				"south": {"uv": [0, 0, 16, 16], "texture": "#5"},
				"west": {"uv": [0, 0, 16, 16], "texture": "#5"},
				"up": {"uv": [0, 0, 16, 16], "rotation": 270, "texture": "#5"},
				"down": {"uv": [0, 0, 16, 16], "rotation": 90, "texture": "#5"}
			}
		},
		{
			"from": [1, 7.5, 7.57021],
			"to": [3.125, 8.5, 8.57021],
			"rotation": {"angle": 0, "axis": "y", "origin": [8, 8, 8.07021]},
			"faces": {
				"north": {"uv": [0, 0, 16, 16], "texture": "#5"},
				"east": {"uv": [0, 0, 16, 16], "texture": "#5"},
				"south": {"uv": [0, 0, 16, 16], "texture": "#5"},
				"west": {"uv": [0, 0, 16, 16], "texture": "#5"},
				"up": {"uv": [0, 0, 16, 16], "rotation": 270, "texture": "#5"},
				"down": {"uv": [0, 0, 16, 16], "rotation": 90, "texture": "#5"}
			}
		},
		{
			"from": [1, 7.65, 7.00521],
			"to": [3.125, 8.35, 7.50521],
			"rotation": {"angle": 45, "axis": "x", "origin": [8, 8, 8.07021]},
			"faces": {
				"north": {"uv": [0, 0, 16, 16], "rotation": 270, "texture": "#5"},
				"east": {"uv": [0, 0, 16, 16], "rotation": 270, "texture": "#5"},
				"south": {"uv": [0, 0, 16, 16], "rotation": 270, "texture": "#5"},
				"west": {"uv": [0, 0, 16, 16], "rotation": 270, "texture": "#5"},
				"up": {"uv": [0, 0, 16, 16], "rotation": 180, "texture": "#5"},
				"down": {"uv": [0, 0, 16, 16], "texture": "#5"}
			}
		},
		{
			"from": [1, 8.565, 7.72021],
			"to": [3.125, 9.065, 8.42021],
			"rotation": {"angle": 45, "axis": "x", "origin": [8, 8, 8.07021]},
			"faces": {
				"north": {"uv": [0, 0, 16, 16], "texture": "#5"},
				"east": {"uv": [0, 0, 16, 16], "texture": "#5"},
				"south": {"uv": [0, 0, 16, 16], "texture": "#5"},
				"west": {"uv": [0, 0, 16, 16], "texture": "#5"},
				"up": {"uv": [0, 0, 16, 16], "rotation": 270, "texture": "#5"},
				"down": {"uv": [0, 0, 16, 16], "rotation": 90, "texture": "#5"}
			}
		},
		{
			"from": [1, 8.5, 7.57021],
			"to": [3.125, 9, 8.57021],
			"rotation": {"angle": 0, "axis": "y", "origin": [8, 8, 8.07021]},
			"faces": {
				"north": {"uv": [0, 0, 16, 16], "texture": "#5"},
				"east": {"uv": [0, 0, 16, 16], "texture": "#5"},
				"south": {"uv": [0, 0, 16, 16], "texture": "#5"},
				"west": {"uv": [0, 0, 16, 16], "texture": "#5"},
				"up": {"uv": [0, 0, 16, 16], "rotation": 270, "texture": "#5"},
				"down": {"uv": [0, 0, 16, 16], "rotation": 90, "texture": "#5"}
			}
		},
		{
			"from": [1, 7.65, 7.00521],
			"to": [3.125, 8.35, 7.50521],
			"rotation": {"angle": -45, "axis": "x", "origin": [8, 8, 8.07021]},
			"faces": {
				"north": {"uv": [0, 0, 16, 16], "rotation": 270, "texture": "#5"},
				"east": {"uv": [0, 0, 16, 16], "rotation": 270, "texture": "#5"},
				"south": {"uv": [0, 0, 16, 16], "rotation": 270, "texture": "#5"},
				"west": {"uv": [0, 0, 16, 16], "rotation": 270, "texture": "#5"},
				"up": {"uv": [0, 0, 16, 16], "rotation": 180, "texture": "#5"},
				"down": {"uv": [0, 0, 16, 16], "texture": "#5"}
			}
		},
		{
			"from": [1, 7.65, 8.63521],
			"to": [3.125, 8.35, 9.13521],
			"rotation": {"angle": 45, "axis": "x", "origin": [8, 8, 8.07021]},
			"faces": {
				"north": {"uv": [0, 0, 16, 16], "rotation": 90, "texture": "#5"},
				"east": {"uv": [0, 0, 16, 16], "rotation": 90, "texture": "#5"},
				"south": {"uv": [0, 0, 16, 16], "rotation": 90, "texture": "#5"},
				"west": {"uv": [0, 0, 16, 16], "rotation": 90, "texture": "#5"},
				"up": {"uv": [0, 0, 16, 16], "texture": "#5"},
				"down": {"uv": [0, 0, 16, 16], "rotation": 180, "texture": "#5"}
			}
		},
		{
			"from": [1, 7.5, 7.07021],
			"to": [3.125, 8.5, 7.57021],
			"rotation": {"angle": 0, "axis": "y", "origin": [8, 8, 8.07021]},
			"faces": {
				"north": {"uv": [0, 0, 16, 16], "texture": "#5"},
				"east": {"uv": [0, 0, 16, 16], "texture": "#5"},
				"south": {"uv": [0, 0, 16, 16], "texture": "#5"},
				"west": {"uv": [0, 0, 16, 16], "texture": "#5"},
				"up": {"uv": [0, 0, 16, 16], "rotation": 270, "texture": "#5"},
				"down": {"uv": [0, 0, 16, 16], "rotation": 90, "texture": "#5"}
			}
		},
		{
			"from": [1.485, 6.102, 7.12121],
			"to": [5.929, 7.051, 9.01921],
			"rotation": {"angle": 0, "axis": "y", "origin": [8, 8, 8.07021]},
			"faces": {
				"north": {"uv": [0, 0, 16, 16], "texture": "#5"},
				"east": {"uv": [0, 0, 16, 16], "texture": "#5"},
				"south": {"uv": [0, 0, 16, 16], "texture": "#5"},
				"west": {"uv": [0, 0, 16, 16], "texture": "#5"},
				"up": {"uv": [0, 0, 16, 16], "rotation": 270, "texture": "#5"},
				"down": {"uv": [0, 0, 16, 16], "rotation": 90, "texture": "#5"}
			}
		},
		{
			"from": [1.485, 7.051, 9.01921],
			"to": [5.929, 8.949, 9.96821],
			"rotation": {"angle": 0, "axis": "y", "origin": [8, 8, 8.07021]},
			"faces": {
				"north": {"uv": [0, 0, 16, 16], "texture": "#5"},
				"east": {"uv": [0, 0, 16, 16], "texture": "#5"},
				"south": {"uv": [0, 0, 16, 16], "texture": "#5"},
				"west": {"uv": [0, 0, 16, 16], "texture": "#5"},
				"up": {"uv": [0, 0, 16, 16], "rotation": 270, "texture": "#5"},
				"down": {"uv": [0, 0, 16, 16], "rotation": 90, "texture": "#5"}
			}
		},
		{
			"from": [1.485, 7.051, 7.12121],
			"to": [5.929, 8.949, 9.01921],
			"rotation": {"angle": 0, "axis": "y", "origin": [8, 8, 8.07021]},
			"faces": {
				"north": {"uv": [0, 0, 16, 16], "texture": "#5"},
				"east": {"uv": [0, 0, 16, 16], "texture": "#5"},
				"south": {"uv": [0, 0, 16, 16], "texture": "#5"},
				"west": {"uv": [0, 0, 16, 16], "texture": "#5"},
				"up": {"uv": [0, 0, 16, 16], "rotation": 270, "texture": "#5"},
				"down": {"uv": [0, 0, 16, 16], "rotation": 90, "texture": "#5"}
			}
		},
		{
			"from": [1.485, 7.3357, 6.04884],
			"to": [5.929, 8.6643, 6.99784],
			"rotation": {"angle": 45, "axis": "x", "origin": [15.2, 8, 8.07021]},
			"faces": {
				"north": {"uv": [0, 0, 16, 16], "rotation": 270, "texture": "#5"},
				"east": {"uv": [0, 0, 16, 16], "rotation": 270, "texture": "#5"},
				"south": {"uv": [0, 0, 16, 16], "rotation": 270, "texture": "#5"},
				"west": {"uv": [0, 0, 16, 16], "rotation": 270, "texture": "#5"},
				"up": {"uv": [0, 0, 16, 16], "rotation": 180, "texture": "#5"},
				"down": {"uv": [0, 0, 16, 16], "texture": "#5"}
			}
		},
		{
			"from": [1.485, 9.07237, 7.40591],
			"to": [5.929, 10.02137, 8.73451],
			"rotation": {"angle": 45, "axis": "x", "origin": [15.2, 8, 8.07021]},
			"faces": {
				"north": {"uv": [0, 0, 16, 16], "texture": "#5"},
				"east": {"uv": [0, 0, 16, 16], "texture": "#5"},
				"south": {"uv": [0, 0, 16, 16], "texture": "#5"},
				"west": {"uv": [0, 0, 16, 16], "texture": "#5"},
				"up": {"uv": [0, 0, 16, 16], "rotation": 270, "texture": "#5"},
				"down": {"uv": [0, 0, 16, 16], "rotation": 90, "texture": "#5"}
			}
		},
		{
			"from": [1.485, 8.949, 7.12121],
			"to": [5.929, 9.898, 9.01921],
			"rotation": {"angle": 0, "axis": "y", "origin": [8, 8, 8.07021]},
			"faces": {
				"north": {"uv": [0, 0, 16, 16], "texture": "#5"},
				"east": {"uv": [0, 0, 16, 16], "texture": "#5"},
				"south": {"uv": [0, 0, 16, 16], "texture": "#5"},
				"west": {"uv": [0, 0, 16, 16], "texture": "#5"},
				"up": {"uv": [0, 0, 16, 16], "rotation": 270, "texture": "#5"},
				"down": {"uv": [0, 0, 16, 16], "rotation": 90, "texture": "#5"}
			}
		},
		{
			"from": [1.485, 7.3357, 6.04884],
			"to": [5.929, 8.6643, 6.99784],
			"rotation": {"angle": -45, "axis": "x", "origin": [15.2, 8, 8.07021]},
			"faces": {
				"north": {"uv": [0, 0, 16, 16], "rotation": 270, "texture": "#5"},
				"east": {"uv": [0, 0, 16, 16], "rotation": 270, "texture": "#5"},
				"south": {"uv": [0, 0, 16, 16], "rotation": 270, "texture": "#5"},
				"west": {"uv": [0, 0, 16, 16], "rotation": 270, "texture": "#5"},
				"up": {"uv": [0, 0, 16, 16], "rotation": 180, "texture": "#5"},
				"down": {"uv": [0, 0, 16, 16], "texture": "#5"}
			}
		},
		{
			"from": [1.485, 7.3357, 9.14258],
			"to": [5.929, 8.6643, 10.09158],
			"rotation": {"angle": 45, "axis": "x", "origin": [15.2, 8, 8.07021]},
			"faces": {
				"north": {"uv": [0, 0, 16, 16], "rotation": 90, "texture": "#5"},
				"east": {"uv": [0, 0, 16, 16], "rotation": 90, "texture": "#5"},
				"south": {"uv": [0, 0, 16, 16], "rotation": 90, "texture": "#5"},
				"west": {"uv": [0, 0, 16, 16], "rotation": 90, "texture": "#5"},
				"up": {"uv": [0, 0, 16, 16], "texture": "#5"},
				"down": {"uv": [0, 0, 16, 16], "rotation": 180, "texture": "#5"}
			}
		},
		{
			"from": [1.485, 7.051, 6.17221],
			"to": [5.929, 8.949, 7.12121],
			"rotation": {"angle": 0, "axis": "y", "origin": [8, 8, 8.07021]},
			"faces": {
				"north": {"uv": [0, 0, 16, 16], "texture": "#5"},
				"east": {"uv": [0, 0, 16, 16], "texture": "#5"},
				"south": {"uv": [0, 0, 16, 16], "texture": "#5"},
				"west": {"uv": [0, 0, 16, 16], "texture": "#5"},
				"up": {"uv": [0, 0, 16, 16], "rotation": 270, "texture": "#5"},
				"down": {"uv": [0, 0, 16, 16], "rotation": 90, "texture": "#5"}
			}
		},
		{
			"from": [2.5, 7.5, 2.07021],
			"to": [5.5, 7.85, 14.07021],
			"rotation": {"angle": 0, "axis": "y", "origin": [8, 8, 8.07021]},
			"faces": {
				"north": {"uv": [0, 0, 16, 16], "rotation": 90, "texture": "#5"},
				"east": {"uv": [0, 0, 16, 16], "rotation": 90, "texture": "#5"},
				"south": {"uv": [0, 0, 16, 16], "rotation": 90, "texture": "#5"},
				"west": {"uv": [0, 0, 16, 16], "rotation": 90, "texture": "#5"},
				"up": {"uv": [0, 0, 16, 16], "texture": "#5"},
				"down": {"uv": [0, 0, 16, 16], "rotation": 180, "texture": "#5"}
			}
		},
		{
			"from": [2.5, 7.5, 8.07021],
			"to": [5.5, 7.85, 14.07021],
			"rotation": {"angle": 45, "axis": "x", "origin": [8, 8, 8.07021]},
			"faces": {
				"north": {"uv": [0, 0, 16, 16], "rotation": 90, "texture": "#5"},
				"east": {"uv": [0, 0, 16, 16], "rotation": 90, "texture": "#5"},
				"south": {"uv": [0, 0, 16, 16], "rotation": 90, "texture": "#5"},
				"west": {"uv": [0, 0, 16, 16], "rotation": 90, "texture": "#5"},
				"up": {"uv": [0, 0, 16, 16], "texture": "#5"},
				"down": {"uv": [0, 0, 16, 16], "rotation": 180, "texture": "#5"}
			}
		},
		{
			"from": [2.5, 8, 7.57021],
			"to": [5.5, 14, 7.92021],
			"rotation": {"angle": -45, "axis": "x", "origin": [8, 8, 8.07021]},
			"faces": {
				"north": {"uv": [0, 0, 16, 16], "texture": "#5"},
				"east": {"uv": [0, 0, 16, 16], "texture": "#5"},
				"south": {"uv": [0, 0, 16, 16], "texture": "#5"},
				"west": {"uv": [0, 0, 16, 16], "texture": "#5"},
				"up": {"uv": [0, 0, 16, 16], "rotation": 270, "texture": "#5"},
				"down": {"uv": [0, 0, 16, 16], "rotation": 90, "texture": "#5"}
			}
		},
		{
			"from": [2.5, 7.5, 2.07021],
			"to": [5.5, 7.85, 8.07021],
			"rotation": {"angle": -45, "axis": "x", "origin": [8, 8, 8.07021]},
			"faces": {
				"north": {"uv": [0, 0, 16, 16], "rotation": 270, "texture": "#5"},
				"east": {"uv": [0, 0, 16, 16], "rotation": 270, "texture": "#5"},
				"south": {"uv": [0, 0, 16, 16], "rotation": 270, "texture": "#5"},
				"west": {"uv": [0, 0, 16, 16], "rotation": 270, "texture": "#5"},
				"up": {"uv": [0, 0, 16, 16], "rotation": 180, "texture": "#5"},
				"down": {"uv": [0, 0, 16, 16], "texture": "#5"}
			}
		},
		{
			"from": [2.5, 2, 8.22021],
			"to": [5.5, 14, 8.57021],
			"rotation": {"angle": 0, "axis": "y", "origin": [8, 8, 8.07021]},
			"faces": {
				"north": {"uv": [0, 0, 16, 16], "texture": "#5"},
				"east": {"uv": [0, 0, 16, 16], "texture": "#5"},
				"south": {"uv": [0, 0, 16, 16], "texture": "#5"},
				"west": {"uv": [0, 0, 16, 16], "texture": "#5"},
				"up": {"uv": [0, 0, 16, 16], "rotation": 270, "texture": "#5"},
				"down": {"uv": [0, 0, 16, 16], "rotation": 90, "texture": "#5"}
			}
		},
		{
			"from": [2.5, 8, 8.22021],
			"to": [5.5, 14, 8.57021],
			"rotation": {"angle": 45, "axis": "x", "origin": [8, 8, 8.07021]},
			"faces": {
				"north": {"uv": [0, 0, 16, 16], "texture": "#5"},
				"east": {"uv": [0, 0, 16, 16], "texture": "#5"},
				"south": {"uv": [0, 0, 16, 16], "texture": "#5"},
				"west": {"uv": [0, 0, 16, 16], "texture": "#5"},
				"up": {"uv": [0, 0, 16, 16], "rotation": 270, "texture": "#5"},
				"down": {"uv": [0, 0, 16, 16], "rotation": 90, "texture": "#5"}
			}
		},
		{
			"from": [2.5, 2, 7.57021],
			"to": [5.5, 14, 7.92021],
			"rotation": {"angle": 0, "axis": "y", "origin": [8, 8, 8.07021]},
			"faces": {
				"north": {"uv": [0, 0, 16, 16], "texture": "#5"},
				"east": {"uv": [0, 0, 16, 16], "texture": "#5"},
				"south": {"uv": [0, 0, 16, 16], "texture": "#5"},
				"west": {"uv": [0, 0, 16, 16], "texture": "#5"},
				"up": {"uv": [0, 0, 16, 16], "rotation": 270, "texture": "#5"},
				"down": {"uv": [0, 0, 16, 16], "rotation": 90, "texture": "#5"}
			}
		},
		{
			"from": [2.5, 1, 8.22021],
			"to": [5.5, 14, 8.57021],
			"rotation": {"angle": -45, "axis": "x", "origin": [8, 8, 8.07021]},
			"faces": {
				"north": {"uv": [0, 0, 16, 16], "texture": "#5"},
				"east": {"uv": [0, 0, 16, 16], "texture": "#5"},
				"south": {"uv": [0, 0, 16, 16], "texture": "#5"},
				"west": {"uv": [0, 0, 16, 16], "texture": "#5"},
				"up": {"uv": [0, 0, 16, 16], "rotation": 270, "texture": "#5"},
				"down": {"uv": [0, 0, 16, 16], "rotation": 90, "texture": "#5"}
			}
		},
		{
			"from": [2.5, 2, 7.62021],
			"to": [5.5, 14, 7.97021],
			"rotation": {"angle": 45, "axis": "x", "origin": [8, 8, 8.07021]},
			"faces": {
				"north": {"uv": [0, 0, 16, 16], "texture": "#5"},
				"east": {"uv": [0, 0, 16, 16], "texture": "#5"},
				"south": {"uv": [0, 0, 16, 16], "texture": "#5"},
				"west": {"uv": [0, 0, 16, 16], "texture": "#5"},
				"up": {"uv": [0, 0, 16, 16], "rotation": 270, "texture": "#5"},
				"down": {"uv": [0, 0, 16, 16], "rotation": 90, "texture": "#5"}
			}
		},
		{
			"from": [2.5, 8.1, 2.07021],
			"to": [5.5, 8.45, 14.07021],
			"rotation": {"angle": 0, "axis": "y", "origin": [8, 8, 8.07021]},
			"faces": {
				"north": {"uv": [0, 0, 16, 16], "rotation": 90, "texture": "#5"},
				"east": {"uv": [0, 0, 16, 16], "rotation": 90, "texture": "#5"},
				"south": {"uv": [0, 0, 16, 16], "rotation": 90, "texture": "#5"},
				"west": {"uv": [0, 0, 16, 16], "rotation": 90, "texture": "#5"},
				"up": {"uv": [0, 0, 16, 16], "texture": "#5"},
				"down": {"uv": [0, 0, 16, 16], "rotation": 180, "texture": "#5"}
			}
		},
		{
			"from": [2.99, 6, 2.57021],
			"to": [6.99, 10.25, 14.07021],
			"rotation": {"angle": 22.5, "axis": "x", "origin": [5.75, 8, 8.07021]},
			"faces": {
				"north": {"uv": [0, 0, 16, 16], "rotation": 270, "texture": "#4"},
				"east": {"uv": [0, 0, 16, 16], "rotation": 270, "texture": "#4"},
				"south": {"uv": [0, 0, 16, 16], "rotation": 270, "texture": "#4"},
				"west": {"uv": [0, 0, 16, 16], "rotation": 270, "texture": "#4"},
				"up": {"uv": [0, 0, 16, 16], "rotation": 180, "texture": "#4"},
				"down": {"uv": [0, 0, 16, 16], "texture": "#4"}
			}
		},
		{
			"from": [2.99, 2, 6.07021],
			"to": [6.99, 2.5, 10.32021],
			"rotation": {"angle": 0, "axis": "y", "origin": [5.75, 8, 8.07021]},
			"faces": {
				"north": {"uv": [0, 0, 16, 16], "texture": "#4"},
				"east": {"uv": [0, 0, 16, 16], "texture": "#4"},
				"south": {"uv": [0, 0, 16, 16], "texture": "#4"},
				"west": {"uv": [0, 0, 16, 16], "texture": "#4"},
				"up": {"uv": [0, 0, 16, 16], "rotation": 270, "texture": "#4"},
				"down": {"uv": [0, 0, 16, 16], "rotation": 90, "texture": "#4"}
			}
		},
		{
			"from": [2.99, 6, 2.57021],
			"to": [6.99, 10.25, 14.07021],
			"rotation": {"angle": -45, "axis": "x", "origin": [5.75, 8, 8.07021]},
			"faces": {
				"north": {"uv": [0, 0, 16, 16], "rotation": 270, "texture": "#4"},
				"east": {"uv": [0, 0, 16, 16], "rotation": 270, "texture": "#4"},
				"south": {"uv": [0, 0, 16, 16], "rotation": 270, "texture": "#4"},
				"west": {"uv": [0, 0, 16, 16], "rotation": 270, "texture": "#4"},
				"up": {"uv": [0, 0, 16, 16], "rotation": 180, "texture": "#4"},
				"down": {"uv": [0, 0, 16, 16], "texture": "#4"}
			}
		},
		{
			"from": [2.99, 2, 6.07021],
			"to": [6.99, 2.5, 10.32021],
			"rotation": {"angle": 22.5, "axis": "x", "origin": [5.75, 8, 8.07021]},
			"faces": {
				"north": {"uv": [0, 0, 16, 16], "texture": "#4"},
				"east": {"uv": [0, 0, 16, 16], "texture": "#4"},
				"south": {"uv": [0, 0, 16, 16], "texture": "#4"},
				"west": {"uv": [0, 0, 16, 16], "texture": "#4"},
				"up": {"uv": [0, 0, 16, 16], "rotation": 270, "texture": "#4"},
				"down": {"uv": [0, 0, 16, 16], "rotation": 90, "texture": "#4"}
			}
		},
		{
			"from": [2.99, 5.75, 2.07021],
			"to": [6.99, 10, 2.57021],
			"rotation": {"angle": -45, "axis": "x", "origin": [5.75, 8, 8.07021]},
			"faces": {
				"north": {"uv": [0, 0, 16, 16], "rotation": 90, "texture": "#4"},
				"east": {"uv": [0, 0, 16, 16], "rotation": 90, "texture": "#4"},
				"south": {"uv": [0, 0, 16, 16], "rotation": 90, "texture": "#4"},
				"west": {"uv": [0, 0, 16, 16], "rotation": 90, "texture": "#4"},
				"up": {"uv": [0, 0, 16, 16], "texture": "#4"},
				"down": {"uv": [0, 0, 16, 16], "rotation": 180, "texture": "#4"}
			}
		},
		{
			"from": [2.99, 5.75, 2.07021],
			"to": [6.99, 10, 13.57021],
			"rotation": {"angle": -22.5, "axis": "x", "origin": [5.75, 8, 8.07021]},
			"faces": {
				"north": {"uv": [0, 0, 16, 16], "rotation": 90, "texture": "#4"},
				"east": {"uv": [0, 0, 16, 16], "rotation": 90, "texture": "#4"},
				"south": {"uv": [0, 0, 16, 16], "rotation": 90, "texture": "#4"},
				"west": {"uv": [0, 0, 16, 16], "rotation": 90, "texture": "#4"},
				"up": {"uv": [0, 0, 16, 16], "texture": "#4"},
				"down": {"uv": [0, 0, 16, 16], "rotation": 180, "texture": "#4"}
			}
		},
		{
			"from": [2.99, 5.75, 2.07021],
			"to": [6.99, 10, 13.57021],
			"rotation": {"angle": 0, "axis": "y", "origin": [5.75, 8, 8.07021]},
			"faces": {
				"north": {"uv": [0, 0, 16, 16], "rotation": 90, "texture": "#4"},
				"east": {"uv": [0, 0, 16, 16], "rotation": 90, "texture": "#4"},
				"south": {"uv": [0, 0, 16, 16], "rotation": 90, "texture": "#4"},
				"west": {"uv": [0, 0, 16, 16], "rotation": 90, "texture": "#4"},
				"up": {"uv": [0, 0, 16, 16], "texture": "#4"},
				"down": {"uv": [0, 0, 16, 16], "rotation": 180, "texture": "#4"}
			}
		},
		{
			"from": [2.99, 13.5, 5.82021],
			"to": [6.99, 14, 10.07021],
			"rotation": {"angle": -45, "axis": "x", "origin": [5.75, 8, 8.07021]},
			"faces": {
				"north": {"uv": [0, 0, 16, 16], "rotation": 180, "texture": "#4"},
				"east": {"uv": [0, 0, 16, 16], "rotation": 180, "texture": "#4"},
				"south": {"uv": [0, 0, 16, 16], "rotation": 180, "texture": "#4"},
				"west": {"uv": [0, 0, 16, 16], "rotation": 180, "texture": "#4"},
				"up": {"uv": [0, 0, 16, 16], "rotation": 90, "texture": "#4"},
				"down": {"uv": [0, 0, 16, 16], "rotation": 270, "texture": "#4"}
			}
		},
		{
			"from": [2.99, 2.5, 5.82021],
			"to": [6.99, 14, 10.07021],
			"rotation": {"angle": -22.5, "axis": "x", "origin": [5.75, 8, 8.07021]},
			"faces": {
				"north": {"uv": [0, 0, 16, 16], "rotation": 180, "texture": "#4"},
				"east": {"uv": [0, 0, 16, 16], "rotation": 180, "texture": "#4"},
				"south": {"uv": [0, 0, 16, 16], "rotation": 180, "texture": "#4"},
				"west": {"uv": [0, 0, 16, 16], "rotation": 180, "texture": "#4"},
				"up": {"uv": [0, 0, 16, 16], "rotation": 90, "texture": "#4"},
				"down": {"uv": [0, 0, 16, 16], "rotation": 270, "texture": "#4"}
			}
		},
		{
			"from": [2.99, 5.75, 2.07021],
			"to": [6.99, 10, 2.57021],
			"rotation": {"angle": 22.5, "axis": "x", "origin": [5.75, 8, 8.07021]},
			"faces": {
				"north": {"uv": [0, 0, 16, 16], "rotation": 90, "texture": "#4"},
				"east": {"uv": [0, 0, 16, 16], "rotation": 90, "texture": "#4"},
				"south": {"uv": [0, 0, 16, 16], "rotation": 90, "texture": "#4"},
				"west": {"uv": [0, 0, 16, 16], "rotation": 90, "texture": "#4"},
				"up": {"uv": [0, 0, 16, 16], "texture": "#4"},
				"down": {"uv": [0, 0, 16, 16], "rotation": 180, "texture": "#4"}
			}
		},
		{
			"from": [2.99, 2.5, 5.82021],
			"to": [6.99, 14, 10.07021],
			"rotation": {"angle": 22.5, "axis": "x", "origin": [5.75, 8, 8.07021]},
			"faces": {
				"north": {"uv": [0, 0, 16, 16], "rotation": 180, "texture": "#4"},
				"east": {"uv": [0, 0, 16, 16], "rotation": 180, "texture": "#4"},
				"south": {"uv": [0, 0, 16, 16], "rotation": 180, "texture": "#4"},
				"west": {"uv": [0, 0, 16, 16], "rotation": 180, "texture": "#4"},
				"up": {"uv": [0, 0, 16, 16], "rotation": 90, "texture": "#4"},
				"down": {"uv": [0, 0, 16, 16], "rotation": 270, "texture": "#4"}
			}
		},
		{
			"from": [2.99, 6, 13.57021],
			"to": [6.99, 10.25, 14.07021],
			"rotation": {"angle": 0, "axis": "y", "origin": [5.75, 8, 8.07021]},
			"faces": {
				"north": {"uv": [0, 0, 16, 16], "rotation": 270, "texture": "#4"},
				"east": {"uv": [0, 0, 16, 16], "rotation": 270, "texture": "#4"},
				"south": {"uv": [0, 0, 16, 16], "rotation": 270, "texture": "#4"},
				"west": {"uv": [0, 0, 16, 16], "rotation": 270, "texture": "#4"},
				"up": {"uv": [0, 0, 16, 16], "rotation": 180, "texture": "#4"},
				"down": {"uv": [0, 0, 16, 16], "texture": "#4"}
			}
		},
		{
			"from": [2.99, 6, 13.57021],
			"to": [6.99, 10.25, 14.07021],
			"rotation": {"angle": -22.5, "axis": "x", "origin": [5.75, 8, 8.07021]},
			"faces": {
				"north": {"uv": [0, 0, 16, 16], "rotation": 270, "texture": "#4"},
				"east": {"uv": [0, 0, 16, 16], "rotation": 270, "texture": "#4"},
				"south": {"uv": [0, 0, 16, 16], "rotation": 270, "texture": "#4"},
				"west": {"uv": [0, 0, 16, 16], "rotation": 270, "texture": "#4"},
				"up": {"uv": [0, 0, 16, 16], "rotation": 180, "texture": "#4"},
				"down": {"uv": [0, 0, 16, 16], "texture": "#4"}
			}
		},
		{
			"from": [2.99, 2, 6.07021],
			"to": [6.99, 2.5, 10.32021],
			"rotation": {"angle": -22.5, "axis": "x", "origin": [5.75, 8, 8.07021]},
			"faces": {
				"north": {"uv": [0, 0, 16, 16], "texture": "#4"},
				"east": {"uv": [0, 0, 16, 16], "texture": "#4"},
				"south": {"uv": [0, 0, 16, 16], "texture": "#4"},
				"west": {"uv": [0, 0, 16, 16], "texture": "#4"},
				"up": {"uv": [0, 0, 16, 16], "rotation": 270, "texture": "#4"},
				"down": {"uv": [0, 0, 16, 16], "rotation": 90, "texture": "#4"}
			}
		},
		{
			"from": [2.99, 2, 6.07021],
			"to": [6.99, 2.5, 10.32021],
			"rotation": {"angle": -45, "axis": "x", "origin": [5.75, 8, 8.07021]},
			"faces": {
				"north": {"uv": [0, 0, 16, 16], "texture": "#4"},
				"east": {"uv": [0, 0, 16, 16], "texture": "#4"},
				"south": {"uv": [0, 0, 16, 16], "texture": "#4"},
				"west": {"uv": [0, 0, 16, 16], "texture": "#4"},
				"up": {"uv": [0, 0, 16, 16], "rotation": 270, "texture": "#4"},
				"down": {"uv": [0, 0, 16, 16], "rotation": 90, "texture": "#4"}
			}
		},
		{
			"from": [2.99, 13.5, 5.82021],
			"to": [6.99, 14, 10.07021],
			"rotation": {"angle": 0, "axis": "y", "origin": [5.75, 8, 8.07021]},
			"faces": {
				"north": {"uv": [0, 0, 16, 16], "rotation": 180, "texture": "#4"},
				"east": {"uv": [0, 0, 16, 16], "rotation": 180, "texture": "#4"},
				"south": {"uv": [0, 0, 16, 16], "rotation": 180, "texture": "#4"},
				"west": {"uv": [0, 0, 16, 16], "rotation": 180, "texture": "#4"},
				"up": {"uv": [0, 0, 16, 16], "rotation": 90, "texture": "#4"},
				"down": {"uv": [0, 0, 16, 16], "rotation": 270, "texture": "#4"}
			}
		},
		{
			"from": [2.24, 6, 12.92021],
			"to": [9.49, 10.25, 13.57021],
			"rotation": {"angle": 22.5, "axis": "x", "origin": [8, 8, 8.07021]},
			"faces": {
				"north": {"uv": [0, 0, 16, 16], "rotation": 270, "texture": "#5"},
				"east": {"uv": [0, 0, 16, 16], "rotation": 270, "texture": "#5"},
				"south": {"uv": [0, 0, 16, 16], "rotation": 270, "texture": "#5"},
				"west": {"uv": [0, 0, 16, 16], "rotation": 270, "texture": "#5"},
				"up": {"uv": [0, 0, 16, 16], "rotation": 180, "texture": "#5"},
				"down": {"uv": [0, 0, 16, 16], "texture": "#5"}
			}
		},
		{
			"from": [2.24, 2.5, 6.07021],
			"to": [9.49, 3.15, 10.32021],
			"rotation": {"angle": -22.5, "axis": "x", "origin": [8, 8, 8.07021]},
			"faces": {
				"north": {"uv": [0, 0, 16, 16], "texture": "#5"},
				"east": {"uv": [0, 0, 16, 16], "texture": "#5"},
				"south": {"uv": [0, 0, 16, 16], "texture": "#5"},
				"west": {"uv": [0, 0, 16, 16], "texture": "#5"},
				"up": {"uv": [0, 0, 16, 16], "rotation": 270, "texture": "#5"},
				"down": {"uv": [0, 0, 16, 16], "rotation": 90, "texture": "#5"}
			}
		},
		{
			"from": [2.24, 5.75, 2.57021],
			"to": [9.49, 10, 3.22021],
			"rotation": {"angle": 22.5, "axis": "x", "origin": [8, 8, 8.07021]},
			"faces": {
				"north": {"uv": [0, 0, 16, 16], "rotation": 270, "texture": "#5"},
				"east": {"uv": [0, 0, 16, 16], "rotation": 270, "texture": "#5"},
				"south": {"uv": [0, 0, 16, 16], "rotation": 270, "texture": "#5"},
				"west": {"uv": [0, 0, 16, 16], "rotation": 270, "texture": "#5"},
				"up": {"uv": [0, 0, 16, 16], "rotation": 180, "texture": "#5"},
				"down": {"uv": [0, 0, 16, 16], "texture": "#5"}
			}
		},
		{
			"from": [2.24, 2.5, 6.07021],
			"to": [9.49, 3.15, 10.32021],
			"rotation": {"angle": -45, "axis": "x", "origin": [8, 8, 8.07021]},
			"faces": {
				"north": {"uv": [0, 0, 16, 16], "texture": "#5"},
				"east": {"uv": [0, 0, 16, 16], "texture": "#5"},
				"south": {"uv": [0, 0, 16, 16], "texture": "#5"},
				"west": {"uv": [0, 0, 16, 16], "texture": "#5"},
				"up": {"uv": [0, 0, 16, 16], "rotation": 270, "texture": "#5"},
				"down": {"uv": [0, 0, 16, 16], "rotation": 90, "texture": "#5"}
			}
		},
		{
			"from": [2.24, 12.85, 5.82021],
			"to": [9.49, 13.5, 10.07021],
			"rotation": {"angle": 22.5, "axis": "x", "origin": [8, 8, 8.07021]},
			"faces": {
				"north": {"uv": [0, 0, 16, 16], "texture": "#5"},
				"east": {"uv": [0, 0, 16, 16], "texture": "#5"},
				"south": {"uv": [0, 0, 16, 16], "texture": "#5"},
				"west": {"uv": [0, 0, 16, 16], "texture": "#5"},
				"up": {"uv": [0, 0, 16, 16], "rotation": 270, "texture": "#5"},
				"down": {"uv": [0, 0, 16, 16], "rotation": 90, "texture": "#5"}
			}
		},
		{
			"from": [2.24, 12.85, 5.82021],
			"to": [9.49, 13.5, 10.07021],
			"rotation": {"angle": -22.5, "axis": "x", "origin": [8, 8, 8.07021]},
			"faces": {
				"north": {"uv": [0, 0, 16, 16], "texture": "#5"},
				"east": {"uv": [0, 0, 16, 16], "texture": "#5"},
				"south": {"uv": [0, 0, 16, 16], "texture": "#5"},
				"west": {"uv": [0, 0, 16, 16], "texture": "#5"},
				"up": {"uv": [0, 0, 16, 16], "rotation": 270, "texture": "#5"},
				"down": {"uv": [0, 0, 16, 16], "rotation": 90, "texture": "#5"}
			}
		},
		{
			"from": [2.24, 6, 12.92021],
			"to": [9.49, 10.25, 13.57021],
			"rotation": {"angle": -22.5, "axis": "x", "origin": [8, 8, 8.07021]},
			"faces": {
				"north": {"uv": [0, 0, 16, 16], "rotation": 270, "texture": "#5"},
				"east": {"uv": [0, 0, 16, 16], "rotation": 270, "texture": "#5"},
				"south": {"uv": [0, 0, 16, 16], "rotation": 270, "texture": "#5"},
				"west": {"uv": [0, 0, 16, 16], "rotation": 270, "texture": "#5"},
				"up": {"uv": [0, 0, 16, 16], "rotation": 180, "texture": "#5"},
				"down": {"uv": [0, 0, 16, 16], "texture": "#5"}
			}
		},
		{
			"from": [2.24, 5.75, 2.57021],
			"to": [9.49, 10, 3.22021],
			"rotation": {"angle": -45, "axis": "x", "origin": [8, 8, 8.07021]},
			"faces": {
				"north": {"uv": [0, 0, 16, 16], "rotation": 270, "texture": "#5"},
				"east": {"uv": [0, 0, 16, 16], "rotation": 270, "texture": "#5"},
				"south": {"uv": [0, 0, 16, 16], "rotation": 270, "texture": "#5"},
				"west": {"uv": [0, 0, 16, 16], "rotation": 270, "texture": "#5"},
				"up": {"uv": [0, 0, 16, 16], "rotation": 180, "texture": "#5"},
				"down": {"uv": [0, 0, 16, 16], "texture": "#5"}
			}
		},
		{
			"from": [2.24, 5.75, 2.57021],
			"to": [9.49, 10, 3.22021],
			"rotation": {"angle": -22.5, "axis": "x", "origin": [8, 8, 8.07021]},
			"faces": {
				"north": {"uv": [0, 0, 16, 16], "rotation": 270, "texture": "#5"},
				"east": {"uv": [0, 0, 16, 16], "rotation": 270, "texture": "#5"},
				"south": {"uv": [0, 0, 16, 16], "rotation": 270, "texture": "#5"},
				"west": {"uv": [0, 0, 16, 16], "rotation": 270, "texture": "#5"},
				"up": {"uv": [0, 0, 16, 16], "rotation": 180, "texture": "#5"},
				"down": {"uv": [0, 0, 16, 16], "texture": "#5"}
			}
		},
		{
			"from": [2.24, 5.75, 2.57021],
			"to": [9.49, 10, 3.22021],
			"rotation": {"angle": 45, "axis": "x", "origin": [8, 8, 8.07021]},
			"faces": {
				"north": {"uv": [0, 0, 16, 16], "rotation": 270, "texture": "#5"},
				"east": {"uv": [0, 0, 16, 16], "rotation": 270, "texture": "#5"},
				"south": {"uv": [0, 0, 16, 16], "rotation": 270, "texture": "#5"},
				"west": {"uv": [0, 0, 16, 16], "rotation": 270, "texture": "#5"},
				"up": {"uv": [0, 0, 16, 16], "rotation": 180, "texture": "#5"},
				"down": {"uv": [0, 0, 16, 16], "texture": "#5"}
			}
		},
		{
			"from": [2.24, 2.5, 6.07021],
			"to": [9.49, 3.15, 10.32021],
			"rotation": {"angle": 22.5, "axis": "x", "origin": [8, 8, 8.07021]},
			"faces": {
				"north": {"uv": [0, 0, 16, 16], "rotation": 180, "texture": "#5"},
				"east": {"uv": [0, 0, 16, 16], "rotation": 180, "texture": "#5"},
				"south": {"uv": [0, 0, 16, 16], "rotation": 180, "texture": "#5"},
				"west": {"uv": [0, 0, 16, 16], "rotation": 180, "texture": "#5"},
				"up": {"uv": [0, 0, 16, 16], "rotation": 90, "texture": "#5"},
				"down": {"uv": [0, 0, 16, 16], "rotation": 270, "texture": "#5"}
			}
		},
		{
			"from": [2.24, 12.85, 5.82021],
			"to": [9.49, 13.5, 10.07021],
			"rotation": {"angle": -22.5, "axis": "x", "origin": [8, 8, 8.07021]},
			"faces": {
				"north": {"uv": [0, 0, 16, 16], "texture": "#5"},
				"east": {"uv": [0, 0, 16, 16], "texture": "#5"},
				"south": {"uv": [0, 0, 16, 16], "texture": "#5"},
				"west": {"uv": [0, 0, 16, 16], "texture": "#5"},
				"up": {"uv": [0, 0, 16, 16], "rotation": 270, "texture": "#5"},
				"down": {"uv": [0, 0, 16, 16], "rotation": 90, "texture": "#5"}
			}
		},
		{
			"from": [2.24, 6, 12.92021],
			"to": [9.49, 10.25, 13.57021],
			"rotation": {"angle": -45, "axis": "x", "origin": [8, 8, 8.07021]},
			"faces": {
				"north": {"uv": [0, 0, 16, 16], "rotation": 270, "texture": "#5"},
				"east": {"uv": [0, 0, 16, 16], "rotation": 270, "texture": "#5"},
				"south": {"uv": [0, 0, 16, 16], "rotation": 270, "texture": "#5"},
				"west": {"uv": [0, 0, 16, 16], "rotation": 270, "texture": "#5"},
				"up": {"uv": [0, 0, 16, 16], "rotation": 180, "texture": "#5"},
				"down": {"uv": [0, 0, 16, 16], "texture": "#5"}
			}
		},
		{
			"from": [0.5, 7.5, 7.82021],
			"to": [2, 7.75, 8.32021],
			"rotation": {"angle": 0, "axis": "y", "origin": [8, 8, 8.07021]},
			"faces": {
				"north": {"uv": [0, 0, 16, 16], "texture": "#5"},
				"east": {"uv": [0, 0, 16, 16], "texture": "#5"},
				"south": {"uv": [0, 0, 16, 16], "texture": "#5"},
				"west": {"uv": [0, 0, 16, 16], "texture": "#5"},
				"up": {"uv": [0, 0, 16, 16], "rotation": 270, "texture": "#5"},
				"down": {"uv": [0, 0, 16, 16], "rotation": 90, "texture": "#5"}
			}
		},
		{
			"from": [0.5, 7.75, 8.32021],
			"to": [2, 8.25, 8.57021],
			"rotation": {"angle": 0, "axis": "y", "origin": [8, 8, 8.07021]},
			"faces": {
				"north": {"uv": [0, 0, 16, 16], "texture": "#5"},
				"east": {"uv": [0, 0, 16, 16], "texture": "#5"},
				"south": {"uv": [0, 0, 16, 16], "texture": "#5"},
				"west": {"uv": [0, 0, 16, 16], "texture": "#5"},
				"up": {"uv": [0, 0, 16, 16], "rotation": 270, "texture": "#5"},
				"down": {"uv": [0, 0, 16, 16], "rotation": 90, "texture": "#5"}
			}
		},
		{
			"from": [0.5, 7.75, 7.82021],
			"to": [2, 8.25, 8.32021],
			"rotation": {"angle": 0, "axis": "y", "origin": [8, 8, 8.07021]},
			"faces": {
				"north": {"uv": [0, 0, 16, 16], "texture": "#5"},
				"east": {"uv": [0, 0, 16, 16], "texture": "#5"},
				"south": {"uv": [0, 0, 16, 16], "texture": "#5"},
				"west": {"uv": [0, 0, 16, 16], "texture": "#5"},
				"up": {"uv": [0, 0, 16, 16], "rotation": 270, "texture": "#5"},
				"down": {"uv": [0, 0, 16, 16], "rotation": 90, "texture": "#5"}
			}
		},
		{
			"from": [0.5, 7.825, 7.53771],
			"to": [2, 8.175, 7.78771],
			"rotation": {"angle": 45, "axis": "x", "origin": [4, 8, 8.07021]},
			"faces": {
				"north": {"uv": [0, 0, 16, 16], "rotation": 270, "texture": "#5"},
				"east": {"uv": [0, 0, 16, 16], "rotation": 270, "texture": "#5"},
				"south": {"uv": [0, 0, 16, 16], "rotation": 270, "texture": "#5"},
				"west": {"uv": [0, 0, 16, 16], "rotation": 270, "texture": "#5"},
				"up": {"uv": [0, 0, 16, 16], "rotation": 180, "texture": "#5"},
				"down": {"uv": [0, 0, 16, 16], "texture": "#5"}
			}
		},
		{
			"from": [0.5, 8.2825, 7.89521],
			"to": [2, 8.5325, 8.24521],
			"rotation": {"angle": 45, "axis": "x", "origin": [4, 8, 8.07021]},
			"faces": {
				"north": {"uv": [0, 0, 16, 16], "texture": "#5"},
				"east": {"uv": [0, 0, 16, 16], "texture": "#5"},
				"south": {"uv": [0, 0, 16, 16], "texture": "#5"},
				"west": {"uv": [0, 0, 16, 16], "texture": "#5"},
				"up": {"uv": [0, 0, 16, 16], "rotation": 270, "texture": "#5"},
				"down": {"uv": [0, 0, 16, 16], "rotation": 90, "texture": "#5"}
			}
		},
		{
			"from": [0.5, 8.25, 7.82021],
			"to": [2, 8.5, 8.32021],
			"rotation": {"angle": 0, "axis": "y", "origin": [8, 8, 8.07021]},
			"faces": {
				"north": {"uv": [0, 0, 16, 16], "texture": "#5"},
				"east": {"uv": [0, 0, 16, 16], "texture": "#5"},
				"south": {"uv": [0, 0, 16, 16], "texture": "#5"},
				"west": {"uv": [0, 0, 16, 16], "texture": "#5"},
				"up": {"uv": [0, 0, 16, 16], "rotation": 270, "texture": "#5"},
				"down": {"uv": [0, 0, 16, 16], "rotation": 90, "texture": "#5"}
			}
		},
		{
			"from": [0.5, 7.825, 7.53771],
			"to": [2, 8.175, 7.78771],
			"rotation": {"angle": -45, "axis": "x", "origin": [4, 8, 8.07021]},
			"faces": {
				"north": {"uv": [0, 0, 16, 16], "rotation": 270, "texture": "#5"},
				"east": {"uv": [0, 0, 16, 16], "rotation": 270, "texture": "#5"},
				"south": {"uv": [0, 0, 16, 16], "rotation": 270, "texture": "#5"},
				"west": {"uv": [0, 0, 16, 16], "rotation": 270, "texture": "#5"},
				"up": {"uv": [0, 0, 16, 16], "rotation": 180, "texture": "#5"},
				"down": {"uv": [0, 0, 16, 16], "texture": "#5"}
			}
		},
		{
			"from": [0.5, 7.825, 8.35271],
			"to": [2, 8.175, 8.60271],
			"rotation": {"angle": 45, "axis": "x", "origin": [4, 8, 8.07021]},
			"faces": {
				"north": {"uv": [0, 0, 16, 16], "rotation": 90, "texture": "#5"},
				"east": {"uv": [0, 0, 16, 16], "rotation": 90, "texture": "#5"},
				"south": {"uv": [0, 0, 16, 16], "rotation": 90, "texture": "#5"},
				"west": {"uv": [0, 0, 16, 16], "rotation": 90, "texture": "#5"},
				"up": {"uv": [0, 0, 16, 16], "texture": "#5"},
				"down": {"uv": [0, 0, 16, 16], "rotation": 180, "texture": "#5"}
			}
		},
		{
			"from": [0.5, 7.75, 7.57021],
			"to": [2, 8.25, 7.82021],
			"rotation": {"angle": 0, "axis": "y", "origin": [8, 8, 8.07021]},
			"faces": {
				"north": {"uv": [0, 0, 16, 16], "texture": "#5"},
				"east": {"uv": [0, 0, 16, 16], "texture": "#5"},
				"south": {"uv": [0, 0, 16, 16], "texture": "#5"},
				"west": {"uv": [0, 0, 16, 16], "texture": "#5"},
				"up": {"uv": [0, 0, 16, 16], "rotation": 270, "texture": "#5"},
				"down": {"uv": [0, 0, 16, 16], "rotation": 90, "texture": "#5"}
			}
		},
		{
			"from": [0.45, 7.625, 7.69521],
			"to": [0.45, 8.375, 8.44521],
			"rotation": {"angle": 0, "axis": "y", "origin": [8, 8, 8.07021]},
			"faces": {
				"north": {"uv": [2.6875, 2.5625, 13.37504, 13.1875], "texture": "#5"},
				"east": {"uv": [2.6875, 2.5625, 13.37504, 13.1875], "texture": "#5"},
				"south": {"uv": [2.6875, 2.5625, 13.37504, 13.1875], "texture": "#5"},
				"west": {"uv": [2.6875, 2.5625, 13.37504, 13.1875], "texture": "#5"},
				"up": {"uv": [2.6875, 2.5625, 13.37504, 13.1875], "rotation": 270, "texture": "#5"},
				"down": {"uv": [2.6875, 2.5625, 13.37504, 13.1875], "rotation": 90, "texture": "#5"}
			}
		}
	],
	"display": {
		"firstperson_righthand": {
			"scale": [0, 0, 0]
		},
		"firstperson_lefthand": {
			"scale": [0, 0, 0]
		},
		"gui": {
			"rotation": [-8, 172, 0],
			"translation": [0.25, -0.25, 0],
			"scale": [0.91, 0.89, 0.87]
		},
		"head": {
			"scale": [1.02, 1, 1]
		},
		"fixed": {
			"rotation": [90, 0, 0],
			"translation": [0, 0, -15],
			"scale": [2, 2, 2]
		}
	},
	"groups": [
		{
			"name": "grindstone",
			"origin": [8, 8, 8],
			"color": 0,
			"children": [
				{
					"name": "pneu",
					"origin": [8, 8, 8],
					"color": 0,
					"children": [
						0,
						1,
						2,
						3,
						4,
						5,
						6,
						7,
						8,
						{
							"name": "group2",
							"origin": [8, 8, 8],
							"color": 0,
							"children": [9, 10, 11, 12, 13, 14, 15]
						},
						16,
						17,
						18,
						19,
						20,
						21,
						22,
						23,
						24,
						25,
						26,
						27,
						28,
						29,
						30,
						31
					]
				},
				{
					"name": "cadre sup jante",
					"origin": [8, 8, 8],
					"color": 0,
					"children": [32, 33, 34, 35, 36, 37, 38, 39, 40, 41, 42, 43, 44, 45, 46, 47]
				},
				{
					"name": "point central",
					"origin": [8, 8, 8],
					"color": 0,
					"children": [48, 49, 50, 51, 52, 53, 54, 55, 56]
				},
				{
					"name": "point central 2",
					"origin": [8, 8, 8],
					"color": 0,
					"children": [57, 58, 59, 60, 61, 62, 63, 64, 65]
				},
				{
					"name": "branches",
					"origin": [8, 8, 8],
					"color": 0,
					"children": [66, 67, 68, 69, 70, 71, 72, 73, 74, 75]
				},
				{
					"name": "fond",
					"origin": [8, 8, 8],
					"color": 0,
					"children": [76, 77, 78, 79, 80, 81, 82, 83, 84, 85, 86, 87, 88, 89, 90, 91]
				},
				{
					"name": "contour jante",
					"origin": [8, 8, 8],
					"color": 0,
					"children": [92, 93, 94, 95, 96, 97, 98, 99, 100, 101, 102, 103, 104]
				},
				{
					"name": "logo rond",
					"origin": [8, 8, 8],
					"color": 0,
					"children": [105, 106, 107, 108, 109, 110, 111, 112, 113, 114]
				}
			]
		}
	]
}