{
	"credit": "Made with Blockbench",
	"textures": {
		"0": "block/jungle_planks",
		"particle": "block/jungle_planks"
	},
	"elements": [
		{
			"from": [6, 0, 12],
			"to": [10, 16, 16],
			"rotation": {"angle": 0, "axis": "y", "origin": [6, 0, 12]},
			"faces": {
				"north": {"uv": [0, 0, 16, 16], "texture": "#0"},
				"east": {"uv": [0, 0, 16, 16], "texture": "#0"},
				"south": {"uv": [0, 0, 16, 16], "texture": "#0"},
				"west": {"uv": [0, 0, 16, 16], "texture": "#0"},
				"up": {"uv": [0, 0, 16, 16], "texture": "#0"},
				"down": {"uv": [0, 0, 16, 16], "texture": "#0"}
			}
		}
	]
}