{
	"credit": "Made with Blockbench",
	"textures": {
		"4": "block/3d/carton/face1_carton",
		"5": "block/mossy_cobblestone",
		"6": "block/blue_concrete",
		"7": "block/3d_objects/journeaux1",
		"8": "block/3d_objects/101",
		"particle": "block/mossy_cobblestone"
	},
	"elements": [
		{
			"from": [4.301, 0.1306, 5.3278],
			"to": [4.6886, 2.4562, 7.5242],
			"rotation": {"angle": 0, "axis": "y", "origin": [3.9134, 4.265, 10.625]},
			"faces": {
				"north": {"uv": [0, 0, 16, 16], "texture": "#5"},
				"east": {"uv": [0, 0, 16, 16], "texture": "#5"},
				"south": {"uv": [0, 0, 16, 16], "texture": "#5"},
				"west": {"uv": [0, 0, 16, 16], "texture": "#5"},
				"up": {"uv": [0, 0, 16, 16], "texture": "#5"},
				"down": {"uv": [0, 0, 16, 16], "texture": "#5"}
			}
		},
		{
			"from": [4.1072, 0.1306, 7.5242],
			"to": [9.469, 2.4562, 7.8472],
			"rotation": {"angle": 0, "axis": "y", "origin": [8.2416, 4.265, 11.6586]},
			"faces": {
				"north": {"uv": [0, 0, 16, 16], "texture": "#5"},
				"east": {"uv": [0, 0, 16, 16], "texture": "#5"},
				"south": {"uv": [0, 0, 16, 16], "texture": "#5"},
				"west": {"uv": [0, 0, 16, 16], "texture": "#5"},
				"up": {"uv": [0, 0, 16, 16], "texture": "#5"},
				"down": {"uv": [0, 0, 16, 16], "texture": "#5"}
			}
		},
		{
			"from": [4.1072, 0.1306, 5.0048],
			"to": [9.469, 2.4562, 5.3278],
			"rotation": {"angle": 0, "axis": "y", "origin": [8.2416, 4.265, 9.1392]},
			"faces": {
				"north": {"uv": [0, 0, 16, 16], "texture": "#5"},
				"east": {"uv": [0, 0, 16, 16], "texture": "#5"},
				"south": {"uv": [0, 0, 16, 16], "texture": "#5"},
				"west": {"uv": [0, 0, 16, 16], "texture": "#5"},
				"up": {"uv": [0, 0, 16, 16], "texture": "#5"},
				"down": {"uv": [0, 0, 16, 16], "texture": "#5"}
			}
		},
		{
			"from": [6.1744, 0.1306, 6.1676],
			"to": [7.3372, 2.3916, 6.6198],
			"rotation": {"angle": 0, "axis": "y", "origin": [6.9496, 4.265, 11.4648]},
			"faces": {
				"north": {"uv": [0, 0, 16, 16], "texture": "#5"},
				"east": {"uv": [0, 0, 16, 16], "texture": "#5"},
				"south": {"uv": [0, 0, 16, 16], "texture": "#5"},
				"west": {"uv": [0, 0, 16, 16], "texture": "#5"},
				"up": {"uv": [0, 0, 16, 16], "texture": "#5"},
				"down": {"uv": [0, 0, 16, 16], "texture": "#5"}
			}
		},
		{
			"from": [4.6886, 0.1306, 6.1676],
			"to": [5.7868, 2.3916, 6.6198],
			"rotation": {"angle": 0, "axis": "y", "origin": [5.4638, 4.265, 11.4648]},
			"faces": {
				"north": {"uv": [0, 0, 16, 16], "texture": "#5"},
				"east": {"uv": [0, 0, 16, 16], "texture": "#5"},
				"south": {"uv": [0, 0, 16, 16], "texture": "#5"},
				"west": {"uv": [0, 0, 16, 16], "texture": "#5"},
				"up": {"uv": [0, 0, 16, 16], "texture": "#5"},
				"down": {"uv": [0, 0, 16, 16], "texture": "#5"}
			}
		},
		{
			"from": [8.8876, 0.1306, 5.3278],
			"to": [9.2752, 2.4562, 7.5242],
			"rotation": {"angle": 0, "axis": "y", "origin": [8.5, 4.265, 10.625]},
			"faces": {
				"north": {"uv": [0, 0, 16, 16], "texture": "#5"},
				"east": {"uv": [0, 0, 16, 16], "texture": "#5"},
				"south": {"uv": [0, 0, 16, 16], "texture": "#5"},
				"west": {"uv": [0, 0, 16, 16], "texture": "#5"},
				"up": {"uv": [0, 0, 16, 16], "texture": "#5"},
				"down": {"uv": [0, 0, 16, 16], "texture": "#5"}
			}
		},
		{
			"from": [5.7868, 0.1306, 5.3278],
			"to": [6.1744, 2.3916, 7.5242],
			"rotation": {"angle": 0, "axis": "y", "origin": [5.3992, 4.265, 10.625]},
			"faces": {
				"north": {"uv": [0, 0, 16, 16], "texture": "#5"},
				"east": {"uv": [0, 0, 16, 16], "texture": "#5"},
				"south": {"uv": [0, 0, 16, 16], "texture": "#5"},
				"west": {"uv": [0, 0, 16, 16], "texture": "#5"},
				"up": {"uv": [0, 0, 16, 16], "texture": "#5"},
				"down": {"uv": [0, 0, 16, 16], "texture": "#5"}
			}
		},
		{
			"from": [7.7248, 0.1306, 6.1676],
			"to": [8.8876, 2.3916, 6.6198],
			"rotation": {"angle": 0, "axis": "y", "origin": [8.5, 4.265, 11.4648]},
			"faces": {
				"north": {"uv": [0, 0, 16, 16], "texture": "#5"},
				"east": {"uv": [0, 0, 16, 16], "texture": "#5"},
				"south": {"uv": [0, 0, 16, 16], "texture": "#5"},
				"west": {"uv": [0, 0, 16, 16], "texture": "#5"},
				"up": {"uv": [0, 0, 16, 16], "texture": "#5"},
				"down": {"uv": [0, 0, 16, 16], "texture": "#5"}
			}
		},
		{
			"from": [7.3372, 0.1306, 5.3278],
			"to": [7.7248, 2.3916, 7.5242],
			"rotation": {"angle": 0, "axis": "y", "origin": [6.9496, 4.265, 10.625]},
			"faces": {
				"north": {"uv": [0, 0, 16, 16], "texture": "#5"},
				"east": {"uv": [0, 0, 16, 16], "texture": "#5"},
				"south": {"uv": [0, 0, 16, 16], "texture": "#5"},
				"west": {"uv": [0, 0, 16, 16], "texture": "#5"},
				"up": {"uv": [0, 0, 16, 16], "texture": "#5"},
				"down": {"uv": [0, 0, 16, 16], "texture": "#5"}
			}
		},
		{
			"from": [-2.5, 0, 10],
			"to": [4.125, 3.875, 14.375],
			"rotation": {"angle": 22.5, "axis": "y", "origin": [5.5, 8, 6.375]},
			"faces": {
				"north": {"uv": [0, 3.25, 15.938, 13.25], "texture": "#4"},
				"east": {"uv": [0, 3.25, 15.938, 13.25], "texture": "#4"},
				"south": {"uv": [0, 3.25, 15.938, 13.25], "texture": "#4"},
				"west": {"uv": [0, 3.25, 15.938, 13.25], "texture": "#4"},
				"up": {"uv": [0, 3.25, 15.938, 13.25], "rotation": 270, "texture": "#4"},
				"down": {"uv": [0, 3.25, 15.938, 13.25], "rotation": 90, "texture": "#4"}
			}
		},
		{
			"from": [10.5, 0.125, 5.5],
			"to": [14.875, 4, 12.125],
			"rotation": {"angle": 0, "axis": "y", "origin": [6.875, 8.125, 4.125]},
			"faces": {
				"north": {"uv": [0, 3.25, 15.938, 13.25], "texture": "#4"},
				"east": {"uv": [0, 3.25, 15.938, 13.25], "texture": "#4"},
				"south": {"uv": [0, 3.25, 15.938, 13.25], "texture": "#4"},
				"west": {"uv": [0, 3.25, 15.938, 13.25], "texture": "#4"},
				"up": {"uv": [0, 3.25, 15.938, 13.25], "rotation": 180, "texture": "#4"},
				"down": {"uv": [0, 3.25, 15.938, 13.25], "rotation": 180, "texture": "#4"}
			}
		},
		{
			"from": [14.5, 0.125, -2.75],
			"to": [18.875, 0.125, 3.875],
			"rotation": {"angle": -45, "axis": "y", "origin": [22.5, 8.125, 5.25]},
			"faces": {
				"north": {"uv": [0, 3.25, 15.938, 13.25], "texture": "#4"},
				"east": {"uv": [0, 3.25, 15.938, 13.25], "texture": "#4"},
				"south": {"uv": [0, 3.25, 15.938, 13.25], "texture": "#4"},
				"west": {"uv": [0, 3.25, 15.938, 13.25], "texture": "#4"},
				"up": {"uv": [0, 3.25, 15.938, 13.25], "texture": "#4"},
				"down": {"uv": [0, 3.25, 15.938, 13.25], "texture": "#4"}
			}
		},
		{
			"from": [17.625, 0.125, 1.875],
			"to": [20.5, 0.125, 4.875],
			"rotation": {"angle": -45, "axis": "y", "origin": [25.375, 8.125, 8.125]},
			"faces": {
				"north": {"uv": [5.063, 3.313, 9.5, 7.437], "texture": "#4"},
				"east": {"uv": [5.063, 3.313, 9.5, 7.437], "texture": "#4"},
				"south": {"uv": [5.063, 3.313, 9.5, 7.437], "texture": "#4"},
				"west": {"uv": [5.063, 3.313, 9.5, 7.437], "texture": "#4"},
				"up": {"uv": [5.063, 3.313, 9.5, 7.437], "texture": "#4"},
				"down": {"uv": [5.063, 3.313, 9.5, 7.437], "texture": "#4"}
			}
		},
		{
			"from": [10.25, 0.125, 1.875],
			"to": [13.375, 0.125, 4.875],
			"rotation": {"angle": -45, "axis": "y", "origin": [25.375, 8.125, 8.125]},
			"faces": {
				"north": {"uv": [11.438, 8.5, 15.813, 12.188], "texture": "#4"},
				"east": {"uv": [11.438, 8.5, 15.813, 12.188], "texture": "#4"},
				"south": {"uv": [11.438, 8.5, 15.813, 12.188], "texture": "#4"},
				"west": {"uv": [11.438, 8.5, 15.813, 12.188], "texture": "#4"},
				"up": {"uv": [11.438, 8.5, 15.813, 12.188], "texture": "#4"},
				"down": {"uv": [11.438, 8.5, 15.813, 12.188], "texture": "#4"}
			}
		},
		{
			"from": [13.95, -0.455, 2.835],
			"to": [14.52, 2.965, 6.065],
			"rotation": {"angle": -45, "axis": "y", "origin": [13.38, 5.625, 10.625]},
			"faces": {
				"north": {"uv": [0, 0, 16, 16], "texture": "#5"},
				"east": {"uv": [0, 0, 16, 16], "texture": "#5"},
				"south": {"uv": [0, 0, 16, 16], "texture": "#5"},
				"west": {"uv": [0, 0, 16, 16], "texture": "#5"},
				"up": {"uv": [0, 0, 16, 16], "texture": "#5"},
				"down": {"uv": [0, 0, 16, 16], "texture": "#5"}
			}
		},
		{
			"from": [13.665, -0.455, 6.065],
			"to": [21.55, 2.965, 6.54],
			"rotation": {"angle": -45, "axis": "y", "origin": [13.38, 5.625, 10.625]},
			"faces": {
				"north": {"uv": [0, 0, 16, 16], "texture": "#5"},
				"east": {"uv": [0, 0, 16, 16], "texture": "#5"},
				"south": {"uv": [0, 0, 16, 16], "texture": "#5"},
				"west": {"uv": [0, 0, 16, 16], "texture": "#5"},
				"up": {"uv": [0, 0, 16, 16], "texture": "#5"},
				"down": {"uv": [0, 0, 16, 16], "texture": "#5"}
			}
		},
		{
			"from": [13.665, -0.455, 2.36],
			"to": [21.55, 2.965, 2.835],
			"rotation": {"angle": -45, "axis": "y", "origin": [13.38, 5.625, 10.625]},
			"faces": {
				"north": {"uv": [0, 0, 16, 16], "texture": "#5"},
				"east": {"uv": [0, 0, 16, 16], "texture": "#5"},
				"south": {"uv": [0, 0, 16, 16], "texture": "#5"},
				"west": {"uv": [0, 0, 16, 16], "texture": "#5"},
				"up": {"uv": [0, 0, 16, 16], "texture": "#5"},
				"down": {"uv": [0, 0, 16, 16], "texture": "#5"}
			}
		},
		{
			"from": [16.705, -0.455, 4.07],
			"to": [18.415, 2.87, 4.735],
			"rotation": {"angle": -45, "axis": "y", "origin": [13.38, 5.625, 10.625]},
			"faces": {
				"north": {"uv": [0, 0, 16, 16], "texture": "#5"},
				"east": {"uv": [0, 0, 16, 16], "texture": "#5"},
				"south": {"uv": [0, 0, 16, 16], "texture": "#5"},
				"west": {"uv": [0, 0, 16, 16], "texture": "#5"},
				"up": {"uv": [0, 0, 16, 16], "texture": "#5"},
				"down": {"uv": [0, 0, 16, 16], "texture": "#5"}
			}
		},
		{
			"from": [14.52, -0.455, 4.07],
			"to": [16.135, 2.87, 4.735],
			"rotation": {"angle": -45, "axis": "y", "origin": [13.38, 5.625, 10.625]},
			"faces": {
				"north": {"uv": [0, 0, 16, 16], "texture": "#5"},
				"east": {"uv": [0, 0, 16, 16], "texture": "#5"},
				"south": {"uv": [0, 0, 16, 16], "texture": "#5"},
				"west": {"uv": [0, 0, 16, 16], "texture": "#5"},
				"up": {"uv": [0, 0, 16, 16], "texture": "#5"},
				"down": {"uv": [0, 0, 16, 16], "texture": "#5"}
			}
		},
		{
			"from": [20.695, -0.455, 2.835],
			"to": [21.265, 2.965, 6.065],
			"rotation": {"angle": -45, "axis": "y", "origin": [13.38, 5.625, 10.625]},
			"faces": {
				"north": {"uv": [0, 0, 16, 16], "texture": "#5"},
				"east": {"uv": [0, 0, 16, 16], "texture": "#5"},
				"south": {"uv": [0, 0, 16, 16], "texture": "#5"},
				"west": {"uv": [0, 0, 16, 16], "texture": "#5"},
				"up": {"uv": [0, 0, 16, 16], "texture": "#5"},
				"down": {"uv": [0, 0, 16, 16], "texture": "#5"}
			}
		},
		{
			"from": [16.135, -0.455, 2.835],
			"to": [16.705, 2.87, 6.065],
			"rotation": {"angle": -45, "axis": "y", "origin": [13.38, 5.625, 10.625]},
			"faces": {
				"north": {"uv": [0, 0, 16, 16], "texture": "#5"},
				"east": {"uv": [0, 0, 16, 16], "texture": "#5"},
				"south": {"uv": [0, 0, 16, 16], "texture": "#5"},
				"west": {"uv": [0, 0, 16, 16], "texture": "#5"},
				"up": {"uv": [0, 0, 16, 16], "texture": "#5"},
				"down": {"uv": [0, 0, 16, 16], "texture": "#5"}
			}
		},
		{
			"from": [18.985, -0.455, 4.07],
			"to": [20.695, 2.87, 4.735],
			"rotation": {"angle": -45, "axis": "y", "origin": [13.38, 5.625, 10.625]},
			"faces": {
				"north": {"uv": [0, 0, 16, 16], "texture": "#5"},
				"east": {"uv": [0, 0, 16, 16], "texture": "#5"},
				"south": {"uv": [0, 0, 16, 16], "texture": "#5"},
				"west": {"uv": [0, 0, 16, 16], "texture": "#5"},
				"up": {"uv": [0, 0, 16, 16], "texture": "#5"},
				"down": {"uv": [0, 0, 16, 16], "texture": "#5"}
			}
		},
		{
			"from": [18.415, -0.455, 2.835],
			"to": [18.985, 2.87, 6.065],
			"rotation": {"angle": -45, "axis": "y", "origin": [13.38, 5.625, 10.625]},
			"faces": {
				"north": {"uv": [0, 0, 16, 16], "texture": "#5"},
				"east": {"uv": [0, 0, 16, 16], "texture": "#5"},
				"south": {"uv": [0, 0, 16, 16], "texture": "#5"},
				"west": {"uv": [0, 0, 16, 16], "texture": "#5"},
				"up": {"uv": [0, 0, 16, 16], "texture": "#5"},
				"down": {"uv": [0, 0, 16, 16], "texture": "#5"}
			}
		},
		{
			"from": [5.69, -0.33, 19.445],
			"to": [8.92, 3.09, 20.015],
			"rotation": {"angle": 0, "axis": "y", "origin": [1.13, 5.75, 18.875]},
			"faces": {
				"north": {"uv": [0, 0, 16, 16], "texture": "#5"},
				"east": {"uv": [0, 0, 16, 16], "texture": "#5"},
				"south": {"uv": [0, 0, 16, 16], "texture": "#5"},
				"west": {"uv": [0, 0, 16, 16], "texture": "#5"},
				"up": {"uv": [0, 0, 16, 16], "texture": "#5"},
				"down": {"uv": [0, 0, 16, 16], "texture": "#5"}
			}
		},
		{
			"from": [5.215, -0.33, 19.16],
			"to": [5.69, 3.09, 27.045],
			"rotation": {"angle": 0, "axis": "y", "origin": [1.13, 5.75, 18.875]},
			"faces": {
				"north": {"uv": [0, 0, 16, 16], "texture": "#5"},
				"east": {"uv": [0, 0, 16, 16], "texture": "#5"},
				"south": {"uv": [0, 0, 16, 16], "texture": "#5"},
				"west": {"uv": [0, 0, 16, 16], "texture": "#5"},
				"up": {"uv": [0, 0, 16, 16], "texture": "#5"},
				"down": {"uv": [0, 0, 16, 16], "texture": "#5"}
			}
		},
		{
			"from": [8.92, -0.33, 19.16],
			"to": [9.395, 3.09, 27.045],
			"rotation": {"angle": 0, "axis": "y", "origin": [1.13, 5.75, 18.875]},
			"faces": {
				"north": {"uv": [0, 0, 16, 16], "texture": "#5"},
				"east": {"uv": [0, 0, 16, 16], "texture": "#5"},
				"south": {"uv": [0, 0, 16, 16], "texture": "#5"},
				"west": {"uv": [0, 0, 16, 16], "texture": "#5"},
				"up": {"uv": [0, 0, 16, 16], "texture": "#5"},
				"down": {"uv": [0, 0, 16, 16], "texture": "#5"}
			}
		},
		{
			"from": [7.02, -0.33, 22.2],
			"to": [7.685, 2.995, 23.91],
			"rotation": {"angle": 0, "axis": "y", "origin": [1.13, 5.75, 18.875]},
			"faces": {
				"north": {"uv": [0, 0, 16, 16], "texture": "#5"},
				"east": {"uv": [0, 0, 16, 16], "texture": "#5"},
				"south": {"uv": [0, 0, 16, 16], "texture": "#5"},
				"west": {"uv": [0, 0, 16, 16], "texture": "#5"},
				"up": {"uv": [0, 0, 16, 16], "texture": "#5"},
				"down": {"uv": [0, 0, 16, 16], "texture": "#5"}
			}
		},
		{
			"from": [7.02, -0.33, 20.015],
			"to": [7.685, 2.995, 21.63],
			"rotation": {"angle": 0, "axis": "y", "origin": [1.13, 5.75, 18.875]},
			"faces": {
				"north": {"uv": [0, 0, 16, 16], "texture": "#5"},
				"east": {"uv": [0, 0, 16, 16], "texture": "#5"},
				"south": {"uv": [0, 0, 16, 16], "texture": "#5"},
				"west": {"uv": [0, 0, 16, 16], "texture": "#5"},
				"up": {"uv": [0, 0, 16, 16], "texture": "#5"},
				"down": {"uv": [0, 0, 16, 16], "texture": "#5"}
			}
		},
		{
			"from": [5.69, -0.33, 26.19],
			"to": [8.92, 3.09, 26.76],
			"rotation": {"angle": 0, "axis": "y", "origin": [1.13, 5.75, 18.875]},
			"faces": {
				"north": {"uv": [0, 0, 16, 16], "texture": "#5"},
				"east": {"uv": [0, 0, 16, 16], "texture": "#5"},
				"south": {"uv": [0, 0, 16, 16], "texture": "#5"},
				"west": {"uv": [0, 0, 16, 16], "texture": "#5"},
				"up": {"uv": [0, 0, 16, 16], "texture": "#5"},
				"down": {"uv": [0, 0, 16, 16], "texture": "#5"}
			}
		},
		{
			"from": [5.69, -0.33, 21.63],
			"to": [8.92, 2.995, 22.2],
			"rotation": {"angle": 0, "axis": "y", "origin": [1.13, 5.75, 18.875]},
			"faces": {
				"north": {"uv": [0, 0, 16, 16], "texture": "#5"},
				"east": {"uv": [0, 0, 16, 16], "texture": "#5"},
				"south": {"uv": [0, 0, 16, 16], "texture": "#5"},
				"west": {"uv": [0, 0, 16, 16], "texture": "#5"},
				"up": {"uv": [0, 0, 16, 16], "texture": "#5"},
				"down": {"uv": [0, 0, 16, 16], "texture": "#5"}
			}
		},
		{
			"from": [7.02, -0.33, 24.48],
			"to": [7.685, 2.995, 26.19],
			"rotation": {"angle": 0, "axis": "y", "origin": [1.13, 5.75, 18.875]},
			"faces": {
				"north": {"uv": [0, 0, 16, 16], "texture": "#5"},
				"east": {"uv": [0, 0, 16, 16], "texture": "#5"},
				"south": {"uv": [0, 0, 16, 16], "texture": "#5"},
				"west": {"uv": [0, 0, 16, 16], "texture": "#5"},
				"up": {"uv": [0, 0, 16, 16], "texture": "#5"},
				"down": {"uv": [0, 0, 16, 16], "texture": "#5"}
			}
		},
		{
			"from": [5.69, -0.33, 23.91],
			"to": [8.92, 2.995, 24.48],
			"rotation": {"angle": 0, "axis": "y", "origin": [1.13, 5.75, 18.875]},
			"faces": {
				"north": {"uv": [0, 0, 16, 16], "texture": "#5"},
				"east": {"uv": [0, 0, 16, 16], "texture": "#5"},
				"south": {"uv": [0, 0, 16, 16], "texture": "#5"},
				"west": {"uv": [0, 0, 16, 16], "texture": "#5"},
				"up": {"uv": [0, 0, 16, 16], "texture": "#5"},
				"down": {"uv": [0, 0, 16, 16], "texture": "#5"}
			}
		},
		{
			"from": [7.44906, -0.02517, -5.98632],
			"to": [8.65708, 1.25391, -5.77314],
			"rotation": {"angle": -22.5, "axis": "y", "origin": [5.74362, 2.24875, -6.1995]},
			"faces": {
				"north": {"uv": [1.25, 6.5, 5.875, 7.375], "rotation": 90, "texture": "#6"},
				"east": {"uv": [1.25, 6.5, 5.875, 7.375], "rotation": 90, "texture": "#6"},
				"south": {"uv": [1.25, 6.5, 5.875, 7.375], "rotation": 90, "texture": "#6"},
				"west": {"uv": [1.25, 6.5, 5.875, 7.375], "rotation": 90, "texture": "#6"},
				"up": {"uv": [1.25, 6.5, 5.875, 7.375], "rotation": 90, "texture": "#6"},
				"down": {"uv": [1.25, 6.5, 5.875, 7.375], "rotation": 90, "texture": "#6"}
			}
		},
		{
			"from": [7.27141, -0.02517, -6.09291],
			"to": [7.44906, 1.25391, -3.14392],
			"rotation": {"angle": -22.5, "axis": "y", "origin": [5.74362, 2.24875, -6.1995]},
			"faces": {
				"north": {"uv": [1.25, 6.5, 5.875, 7.375], "rotation": 90, "texture": "#6"},
				"east": {"uv": [1.25, 6.5, 5.875, 7.375], "rotation": 90, "texture": "#6"},
				"south": {"uv": [1.25, 6.5, 5.875, 7.375], "rotation": 90, "texture": "#6"},
				"west": {"uv": [1.25, 6.5, 5.875, 7.375], "rotation": 90, "texture": "#6"},
				"up": {"uv": [1.25, 6.5, 5.875, 7.375], "rotation": 90, "texture": "#6"},
				"down": {"uv": [1.25, 6.5, 5.875, 7.375], "rotation": 90, "texture": "#6"}
			}
		},
		{
			"from": [8.65708, -0.02517, -6.09291],
			"to": [8.83473, 1.25391, -3.14392],
			"rotation": {"angle": -22.5, "axis": "y", "origin": [5.74362, 2.24875, -6.1995]},
			"faces": {
				"north": {"uv": [1.25, 6.5, 5.875, 7.375], "rotation": 90, "texture": "#6"},
				"east": {"uv": [1.25, 6.5, 5.875, 7.375], "rotation": 90, "texture": "#6"},
				"south": {"uv": [1.25, 6.5, 5.875, 7.375], "rotation": 90, "texture": "#6"},
				"west": {"uv": [1.25, 6.5, 5.875, 7.375], "rotation": 90, "texture": "#6"},
				"up": {"uv": [1.25, 6.5, 5.875, 7.375], "rotation": 90, "texture": "#6"},
				"down": {"uv": [1.25, 6.5, 5.875, 7.375], "rotation": 90, "texture": "#6"}
			}
		},
		{
			"from": [7.94648, -0.02517, -4.95595],
			"to": [8.19519, 1.21838, -4.31641],
			"rotation": {"angle": -22.5, "axis": "y", "origin": [5.74362, 2.24875, -6.1995]},
			"faces": {
				"north": {"uv": [1.25, 6.5, 5.875, 7.375], "rotation": 90, "texture": "#6"},
				"east": {"uv": [1.25, 6.5, 5.875, 7.375], "rotation": 90, "texture": "#6"},
				"south": {"uv": [1.25, 6.5, 5.875, 7.375], "rotation": 90, "texture": "#6"},
				"west": {"uv": [1.25, 6.5, 5.875, 7.375], "rotation": 90, "texture": "#6"},
				"up": {"uv": [1.25, 6.5, 5.875, 7.375], "rotation": 90, "texture": "#6"},
				"down": {"uv": [1.25, 6.5, 5.875, 7.375], "rotation": 90, "texture": "#6"}
			}
		},
		{
			"from": [7.94648, -0.02517, -5.77314],
			"to": [8.19519, 1.21838, -5.16913],
			"rotation": {"angle": -22.5, "axis": "y", "origin": [5.74362, 2.24875, -6.1995]},
			"faces": {
				"north": {"uv": [1.25, 6.5, 5.875, 7.375], "rotation": 90, "texture": "#6"},
				"east": {"uv": [1.25, 6.5, 5.875, 7.375], "rotation": 90, "texture": "#6"},
				"south": {"uv": [1.25, 6.5, 5.875, 7.375], "rotation": 90, "texture": "#6"},
				"west": {"uv": [1.25, 6.5, 5.875, 7.375], "rotation": 90, "texture": "#6"},
				"up": {"uv": [1.25, 6.5, 5.875, 7.375], "rotation": 90, "texture": "#6"},
				"down": {"uv": [1.25, 6.5, 5.875, 7.375], "rotation": 90, "texture": "#6"}
			}
		},
		{
			"from": [7.44906, -0.02517, -3.46369],
			"to": [8.65708, 1.25391, -3.25051],
			"rotation": {"angle": -22.5, "axis": "y", "origin": [5.74362, 2.24875, -6.1995]},
			"faces": {
				"north": {"uv": [1.25, 6.5, 5.875, 7.375], "rotation": 90, "texture": "#6"},
				"east": {"uv": [1.25, 6.5, 5.875, 7.375], "rotation": 90, "texture": "#6"},
				"south": {"uv": [1.25, 6.5, 5.875, 7.375], "rotation": 90, "texture": "#6"},
				"west": {"uv": [1.25, 6.5, 5.875, 7.375], "rotation": 90, "texture": "#6"},
				"up": {"uv": [1.25, 6.5, 5.875, 7.375], "rotation": 90, "texture": "#6"},
				"down": {"uv": [1.25, 6.5, 5.875, 7.375], "rotation": 90, "texture": "#6"}
			}
		},
		{
			"from": [7.44906, -0.02517, -5.16913],
			"to": [8.65708, 1.21838, -4.95595],
			"rotation": {"angle": -22.5, "axis": "y", "origin": [5.74362, 2.24875, -6.1995]},
			"faces": {
				"north": {"uv": [1.25, 6.5, 5.875, 7.375], "rotation": 90, "texture": "#6"},
				"east": {"uv": [1.25, 6.5, 5.875, 7.375], "rotation": 90, "texture": "#6"},
				"south": {"uv": [1.25, 6.5, 5.875, 7.375], "rotation": 90, "texture": "#6"},
				"west": {"uv": [1.25, 6.5, 5.875, 7.375], "rotation": 90, "texture": "#6"},
				"up": {"uv": [1.25, 6.5, 5.875, 7.375], "rotation": 90, "texture": "#6"},
				"down": {"uv": [1.25, 6.5, 5.875, 7.375], "rotation": 90, "texture": "#6"}
			}
		},
		{
			"from": [7.94648, -0.02517, -4.10323],
			"to": [8.19519, 1.21838, -3.46369],
			"rotation": {"angle": -22.5, "axis": "y", "origin": [5.74362, 2.24875, -6.1995]},
			"faces": {
				"north": {"uv": [1.25, 6.5, 5.875, 7.375], "rotation": 90, "texture": "#6"},
				"east": {"uv": [1.25, 6.5, 5.875, 7.375], "rotation": 90, "texture": "#6"},
				"south": {"uv": [1.25, 6.5, 5.875, 7.375], "rotation": 90, "texture": "#6"},
				"west": {"uv": [1.25, 6.5, 5.875, 7.375], "rotation": 90, "texture": "#6"},
				"up": {"uv": [1.25, 6.5, 5.875, 7.375], "rotation": 90, "texture": "#6"},
				"down": {"uv": [1.25, 6.5, 5.875, 7.375], "rotation": 90, "texture": "#6"}
			}
		},
		{
			"from": [7.44906, -0.02517, -4.31641],
			"to": [8.65708, 1.21838, -4.10323],
			"rotation": {"angle": -22.5, "axis": "y", "origin": [5.74362, 2.24875, -6.1995]},
			"faces": {
				"north": {"uv": [1.25, 6.5, 5.875, 7.375], "rotation": 90, "texture": "#6"},
				"east": {"uv": [1.25, 6.5, 5.875, 7.375], "rotation": 90, "texture": "#6"},
				"south": {"uv": [1.25, 6.5, 5.875, 7.375], "rotation": 90, "texture": "#6"},
				"west": {"uv": [1.25, 6.5, 5.875, 7.375], "rotation": 90, "texture": "#6"},
				"up": {"uv": [1.25, 6.5, 5.875, 7.375], "rotation": 90, "texture": "#6"},
				"down": {"uv": [1.25, 6.5, 5.875, 7.375], "rotation": 90, "texture": "#6"}
			}
		},
		{
			"from": [0, 0.375, -0.25],
			"to": [3.875, 0.375, 6.125],
			"rotation": {"angle": 22.5, "axis": "y", "origin": [8, 8.375, 7.75]},
			"faces": {
				"north": {"uv": [0, 0.282, 8.375, 9.125], "texture": "#7"},
				"east": {"uv": [0, 0.282, 8.375, 9.125], "texture": "#7"},
				"south": {"uv": [0, 0.282, 8.375, 9.125], "texture": "#7"},
				"west": {"uv": [0, 0.282, 8.375, 9.125], "texture": "#7"},
				"up": {"uv": [0, 0.282, 8.375, 9.125], "texture": "#7"},
				"down": {"uv": [0, 0.282, 8.375, 9.125], "texture": "#7"}
			}
		},
		{
			"from": [0, 0.625, -0.25],
			"to": [3.875, 0.625, 6.125],
			"rotation": {"angle": -45, "axis": "y", "origin": [8, 8.625, 7.75]},
			"faces": {
				"north": {"uv": [9.782, 0.25, 15.219, 6.905], "texture": "#7"},
				"east": {"uv": [9.782, 0.25, 15.219, 6.905], "texture": "#7"},
				"south": {"uv": [9.782, 0.25, 15.219, 6.905], "texture": "#7"},
				"west": {"uv": [9.782, 0.25, 15.219, 6.905], "texture": "#7"},
				"up": {"uv": [9.782, 0.25, 15.219, 6.905], "texture": "#7"},
				"down": {"uv": [9.782, 0.25, 15.219, 6.905], "texture": "#7"}
			}
		},
		{
			"from": [9.625, 0.625, 13.375],
			"to": [16, 0.625, 17.25],
			"rotation": {"angle": -22.5, "axis": "y", "origin": [8, 8.625, 21.375]},
			"faces": {
				"north": {"uv": [9.782, 0.25, 15.219, 6.905], "texture": "#7"},
				"east": {"uv": [9.782, 0.25, 15.219, 6.905], "texture": "#7"},
				"south": {"uv": [9.782, 0.25, 15.219, 6.905], "texture": "#7"},
				"west": {"uv": [9.782, 0.25, 15.219, 6.905], "texture": "#7"},
				"up": {"uv": [9.782, 0.25, 15.219, 6.905], "rotation": 90, "texture": "#7"},
				"down": {"uv": [9.782, 0.25, 15.219, 6.905], "rotation": 270, "texture": "#7"}
			}
		},
		{
			"from": [9.625, 0.5, 22.75],
			"to": [16, 0.5, 26.625],
			"rotation": {"angle": 0, "axis": "y", "origin": [8, 8.5, 30.75]},
			"faces": {
				"north": {"uv": [9.782, 0.25, 15.219, 6.905], "texture": "#7"},
				"east": {"uv": [9.782, 0.25, 15.219, 6.905], "texture": "#7"},
				"south": {"uv": [9.782, 0.25, 15.219, 6.905], "texture": "#7"},
				"west": {"uv": [9.782, 0.25, 15.219, 6.905], "texture": "#7"},
				"up": {"uv": [9.782, 0.25, 15.219, 6.905], "rotation": 90, "texture": "#7"},
				"down": {"uv": [9.782, 0.25, 15.219, 6.905], "rotation": 270, "texture": "#7"}
			}
		},
		{
			"from": [20.625, 0.625, 11.25],
			"to": [27, 0.625, 15.125],
			"rotation": {"angle": -22.5, "axis": "y", "origin": [19, 8.625, 19.25]},
			"faces": {
				"north": {"uv": [8.782, 7.532, 14.78, 14.093], "rotation": 90, "texture": "#7"},
				"east": {"uv": [8.782, 7.532, 14.78, 14.093], "rotation": 90, "texture": "#7"},
				"south": {"uv": [8.782, 7.532, 14.78, 14.093], "rotation": 90, "texture": "#7"},
				"west": {"uv": [8.782, 7.532, 14.78, 14.093], "rotation": 90, "texture": "#7"},
				"up": {"uv": [8.782, 7.532, 14.78, 14.093], "rotation": 90, "texture": "#7"},
				"down": {"uv": [8.782, 7.532, 14.78, 14.093], "rotation": 90, "texture": "#7"}
			}
		},
		{
			"from": [8.75, 0.25, -11.5],
			"to": [12.625, 0.25, -5.125],
			"rotation": {"angle": -22.5, "axis": "y", "origin": [16.75, 8.25, -3.5]},
			"faces": {
				"north": {"uv": [8.782, 7.532, 14.78, 14.093], "rotation": 90, "texture": "#7"},
				"east": {"uv": [8.782, 7.532, 14.78, 14.093], "rotation": 90, "texture": "#7"},
				"south": {"uv": [8.782, 7.532, 14.78, 14.093], "rotation": 90, "texture": "#7"},
				"west": {"uv": [8.782, 7.532, 14.78, 14.093], "rotation": 90, "texture": "#7"},
				"up": {"uv": [8.782, 7.532, 14.78, 14.093], "texture": "#7"},
				"down": {"uv": [8.782, 7.532, 14.78, 14.093], "rotation": 180, "texture": "#7"}
			}
		},
		{
			"from": [-8.75, 0.25, -9.25],
			"to": [-4.875, 0.25, -2.875],
			"rotation": {"angle": -22.5, "axis": "y", "origin": [-0.75, 8.25, -1.25]},
			"faces": {
				"north": {"uv": [0.094, 6.625, 8.278, 15.499], "texture": "#7"},
				"east": {"uv": [0.094, 6.625, 8.278, 15.499], "texture": "#7"},
				"south": {"uv": [0.094, 6.625, 8.278, 15.499], "texture": "#7"},
				"west": {"uv": [0.094, 6.625, 8.278, 15.499], "texture": "#7"},
				"up": {"uv": [0.094, 6.625, 8.278, 15.499], "texture": "#7"},
				"down": {"uv": [0.094, 6.625, 8.278, 15.499], "texture": "#7"}
			}
		},
		{
			"from": [-11.875, 0.375, 3],
			"to": [-5.5, 0.375, 6.875],
			"rotation": {"angle": 0, "axis": "y", "origin": [-13.5, 8.375, 11]},
			"faces": {
				"north": {"uv": [0.094, 6.625, 8.278, 15.499], "texture": "#7"},
				"east": {"uv": [0.094, 6.625, 8.278, 15.499], "texture": "#7"},
				"south": {"uv": [0.094, 6.625, 8.278, 15.499], "texture": "#7"},
				"west": {"uv": [0.094, 6.625, 8.278, 15.499], "texture": "#7"},
				"up": {"uv": [0.094, 6.625, 8.278, 15.499], "rotation": 90, "texture": "#7"},
				"down": {"uv": [0.094, 6.625, 8.278, 15.499], "rotation": 270, "texture": "#7"}
			}
		},
		{
			"from": [14.875, 0, 29.125],
			"to": [16, 1, 31.75],
			"rotation": {"angle": 22.5, "axis": "y", "origin": [8, 8, 21.25]},
			"faces": {
				"north": {"uv": [9.641, 6.047, 10.718, 8.172], "texture": "#8"},
				"east": {"uv": [11.797, 1.188, 14.031, 9.171], "rotation": 90, "texture": "#8"},
				"south": {"uv": [7.5, 7.125, 9.828, 9.797], "texture": "#missing"},
				"west": {"uv": [11.797, 1, 14.125, 9.172], "rotation": 90, "texture": "#8"},
				"up": {"uv": [11.797, 1, 14.125, 9.172], "rotation": 180, "texture": "#8"},
				"down": {"uv": [11.797, 1, 14.125, 9.172], "rotation": 180, "texture": "#8"}
			}
		},
		{
			"from": [14.875, 0, 3.5],
			"to": [16, 1, 6.125],
			"rotation": {"angle": 22.5, "axis": "y", "origin": [8, 8, -4.375]},
			"faces": {
				"north": {"uv": [9.641, 6.047, 10.718, 8.172], "texture": "#8"},
				"east": {"uv": [11.797, 1.188, 14.031, 9.171], "rotation": 90, "texture": "#8"},
				"south": {"uv": [7.5, 7.125, 9.828, 9.797], "texture": "#missing"},
				"west": {"uv": [11.797, 1, 14.125, 9.172], "rotation": 90, "texture": "#8"},
				"up": {"uv": [11.797, 1, 14.125, 9.172], "rotation": 180, "texture": "#8"},
				"down": {"uv": [11.797, 1, 14.125, 9.172], "rotation": 180, "texture": "#8"}
			}
		},
		{
			"from": [-16, 0, 3.5],
			"to": [-14.875, 1, 6.125],
			"rotation": {"angle": 22.5, "axis": "y", "origin": [-22.875, 8, -4.375]},
			"faces": {
				"north": {"uv": [9.641, 6.047, 10.718, 8.172], "texture": "#8"},
				"east": {"uv": [11.797, 1.188, 14.031, 9.171], "rotation": 90, "texture": "#8"},
				"south": {"uv": [7.5, 7.125, 9.828, 9.797], "texture": "#missing"},
				"west": {"uv": [11.797, 1, 14.125, 9.172], "rotation": 90, "texture": "#8"},
				"up": {"uv": [11.797, 1, 14.125, 9.172], "rotation": 180, "texture": "#8"},
				"down": {"uv": [11.797, 1, 14.125, 9.172], "rotation": 180, "texture": "#8"}
			}
		},
		{
			"from": [-4.75, 0, 25.375],
			"to": [-3.625, 1, 28],
			"rotation": {"angle": 45, "axis": "y", "origin": [-11.625, 8, 17.5]},
			"faces": {
				"north": {"uv": [9.641, 6.047, 10.718, 8.172], "texture": "#8"},
				"east": {"uv": [11.797, 1.188, 14.031, 9.171], "rotation": 90, "texture": "#8"},
				"south": {"uv": [7.5, 7.125, 9.828, 9.797], "texture": "#missing"},
				"west": {"uv": [11.797, 1, 14.125, 9.172], "rotation": 90, "texture": "#8"},
				"up": {"uv": [11.797, 1, 14.125, 9.172], "rotation": 180, "texture": "#8"},
				"down": {"uv": [11.797, 1, 14.125, 9.172], "rotation": 180, "texture": "#8"}
			}
		},
		{
			"from": [-4.75, 0, 14.75],
			"to": [-3.625, 1, 17.375],
			"rotation": {"angle": -22.5, "axis": "y", "origin": [-11.625, 8, 6.875]},
			"faces": {
				"north": {"uv": [9.641, 6.047, 10.718, 8.172], "texture": "#8"},
				"east": {"uv": [11.797, 1.188, 14.031, 9.171], "rotation": 90, "texture": "#8"},
				"south": {"uv": [7.5, 7.125, 9.828, 9.797], "texture": "#missing"},
				"west": {"uv": [11.797, 1, 14.125, 9.172], "rotation": 90, "texture": "#8"},
				"up": {"uv": [11.797, 1, 14.125, 9.172], "rotation": 180, "texture": "#8"},
				"down": {"uv": [11.797, 1, 14.125, 9.172], "rotation": 180, "texture": "#8"}
			}
		},
		{
			"from": [29.25, 0, 19],
			"to": [30.375, 1, 21.625],
			"rotation": {"angle": -22.5, "axis": "y", "origin": [22.375, 8, 11.125]},
			"faces": {
				"north": {"uv": [9.641, 6.047, 10.718, 8.172], "texture": "#8"},
				"east": {"uv": [11.797, 1.188, 14.031, 9.171], "rotation": 90, "texture": "#8"},
				"south": {"uv": [7.5, 7.125, 9.828, 9.797], "texture": "#missing"},
				"west": {"uv": [11.797, 1, 14.125, 9.172], "rotation": 90, "texture": "#8"},
				"up": {"uv": [11.797, 1, 14.125, 9.172], "rotation": 180, "texture": "#8"},
				"down": {"uv": [11.797, 1, 14.125, 9.172], "rotation": 180, "texture": "#8"}
			}
		},
		{
			"from": [15.875, 0, -0.25],
			"to": [18.5, 1, 0.875],
			"rotation": {"angle": 22.5, "axis": "y", "origin": [8, 8, 7.75]},
			"faces": {
				"north": {"uv": [11.797, 1.188, 14.031, 9.171], "rotation": 90, "texture": "#8"},
				"east": {"uv": [7.5, 7.125, 9.828, 9.797], "texture": "#missing"},
				"south": {"uv": [11.797, 1, 14.125, 9.172], "rotation": 90, "texture": "#8"},
				"west": {"uv": [9.641, 6.047, 10.718, 8.172], "texture": "#8"},
				"up": {"uv": [11.797, 1, 14.125, 9.172], "rotation": 90, "texture": "#8"},
				"down": {"uv": [11.797, 1, 14.125, 9.172], "rotation": 270, "texture": "#8"}
			}
		},
		{
			"from": [0, 0, -2.75],
			"to": [1.125, 1, -0.125],
			"rotation": {"angle": 0, "axis": "y", "origin": [8, 8, 7.75]},
			"faces": {
				"north": {"uv": [7.5, 7.125, 9.828, 9.797], "texture": "#missing"},
				"east": {"uv": [11.797, 1, 14.125, 9.172], "rotation": 90, "texture": "#8"},
				"south": {"uv": [9.641, 6.047, 10.718, 8.172], "texture": "#8"},
				"west": {"uv": [11.797, 1.188, 14.031, 9.171], "rotation": 90, "texture": "#8"},
				"up": {"uv": [11.797, 1, 14.125, 9.172], "texture": "#8"},
				"down": {"uv": [11.797, 1, 14.125, 9.172], "texture": "#8"}
			}
		},
		{
			"from": [16.44226, -0.02517, -13.69406],
			"to": [16.65544, 1.25391, -12.48604],
			"rotation": {"angle": 22.5, "axis": "y", "origin": [20.58112, 2.24875, 22.538]},
			"faces": {
				"north": {"uv": [1.25, 6.5, 5.875, 7.375], "rotation": 90, "texture": "#6"},
				"east": {"uv": [1.25, 6.5, 5.875, 7.375], "rotation": 90, "texture": "#6"},
				"south": {"uv": [1.25, 6.5, 5.875, 7.375], "rotation": 90, "texture": "#6"},
				"west": {"uv": [1.25, 6.5, 5.875, 7.375], "rotation": 90, "texture": "#6"},
				"up": {"uv": [1.25, 6.5, 5.875, 7.375], "rotation": 90, "texture": "#6"},
				"down": {"uv": [1.25, 6.5, 5.875, 7.375], "rotation": 90, "texture": "#6"}
			}
		},
		{
			"from": [13.81304, -0.02517, -13.87171],
			"to": [16.76203, 1.25391, -13.69406],
			"rotation": {"angle": 22.5, "axis": "y", "origin": [20.58112, 2.24875, 22.538]},
			"faces": {
				"north": {"uv": [1.25, 6.5, 5.875, 7.375], "rotation": 90, "texture": "#6"},
				"east": {"uv": [1.25, 6.5, 5.875, 7.375], "rotation": 90, "texture": "#6"},
				"south": {"uv": [1.25, 6.5, 5.875, 7.375], "rotation": 90, "texture": "#6"},
				"west": {"uv": [1.25, 6.5, 5.875, 7.375], "rotation": 90, "texture": "#6"},
				"up": {"uv": [1.25, 6.5, 5.875, 7.375], "rotation": 90, "texture": "#6"},
				"down": {"uv": [1.25, 6.5, 5.875, 7.375], "rotation": 90, "texture": "#6"}
			}
		},
		{
			"from": [13.81304, -0.02517, -12.48604],
			"to": [16.76203, 1.25391, -12.30839],
			"rotation": {"angle": 22.5, "axis": "y", "origin": [20.58112, 2.24875, 22.538]},
			"faces": {
				"north": {"uv": [1.25, 6.5, 5.875, 7.375], "rotation": 90, "texture": "#6"},
				"east": {"uv": [1.25, 6.5, 5.875, 7.375], "rotation": 90, "texture": "#6"},
				"south": {"uv": [1.25, 6.5, 5.875, 7.375], "rotation": 90, "texture": "#6"},
				"west": {"uv": [1.25, 6.5, 5.875, 7.375], "rotation": 90, "texture": "#6"},
				"up": {"uv": [1.25, 6.5, 5.875, 7.375], "rotation": 90, "texture": "#6"},
				"down": {"uv": [1.25, 6.5, 5.875, 7.375], "rotation": 90, "texture": "#6"}
			}
		},
		{
			"from": [14.98553, -0.02517, -13.19664],
			"to": [15.62507, 1.21838, -12.94793],
			"rotation": {"angle": 22.5, "axis": "y", "origin": [20.58112, 2.24875, 22.538]},
			"faces": {
				"north": {"uv": [1.25, 6.5, 5.875, 7.375], "rotation": 90, "texture": "#6"},
				"east": {"uv": [1.25, 6.5, 5.875, 7.375], "rotation": 90, "texture": "#6"},
				"south": {"uv": [1.25, 6.5, 5.875, 7.375], "rotation": 90, "texture": "#6"},
				"west": {"uv": [1.25, 6.5, 5.875, 7.375], "rotation": 90, "texture": "#6"},
				"up": {"uv": [1.25, 6.5, 5.875, 7.375], "rotation": 90, "texture": "#6"},
				"down": {"uv": [1.25, 6.5, 5.875, 7.375], "rotation": 90, "texture": "#6"}
			}
		},
		{
			"from": [15.83825, -0.02517, -13.19664],
			"to": [16.44226, 1.21838, -12.94793],
			"rotation": {"angle": 22.5, "axis": "y", "origin": [20.58112, 2.24875, 22.538]},
			"faces": {
				"north": {"uv": [1.25, 6.5, 5.875, 7.375], "rotation": 90, "texture": "#6"},
				"east": {"uv": [1.25, 6.5, 5.875, 7.375], "rotation": 90, "texture": "#6"},
				"south": {"uv": [1.25, 6.5, 5.875, 7.375], "rotation": 90, "texture": "#6"},
				"west": {"uv": [1.25, 6.5, 5.875, 7.375], "rotation": 90, "texture": "#6"},
				"up": {"uv": [1.25, 6.5, 5.875, 7.375], "rotation": 90, "texture": "#6"},
				"down": {"uv": [1.25, 6.5, 5.875, 7.375], "rotation": 90, "texture": "#6"}
			}
		},
		{
			"from": [13.91963, -0.02517, -13.69406],
			"to": [14.13281, 1.25391, -12.48604],
			"rotation": {"angle": 22.5, "axis": "y", "origin": [20.58112, 2.24875, 22.538]},
			"faces": {
				"north": {"uv": [1.25, 6.5, 5.875, 7.375], "rotation": 90, "texture": "#6"},
				"east": {"uv": [1.25, 6.5, 5.875, 7.375], "rotation": 90, "texture": "#6"},
				"south": {"uv": [1.25, 6.5, 5.875, 7.375], "rotation": 90, "texture": "#6"},
				"west": {"uv": [1.25, 6.5, 5.875, 7.375], "rotation": 90, "texture": "#6"},
				"up": {"uv": [1.25, 6.5, 5.875, 7.375], "rotation": 90, "texture": "#6"},
				"down": {"uv": [1.25, 6.5, 5.875, 7.375], "rotation": 90, "texture": "#6"}
			}
		},
		{
			"from": [15.62507, -0.02517, -13.69406],
			"to": [15.83825, 1.21838, -12.48604],
			"rotation": {"angle": 22.5, "axis": "y", "origin": [20.58112, 2.24875, 22.538]},
			"faces": {
				"north": {"uv": [1.25, 6.5, 5.875, 7.375], "rotation": 90, "texture": "#6"},
				"east": {"uv": [1.25, 6.5, 5.875, 7.375], "rotation": 90, "texture": "#6"},
				"south": {"uv": [1.25, 6.5, 5.875, 7.375], "rotation": 90, "texture": "#6"},
				"west": {"uv": [1.25, 6.5, 5.875, 7.375], "rotation": 90, "texture": "#6"},
				"up": {"uv": [1.25, 6.5, 5.875, 7.375], "rotation": 90, "texture": "#6"},
				"down": {"uv": [1.25, 6.5, 5.875, 7.375], "rotation": 90, "texture": "#6"}
			}
		},
		{
			"from": [14.13281, -0.02517, -13.19664],
			"to": [14.77235, 1.21838, -12.94793],
			"rotation": {"angle": 22.5, "axis": "y", "origin": [20.58112, 2.24875, 22.538]},
			"faces": {
				"north": {"uv": [1.25, 6.5, 5.875, 7.375], "rotation": 90, "texture": "#6"},
				"east": {"uv": [1.25, 6.5, 5.875, 7.375], "rotation": 90, "texture": "#6"},
				"south": {"uv": [1.25, 6.5, 5.875, 7.375], "rotation": 90, "texture": "#6"},
				"west": {"uv": [1.25, 6.5, 5.875, 7.375], "rotation": 90, "texture": "#6"},
				"up": {"uv": [1.25, 6.5, 5.875, 7.375], "rotation": 90, "texture": "#6"},
				"down": {"uv": [1.25, 6.5, 5.875, 7.375], "rotation": 90, "texture": "#6"}
			}
		},
		{
			"from": [14.77235, -0.02517, -13.69406],
			"to": [14.98553, 1.21838, -12.48604],
			"rotation": {"angle": 22.5, "axis": "y", "origin": [20.58112, 2.24875, 22.538]},
			"faces": {
				"north": {"uv": [1.25, 6.5, 5.875, 7.375], "rotation": 90, "texture": "#6"},
				"east": {"uv": [1.25, 6.5, 5.875, 7.375], "rotation": 90, "texture": "#6"},
				"south": {"uv": [1.25, 6.5, 5.875, 7.375], "rotation": 90, "texture": "#6"},
				"west": {"uv": [1.25, 6.5, 5.875, 7.375], "rotation": 90, "texture": "#6"},
				"up": {"uv": [1.25, 6.5, 5.875, 7.375], "rotation": 90, "texture": "#6"},
				"down": {"uv": [1.25, 6.5, 5.875, 7.375], "rotation": 90, "texture": "#6"}
			}
		},
		{
			"from": [-9.69484, -0.02517, 25.82414],
			"to": [-8.48682, 1.25391, 26.03732],
			"rotation": {"angle": -22.5, "axis": "y", "origin": [-6.78138, 2.24875, 26.2505]},
			"faces": {
				"north": {"uv": [1.25, 6.5, 5.875, 7.375], "rotation": 90, "texture": "#6"},
				"east": {"uv": [1.25, 6.5, 5.875, 7.375], "rotation": 90, "texture": "#6"},
				"south": {"uv": [1.25, 6.5, 5.875, 7.375], "rotation": 90, "texture": "#6"},
				"west": {"uv": [1.25, 6.5, 5.875, 7.375], "rotation": 90, "texture": "#6"},
				"up": {"uv": [1.25, 6.5, 5.875, 7.375], "rotation": 90, "texture": "#6"},
				"down": {"uv": [1.25, 6.5, 5.875, 7.375], "rotation": 90, "texture": "#6"}
			}
		},
		{
			"from": [-8.48682, -0.02517, 23.19492],
			"to": [-8.30917, 1.25391, 26.14391],
			"rotation": {"angle": -22.5, "axis": "y", "origin": [-6.78138, 2.24875, 26.2505]},
			"faces": {
				"north": {"uv": [1.25, 6.5, 5.875, 7.375], "rotation": 90, "texture": "#6"},
				"east": {"uv": [1.25, 6.5, 5.875, 7.375], "rotation": 90, "texture": "#6"},
				"south": {"uv": [1.25, 6.5, 5.875, 7.375], "rotation": 90, "texture": "#6"},
				"west": {"uv": [1.25, 6.5, 5.875, 7.375], "rotation": 90, "texture": "#6"},
				"up": {"uv": [1.25, 6.5, 5.875, 7.375], "rotation": 90, "texture": "#6"},
				"down": {"uv": [1.25, 6.5, 5.875, 7.375], "rotation": 90, "texture": "#6"}
			}
		},
		{
			"from": [-9.87249, -0.02517, 23.19492],
			"to": [-9.69484, 1.25391, 26.14391],
			"rotation": {"angle": -22.5, "axis": "y", "origin": [-6.78138, 2.24875, 26.2505]},
			"faces": {
				"north": {"uv": [1.25, 6.5, 5.875, 7.375], "rotation": 90, "texture": "#6"},
				"east": {"uv": [1.25, 6.5, 5.875, 7.375], "rotation": 90, "texture": "#6"},
				"south": {"uv": [1.25, 6.5, 5.875, 7.375], "rotation": 90, "texture": "#6"},
				"west": {"uv": [1.25, 6.5, 5.875, 7.375], "rotation": 90, "texture": "#6"},
				"up": {"uv": [1.25, 6.5, 5.875, 7.375], "rotation": 90, "texture": "#6"},
				"down": {"uv": [1.25, 6.5, 5.875, 7.375], "rotation": 90, "texture": "#6"}
			}
		},
		{
			"from": [-9.23295, -0.02517, 24.36741],
			"to": [-8.98424, 1.21838, 25.00695],
			"rotation": {"angle": -22.5, "axis": "y", "origin": [-6.78138, 2.24875, 26.2505]},
			"faces": {
				"north": {"uv": [1.25, 6.5, 5.875, 7.375], "rotation": 90, "texture": "#6"},
				"east": {"uv": [1.25, 6.5, 5.875, 7.375], "rotation": 90, "texture": "#6"},
				"south": {"uv": [1.25, 6.5, 5.875, 7.375], "rotation": 90, "texture": "#6"},
				"west": {"uv": [1.25, 6.5, 5.875, 7.375], "rotation": 90, "texture": "#6"},
				"up": {"uv": [1.25, 6.5, 5.875, 7.375], "rotation": 90, "texture": "#6"},
				"down": {"uv": [1.25, 6.5, 5.875, 7.375], "rotation": 90, "texture": "#6"}
			}
		},
		{
			"from": [-9.23295, -0.02517, 25.22013],
			"to": [-8.98424, 1.21838, 25.82414],
			"rotation": {"angle": -22.5, "axis": "y", "origin": [-6.78138, 2.24875, 26.2505]},
			"faces": {
				"north": {"uv": [1.25, 6.5, 5.875, 7.375], "rotation": 90, "texture": "#6"},
				"east": {"uv": [1.25, 6.5, 5.875, 7.375], "rotation": 90, "texture": "#6"},
				"south": {"uv": [1.25, 6.5, 5.875, 7.375], "rotation": 90, "texture": "#6"},
				"west": {"uv": [1.25, 6.5, 5.875, 7.375], "rotation": 90, "texture": "#6"},
				"up": {"uv": [1.25, 6.5, 5.875, 7.375], "rotation": 90, "texture": "#6"},
				"down": {"uv": [1.25, 6.5, 5.875, 7.375], "rotation": 90, "texture": "#6"}
			}
		},
		{
			"from": [-9.69484, -0.02517, 23.30151],
			"to": [-8.48682, 1.25391, 23.51469],
			"rotation": {"angle": -22.5, "axis": "y", "origin": [-6.78138, 2.24875, 26.2505]},
			"faces": {
				"north": {"uv": [1.25, 6.5, 5.875, 7.375], "rotation": 90, "texture": "#6"},
				"east": {"uv": [1.25, 6.5, 5.875, 7.375], "rotation": 90, "texture": "#6"},
				"south": {"uv": [1.25, 6.5, 5.875, 7.375], "rotation": 90, "texture": "#6"},
				"west": {"uv": [1.25, 6.5, 5.875, 7.375], "rotation": 90, "texture": "#6"},
				"up": {"uv": [1.25, 6.5, 5.875, 7.375], "rotation": 90, "texture": "#6"},
				"down": {"uv": [1.25, 6.5, 5.875, 7.375], "rotation": 90, "texture": "#6"}
			}
		},
		{
			"from": [-9.69484, -0.02517, 25.00695],
			"to": [-8.48682, 1.21838, 25.22013],
			"rotation": {"angle": -22.5, "axis": "y", "origin": [-6.78138, 2.24875, 26.2505]},
			"faces": {
				"north": {"uv": [1.25, 6.5, 5.875, 7.375], "rotation": 90, "texture": "#6"},
				"east": {"uv": [1.25, 6.5, 5.875, 7.375], "rotation": 90, "texture": "#6"},
				"south": {"uv": [1.25, 6.5, 5.875, 7.375], "rotation": 90, "texture": "#6"},
				"west": {"uv": [1.25, 6.5, 5.875, 7.375], "rotation": 90, "texture": "#6"},
				"up": {"uv": [1.25, 6.5, 5.875, 7.375], "rotation": 90, "texture": "#6"},
				"down": {"uv": [1.25, 6.5, 5.875, 7.375], "rotation": 90, "texture": "#6"}
			}
		},
		{
			"from": [-9.23295, -0.02517, 23.51469],
			"to": [-8.98424, 1.21838, 24.15423],
			"rotation": {"angle": -22.5, "axis": "y", "origin": [-6.78138, 2.24875, 26.2505]},
			"faces": {
				"north": {"uv": [1.25, 6.5, 5.875, 7.375], "rotation": 90, "texture": "#6"},
				"east": {"uv": [1.25, 6.5, 5.875, 7.375], "rotation": 90, "texture": "#6"},
				"south": {"uv": [1.25, 6.5, 5.875, 7.375], "rotation": 90, "texture": "#6"},
				"west": {"uv": [1.25, 6.5, 5.875, 7.375], "rotation": 90, "texture": "#6"},
				"up": {"uv": [1.25, 6.5, 5.875, 7.375], "rotation": 90, "texture": "#6"},
				"down": {"uv": [1.25, 6.5, 5.875, 7.375], "rotation": 90, "texture": "#6"}
			}
		},
		{
			"from": [-9.69484, -0.02517, 24.15423],
			"to": [-8.48682, 1.21838, 24.36741],
			"rotation": {"angle": -22.5, "axis": "y", "origin": [-6.78138, 2.24875, 26.2505]},
			"faces": {
				"north": {"uv": [1.25, 6.5, 5.875, 7.375], "rotation": 90, "texture": "#6"},
				"east": {"uv": [1.25, 6.5, 5.875, 7.375], "rotation": 90, "texture": "#6"},
				"south": {"uv": [1.25, 6.5, 5.875, 7.375], "rotation": 90, "texture": "#6"},
				"west": {"uv": [1.25, 6.5, 5.875, 7.375], "rotation": 90, "texture": "#6"},
				"up": {"uv": [1.25, 6.5, 5.875, 7.375], "rotation": 90, "texture": "#6"},
				"down": {"uv": [1.25, 6.5, 5.875, 7.375], "rotation": 90, "texture": "#6"}
			}
		},
		{
			"from": [25.78016, -0.02517, -0.98836],
			"to": [26.98818, 1.25391, -0.77518],
			"rotation": {"angle": -22.5, "axis": "y", "origin": [28.69362, 2.24875, -0.562]},
			"faces": {
				"north": {"uv": [1.25, 6.5, 5.875, 7.375], "rotation": 90, "texture": "#6"},
				"east": {"uv": [1.25, 6.5, 5.875, 7.375], "rotation": 90, "texture": "#6"},
				"south": {"uv": [1.25, 6.5, 5.875, 7.375], "rotation": 90, "texture": "#6"},
				"west": {"uv": [1.25, 6.5, 5.875, 7.375], "rotation": 90, "texture": "#6"},
				"up": {"uv": [1.25, 6.5, 5.875, 7.375], "rotation": 90, "texture": "#6"},
				"down": {"uv": [1.25, 6.5, 5.875, 7.375], "rotation": 90, "texture": "#6"}
			}
		},
		{
			"from": [26.98818, -0.02517, -3.61758],
			"to": [27.16583, 1.25391, -0.66859],
			"rotation": {"angle": -22.5, "axis": "y", "origin": [28.69362, 2.24875, -0.562]},
			"faces": {
				"north": {"uv": [1.25, 6.5, 5.875, 7.375], "rotation": 90, "texture": "#6"},
				"east": {"uv": [1.25, 6.5, 5.875, 7.375], "rotation": 90, "texture": "#6"},
				"south": {"uv": [1.25, 6.5, 5.875, 7.375], "rotation": 90, "texture": "#6"},
				"west": {"uv": [1.25, 6.5, 5.875, 7.375], "rotation": 90, "texture": "#6"},
				"up": {"uv": [1.25, 6.5, 5.875, 7.375], "rotation": 90, "texture": "#6"},
				"down": {"uv": [1.25, 6.5, 5.875, 7.375], "rotation": 90, "texture": "#6"}
			}
		},
		{
			"from": [25.60251, -0.02517, -3.61758],
			"to": [25.78016, 1.25391, -0.66859],
			"rotation": {"angle": -22.5, "axis": "y", "origin": [28.69362, 2.24875, -0.562]},
			"faces": {
				"north": {"uv": [1.25, 6.5, 5.875, 7.375], "rotation": 90, "texture": "#6"},
				"east": {"uv": [1.25, 6.5, 5.875, 7.375], "rotation": 90, "texture": "#6"},
				"south": {"uv": [1.25, 6.5, 5.875, 7.375], "rotation": 90, "texture": "#6"},
				"west": {"uv": [1.25, 6.5, 5.875, 7.375], "rotation": 90, "texture": "#6"},
				"up": {"uv": [1.25, 6.5, 5.875, 7.375], "rotation": 90, "texture": "#6"},
				"down": {"uv": [1.25, 6.5, 5.875, 7.375], "rotation": 90, "texture": "#6"}
			}
		},
		{
			"from": [26.24205, -0.02517, -2.44509],
			"to": [26.49076, 1.21838, -1.80555],
			"rotation": {"angle": -22.5, "axis": "y", "origin": [28.69362, 2.24875, -0.562]},
			"faces": {
				"north": {"uv": [1.25, 6.5, 5.875, 7.375], "rotation": 90, "texture": "#6"},
				"east": {"uv": [1.25, 6.5, 5.875, 7.375], "rotation": 90, "texture": "#6"},
				"south": {"uv": [1.25, 6.5, 5.875, 7.375], "rotation": 90, "texture": "#6"},
				"west": {"uv": [1.25, 6.5, 5.875, 7.375], "rotation": 90, "texture": "#6"},
				"up": {"uv": [1.25, 6.5, 5.875, 7.375], "rotation": 90, "texture": "#6"},
				"down": {"uv": [1.25, 6.5, 5.875, 7.375], "rotation": 90, "texture": "#6"}
			}
		},
		{
			"from": [26.24205, -0.02517, -1.59237],
			"to": [26.49076, 1.21838, -0.98836],
			"rotation": {"angle": -22.5, "axis": "y", "origin": [28.69362, 2.24875, -0.562]},
			"faces": {
				"north": {"uv": [1.25, 6.5, 5.875, 7.375], "rotation": 90, "texture": "#6"},
				"east": {"uv": [1.25, 6.5, 5.875, 7.375], "rotation": 90, "texture": "#6"},
				"south": {"uv": [1.25, 6.5, 5.875, 7.375], "rotation": 90, "texture": "#6"},
				"west": {"uv": [1.25, 6.5, 5.875, 7.375], "rotation": 90, "texture": "#6"},
				"up": {"uv": [1.25, 6.5, 5.875, 7.375], "rotation": 90, "texture": "#6"},
				"down": {"uv": [1.25, 6.5, 5.875, 7.375], "rotation": 90, "texture": "#6"}
			}
		},
		{
			"from": [25.78016, -0.02517, -3.51099],
			"to": [26.98818, 1.25391, -3.29781],
			"rotation": {"angle": -22.5, "axis": "y", "origin": [28.69362, 2.24875, -0.562]},
			"faces": {
				"north": {"uv": [1.25, 6.5, 5.875, 7.375], "rotation": 90, "texture": "#6"},
				"east": {"uv": [1.25, 6.5, 5.875, 7.375], "rotation": 90, "texture": "#6"},
				"south": {"uv": [1.25, 6.5, 5.875, 7.375], "rotation": 90, "texture": "#6"},
				"west": {"uv": [1.25, 6.5, 5.875, 7.375], "rotation": 90, "texture": "#6"},
				"up": {"uv": [1.25, 6.5, 5.875, 7.375], "rotation": 90, "texture": "#6"},
				"down": {"uv": [1.25, 6.5, 5.875, 7.375], "rotation": 90, "texture": "#6"}
			}
		},
		{
			"from": [25.78016, -0.02517, -1.80555],
			"to": [26.98818, 1.21838, -1.59237],
			"rotation": {"angle": -22.5, "axis": "y", "origin": [28.69362, 2.24875, -0.562]},
			"faces": {
				"north": {"uv": [1.25, 6.5, 5.875, 7.375], "rotation": 90, "texture": "#6"},
				"east": {"uv": [1.25, 6.5, 5.875, 7.375], "rotation": 90, "texture": "#6"},
				"south": {"uv": [1.25, 6.5, 5.875, 7.375], "rotation": 90, "texture": "#6"},
				"west": {"uv": [1.25, 6.5, 5.875, 7.375], "rotation": 90, "texture": "#6"},
				"up": {"uv": [1.25, 6.5, 5.875, 7.375], "rotation": 90, "texture": "#6"},
				"down": {"uv": [1.25, 6.5, 5.875, 7.375], "rotation": 90, "texture": "#6"}
			}
		},
		{
			"from": [26.24205, -0.02517, -3.29781],
			"to": [26.49076, 1.21838, -2.65827],
			"rotation": {"angle": -22.5, "axis": "y", "origin": [28.69362, 2.24875, -0.562]},
			"faces": {
				"north": {"uv": [1.25, 6.5, 5.875, 7.375], "rotation": 90, "texture": "#6"},
				"east": {"uv": [1.25, 6.5, 5.875, 7.375], "rotation": 90, "texture": "#6"},
				"south": {"uv": [1.25, 6.5, 5.875, 7.375], "rotation": 90, "texture": "#6"},
				"west": {"uv": [1.25, 6.5, 5.875, 7.375], "rotation": 90, "texture": "#6"},
				"up": {"uv": [1.25, 6.5, 5.875, 7.375], "rotation": 90, "texture": "#6"},
				"down": {"uv": [1.25, 6.5, 5.875, 7.375], "rotation": 90, "texture": "#6"}
			}
		},
		{
			"from": [25.78016, -0.02517, -2.65827],
			"to": [26.98818, 1.21838, -2.44509],
			"rotation": {"angle": -22.5, "axis": "y", "origin": [28.69362, 2.24875, -0.562]},
			"faces": {
				"north": {"uv": [1.25, 6.5, 5.875, 7.375], "rotation": 90, "texture": "#6"},
				"east": {"uv": [1.25, 6.5, 5.875, 7.375], "rotation": 90, "texture": "#6"},
				"south": {"uv": [1.25, 6.5, 5.875, 7.375], "rotation": 90, "texture": "#6"},
				"west": {"uv": [1.25, 6.5, 5.875, 7.375], "rotation": 90, "texture": "#6"},
				"up": {"uv": [1.25, 6.5, 5.875, 7.375], "rotation": 90, "texture": "#6"},
				"down": {"uv": [1.25, 6.5, 5.875, 7.375], "rotation": 90, "texture": "#6"}
			}
		},
		{
			"from": [-4.375, 0.125, 12.625],
			"to": [0, 0.125, 19.25],
			"rotation": {"angle": 22.5, "axis": "y", "origin": [3.625, 8.125, 20.625]},
			"faces": {
				"north": {"uv": [0, 3.25, 15.938, 13.25], "texture": "#4"},
				"east": {"uv": [0, 3.25, 15.938, 13.25], "texture": "#4"},
				"south": {"uv": [0, 3.25, 15.938, 13.25], "texture": "#4"},
				"west": {"uv": [0, 3.25, 15.938, 13.25], "texture": "#4"},
				"up": {"uv": [0, 3.25, 15.938, 13.25], "texture": "#4"},
				"down": {"uv": [0, 3.25, 15.938, 13.25], "texture": "#4"}
			}
		},
		{
			"from": [-1.25, 0.125, 14.25],
			"to": [1.625, 0.125, 17.25],
			"rotation": {"angle": 22.5, "axis": "y", "origin": [3.625, 8.125, 17.625]},
			"faces": {
				"north": {"uv": [5.063, 3.313, 9.5, 7.437], "texture": "#4"},
				"east": {"uv": [5.063, 3.313, 9.5, 7.437], "texture": "#4"},
				"south": {"uv": [5.063, 3.313, 9.5, 7.437], "texture": "#4"},
				"west": {"uv": [5.063, 3.313, 9.5, 7.437], "texture": "#4"},
				"up": {"uv": [5.063, 3.313, 9.5, 7.437], "texture": "#4"},
				"down": {"uv": [5.063, 3.313, 9.5, 7.437], "texture": "#4"}
			}
		},
		{
			"from": [-8.625, 0.125, 17.25],
			"to": [-5.5, 0.125, 20.25],
			"rotation": {"angle": 22.5, "axis": "y", "origin": [3.625, 8.125, 20.625]},
			"faces": {
				"north": {"uv": [11.438, 8.5, 15.813, 12.188], "texture": "#4"},
				"east": {"uv": [11.438, 8.5, 15.813, 12.188], "texture": "#4"},
				"south": {"uv": [11.438, 8.5, 15.813, 12.188], "texture": "#4"},
				"west": {"uv": [11.438, 8.5, 15.813, 12.188], "texture": "#4"},
				"up": {"uv": [11.438, 8.5, 15.813, 12.188], "texture": "#4"},
				"down": {"uv": [11.438, 8.5, 15.813, 12.188], "texture": "#4"}
			}
		},
		{
			"from": [25.89906, -0.02517, 4.52618],
			"to": [27.10708, 1.25391, 4.73936],
			"rotation": {"angle": 22.5, "axis": "y", "origin": [24.19362, 2.24875, 4.313]},
			"faces": {
				"north": {"uv": [2.25, 6.375, 6.875, 7.25], "rotation": 90, "texture": "#6"},
				"east": {"uv": [2.25, 6.375, 6.875, 7.25], "rotation": 90, "texture": "#6"},
				"south": {"uv": [2.25, 6.375, 6.875, 7.25], "rotation": 90, "texture": "#6"},
				"west": {"uv": [2.25, 6.375, 6.875, 7.25], "rotation": 90, "texture": "#6"},
				"up": {"uv": [2.25, 6.375, 6.875, 7.25], "rotation": 90, "texture": "#6"},
				"down": {"uv": [2.25, 6.375, 6.875, 7.25], "rotation": 90, "texture": "#6"}
			}
		},
		{
			"from": [25.72141, -0.02517, 4.41959],
			"to": [25.89906, 1.25391, 7.36858],
			"rotation": {"angle": 22.5, "axis": "y", "origin": [24.19362, 2.24875, 4.313]},
			"faces": {
				"north": {"uv": [2.25, 6.375, 6.875, 7.25], "rotation": 90, "texture": "#6"},
				"east": {"uv": [2.25, 6.375, 6.875, 7.25], "rotation": 90, "texture": "#6"},
				"south": {"uv": [2.25, 6.375, 6.875, 7.25], "rotation": 90, "texture": "#6"},
				"west": {"uv": [2.25, 6.375, 6.875, 7.25], "rotation": 90, "texture": "#6"},
				"up": {"uv": [2.25, 6.375, 6.875, 7.25], "rotation": 90, "texture": "#6"},
				"down": {"uv": [2.25, 6.375, 6.875, 7.25], "rotation": 90, "texture": "#6"}
			}
		},
		{
			"from": [27.10708, -0.02517, 4.41959],
			"to": [27.28473, 1.25391, 7.36858],
			"rotation": {"angle": 22.5, "axis": "y", "origin": [24.19362, 2.24875, 4.313]},
			"faces": {
				"north": {"uv": [2.25, 6.375, 6.875, 7.25], "rotation": 90, "texture": "#6"},
				"east": {"uv": [2.25, 6.375, 6.875, 7.25], "rotation": 90, "texture": "#6"},
				"south": {"uv": [2.25, 6.375, 6.875, 7.25], "rotation": 90, "texture": "#6"},
				"west": {"uv": [2.25, 6.375, 6.875, 7.25], "rotation": 90, "texture": "#6"},
				"up": {"uv": [2.25, 6.375, 6.875, 7.25], "rotation": 90, "texture": "#6"},
				"down": {"uv": [2.25, 6.375, 6.875, 7.25], "rotation": 90, "texture": "#6"}
			}
		},
		{
			"from": [26.39648, -0.02517, 5.55655],
			"to": [26.64519, 1.21838, 6.19609],
			"rotation": {"angle": 22.5, "axis": "y", "origin": [24.19362, 2.24875, 4.313]},
			"faces": {
				"north": {"uv": [2.25, 6.375, 6.875, 7.25], "rotation": 90, "texture": "#6"},
				"east": {"uv": [2.25, 6.375, 6.875, 7.25], "rotation": 90, "texture": "#6"},
				"south": {"uv": [2.25, 6.375, 6.875, 7.25], "rotation": 90, "texture": "#6"},
				"west": {"uv": [2.25, 6.375, 6.875, 7.25], "rotation": 90, "texture": "#6"},
				"up": {"uv": [2.25, 6.375, 6.875, 7.25], "rotation": 90, "texture": "#6"},
				"down": {"uv": [2.25, 6.375, 6.875, 7.25], "rotation": 90, "texture": "#6"}
			}
		},
		{
			"from": [26.39648, -0.02517, 4.73936],
			"to": [26.64519, 1.21838, 5.34337],
			"rotation": {"angle": 22.5, "axis": "y", "origin": [24.19362, 2.24875, 4.313]},
			"faces": {
				"north": {"uv": [2.25, 6.375, 6.875, 7.25], "rotation": 90, "texture": "#6"},
				"east": {"uv": [2.25, 6.375, 6.875, 7.25], "rotation": 90, "texture": "#6"},
				"south": {"uv": [2.25, 6.375, 6.875, 7.25], "rotation": 90, "texture": "#6"},
				"west": {"uv": [2.25, 6.375, 6.875, 7.25], "rotation": 90, "texture": "#6"},
				"up": {"uv": [2.25, 6.375, 6.875, 7.25], "rotation": 90, "texture": "#6"},
				"down": {"uv": [2.25, 6.375, 6.875, 7.25], "rotation": 90, "texture": "#6"}
			}
		},
		{
			"from": [25.89906, -0.02517, 7.04881],
			"to": [27.10708, 1.25391, 7.26199],
			"rotation": {"angle": 22.5, "axis": "y", "origin": [24.19362, 2.24875, 4.313]},
			"faces": {
				"north": {"uv": [2.25, 6.375, 6.875, 7.25], "rotation": 90, "texture": "#6"},
				"east": {"uv": [2.25, 6.375, 6.875, 7.25], "rotation": 90, "texture": "#6"},
				"south": {"uv": [2.25, 6.375, 6.875, 7.25], "rotation": 90, "texture": "#6"},
				"west": {"uv": [2.25, 6.375, 6.875, 7.25], "rotation": 90, "texture": "#6"},
				"up": {"uv": [2.25, 6.375, 6.875, 7.25], "rotation": 90, "texture": "#6"},
				"down": {"uv": [2.25, 6.375, 6.875, 7.25], "rotation": 90, "texture": "#6"}
			}
		},
		{
			"from": [25.89906, -0.02517, 5.34337],
			"to": [27.10708, 1.21838, 5.55655],
			"rotation": {"angle": 22.5, "axis": "y", "origin": [24.19362, 2.24875, 4.313]},
			"faces": {
				"north": {"uv": [2.25, 6.375, 6.875, 7.25], "rotation": 90, "texture": "#6"},
				"east": {"uv": [2.25, 6.375, 6.875, 7.25], "rotation": 90, "texture": "#6"},
				"south": {"uv": [2.25, 6.375, 6.875, 7.25], "rotation": 90, "texture": "#6"},
				"west": {"uv": [2.25, 6.375, 6.875, 7.25], "rotation": 90, "texture": "#6"},
				"up": {"uv": [2.25, 6.375, 6.875, 7.25], "rotation": 90, "texture": "#6"},
				"down": {"uv": [2.25, 6.375, 6.875, 7.25], "rotation": 90, "texture": "#6"}
			}
		},
		{
			"from": [26.39648, -0.02517, 6.40927],
			"to": [26.64519, 1.21838, 7.04881],
			"rotation": {"angle": 22.5, "axis": "y", "origin": [24.19362, 2.24875, 4.313]},
			"faces": {
				"north": {"uv": [2.25, 6.375, 6.875, 7.25], "rotation": 90, "texture": "#6"},
				"east": {"uv": [2.25, 6.375, 6.875, 7.25], "rotation": 90, "texture": "#6"},
				"south": {"uv": [2.25, 6.375, 6.875, 7.25], "rotation": 90, "texture": "#6"},
				"west": {"uv": [2.25, 6.375, 6.875, 7.25], "rotation": 90, "texture": "#6"},
				"up": {"uv": [2.25, 6.375, 6.875, 7.25], "rotation": 90, "texture": "#6"},
				"down": {"uv": [2.25, 6.375, 6.875, 7.25], "rotation": 90, "texture": "#6"}
			}
		},
		{
			"from": [25.89906, -0.02517, 6.19609],
			"to": [27.10708, 1.21838, 6.40927],
			"rotation": {"angle": 22.5, "axis": "y", "origin": [24.19362, 2.24875, 4.313]},
			"faces": {
				"north": {"uv": [2.25, 6.375, 6.875, 7.25], "rotation": 90, "texture": "#6"},
				"east": {"uv": [2.25, 6.375, 6.875, 7.25], "rotation": 90, "texture": "#6"},
				"south": {"uv": [2.25, 6.375, 6.875, 7.25], "rotation": 90, "texture": "#6"},
				"west": {"uv": [2.25, 6.375, 6.875, 7.25], "rotation": 90, "texture": "#6"},
				"up": {"uv": [2.25, 6.375, 6.875, 7.25], "rotation": 90, "texture": "#6"},
				"down": {"uv": [2.25, 6.375, 6.875, 7.25], "rotation": 90, "texture": "#6"}
			}
		}
	],
	"display": {
		"thirdperson_righthand": {
			"scale": [0.14, 0.16, 0.15]
		},
		"thirdperson_lefthand": {
			"scale": [0.2, 0.21, 0.21]
		},
		"firstperson_righthand": {
			"scale": [0, 0, 0]
		},
		"firstperson_lefthand": {
			"scale": [0, 0, 0]
		},
		"gui": {
			"rotation": [42, 41, 0],
			"translation": [-0.5, 2.25, 0],
			"scale": [0.27, 0.27, 0.27]
		}
	},
	"groups": [
		{
			"name": "birch_button",
			"origin": [8, 8, 8],
			"color": 0,
			"children": [
				{
					"name": "parpaing",
					"origin": [8.5, 8, 10.875],
					"color": 0,
					"children": [0, 1, 2, 3, 4, 5, 6, 7, 8]
				},
				9,
				10,
				{
					"name": "carton",
					"origin": [8, 8, 8],
					"color": 0,
					"children": [11, 12, 13]
				},
				{
					"name": "parpaing",
					"origin": [8.5, 8, 10.875],
					"color": 0,
					"children": [14, 15, 16, 17, 18, 19, 20, 21, 22]
				},
				{
					"name": "parpaing",
					"origin": [8.5, 8, 10.875],
					"color": 0,
					"children": [23, 24, 25, 26, 27, 28, 29, 30, 31]
				},
				{
					"name": "brique",
					"origin": [8.5, 8, 10.875],
					"color": 0,
					"children": [32, 33, 34, 35, 36, 37, 38, 39, 40]
				},
				{
					"name": "group",
					"origin": [8, 8, 8],
					"color": 0,
					"children": [41, 42, 43, 44, 45, 46, 47, 48]
				},
				{
					"name": "canette",
					"origin": [8, 8, 8],
					"color": 0,
					"children": [
						49,
						{
							"name": "canette",
							"origin": [8, 8, 8],
							"color": 0,
							"children": [
								50,
								51,
								52,
								53,
								54,
								{
									"name": "canette",
									"origin": [8, 8, 8],
									"color": 0,
									"children": [
										55,
										{
											"name": "canette",
											"origin": [8, 8, 8],
											"color": 0,
											"children": [56]
										}
									]
								}
							]
						}
					]
				},
				{
					"name": "brique",
					"origin": [8.5, 8, 10.875],
					"color": 0,
					"children": [
						{
							"name": "brique",
							"origin": [8.5, 8, 10.875],
							"color": 0,
							"children": [
								57,
								58,
								59,
								60,
								61,
								62,
								63,
								64,
								65,
								{
									"name": "brique",
									"origin": [8.5, 8, 10.875],
									"color": 0,
									"children": [
										66,
										67,
										68,
										69,
										70,
										71,
										72,
										73,
										74,
										{
											"name": "brique",
											"origin": [8.5, 8, 10.875],
											"color": 0,
											"children": [75, 76, 77, 78, 79, 80, 81, 82, 83]
										}
									]
								}
							]
						}
					]
				},
				{
					"name": "carton",
					"origin": [8, 8, 8],
					"color": 0,
					"children": [84, 85, 86]
				}
			]
		},
		{
			"name": "brique",
			"origin": [8.5, 8, 10.875],
			"color": 0,
			"children": [87, 88, 89, 90, 91, 92, 93, 94, 95]
		}
	]
}