{
	"credit": "ALTA Official CONTENT -- Do not use without credits !",
	"ambientocclusion": false,
	"textures": {
		"13": "block/white_wool",
		"particle": "block/white_wool"
	},
	"elements": [
		{
			"from": [6.875, 0, 6.875],
			"to": [9.125, 21.875, 9.125],
			"rotation": {"angle": 0, "axis": "y", "origin": [14.375, 23.75, 10.625]},
			"faces": {
				"north": {"uv": [0, 0, 16, 16], "texture": "#13"},
				"east": {"uv": [0, 0, 16, 16], "texture": "#13"},
				"south": {"uv": [0, 0, 16, 16], "texture": "#13"},
				"west": {"uv": [0, 0, 16, 16], "texture": "#13"},
				"up": {"uv": [0, 0, 16, 16], "texture": "#13"},
				"down": {"uv": [0, 0, 16, 16], "texture": "#13"}
			}
		}
	],
	"display": {
		"thirdperson_righthand": {
			"rotation": [75, 45, 0],
			"translation": [0, 2.5, 0],
			"scale": [0.375, 0.375, 0.375]
		},
		"thirdperson_lefthand": {
			"translation": [0, 0, -3.25],
			"scale": [0.44, 0.43, 0.45]
		},
		"firstperson_righthand": {
			"scale": [0, 0, 0]
		},
		"firstperson_lefthand": {
			"scale": [0, 0, 0]
		},
		"ground": {
			"translation": [0, 3, 0],
			"scale": [0.25, 0.25, 0.25]
		},
		"gui": {
			"rotation": [32, -77, 0],
			"translation": [0, -2, 0],
			"scale": [0.71, 0.72, 0.75]
		},
		"fixed": {
			"rotation": [0, 90, 0],
			"translation": [0, -2.75, 0]
		}
	}
}