{
	"credit": "ALTA Official CONTENT -- Do not use without credits !",
	"textures": {
		"0": "block/black_glazed_terracotta",
		"1": "block/dirt",
		"2": "block/3d_objects/meubles_t1_props",
		"8": "block/acacia_planks",
		"particle": "block/black_glazed_terracotta"
	},
	"elements": [
		{
			"from": [-0.625, 0, 1.875],
			"to": [0, 18.5, 4.125],
			"rotation": {"angle": 0, "axis": "y", "origin": [8, 8, -4.5]},
			"faces": {
				"north": {"uv": [7.092, 6.094, 6.094, 11.907], "texture": "#2"},
				"east": {"uv": [7.092, 6.094, 6.094, 11.907], "texture": "#2"},
				"south": {"uv": [7.092, 6.094, 6.094, 11.907], "texture": "#2"},
				"west": {"uv": [7.092, 6.094, 6.094, 11.907], "texture": "#2"},
				"up": {"uv": [7.092, 6.094, 6.094, 11.907], "texture": "#2"},
				"down": {"uv": [7.092, 6.094, 6.094, 11.907], "texture": "#2"}
			}
		},
		{
			"from": [0, 0, 0],
			"to": [16, 17.625, 16],
			"faces": {
				"north": {"uv": [0, 0, 16, 16], "rotation": 90, "texture": "#0"},
				"east": {"uv": [0, 0, 16, 16], "rotation": 90, "texture": "#0"},
				"south": {"uv": [0, 0, 16, 16], "rotation": 90, "texture": "#0"},
				"west": {"uv": [0, 0, 16, 16], "rotation": 90, "texture": "#0"},
				"up": {"uv": [0, 0, 16, 16], "rotation": 90, "texture": "#1"},
				"down": {"uv": [0, 0, 16, 16], "rotation": 90, "texture": "#0"}
			}
		},
		{
			"from": [0, 17.5, 0],
			"to": [0.375, 18, 16],
			"faces": {
				"north": {"uv": [0, 0, 16, 0.625], "rotation": 90, "texture": "#8"},
				"east": {"uv": [0, 0, 16, 0.625], "rotation": 90, "texture": "#8"},
				"south": {"uv": [0, 0, 16, 0.625], "rotation": 90, "texture": "#8"},
				"west": {"uv": [0, 0, 16, 0.625], "rotation": 90, "texture": "#8"},
				"up": {"uv": [0, 0, 16, 0.625], "rotation": 90, "texture": "#8"},
				"down": {"uv": [0, 0, 16, 0.625], "rotation": 90, "texture": "#8"}
			}
		},
		{
			"from": [0.125, 17.5, 15.625],
			"to": [16, 18, 16],
			"rotation": {"angle": 0, "axis": "y", "origin": [23.625, 8, 8]},
			"faces": {
				"north": {"uv": [0, 0, 16, 0.625], "rotation": 90, "texture": "#8"},
				"east": {"uv": [0, 0, 16, 0.625], "rotation": 90, "texture": "#8"},
				"south": {"uv": [0, 0, 16, 0.625], "rotation": 90, "texture": "#8"},
				"west": {"uv": [0, 0, 16, 0.625], "rotation": 90, "texture": "#8"},
				"up": {"uv": [0, 0, 16, 0.625], "rotation": 90, "texture": "#8"},
				"down": {"uv": [0, 0, 16, 0.625], "rotation": 90, "texture": "#8"}
			}
		},
		{
			"from": [0.125, 17.5, 0],
			"to": [16, 18, 0.375],
			"rotation": {"angle": 0, "axis": "y", "origin": [23.625, 8, -7.625]},
			"faces": {
				"north": {"uv": [0.625, 0, 15.375, 0.625], "rotation": 90, "texture": "#8"},
				"east": {"uv": [0.625, 0, 15.375, 0.625], "rotation": 90, "texture": "#8"},
				"south": {"uv": [0.625, 0, 15.375, 0.625], "rotation": 90, "texture": "#8"},
				"west": {"uv": [0.625, 0, 15.375, 0.625], "rotation": 90, "texture": "#8"},
				"up": {"uv": [0.625, 0, 15.375, 0.625], "rotation": 90, "texture": "#8"},
				"down": {"uv": [0.625, 0, 15.375, 0.625], "rotation": 90, "texture": "#8"}
			}
		},
		{
			"from": [15.625, 17.5, 0],
			"to": [16, 18, 16],
			"rotation": {"angle": 0, "axis": "y", "origin": [23.625, 8, 8]},
			"faces": {
				"north": {"uv": [0, 0, 16, 0.625], "rotation": 90, "texture": "#8"},
				"east": {"uv": [0, 0, 16, 0.625], "rotation": 90, "texture": "#8"},
				"south": {"uv": [0, 0, 16, 0.625], "rotation": 90, "texture": "#8"},
				"west": {"uv": [0, 0, 16, 0.625], "rotation": 90, "texture": "#8"},
				"up": {"uv": [0, 0, 16, 0.625], "rotation": 90, "texture": "#8"},
				"down": {"uv": [0, 0, 16, 0.625], "rotation": 90, "texture": "#8"}
			}
		},
		{
			"from": [14.375, 0, 16],
			"to": [16.625, 18.5, 16.625],
			"faces": {
				"north": {"uv": [6.094, 6.094, 7.092, 11.907], "texture": "#2"},
				"east": {"uv": [6.094, 6.094, 7.092, 11.907], "texture": "#2"},
				"south": {"uv": [6.094, 6.094, 7.092, 11.907], "texture": "#2"},
				"west": {"uv": [6.094, 6.094, 7.092, 11.907], "texture": "#2"},
				"up": {"uv": [6.094, 6.094, 7.092, 11.907], "texture": "#2"},
				"down": {"uv": [6.094, 6.094, 7.092, 11.907], "texture": "#2"}
			}
		},
		{
			"from": [-0.625, 0, 16],
			"to": [1.625, 18.5, 16.625],
			"faces": {
				"north": {"uv": [7.092, 6.094, 6.094, 11.907], "texture": "#2"},
				"east": {"uv": [7.092, 6.094, 6.094, 11.907], "texture": "#2"},
				"south": {"uv": [7.092, 6.094, 6.094, 11.907], "texture": "#2"},
				"west": {"uv": [7.092, 6.094, 6.094, 11.907], "texture": "#2"},
				"up": {"uv": [7.092, 6.094, 6.094, 11.907], "texture": "#2"},
				"down": {"uv": [7.092, 6.094, 6.094, 11.907], "texture": "#2"}
			}
		},
		{
			"from": [14.375, 0, -0.625],
			"to": [16.625, 18.5, 0],
			"faces": {
				"north": {"uv": [7.092, 6.094, 6.094, 11.907], "texture": "#2"},
				"east": {"uv": [7.092, 6.094, 6.094, 11.907], "texture": "#2"},
				"south": {"uv": [7.092, 6.094, 6.094, 11.907], "texture": "#2"},
				"west": {"uv": [7.092, 6.094, 6.094, 11.907], "texture": "#2"},
				"up": {"uv": [6.094, 11.907, 7.092, 6.094], "texture": "#2"},
				"down": {"uv": [6.094, 11.907, 7.092, 6.094], "texture": "#2"}
			}
		},
		{
			"from": [-0.625, 0, -0.625],
			"to": [1.625, 18.5, 0],
			"faces": {
				"north": {"uv": [6.094, 6.094, 7.092, 11.907], "texture": "#2"},
				"east": {"uv": [6.094, 6.094, 7.092, 11.907], "texture": "#2"},
				"south": {"uv": [6.094, 6.094, 7.092, 11.907], "texture": "#2"},
				"west": {"uv": [6.094, 6.094, 7.092, 11.907], "texture": "#2"},
				"up": {"uv": [7.092, 11.907, 6.094, 6.094], "texture": "#2"},
				"down": {"uv": [7.092, 11.907, 6.094, 6.094], "texture": "#2"}
			}
		},
		{
			"from": [16, 0, 14.375],
			"to": [16.625, 18.5, 16],
			"faces": {
				"north": {"uv": [6.094, 6.094, 7.092, 11.907], "texture": "#2"},
				"east": {"uv": [6.094, 6.094, 7.092, 11.907], "texture": "#2"},
				"south": {"uv": [6.094, 6.094, 7.092, 11.907], "texture": "#2"},
				"west": {"uv": [6.094, 6.094, 7.092, 11.907], "texture": "#2"},
				"up": {"uv": [6.094, 6.094, 7.092, 11.907], "texture": "#2"},
				"down": {"uv": [6.094, 6.094, 7.092, 11.907], "texture": "#2"}
			}
		},
		{
			"from": [-0.625, 0, 14.375],
			"to": [0, 18.5, 16],
			"faces": {
				"north": {"uv": [7.092, 6.094, 6.094, 11.907], "texture": "#2"},
				"east": {"uv": [7.092, 6.094, 6.094, 11.907], "texture": "#2"},
				"south": {"uv": [7.092, 6.094, 6.094, 11.907], "texture": "#2"},
				"west": {"uv": [7.092, 6.094, 6.094, 11.907], "texture": "#2"},
				"up": {"uv": [7.092, 6.094, 6.094, 11.907], "texture": "#2"},
				"down": {"uv": [7.092, 6.094, 6.094, 11.907], "texture": "#2"}
			}
		},
		{
			"from": [16, 0, 0],
			"to": [16.625, 18.5, 1.625],
			"faces": {
				"north": {"uv": [7.092, 6.094, 6.094, 11.907], "texture": "#2"},
				"east": {"uv": [7.092, 6.094, 6.094, 11.907], "texture": "#2"},
				"south": {"uv": [7.092, 6.094, 6.094, 11.907], "texture": "#2"},
				"west": {"uv": [7.092, 6.094, 6.094, 11.907], "texture": "#2"},
				"up": {"uv": [6.094, 11.907, 7.092, 6.094], "texture": "#2"},
				"down": {"uv": [6.094, 11.907, 7.092, 6.094], "texture": "#2"}
			}
		},
		{
			"from": [-0.625, 0, 0],
			"to": [0, 18.5, 1.625],
			"faces": {
				"north": {"uv": [6.094, 6.094, 7.092, 11.907], "texture": "#2"},
				"east": {"uv": [6.094, 6.094, 7.092, 11.907], "texture": "#2"},
				"south": {"uv": [6.094, 6.094, 7.092, 11.907], "texture": "#2"},
				"west": {"uv": [6.094, 6.094, 7.092, 11.907], "texture": "#2"},
				"up": {"uv": [7.092, 11.907, 6.094, 6.094], "texture": "#2"},
				"down": {"uv": [7.092, 11.907, 6.094, 6.094], "texture": "#2"}
			}
		},
		{
			"from": [16, 0, 11.875],
			"to": [16.625, 18.5, 14.125],
			"rotation": {"angle": 0, "axis": "y", "origin": [8, 8, 5.5]},
			"faces": {
				"north": {"uv": [6.094, 6.094, 7.092, 11.907], "texture": "#2"},
				"east": {"uv": [6.094, 6.094, 7.092, 11.907], "texture": "#2"},
				"south": {"uv": [6.094, 6.094, 7.092, 11.907], "texture": "#2"},
				"west": {"uv": [6.094, 6.094, 7.092, 11.907], "texture": "#2"},
				"up": {"uv": [6.094, 6.094, 7.092, 11.907], "texture": "#2"},
				"down": {"uv": [6.094, 6.094, 7.092, 11.907], "texture": "#2"}
			}
		},
		{
			"from": [1.875, 0, 16],
			"to": [4.125, 18.5, 16.625],
			"rotation": {"angle": 0, "axis": "y", "origin": [10.5, 8, 8]},
			"faces": {
				"north": {"uv": [6.094, 6.094, 7.092, 11.907], "texture": "#2"},
				"east": {"uv": [6.094, 6.094, 7.092, 11.907], "texture": "#2"},
				"south": {"uv": [6.094, 6.094, 7.092, 11.907], "texture": "#2"},
				"west": {"uv": [6.094, 6.094, 7.092, 11.907], "texture": "#2"},
				"up": {"uv": [6.094, 6.094, 7.092, 11.907], "rotation": 90, "texture": "#2"},
				"down": {"uv": [6.094, 6.094, 7.092, 11.907], "rotation": 270, "texture": "#2"}
			}
		},
		{
			"from": [1.875, 0, -0.625],
			"to": [4.125, 18.5, 0],
			"rotation": {"angle": 0, "axis": "y", "origin": [10.5, 8, 8]},
			"faces": {
				"north": {"uv": [7.092, 6.094, 6.094, 11.907], "texture": "#2"},
				"east": {"uv": [7.092, 6.094, 6.094, 11.907], "texture": "#2"},
				"south": {"uv": [7.092, 6.094, 6.094, 11.907], "texture": "#2"},
				"west": {"uv": [7.092, 6.094, 6.094, 11.907], "texture": "#2"},
				"up": {"uv": [7.092, 6.094, 6.094, 11.907], "rotation": 90, "texture": "#2"},
				"down": {"uv": [7.092, 6.094, 6.094, 11.907], "rotation": 270, "texture": "#2"}
			}
		},
		{
			"from": [-0.625, 0, 11.875],
			"to": [0, 18.5, 14.125],
			"rotation": {"angle": 0, "axis": "y", "origin": [8, 8, 5.5]},
			"faces": {
				"north": {"uv": [7.092, 6.094, 6.094, 11.907], "texture": "#2"},
				"east": {"uv": [7.092, 6.094, 6.094, 11.907], "texture": "#2"},
				"south": {"uv": [7.092, 6.094, 6.094, 11.907], "texture": "#2"},
				"west": {"uv": [7.092, 6.094, 6.094, 11.907], "texture": "#2"},
				"up": {"uv": [7.092, 6.094, 6.094, 11.907], "texture": "#2"},
				"down": {"uv": [7.092, 6.094, 6.094, 11.907], "texture": "#2"}
			}
		},
		{
			"from": [16, 0, 9.375],
			"to": [16.625, 18.5, 11.625],
			"rotation": {"angle": 0, "axis": "y", "origin": [8, 8, 3]},
			"faces": {
				"north": {"uv": [6.094, 6.094, 7.092, 11.907], "texture": "#2"},
				"east": {"uv": [6.094, 6.094, 7.092, 11.907], "texture": "#2"},
				"south": {"uv": [6.094, 6.094, 7.092, 11.907], "texture": "#2"},
				"west": {"uv": [6.094, 6.094, 7.092, 11.907], "texture": "#2"},
				"up": {"uv": [6.094, 6.094, 7.092, 11.907], "texture": "#2"},
				"down": {"uv": [6.094, 6.094, 7.092, 11.907], "texture": "#2"}
			}
		},
		{
			"from": [4.375, 0, 16],
			"to": [6.625, 18.5, 16.625],
			"rotation": {"angle": 0, "axis": "y", "origin": [13, 8, 8]},
			"faces": {
				"north": {"uv": [6.094, 6.094, 7.092, 11.907], "texture": "#2"},
				"east": {"uv": [6.094, 6.094, 7.092, 11.907], "texture": "#2"},
				"south": {"uv": [6.094, 6.094, 7.092, 11.907], "texture": "#2"},
				"west": {"uv": [6.094, 6.094, 7.092, 11.907], "texture": "#2"},
				"up": {"uv": [6.094, 6.094, 7.092, 11.907], "rotation": 90, "texture": "#2"},
				"down": {"uv": [6.094, 6.094, 7.092, 11.907], "rotation": 270, "texture": "#2"}
			}
		},
		{
			"from": [4.375, 0, -0.625],
			"to": [6.625, 18.5, 0],
			"rotation": {"angle": 0, "axis": "y", "origin": [13, 8, 8]},
			"faces": {
				"north": {"uv": [7.092, 6.094, 6.094, 11.907], "texture": "#2"},
				"east": {"uv": [7.092, 6.094, 6.094, 11.907], "texture": "#2"},
				"south": {"uv": [7.092, 6.094, 6.094, 11.907], "texture": "#2"},
				"west": {"uv": [7.092, 6.094, 6.094, 11.907], "texture": "#2"},
				"up": {"uv": [7.092, 6.094, 6.094, 11.907], "rotation": 90, "texture": "#2"},
				"down": {"uv": [7.092, 6.094, 6.094, 11.907], "rotation": 270, "texture": "#2"}
			}
		},
		{
			"from": [-0.625, 0, 9.375],
			"to": [0, 18.5, 11.625],
			"rotation": {"angle": 0, "axis": "y", "origin": [8, 8, 3]},
			"faces": {
				"north": {"uv": [7.092, 6.094, 6.094, 11.907], "texture": "#2"},
				"east": {"uv": [7.092, 6.094, 6.094, 11.907], "texture": "#2"},
				"south": {"uv": [7.092, 6.094, 6.094, 11.907], "texture": "#2"},
				"west": {"uv": [7.092, 6.094, 6.094, 11.907], "texture": "#2"},
				"up": {"uv": [7.092, 6.094, 6.094, 11.907], "texture": "#2"},
				"down": {"uv": [7.092, 6.094, 6.094, 11.907], "texture": "#2"}
			}
		},
		{
			"from": [16, 0, 6.875],
			"to": [16.625, 18.5, 9.125],
			"rotation": {"angle": 0, "axis": "y", "origin": [8, 8, 0.5]},
			"faces": {
				"north": {"uv": [6.094, 6.094, 7.092, 11.907], "texture": "#2"},
				"east": {"uv": [6.094, 6.094, 7.092, 11.907], "texture": "#2"},
				"south": {"uv": [6.094, 6.094, 7.092, 11.907], "texture": "#2"},
				"west": {"uv": [6.094, 6.094, 7.092, 11.907], "texture": "#2"},
				"up": {"uv": [6.094, 6.094, 7.092, 11.907], "texture": "#2"},
				"down": {"uv": [6.094, 6.094, 7.092, 11.907], "texture": "#2"}
			}
		},
		{
			"from": [6.875, 0, 16],
			"to": [9.125, 18.5, 16.625],
			"rotation": {"angle": 0, "axis": "y", "origin": [15.5, 8, 8]},
			"faces": {
				"north": {"uv": [6.094, 6.094, 7.092, 11.907], "texture": "#2"},
				"east": {"uv": [6.094, 6.094, 7.092, 11.907], "texture": "#2"},
				"south": {"uv": [6.094, 6.094, 7.092, 11.907], "texture": "#2"},
				"west": {"uv": [6.094, 6.094, 7.092, 11.907], "texture": "#2"},
				"up": {"uv": [6.094, 6.094, 7.092, 11.907], "rotation": 90, "texture": "#2"},
				"down": {"uv": [6.094, 6.094, 7.092, 11.907], "rotation": 270, "texture": "#2"}
			}
		},
		{
			"from": [6.875, 0, -0.625],
			"to": [9.125, 18.5, 0],
			"rotation": {"angle": 0, "axis": "y", "origin": [15.5, 8, 8]},
			"faces": {
				"north": {"uv": [7.092, 6.094, 6.094, 11.907], "texture": "#2"},
				"east": {"uv": [7.092, 6.094, 6.094, 11.907], "texture": "#2"},
				"south": {"uv": [7.092, 6.094, 6.094, 11.907], "texture": "#2"},
				"west": {"uv": [7.092, 6.094, 6.094, 11.907], "texture": "#2"},
				"up": {"uv": [7.092, 6.094, 6.094, 11.907], "rotation": 90, "texture": "#2"},
				"down": {"uv": [7.092, 6.094, 6.094, 11.907], "rotation": 270, "texture": "#2"}
			}
		},
		{
			"from": [-0.625, 0, 6.875],
			"to": [0, 18.5, 9.125],
			"rotation": {"angle": 0, "axis": "y", "origin": [8, 8, 0.5]},
			"faces": {
				"north": {"uv": [7.092, 6.094, 6.094, 11.907], "texture": "#2"},
				"east": {"uv": [7.092, 6.094, 6.094, 11.907], "texture": "#2"},
				"south": {"uv": [7.092, 6.094, 6.094, 11.907], "texture": "#2"},
				"west": {"uv": [7.092, 6.094, 6.094, 11.907], "texture": "#2"},
				"up": {"uv": [7.092, 6.094, 6.094, 11.907], "texture": "#2"},
				"down": {"uv": [7.092, 6.094, 6.094, 11.907], "texture": "#2"}
			}
		},
		{
			"from": [16, 0, 4.375],
			"to": [16.625, 18.5, 6.625],
			"rotation": {"angle": 0, "axis": "y", "origin": [8, 8, -2]},
			"faces": {
				"north": {"uv": [6.094, 6.094, 7.092, 11.907], "texture": "#2"},
				"east": {"uv": [6.094, 6.094, 7.092, 11.907], "texture": "#2"},
				"south": {"uv": [6.094, 6.094, 7.092, 11.907], "texture": "#2"},
				"west": {"uv": [6.094, 6.094, 7.092, 11.907], "texture": "#2"},
				"up": {"uv": [6.094, 6.094, 7.092, 11.907], "texture": "#2"},
				"down": {"uv": [6.094, 6.094, 7.092, 11.907], "texture": "#2"}
			}
		},
		{
			"from": [9.375, 0, 16],
			"to": [11.625, 18.5, 16.625],
			"rotation": {"angle": 0, "axis": "y", "origin": [18, 8, 8]},
			"faces": {
				"north": {"uv": [6.094, 6.094, 7.092, 11.907], "texture": "#2"},
				"east": {"uv": [6.094, 6.094, 7.092, 11.907], "texture": "#2"},
				"south": {"uv": [6.094, 6.094, 7.092, 11.907], "texture": "#2"},
				"west": {"uv": [6.094, 6.094, 7.092, 11.907], "texture": "#2"},
				"up": {"uv": [6.094, 6.094, 7.092, 11.907], "rotation": 90, "texture": "#2"},
				"down": {"uv": [6.094, 6.094, 7.092, 11.907], "rotation": 270, "texture": "#2"}
			}
		},
		{
			"from": [9.375, 0, -0.625],
			"to": [11.625, 18.5, 0],
			"rotation": {"angle": 0, "axis": "y", "origin": [18, 8, 8]},
			"faces": {
				"north": {"uv": [7.092, 6.094, 6.094, 11.907], "texture": "#2"},
				"east": {"uv": [7.092, 6.094, 6.094, 11.907], "texture": "#2"},
				"south": {"uv": [7.092, 6.094, 6.094, 11.907], "texture": "#2"},
				"west": {"uv": [7.092, 6.094, 6.094, 11.907], "texture": "#2"},
				"up": {"uv": [7.092, 6.094, 6.094, 11.907], "rotation": 90, "texture": "#2"},
				"down": {"uv": [7.092, 6.094, 6.094, 11.907], "rotation": 270, "texture": "#2"}
			}
		},
		{
			"from": [-0.625, 0, 4.375],
			"to": [0, 18.5, 6.625],
			"rotation": {"angle": 0, "axis": "y", "origin": [8, 8, -2]},
			"faces": {
				"north": {"uv": [7.092, 6.094, 6.094, 11.907], "texture": "#2"},
				"east": {"uv": [7.092, 6.094, 6.094, 11.907], "texture": "#2"},
				"south": {"uv": [7.092, 6.094, 6.094, 11.907], "texture": "#2"},
				"west": {"uv": [7.092, 6.094, 6.094, 11.907], "texture": "#2"},
				"up": {"uv": [7.092, 6.094, 6.094, 11.907], "texture": "#2"},
				"down": {"uv": [7.092, 6.094, 6.094, 11.907], "texture": "#2"}
			}
		},
		{
			"from": [16, 0, 1.875],
			"to": [16.625, 18.5, 4.125],
			"rotation": {"angle": 0, "axis": "y", "origin": [8, 8, -4.5]},
			"faces": {
				"north": {"uv": [6.094, 6.094, 7.092, 11.907], "texture": "#2"},
				"east": {"uv": [6.094, 6.094, 7.092, 11.907], "texture": "#2"},
				"south": {"uv": [6.094, 6.094, 7.092, 11.907], "texture": "#2"},
				"west": {"uv": [6.094, 6.094, 7.092, 11.907], "texture": "#2"},
				"up": {"uv": [6.094, 6.094, 7.092, 11.907], "texture": "#2"},
				"down": {"uv": [6.094, 6.094, 7.092, 11.907], "texture": "#2"}
			}
		},
		{
			"from": [11.875, 0, 16],
			"to": [14.125, 18.5, 16.625],
			"rotation": {"angle": 0, "axis": "y", "origin": [20.5, 8, 8]},
			"faces": {
				"north": {"uv": [6.094, 6.094, 7.092, 11.907], "texture": "#2"},
				"east": {"uv": [6.094, 6.094, 7.092, 11.907], "texture": "#2"},
				"south": {"uv": [6.094, 6.094, 7.092, 11.907], "texture": "#2"},
				"west": {"uv": [6.094, 6.094, 7.092, 11.907], "texture": "#2"},
				"up": {"uv": [6.094, 6.094, 7.092, 11.907], "rotation": 90, "texture": "#2"},
				"down": {"uv": [6.094, 6.094, 7.092, 11.907], "rotation": 270, "texture": "#2"}
			}
		},
		{
			"from": [11.875, 0, -0.625],
			"to": [14.125, 18.5, 0],
			"rotation": {"angle": 0, "axis": "y", "origin": [20.5, 8, 8]},
			"faces": {
				"north": {"uv": [7.092, 6.094, 6.094, 11.907], "texture": "#2"},
				"east": {"uv": [7.092, 6.094, 6.094, 11.907], "texture": "#2"},
				"south": {"uv": [7.092, 6.094, 6.094, 11.907], "texture": "#2"},
				"west": {"uv": [7.092, 6.094, 6.094, 11.907], "texture": "#2"},
				"up": {"uv": [7.092, 6.094, 6.094, 11.907], "rotation": 90, "texture": "#2"},
				"down": {"uv": [7.092, 6.094, 6.094, 11.907], "rotation": 270, "texture": "#2"}
			}
		}
	],
	"display": {
		"thirdperson_righthand": {
			"rotation": [90, 0, 0],
			"translation": [-6.565, -0.5, 7],
			"scale": [0.6, 0.6, 0.6]
		},
		"thirdperson_lefthand": {
			"rotation": [90, 0, 0],
			"translation": [-6.565, -0.5, 7],
			"scale": [0.6, 0.6, 0.6]
		},
		"firstperson_righthand": {
			"translation": [0, 3, 0],
			"scale": [0, 0, 0]
		},
		"firstperson_lefthand": {
			"translation": [0, 3, 0],
			"scale": [0, 0, 0]
		},
		"ground": {
			"translation": [0, 2, 0],
			"scale": [0.4, 0.4, 0.4]
		},
		"gui": {
			"rotation": [17, -45, 0],
			"translation": [0, -2, 0],
			"scale": [0.46, 0.46, 0.47]
		},
		"head": {
			"translation": [0, -13, 0],
			"scale": [1.3, 1.3, 1.3]
		},
		"fixed": {
			"translation": [0, -4, -15],
			"scale": [1.6, 1.6, 1.6]
		}
	},
	"groups": [
		{
			"name": "group",
			"origin": [20.5, 8, 8],
			"children": [0, 1, 2, 3, 4, 5, 6, 7, 8, 9, 10, 11, 12, 13, 14, 15, 16, 17, 18, 19, 20, 21, 22, 23, 24, 25, 26, 27, 28, 29, 30, 31, 32]
		}
	]
}