{
	"credit": "Made with Blockbench",
	"textures": {
		"3": "block/3d/stone",
		"particle": "block/3d/stone"
	},
	"elements": [
		{
			"from": [7.5, 0, 6.375],
			"to": [9.125, 24.375, 8.125],
			"rotation": {"angle": 0, "axis": "y", "origin": [14.625, 8, 14.625]},
			"faces": {
				"north": {"uv": [0, 0, 16, 16], "texture": "#3"},
				"east": {"uv": [0, 0, 16, 16], "texture": "#3"},
				"south": {"uv": [0, 0, 16, 16], "texture": "#3"},
				"west": {"uv": [0, 0, 16, 16], "texture": "#3"},
				"up": {"uv": [0, 0, 16, 16], "texture": "#3"},
				"down": {"uv": [0, 0, 16, 16], "texture": "#3"}
			}
		}
	],
	"groups": [
		{
			"name": "brick_wall_post",
			"origin": [8, 8, 8],
			"children": [0]
		}
	]
}