{
	"__comment": "Model by Nidhogg for AMBERSTONE",
	"textures": {
		"0": "block/3d/metal_stripes",
		"1": "block/3d/metal_brushed",
		"2": "block/piston_bottom",
		"3": "block/3d/metal_circles",
		"-1": "block/e_texture",
		"particle": "block/3d/metal_circles"
	},
	"elements": [ 	 
		{
			"__comment": "Element",
			"from": [ 5, 0, 5 ],
			"to": [ 11, 0.4, 11 ],
			"faces": {
				"down": { "uv": [ 0, 0, 6, 6 ], "texture": "#-1" },
				"up": { "uv": [ 0, 0, 16, 16 ], "texture": "#1" },
				"north": { "uv": [ 0, 0, 16, 4 ], "texture": "#0" },
				"south": { "uv": [ 0, 0, 16, 4 ], "texture": "#0" },
				"west": { "uv": [ 0, 0, 16, 4 ], "texture": "#0" },
				"east": { "uv": [ 0, 0, 16, 4 ], "texture": "#0" }
			}
		},
		{
			"__comment": "Element",
			"from": [ 7.5, 0.4, 7.5 ],
			"to": [ 8.5, 15.5, 8.5 ],
			"faces": {
				"down": { "uv": [ 0, 0, 1, 1 ], "texture": "#2" },
				"up": { "uv": [ 0, 0, 1, 1 ], "texture": "#2" },
				"north": { "uv": [ 0, 0, 16, 16 ], "texture": "#2" },
				"south": { "uv": [ 0, 0, 16, 16 ], "texture": "#2" },
				"west": { "uv": [ 0, 0, 16, 16 ], "texture": "#2" },
				"east": { "uv": [ 0, 0, 16, 16 ], "texture": "#2" }
			}
		},
		{
			"__comment": "Element",
			"from": [ 0, 15.5, 0 ],
			"to": [ 16, 16, 16 ],
			"faces": {
				"down": { "uv": [ 0, 0, 16, 16 ], "texture": "#2" },
				"up": { "uv": [ 0, 0, 16, 16 ], "texture": "#3" },
				"north": { "uv": [ 0, 0, 16, 4 ], "texture": "#0" },
				"south": { "uv": [ 0, 0, 16, 4 ], "texture": "#0" },
				"west": { "uv": [ 0, 0, 16, 4 ], "texture": "#0" },
				"east": { "uv": [ 0, 0, 16, 4 ], "texture": "#0" }
			}
		}
	]
}