{
	"__comment": "Designed by Tachibana",
	"textures": {
		"particle": "block/obsidian",
		"texture": "block/3d/frame1"
	},
	"elements": [ 	 
		{
			"__comment": "Element",
			"from": [ 7.75, 15, 7.25 ],
			"to": [ 8.25, 15.5, 8.75 ],
			"faces": {
				"up": { "uv": [ 7.75, 7.25, 8.25, 8.75 ], "texture": "#particle" },
				"north": { "uv": [ 7.75, 0.5, 8.25, 1 ], "texture": "#particle" },
				"south": { "uv": [ 7.75, 0.5, 8.25, 1 ], "texture": "#particle" },
				"west": { "uv": [ 7.25, 0.5, 8.75, 1 ], "texture": "#particle" },
				"east": { "uv": [ 7.25, 0.5, 8.75, 1 ], "texture": "#particle" }
			}
		},
		{
			"__comment": "Element",
			"from": [ 7.75, 12.75, 8.5 ],
			"to": [ 8.25, 15.25, 9 ],
			"faces": {
				"north": { "uv": [ 7.75, 0.75, 8.25, 3.25 ], "texture": "#particle" },
				"south": { "uv": [ 7.75, 0.75, 8.25, 3.25 ], "texture": "#particle" },
				"west": { "uv": [ 8.5, 0.75, 9, 3.25 ], "texture": "#particle" },
				"east": { "uv": [ 7, 0.75, 7.5, 3.25 ], "texture": "#particle" }
			}
		},
		{
			"__comment": "Element",
			"from": [ 7.75, 12.75, 7 ],
			"to": [ 8.25, 15.25, 7.5 ],
			"faces": {
				"north": { "uv": [ 7.75, 0.75, 8.25, 3.25 ], "texture": "#particle" },
				"south": { "uv": [ 7.75, 0.75, 8.25, 3.25 ], "texture": "#particle" },
				"west": { "uv": [ 7, 0.75, 7.5, 3.25 ], "texture": "#particle" },
				"east": { "uv": [ 8.5, 0.75, 9, 3.25 ], "texture": "#particle" }
			}
		},
		{
			"__comment": "Element",
			"from": [ 7.75, 12.5, 7.25 ],
			"to": [ 8.25, 13, 8.75 ],
			"faces": {
				"down": { "uv": [ 8.25, 8.75, 7.75, 7.25 ], "texture": "#particle" },
				"north": { "uv": [ 7.75, 3, 8.25, 3.5 ], "texture": "#particle" },
				"south": { "uv": [ 7.75, 3, 8.25, 3.5 ], "texture": "#particle" },
				"west": { "uv": [ 7.25, 3, 8.75, 3.5 ], "texture": "#particle" },
				"east": { "uv": [ 7.25, 3, 8.75, 3.5 ], "texture": "#particle" }
			}
		},
		{
			"__comment": "Element",
			"from": [ 7.25, 13, 7.75 ],
			"to": [ 8.75, 13.5, 8.25 ],
			"faces": {
				"up": { "uv": [ 7.25, 7.75, 8.75, 8.25 ], "texture": "#particle" },
				"north": { "uv": [ 7.25, 2.5, 8.75, 3 ], "texture": "#particle" },
				"south": { "uv": [ 7.25, 2.5, 8.75, 3 ], "texture": "#particle" },
				"west": { "uv": [ 7.75, 2.5, 8.25, 3 ], "texture": "#particle" },
				"east": { "uv": [ 7.75, 2.5, 8.25, 3 ], "texture": "#particle" }
			}
		},
		{
			"__comment": "Element",
			"from": [ 7, 10.75, 7.75 ],
			"to": [ 7.5, 13.25, 8.25 ],
			"faces": {
				"north": { "uv": [ 8.5, 2.75, 9, 5.25 ], "texture": "#particle" },
				"south": { "uv": [ 7, 2.75, 7.5, 5.25 ], "texture": "#particle" },
				"west": { "uv": [ 7.75, 2.75, 8.25, 5.25 ], "texture": "#particle" },
				"east": { "uv": [ 7.75, 2.75, 8.25, 5.25 ], "texture": "#particle" }
			}
		},
		{
			"__comment": "Element",
			"from": [ 8.5, 10.75, 7.75 ],
			"to": [ 9, 13.25, 8.25 ],
			"faces": {
				"north": { "uv": [ 7, 2.75, 7.5, 5.25 ], "texture": "#particle" },
				"south": { "uv": [ 8.5, 2.75, 9, 5.25 ], "texture": "#particle" },
				"west": { "uv": [ 7.75, 2.75, 8.25, 5.25 ], "texture": "#particle" },
				"east": { "uv": [ 7.75, 2.75, 8.25, 5.25 ], "texture": "#particle" }
			}
		},
		{
			"__comment": "Element",
			"from": [ 7.25, 10.5, 7.75 ],
			"to": [ 8.75, 11, 8.25 ],
			"faces": {
				"down": { "uv": [ 8.75, 8.25, 7.25, 7.75 ], "texture": "#particle" },
				"north": { "uv": [ 7.25, 5, 8.75, 5.5 ], "texture": "#particle" },
				"south": { "uv": [ 7.25, 5, 8.75, 5.5 ], "texture": "#particle" },
				"west": { "uv": [ 7.75, 5, 8.25, 5.5 ], "texture": "#particle" },
				"east": { "uv": [ 7.75, 5, 8.25, 5.5 ], "texture": "#particle" }
			}
		},
		{
			"__comment": "Element",
			"from": [ 7, 14.75, 7.75 ],
			"to": [ 7.5, 16, 8.25 ],
			"faces": {
				"north": { "uv": [ 8.5, 0, 9, 1.25 ], "texture": "#particle" },
				"south": { "uv": [ 7, 0, 7.5, 1.25 ], "texture": "#particle" },
				"west": { "uv": [ 7.75, 0, 8.25, 1.25 ], "texture": "#particle" },
				"east": { "uv": [ 7.75, 0, 8.25, 1.25 ], "texture": "#particle" }
			}
		},
		{
			"__comment": "Element",
			"from": [ 8.5, 14.75, 7.75 ],
			"to": [ 9, 16, 8.25 ],
			"faces": {
				"north": { "uv": [ 7, 0, 7.5, 1.25 ], "texture": "#particle" },
				"south": { "uv": [ 8.5, 0, 9, 1.25 ], "texture": "#particle" },
				"west": { "uv": [ 7.75, 0, 8.25, 1.25 ], "texture": "#particle" },
				"east": { "uv": [ 7.75, 0, 8.25, 1.25 ], "texture": "#particle" }
			}
		},
		{
			"__comment": "Element",
			"from": [ 7.25, 14.5, 7.75 ],
			"to": [ 8.75, 15, 8.25 ],
			"faces": {
				"down": { "uv": [ 8.75, 8.25, 7.25, 7.75 ], "texture": "#particle" },
				"north": { "uv": [ 7.25, 1, 8.75, 1.5 ], "texture": "#particle" },
				"south": { "uv": [ 7.25, 1, 8.75, 1.5 ], "texture": "#particle" },
				"west": { "uv": [ 7.75, 1, 8.25, 1.5 ], "texture": "#particle" },
				"east": { "uv": [ 7.75, 1, 8.25, 1.5 ], "texture": "#particle" }
			}
		},
		{
			"__comment": "Element",
			"from": [ 7.75, 11, 7.25 ],
			"to": [ 8.25, 11.5, 8.75 ],
			"faces": {
				"up": { "uv": [ 7.75, 7.25, 8.25, 8.75 ], "texture": "#particle" },
				"north": { "uv": [ 7.75, 4.5, 8.25, 5 ], "texture": "#particle" },
				"south": { "uv": [ 7.75, 4.5, 8.25, 5 ], "texture": "#particle" },
				"west": { "uv": [ 7.25, 4.5, 8.75, 5 ], "texture": "#particle" },
				"east": { "uv": [ 7.25, 4.5, 8.75, 5 ], "texture": "#particle" }
			}
		},
		{
			"__comment": "Element",
			"from": [ 7.75, 8.75, 8.5 ],
			"to": [ 8.25, 11.25, 9 ],
			"faces": {
				"north": { "uv": [ 7.75, 4.75, 8.25, 7.25 ], "texture": "#particle" },
				"south": { "uv": [ 7.75, 4.75, 8.25, 7.25 ], "texture": "#particle" },
				"west": { "uv": [ 8.5, 4.75, 9, 7.25 ], "texture": "#particle" },
				"east": { "uv": [ 7, 4.75, 7.5, 7.25 ], "texture": "#particle" }
			}
		},
		{
			"__comment": "Element",
			"from": [ 7.75, 8.75, 7 ],
			"to": [ 8.25, 11.25, 7.5 ],
			"faces": {
				"north": { "uv": [ 7.75, 4.75, 8.25, 7.25 ], "texture": "#particle" },
				"south": { "uv": [ 7.75, 4.75, 8.25, 7.25 ], "texture": "#particle" },
				"west": { "uv": [ 7, 4.75, 7.5, 7.25 ], "texture": "#particle" },
				"east": { "uv": [ 8.5, 4.75, 9, 7.25 ], "texture": "#particle" }
			}
		},
		{
			"__comment": "Element",
			"from": [ 7.75, 8.5, 7.25 ],
			"to": [ 8.25, 9, 8.75 ],
			"faces": {
				"down": { "uv": [ 8.25, 8.75, 7.75, 7.25 ], "texture": "#particle" },
				"north": { "uv": [ 7.75, 7, 8.25, 7.5 ], "texture": "#particle" },
				"south": { "uv": [ 7.75, 7, 8.25, 7.5 ], "texture": "#particle" },
				"west": { "uv": [ 7.25, 7, 8.75, 7.5 ], "texture": "#particle" },
				"east": { "uv": [ 7.25, 7, 8.75, 7.5 ], "texture": "#particle" }
			}
		},
		{
			"__comment": "Element",
			"from": [ 7.25, 9, 7.75 ],
			"to": [ 8.75, 9.5, 8.25 ],
			"faces": {
				"up": { "uv": [ 7.25, 7.75, 8.75, 8.25 ], "texture": "#particle" },
				"north": { "uv": [ 7.25, 6.5, 8.75, 7 ], "texture": "#particle" },
				"south": { "uv": [ 7.25, 6.5, 8.75, 7 ], "texture": "#particle" },
				"west": { "uv": [ 7.75, 6.5, 8.25, 7 ], "texture": "#particle" },
				"east": { "uv": [ 7.75, 6.5, 8.25, 7 ], "texture": "#particle" }
			}
		},
		{
			"__comment": "Element",
			"from": [ 7, 6.75, 7.75 ],
			"to": [ 7.5, 9.25, 8.25 ],
			"faces": {
				"north": { "uv": [ 8.5, 6.75, 9, 9.25 ], "texture": "#particle" },
				"south": { "uv": [ 7, 6.75, 7.5, 9.25 ], "texture": "#particle" },
				"west": { "uv": [ 7.75, 6.75, 8.25, 9.25 ], "texture": "#particle" },
				"east": { "uv": [ 7.75, 6.75, 8.25, 9.25 ], "texture": "#particle" }
			}
		},
		{
			"__comment": "Element",
			"from": [ 8.5, 6.75, 7.75 ],
			"to": [ 9, 9.25, 8.25 ],
			"faces": {
				"north": { "uv": [ 7, 6.75, 7.5, 9.25 ], "texture": "#particle" },
				"south": { "uv": [ 8.5, 6.75, 9, 9.25 ], "texture": "#particle" },
				"west": { "uv": [ 7.75, 6.75, 8.25, 9.25 ], "texture": "#particle" },
				"east": { "uv": [ 7.75, 6.75, 8.25, 9.25 ], "texture": "#particle" }
			}
		},
		{
			"__comment": "Element",
			"from": [ 7.25, 6.5, 7.75 ],
			"to": [ 8.75, 7, 8.25 ],
			"faces": {
				"down": { "uv": [ 8.75, 8.25, 7.25, 7.75 ], "texture": "#particle" },
				"north": { "uv": [ 7.25, 9, 8.75, 9.5 ], "texture": "#particle" },
				"south": { "uv": [ 7.25, 9, 8.75, 9.5 ], "texture": "#particle" },
				"west": { "uv": [ 7.75, 9, 8.25, 9.5 ], "texture": "#particle" },
				"east": { "uv": [ 7.75, 9, 8.25, 9.5 ], "texture": "#particle" }
			}
		},
		{
			"__comment": "Element",
			"from": [ 7.75, 7, 7.25 ],
			"to": [ 8.25, 7.5, 8.75 ],
			"faces": {
				"up": { "uv": [ 7.75, 7.25, 8.25, 8.75 ], "texture": "#particle" },
				"north": { "uv": [ 7.75, 8.5, 8.25, 9 ], "texture": "#particle" },
				"south": { "uv": [ 7.75, 8.5, 8.25, 9 ], "texture": "#particle" },
				"west": { "uv": [ 7.25, 8.5, 8.75, 9 ], "texture": "#particle" },
				"east": { "uv": [ 7.25, 8.5, 8.75, 9 ], "texture": "#particle" }
			}
		},
		{
			"__comment": "Element",
			"from": [ 7.75, 4.75, 8.5 ],
			"to": [ 8.25, 7.25, 9 ],
			"faces": {
				"north": { "uv": [ 7.75, 8.75, 8.25, 11.25 ], "texture": "#particle" },
				"south": { "uv": [ 7.75, 8.75, 8.25, 11.25 ], "texture": "#particle" },
				"west": { "uv": [ 8.5, 8.75, 9, 11.25 ], "texture": "#particle" },
				"east": { "uv": [ 7, 8.75, 7.5, 11.25 ], "texture": "#particle" }
			}
		},
		{
			"__comment": "Element",
			"from": [ 7.75, 4.75, 7 ],
			"to": [ 8.25, 7.25, 7.5 ],
			"faces": {
				"north": { "uv": [ 7.75, 8.75, 8.25, 11.25 ], "texture": "#particle" },
				"south": { "uv": [ 7.75, 8.75, 8.25, 11.25 ], "texture": "#particle" },
				"west": { "uv": [ 7, 8.75, 7.5, 11.25 ], "texture": "#particle" },
				"east": { "uv": [ 8.5, 8.75, 9, 11.25 ], "texture": "#particle" }
			}
		},
		{
			"__comment": "Element",
			"from": [ 7.75, 4.5, 7.25 ],
			"to": [ 8.25, 5, 8.75 ],
			"faces": {
				"down": { "uv": [ 8.25, 8.75, 7.75, 7.25 ], "texture": "#particle" },
				"north": { "uv": [ 7.75, 11, 8.25, 11.5 ], "texture": "#particle" },
				"south": { "uv": [ 7.75, 11, 8.25, 11.5 ], "texture": "#particle" },
				"west": { "uv": [ 7.25, 11, 8.75, 11.5 ], "texture": "#particle" },
				"east": { "uv": [ 7.25, 11, 8.75, 11.5 ], "texture": "#particle" }
			}
		},
		{
			"__comment": "Element",
			"from": [ 7.25, 5, 7.75 ],
			"to": [ 8.75, 5.5, 8.25 ],
			"faces": {
				"up": { "uv": [ 7.25, 7.75, 8.75, 8.25 ], "texture": "#particle" },
				"north": { "uv": [ 7.25, 10.5, 8.75, 11 ], "texture": "#particle" },
				"south": { "uv": [ 7.25, 10.5, 8.75, 11 ], "texture": "#particle" },
				"west": { "uv": [ 7.75, 10.5, 8.25, 11 ], "texture": "#particle" },
				"east": { "uv": [ 7.75, 10.5, 8.25, 11 ], "texture": "#particle" }
			}
		},
		{
			"__comment": "Element",
			"from": [ 7, 2.75, 7.75 ],
			"to": [ 7.5, 5.25, 8.25 ],
			"faces": {
				"north": { "uv": [ 8.5, 10.75, 9, 13.25 ], "texture": "#particle" },
				"south": { "uv": [ 7, 10.75, 7.5, 13.25 ], "texture": "#particle" },
				"west": { "uv": [ 7.75, 10.75, 8.25, 13.25 ], "texture": "#particle" },
				"east": { "uv": [ 7.75, 10.75, 8.25, 13.25 ], "texture": "#particle" }
			}
		},
		{
			"__comment": "Element",
			"from": [ 8.5, 2.75, 7.75 ],
			"to": [ 9, 5.25, 8.25 ],
			"faces": {
				"north": { "uv": [ 7, 10.75, 7.5, 13.25 ], "texture": "#particle" },
				"south": { "uv": [ 8.5, 10.75, 9, 13.25 ], "texture": "#particle" },
				"west": { "uv": [ 7.75, 10.75, 8.25, 13.25 ], "texture": "#particle" },
				"east": { "uv": [ 7.75, 10.75, 8.25, 13.25 ], "texture": "#particle" }
			}
		},
		{
			"__comment": "Element",
			"from": [ 7.25, 2.5, 7.75 ],
			"to": [ 8.75, 3, 8.25 ],
			"faces": {
				"down": { "uv": [ 8.75, 8.25, 7.25, 7.75 ], "texture": "#particle" },
				"north": { "uv": [ 7.25, 13, 8.75, 13.5 ], "texture": "#particle" },
				"south": { "uv": [ 7.25, 13, 8.75, 13.5 ], "texture": "#particle" },
				"west": { "uv": [ 7.75, 13, 8.25, 13.5 ], "texture": "#particle" },
				"east": { "uv": [ 7.75, 13, 8.25, 13.5 ], "texture": "#particle" }
			}
		},
		{
			"__comment": "Element",
			"from": [ 7.75, 3, 7.25 ],
			"to": [ 8.25, 3.5, 8.75 ],
			"faces": {
				"up": { "uv": [ 7.75, 7.25, 8.25, 8.75 ], "texture": "#particle" },
				"north": { "uv": [ 7.75, 12.5, 8.25, 13 ], "texture": "#particle" },
				"south": { "uv": [ 7.75, 12.5, 8.25, 13 ], "texture": "#particle" },
				"west": { "uv": [ 7.25, 12.5, 8.75, 13 ], "texture": "#particle" },
				"east": { "uv": [ 7.25, 12.5, 8.75, 13 ], "texture": "#particle" }
			}
		},
		{
			"__comment": "Element",
			"from": [ 7.75, 0.75, 8.5 ],
			"to": [ 8.25, 3.25, 9 ],
			"faces": {
				"north": { "uv": [ 7.75, 12.75, 8.25, 15.25 ], "texture": "#particle" },
				"south": { "uv": [ 7.75, 12.75, 8.25, 15.25 ], "texture": "#particle" },
				"west": { "uv": [ 8.5, 12.75, 9, 15.25 ], "texture": "#particle" },
				"east": { "uv": [ 7, 12.75, 7.5, 15.25 ], "texture": "#particle" }
			}
		},
		{
			"__comment": "Element",
			"from": [ 7.75, 0.75, 7 ],
			"to": [ 8.25, 3.25, 7.5 ],
			"faces": {
				"north": { "uv": [ 7.75, 12.75, 8.25, 15.25 ], "texture": "#particle" },
				"south": { "uv": [ 7.75, 12.75, 8.25, 15.25 ], "texture": "#particle" },
				"west": { "uv": [ 7, 12.75, 7.5, 15.25 ], "texture": "#particle" },
				"east": { "uv": [ 8.5, 12.75, 9, 15.25 ], "texture": "#particle" }
			}
		},
		{
			"__comment": "Element",
			"from": [ 7.75, 0.5, 7.25 ],
			"to": [ 8.25, 1, 8.75 ],
			"faces": {
				"down": { "uv": [ 8.25, 8.75, 7.75, 7.25 ], "texture": "#particle" },
				"north": { "uv": [ 7.75, 15, 8.25, 15.5 ], "texture": "#particle" },
				"south": { "uv": [ 7.75, 15, 8.25, 15.5 ], "texture": "#particle" },
				"west": { "uv": [ 7.25, 15, 8.75, 15.5 ], "texture": "#particle" },
				"east": { "uv": [ 7.25, 15, 8.75, 15.5 ], "texture": "#particle" }
			}
		},
		{
			"__comment": "Element",
			"from": [ 7.25, 1, 7.75 ],
			"to": [ 8.75, 1.5, 8.25 ],
			"faces": {
				"up": { "uv": [ 7.25, 7.75, 8.75, 8.25 ], "texture": "#particle" },
				"north": { "uv": [ 7.25, 14.5, 8.75, 15 ], "texture": "#particle" },
				"south": { "uv": [ 7.25, 14.5, 8.75, 15 ], "texture": "#particle" },
				"west": { "uv": [ 7.75, 14.5, 8.25, 15 ], "texture": "#particle" },
				"east": { "uv": [ 7.75, 14.5, 8.25, 15 ], "texture": "#particle" }
			}
		},
		{
			"__comment": "Element",
			"from": [ 7, 0, 7.75 ],
			"to": [ 7.5, 1.25, 8.25 ],
			"faces": {
				"north": { "uv": [ 8.5, 14.75, 9, 16 ], "texture": "#particle" },
				"south": { "uv": [ 7, 14.75, 7.5, 16 ], "texture": "#particle" },
				"west": { "uv": [ 7.75, 14.75, 8.25, 16 ], "texture": "#particle" },
				"east": { "uv": [ 7.75, 14.75, 8.25, 16 ], "texture": "#particle" }
			}
		},
		{
			"__comment": "Element",
			"from": [ 8.5, 0, 7.75 ],
			"to": [ 9, 1.25, 8.25 ],
			"faces": {
				"north": { "uv": [ 7, 14.75, 7.5, 16 ], "texture": "#particle" },
				"south": { "uv": [ 8.5, 14.75, 9, 16 ], "texture": "#particle" },
				"west": { "uv": [ 7.75, 14.75, 8.25, 16 ], "texture": "#particle" },
				"east": { "uv": [ 7.75, 14.75, 8.25, 16 ], "texture": "#particle" }
			}
		}
	],
	"display": {
		"thirdperson_righthand": {
			"rotation":  [ 45, 0, 0 ],
			"scale":  [ 0.5, 0.5, 0.5 ]
		},
		"thirdperson_lefthand": {
			"rotation":  [ 45, 0, 0 ],
			"scale":  [ 0.5, 0.5, 0.5 ]
		},
		"firstperson_righthand": {
			"rotation":  [ 0, 45, 0 ],
			"scale":  [ 0.4, 0.4, 0.4 ]
		},
		"firstperson_lefthand": {
			"rotation":  [ 0, 45, 0 ],
			"scale":  [ 0.4, 0.4, 0.4 ]
		},
		"gui": {
			"rotation":  [ 30, -135, 0 ]
		},
		"ground": {
			"translation":  [ 0, 2, 0 ],
			"scale":  [ 0.3, 0.3, 0.3 ]
		}
	}
}