{
	"__comment": "Model generated using MrCrayfish's Model Creator (http://mrcrayfish.com/modelcreator/)",
	"textures": {
		"0": "block/anvil",
		"particle": "block/anvil"
	},
	"elements": [ 	 
		{
			"__comment": "Element",
			"from": [ 6, 0, 6 ],
			"to": [ 10, 1, 10 ],
			"faces": {
				"down": { "uv": [ 0, 0, 4, 4 ], "texture": "#0" },
				"up": { "uv": [ 0, 0, 4, 4 ], "texture": "#0" },
				"north": { "uv": [ 0, 0, 4, 1 ], "texture": "#0" },
				"south": { "uv": [ 0, 0, 4, 1 ], "texture": "#0" },
				"west": { "uv": [ 0, 0, 4, 1 ], "texture": "#0" },
				"east": { "uv": [ 0, 0, 4, 1 ], "texture": "#0" }
			}
		},
		{
			"__comment": "Element",
			"from": [ 6.5, 0, 5.5 ],
			"to": [ 9.5, 1, 6 ],
			"faces": {
				"down": { "uv": [ 0, 0, 3, 0.5 ], "texture": "#0" },
				"up": { "uv": [ 0, 0, 3, 0.5 ], "texture": "#0" },
				"north": { "uv": [ 0, 0, 3, 1 ], "texture": "#0" },
				"south": { "uv": [ 0, 0, 3, 1 ], "texture": "#0" },
				"west": { "uv": [ 0, 0, 0.5, 1 ], "texture": "#0" },
				"east": { "uv": [ 0, 0, 0.5, 1 ], "texture": "#0" }
			}
		},
		{
			"__comment": "Element",
			"from": [ 5.5, 0, 6.5 ],
			"to": [ 6, 1, 9.5 ],
			"faces": {
				"down": { "uv": [ 0, 0, 0.5, 3 ], "texture": "#0" },
				"up": { "uv": [ 0, 0, 0.5, 3 ], "texture": "#0" },
				"north": { "uv": [ 0, 0, 0.5, 1 ], "texture": "#0" },
				"south": { "uv": [ 0, 0, 0.5, 1 ], "texture": "#0" },
				"west": { "uv": [ 0, 0, 3, 1 ], "texture": "#0" },
				"east": { "uv": [ 0, 0, 3, 1 ], "texture": "#0" }
			}
		},
		{
			"__comment": "Element",
			"from": [ 6.5, 0, 10 ],
			"to": [ 9.5, 1, 10.5 ],
			"faces": {
				"down": { "uv": [ 0, 0, 3, 0.5 ], "texture": "#0" },
				"up": { "uv": [ 0, 0, 3, 0.5 ], "texture": "#0" },
				"north": { "uv": [ 0, 0, 3, 1 ], "texture": "#0" },
				"south": { "uv": [ 0, 0, 3, 1 ], "texture": "#0" },
				"west": { "uv": [ 0, 0, 0.5, 1 ], "texture": "#0" },
				"east": { "uv": [ 0, 0, 0.5, 1 ], "texture": "#0" }
			}
		},
		{
			"__comment": "Element",
			"from": [ 10, 0, 6.5 ],
			"to": [ 10.5, 1, 9.5 ],
			"faces": {
				"down": { "uv": [ 0, 0, 0.5, 3 ], "texture": "#0" },
				"up": { "uv": [ 0, 0, 0.5, 3 ], "texture": "#0" },
				"north": { "uv": [ 0, 0, 0.5, 1 ], "texture": "#0" },
				"south": { "uv": [ 0, 0, 0.5, 1 ], "texture": "#0" },
				"west": { "uv": [ 0, 0, 3, 1 ], "texture": "#0" },
				"east": { "uv": [ 0, 0, 3, 1 ], "texture": "#0" }
			}
		},
		{
			"__comment": "Element",
			"from": [ 6.3, 1, 6.3 ],
			"to": [ 9.699999, 1.3, 9.699999 ],
			"faces": {
				"down": { "uv": [ 0, 0, 3.4, 3.4 ], "texture": "#0" },
				"up": { "uv": [ 0, 0, 3.4, 3.4 ], "texture": "#0" },
				"north": { "uv": [ 0, 0, 3.4, 0.3000002 ], "texture": "#0" },
				"south": { "uv": [ 0, 0, 3.4, 0.3000002 ], "texture": "#0" },
				"west": { "uv": [ 0, 0, 3.4, 0.3000002 ], "texture": "#0" },
				"east": { "uv": [ 0, 0, 3.4, 0.3000002 ], "texture": "#0" }
			}
		},
		{
			"__comment": "Element",
			"from": [ 6.8, 1, 5.8 ],
			"to": [ 9.199999, 1.3, 6.3 ],
			"faces": {
				"down": { "uv": [ 0, 0, 2.4, 0.5 ], "texture": "#0" },
				"up": { "uv": [ 0, 0, 2.4, 0.5 ], "texture": "#0" },
				"north": { "uv": [ 0, 0, 2.4, 0.3000002 ], "texture": "#0" },
				"south": { "uv": [ 0, 0, 2.4, 0.3000002 ], "texture": "#0" },
				"west": { "uv": [ 0, 0, 0.5, 0.3000002 ], "texture": "#0" },
				"east": { "uv": [ 0, 0, 0.5, 0.3000002 ], "texture": "#0" }
			}
		},
		{
			"__comment": "Element",
			"from": [ 5.8, 1, 6.8 ],
			"to": [ 6.3, 1.3, 9.199999 ],
			"faces": {
				"down": { "uv": [ 0, 0, 0.5, 2.4 ], "texture": "#0" },
				"up": { "uv": [ 0, 0, 0.5, 2.4 ], "texture": "#0" },
				"north": { "uv": [ 0, 0, 0.5, 0.3000002 ], "texture": "#0" },
				"south": { "uv": [ 0, 0, 0.5, 0.3000002 ], "texture": "#0" },
				"west": { "uv": [ 0, 0, 2.4, 0.3000002 ], "texture": "#0" },
				"east": { "uv": [ 0, 0, 2.4, 0.3000002 ], "texture": "#0" }
			}
		},
		{
			"__comment": "Element",
			"from": [ 6.8, 1, 9.7 ],
			"to": [ 9.199999, 1.3, 10.2 ],
			"faces": {
				"down": { "uv": [ 0, 0, 2.4, 0.5 ], "texture": "#0" },
				"up": { "uv": [ 0, 0, 2.4, 0.5 ], "texture": "#0" },
				"north": { "uv": [ 0, 0, 2.4, 0.3000002 ], "texture": "#0" },
				"south": { "uv": [ 0, 0, 2.4, 0.3000002 ], "texture": "#0" },
				"west": { "uv": [ 0, 0, 0.5, 0.3000002 ], "texture": "#0" },
				"east": { "uv": [ 0, 0, 0.5, 0.3000002 ], "texture": "#0" }
			}
		},
		{
			"__comment": "Element",
			"from": [ 9.7, 1, 6.8 ],
			"to": [ 10.2, 1.3, 9.199999 ],
			"faces": {
				"down": { "uv": [ 0, 0, 0.5, 2.4 ], "texture": "#0" },
				"up": { "uv": [ 0, 0, 0.5, 2.4 ], "texture": "#0" },
				"north": { "uv": [ 0, 0, 0.5, 0.3000002 ], "texture": "#0" },
				"south": { "uv": [ 0, 0, 0.5, 0.3000002 ], "texture": "#0" },
				"west": { "uv": [ 0, 0, 2.4, 0.3000002 ], "texture": "#0" },
				"east": { "uv": [ 0, 0, 2.4, 0.3000002 ], "texture": "#0" }
			}
		},
		{
			"__comment": "Element",
			"from": [ 6.5, 1.3, 6.5 ],
			"to": [ 9.5, 7.3, 9.5 ],
			"faces": {
				"down": { "uv": [ 0, 0, 3, 3 ], "texture": "#0" },
				"up": { "uv": [ 0, 0, 3, 3 ], "texture": "#0" },
				"north": { "uv": [ 0, 0, 3, 4 ], "texture": "#0" },
				"south": { "uv": [ 0, 0, 3, 4 ], "texture": "#0" },
				"west": { "uv": [ 0, 0, 3, 4 ], "texture": "#0" },
				"east": { "uv": [ 0, 0, 3, 4 ], "texture": "#0" }
			}
		},
		{
			"__comment": "Element",
			"from": [ 7, 1.3, 6 ],
			"to": [ 9, 7.3, 6.5 ],
			"faces": {
				"down": { "uv": [ 0, 0, 2, 0.5 ], "texture": "#0" },
				"up": { "uv": [ 0, 0, 2, 0.5 ], "texture": "#0" },
				"north": { "uv": [ 0, 0, 2, 4 ], "texture": "#0" },
				"south": { "uv": [ 0, 0, 2, 4 ], "texture": "#0" },
				"west": { "uv": [ 0, 0, 0.5, 4 ], "texture": "#0" },
				"east": { "uv": [ 0, 0, 0.5, 4 ], "texture": "#0" }
			}
		},
		{
			"__comment": "Element",
			"from": [ 6, 1.3, 7 ],
			"to": [ 6.5, 7.3, 9 ],
			"faces": {
				"down": { "uv": [ 0, 0, 0.5, 2 ], "texture": "#0" },
				"up": { "uv": [ 0, 0, 0.5, 2 ], "texture": "#0" },
				"north": { "uv": [ 0, 0, 0.5, 4 ], "texture": "#0" },
				"south": { "uv": [ 0, 0, 0.5, 4 ], "texture": "#0" },
				"west": { "uv": [ 0, 0, 2, 4 ], "texture": "#0" },
				"east": { "uv": [ 0, 0, 2, 4 ], "texture": "#0" }
			}
		},
		{
			"__comment": "Element",
			"from": [ 7, 1.3, 9.5 ],
			"to": [ 9, 7.3, 10 ],
			"faces": {
				"down": { "uv": [ 0, 0, 2, 0.5 ], "texture": "#0" },
				"up": { "uv": [ 0, 0, 2, 0.5 ], "texture": "#0" },
				"north": { "uv": [ 0, 0, 2, 4 ], "texture": "#0" },
				"south": { "uv": [ 0, 0, 2, 4 ], "texture": "#0" },
				"west": { "uv": [ 0, 0, 0.5, 4 ], "texture": "#0" },
				"east": { "uv": [ 0, 0, 0.5, 4 ], "texture": "#0" }
			}
		},
		{
			"__comment": "Element",
			"from": [ 9.5, 1.3, 7 ],
			"to": [ 10, 7.3, 9 ],
			"faces": {
				"down": { "uv": [ 0, 0, 0.5, 2 ], "texture": "#0" },
				"up": { "uv": [ 0, 0, 0.5, 2 ], "texture": "#0" },
				"north": { "uv": [ 0, 0, 0.5, 4 ], "texture": "#0" },
				"south": { "uv": [ 0, 0, 0.5, 4 ], "texture": "#0" },
				"west": { "uv": [ 0, 0, 2, 4 ], "texture": "#0" },
				"east": { "uv": [ 0, 0, 2, 4 ], "texture": "#0" }
			}
		},
		{
			"__comment": "Element",
			"from": [ 6.3, 7.3, 6.3 ],
			"to": [ 9.699999, 7.5, 9.699999 ],
			"faces": {
				"down": { "uv": [ 0, 0, 3.4, 3.4 ], "texture": "#0" },
				"up": { "uv": [ 0, 0, 3.4, 3.4 ], "texture": "#0" },
				"north": { "uv": [ 0, 0, 3.4, 0.1999998 ], "texture": "#0" },
				"south": { "uv": [ 0, 0, 3.4, 0.1999998 ], "texture": "#0" },
				"west": { "uv": [ 0, 0, 3.4, 0.1999998 ], "texture": "#0" },
				"east": { "uv": [ 0, 0, 3.4, 0.1999998 ], "texture": "#0" }
			}
		},
		{
			"__comment": "Element",
			"from": [ 6.8, 7.3, 5.8 ],
			"to": [ 9.199999, 7.5, 6.3 ],
			"faces": {
				"down": { "uv": [ 0, 0, 2.4, 0.5 ], "texture": "#0" },
				"up": { "uv": [ 0, 0, 2.4, 0.5 ], "texture": "#0" },
				"north": { "uv": [ 0, 0, 2.4, 0.1999998 ], "texture": "#0" },
				"south": { "uv": [ 0, 0, 2.4, 0.1999998 ], "texture": "#0" },
				"west": { "uv": [ 0, 0, 0.5, 0.1999998 ], "texture": "#0" },
				"east": { "uv": [ 0, 0, 0.5, 0.1999998 ], "texture": "#0" }
			}
		},
		{
			"__comment": "Element",
			"from": [ 5.8, 7.3, 6.8 ],
			"to": [ 6.3, 7.5, 9.199999 ],
			"faces": {
				"down": { "uv": [ 0, 0, 0.5, 2.4 ], "texture": "#0" },
				"up": { "uv": [ 0, 0, 0.5, 2.4 ], "texture": "#0" },
				"north": { "uv": [ 0, 0, 0.5, 0.1999998 ], "texture": "#0" },
				"south": { "uv": [ 0, 0, 0.5, 0.1999998 ], "texture": "#0" },
				"west": { "uv": [ 0, 0, 2.4, 0.1999998 ], "texture": "#0" },
				"east": { "uv": [ 0, 0, 2.4, 0.1999998 ], "texture": "#0" }
			}
		},
		{
			"__comment": "Element",
			"from": [ 6.8, 7.3, 9.7 ],
			"to": [ 9.199999, 7.5, 10.2 ],
			"faces": {
				"down": { "uv": [ 0, 0, 2.4, 0.5 ], "texture": "#0" },
				"up": { "uv": [ 0, 0, 2.4, 0.5 ], "texture": "#0" },
				"north": { "uv": [ 0, 0, 2.4, 0.1999998 ], "texture": "#0" },
				"south": { "uv": [ 0, 0, 2.4, 0.1999998 ], "texture": "#0" },
				"west": { "uv": [ 0, 0, 0.5, 0.1999998 ], "texture": "#0" },
				"east": { "uv": [ 0, 0, 0.5, 0.1999998 ], "texture": "#0" }
			}
		},
		{
			"__comment": "Element",
			"from": [ 9.7, 7.3, 6.8 ],
			"to": [ 10.2, 7.5, 9.199999 ],
			"faces": {
				"down": { "uv": [ 0, 0, 0.5, 2.4 ], "texture": "#0" },
				"up": { "uv": [ 0, 0, 0.5, 2.4 ], "texture": "#0" },
				"north": { "uv": [ 0, 0, 0.5, 0.1999998 ], "texture": "#0" },
				"south": { "uv": [ 0, 0, 0.5, 0.1999998 ], "texture": "#0" },
				"west": { "uv": [ 0, 0, 2.4, 0.1999998 ], "texture": "#0" },
				"east": { "uv": [ 0, 0, 2.4, 0.1999998 ], "texture": "#0" }
			}
		},
		{
			"__comment": "Element",
			"from": [ 5.9, 9.5, 5.9 ],
			"to": [ 10.1, 10.1, 10.1 ],
			"faces": {
				"down": { "uv": [ 0, 0, 4.2, 4.2 ], "texture": "#0" },
				"up": { "uv": [ 0, 0, 4.2, 4.2 ], "texture": "#0" },
				"north": { "uv": [ 0, 0, 4.2, 0.6000004 ], "texture": "#0" },
				"south": { "uv": [ 0, 0, 4.2, 0.6000004 ], "texture": "#0" },
				"west": { "uv": [ 0, 0, 4.2, 0.6000004 ], "texture": "#0" },
				"east": { "uv": [ 0, 0, 4.2, 0.6000004 ], "texture": "#0" }
			}
		},
		{
			"__comment": "Element",
			"from": [ 6.6, 9.5, 5.4 ],
			"to": [ 9.4, 10.1, 5.9 ],
			"faces": {
				"down": { "uv": [ 0, 0, 2.8, 0.5 ], "texture": "#0" },
				"up": { "uv": [ 0, 0, 2.8, 0.5 ], "texture": "#0" },
				"north": { "uv": [ 0, 0, 2.8, 0.6000004 ], "texture": "#0" },
				"south": { "uv": [ 0, 0, 2.8, 0.6000004 ], "texture": "#0" },
				"west": { "uv": [ 0, 0, 0.5, 0.6000004 ], "texture": "#0" },
				"east": { "uv": [ 0, 0, 0.5, 0.6000004 ], "texture": "#0" }
			}
		},
		{
			"__comment": "Element",
			"from": [ 5.4, 9.5, 6.6 ],
			"to": [ 5.9, 10.1, 9.4 ],
			"faces": {
				"down": { "uv": [ 0, 0, 0.5, 2.8 ], "texture": "#0" },
				"up": { "uv": [ 0, 0, 0.5, 2.8 ], "texture": "#0" },
				"north": { "uv": [ 0, 0, 0.5, 0.6000004 ], "texture": "#0" },
				"south": { "uv": [ 0, 0, 0.5, 0.6000004 ], "texture": "#0" },
				"west": { "uv": [ 0, 0, 2.8, 0.6000004 ], "texture": "#0" },
				"east": { "uv": [ 0, 0, 2.8, 0.6000004 ], "texture": "#0" }
			}
		},
		{
			"__comment": "Element",
			"from": [ 6.6, 9.5, 10.1 ],
			"to": [ 9.4, 10.1, 10.6 ],
			"faces": {
				"down": { "uv": [ 0, 0, 2.8, 0.5 ], "texture": "#0" },
				"up": { "uv": [ 0, 0, 2.8, 0.5 ], "texture": "#0" },
				"north": { "uv": [ 0, 0, 2.8, 0.6000004 ], "texture": "#0" },
				"south": { "uv": [ 0, 0, 2.8, 0.6000004 ], "texture": "#0" },
				"west": { "uv": [ 0, 0, 0.5, 0.6000004 ], "texture": "#0" },
				"east": { "uv": [ 0, 0, 0.5, 0.6000004 ], "texture": "#0" }
			}
		},
		{
			"__comment": "Element",
			"from": [ 10.1, 9.5, 6.6 ],
			"to": [ 10.6, 10.1, 9.4 ],
			"faces": {
				"down": { "uv": [ 0, 0, 0.5, 2.8 ], "texture": "#0" },
				"up": { "uv": [ 0, 0, 0.5, 2.8 ], "texture": "#0" },
				"north": { "uv": [ 0, 0, 0.5, 0.6000004 ], "texture": "#0" },
				"south": { "uv": [ 0, 0, 0.5, 0.6000004 ], "texture": "#0" },
				"west": { "uv": [ 0, 0, 2.8, 0.6000004 ], "texture": "#0" },
				"east": { "uv": [ 0, 0, 2.8, 0.6000004 ], "texture": "#0" }
			}
		},
		{
			"__comment": "Element",
			"from": [ 6.3, 10.1, 6.3 ],
			"to": [ 9.699999, 10.4, 9.699999 ],
			"faces": {
				"down": { "uv": [ 0, 0, 3.4, 3.4 ], "texture": "#0" },
				"up": { "uv": [ 0, 0, 3.4, 3.4 ], "texture": "#0" },
				"north": { "uv": [ 0, 0, 3.4, 0.3000002 ], "texture": "#0" },
				"south": { "uv": [ 0, 0, 3.4, 0.3000002 ], "texture": "#0" },
				"west": { "uv": [ 0, 0, 3.4, 0.3000002 ], "texture": "#0" },
				"east": { "uv": [ 0, 0, 3.4, 0.3000002 ], "texture": "#0" }
			}
		},
		{
			"__comment": "Element",
			"from": [ 6.8, 10.1, 5.8 ],
			"to": [ 9.199999, 10.4, 6.3 ],
			"faces": {
				"down": { "uv": [ 0, 0, 2.4, 0.5 ], "texture": "#0" },
				"up": { "uv": [ 0, 0, 2.4, 0.5 ], "texture": "#0" },
				"north": { "uv": [ 0, 0, 2.4, 0.3000002 ], "texture": "#0" },
				"south": { "uv": [ 0, 0, 2.4, 0.3000002 ], "texture": "#0" },
				"west": { "uv": [ 0, 0, 0.5, 0.3000002 ], "texture": "#0" },
				"east": { "uv": [ 0, 0, 0.5, 0.3000002 ], "texture": "#0" }
			}
		},
		{
			"__comment": "Element",
			"from": [ 5.8, 10.1, 6.8 ],
			"to": [ 6.3, 10.4, 9.199999 ],
			"faces": {
				"down": { "uv": [ 0, 0, 0.5, 2.4 ], "texture": "#0" },
				"up": { "uv": [ 0, 0, 0.5, 2.4 ], "texture": "#0" },
				"north": { "uv": [ 0, 0, 0.5, 0.3000002 ], "texture": "#0" },
				"south": { "uv": [ 0, 0, 0.5, 0.3000002 ], "texture": "#0" },
				"west": { "uv": [ 0, 0, 2.4, 0.3000002 ], "texture": "#0" },
				"east": { "uv": [ 0, 0, 2.4, 0.3000002 ], "texture": "#0" }
			}
		},
		{
			"__comment": "Element",
			"from": [ 6.8, 10.1, 9.7 ],
			"to": [ 9.199999, 10.4, 10.2 ],
			"faces": {
				"down": { "uv": [ 0, 0, 2.4, 0.5 ], "texture": "#0" },
				"up": { "uv": [ 0, 0, 2.4, 0.5 ], "texture": "#0" },
				"north": { "uv": [ 0, 0, 2.4, 0.3000002 ], "texture": "#0" },
				"south": { "uv": [ 0, 0, 2.4, 0.3000002 ], "texture": "#0" },
				"west": { "uv": [ 0, 0, 0.5, 0.3000002 ], "texture": "#0" },
				"east": { "uv": [ 0, 0, 0.5, 0.3000002 ], "texture": "#0" }
			}
		},
		{
			"__comment": "Element",
			"from": [ 9.7, 10.1, 6.8 ],
			"to": [ 10.2, 10.4, 9.199999 ],
			"faces": {
				"down": { "uv": [ 0, 0, 0.5, 2.4 ], "texture": "#0" },
				"up": { "uv": [ 0, 0, 0.5, 2.4 ], "texture": "#0" },
				"north": { "uv": [ 0, 0, 0.5, 0.3000002 ], "texture": "#0" },
				"south": { "uv": [ 0, 0, 0.5, 0.3000002 ], "texture": "#0" },
				"west": { "uv": [ 0, 0, 2.4, 0.3000002 ], "texture": "#0" },
				"east": { "uv": [ 0, 0, 2.4, 0.3000002 ], "texture": "#0" }
			}
		},
		{
			"__comment": "Element",
			"from": [ 7, 10.1, 5.6 ],
			"to": [ 9, 10.3, 5.8 ],
			"faces": {
				"down": { "uv": [ 0, 0, 2, 0.1999998 ], "texture": "#0" },
				"up": { "uv": [ 0, 0, 2, 0.1999998 ], "texture": "#0" },
				"north": { "uv": [ 0, 0, 2, 0.1999998 ], "texture": "#0" },
				"south": { "uv": [ 0, 0, 2, 0.1999998 ], "texture": "#0" },
				"west": { "uv": [ 0, 0, 0.2, 0.1999998 ], "texture": "#0" },
				"east": { "uv": [ 0, 0, 0.2, 0.1999998 ], "texture": "#0" }
			}
		},
		{
			"__comment": "Element",
			"from": [ 5.6, 10.1, 7 ],
			"to": [ 5.8, 10.3, 9 ],
			"faces": {
				"down": { "uv": [ 0, 0, 0.2, 2 ], "texture": "#0" },
				"up": { "uv": [ 0, 0, 0.2, 2 ], "texture": "#0" },
				"north": { "uv": [ 0, 0, 0.2, 0.1999998 ], "texture": "#0" },
				"south": { "uv": [ 0, 0, 0.2, 0.1999998 ], "texture": "#0" },
				"west": { "uv": [ 0, 0, 2, 0.1999998 ], "texture": "#0" },
				"east": { "uv": [ 0, 0, 2, 0.1999998 ], "texture": "#0" }
			}
		},
		{
			"__comment": "Element",
			"from": [ 7, 10.1, 10.2 ],
			"to": [ 9, 10.3, 10.4 ],
			"faces": {
				"down": { "uv": [ 0, 0, 2, 0.1999998 ], "texture": "#0" },
				"up": { "uv": [ 0, 0, 2, 0.1999998 ], "texture": "#0" },
				"north": { "uv": [ 0, 0, 2, 0.1999998 ], "texture": "#0" },
				"south": { "uv": [ 0, 0, 2, 0.1999998 ], "texture": "#0" },
				"west": { "uv": [ 0, 0, 0.2, 0.1999998 ], "texture": "#0" },
				"east": { "uv": [ 0, 0, 0.2, 0.1999998 ], "texture": "#0" }
			}
		},
		{
			"__comment": "Element",
			"from": [ 10.2, 10.1, 7 ],
			"to": [ 10.4, 10.3, 9 ],
			"faces": {
				"down": { "uv": [ 0, 0, 0.2, 2 ], "texture": "#0" },
				"up": { "uv": [ 0, 0, 0.2, 2 ], "texture": "#0" },
				"north": { "uv": [ 0, 0, 0.2, 0.1999998 ], "texture": "#0" },
				"south": { "uv": [ 0, 0, 0.2, 0.1999998 ], "texture": "#0" },
				"west": { "uv": [ 0, 0, 2, 0.1999998 ], "texture": "#0" },
				"east": { "uv": [ 0, 0, 2, 0.1999998 ], "texture": "#0" }
			}
		},
		{
			"__comment": "Element",
			"from": [ 6.5, 10.4, 6.5 ],
			"to": [ 9.5, 10.6, 9.5 ],
			"faces": {
				"down": { "uv": [ 0, 0, 3, 3 ], "texture": "#0" },
				"up": { "uv": [ 0, 0, 3, 3 ], "texture": "#0" },
				"north": { "uv": [ 0, 0, 3, 0.1999998 ], "texture": "#0" },
				"south": { "uv": [ 0, 0, 3, 0.1999998 ], "texture": "#0" },
				"west": { "uv": [ 0, 0, 3, 0.1999998 ], "texture": "#0" },
				"east": { "uv": [ 0, 0, 3, 0.1999998 ], "texture": "#0" }
			}
		},
		{
			"__comment": "Element",
			"from": [ 7.1, 10.4, 6.1 ],
			"to": [ 8.9, 10.6, 6.6 ],
			"faces": {
				"down": { "uv": [ 0, 0, 1.8, 0.5 ], "texture": "#0" },
				"up": { "uv": [ 0, 0, 1.8, 0.5 ], "texture": "#0" },
				"north": { "uv": [ 0, 0, 1.8, 0.1999998 ], "texture": "#0" },
				"south": { "uv": [ 0, 0, 1.8, 0.1999998 ], "texture": "#0" },
				"west": { "uv": [ 0, 0, 0.5, 0.1999998 ], "texture": "#0" },
				"east": { "uv": [ 0, 0, 0.5, 0.1999998 ], "texture": "#0" }
			}
		},
		{
			"__comment": "Element",
			"from": [ 6, 10.4, 7.1 ],
			"to": [ 6.5, 10.6, 8.9 ],
			"faces": {
				"down": { "uv": [ 0, 0, 0.5, 1.8 ], "texture": "#0" },
				"up": { "uv": [ 0, 0, 0.5, 1.8 ], "texture": "#0" },
				"north": { "uv": [ 0, 0, 0.5, 0.1999998 ], "texture": "#0" },
				"south": { "uv": [ 0, 0, 0.5, 0.1999998 ], "texture": "#0" },
				"west": { "uv": [ 0, 0, 1.8, 0.1999998 ], "texture": "#0" },
				"east": { "uv": [ 0, 0, 1.8, 0.1999998 ], "texture": "#0" }
			}
		},
		{
			"__comment": "Element",
			"from": [ 7.1, 10.4, 9.5 ],
			"to": [ 8.9, 10.6, 10 ],
			"faces": {
				"down": { "uv": [ 0, 0, 1.8, 0.5 ], "texture": "#0" },
				"up": { "uv": [ 0, 0, 1.8, 0.5 ], "texture": "#0" },
				"north": { "uv": [ 0, 0, 1.8, 0.1999998 ], "texture": "#0" },
				"south": { "uv": [ 0, 0, 1.8, 0.1999998 ], "texture": "#0" },
				"west": { "uv": [ 0, 0, 0.5, 0.1999998 ], "texture": "#0" },
				"east": { "uv": [ 0, 0, 0.5, 0.1999998 ], "texture": "#0" }
			}
		},
		{
			"__comment": "Element",
			"from": [ 9.5, 10.4, 7.1 ],
			"to": [ 10, 10.6, 8.9 ],
			"faces": {
				"down": { "uv": [ 0, 0, 0.5, 1.8 ], "texture": "#0" },
				"up": { "uv": [ 0, 0, 0.5, 1.8 ], "texture": "#0" },
				"north": { "uv": [ 0, 0, 0.5, 0.1999998 ], "texture": "#0" },
				"south": { "uv": [ 0, 0, 0.5, 0.1999998 ], "texture": "#0" },
				"west": { "uv": [ 0, 0, 1.8, 0.1999998 ], "texture": "#0" },
				"east": { "uv": [ 0, 0, 1.8, 0.1999998 ], "texture": "#0" }
			}
		},
		{
			"__comment": "Element",
			"from": [ 7, 10.6, 7 ],
			"to": [ 9, 10.7, 9 ],
			"faces": {
				"down": { "uv": [ 0, 0, 2, 2 ], "texture": "#0" },
				"up": { "uv": [ 0, 0, 2, 2 ], "texture": "#0" },
				"north": { "uv": [ 0, 0, 2, 0.1000004 ], "texture": "#0" },
				"south": { "uv": [ 0, 0, 2, 0.1000004 ], "texture": "#0" },
				"west": { "uv": [ 0, 0, 2, 0.1000004 ], "texture": "#0" },
				"east": { "uv": [ 0, 0, 2, 0.1000004 ], "texture": "#0" }
			}
		},
		{
			"__comment": "Element",
			"from": [ 7.3, 10.6, 6.8 ],
			"to": [ 8.699999, 10.7, 7 ],
			"faces": {
				"down": { "uv": [ 0, 0, 1.4, 0.1999998 ], "texture": "#0" },
				"up": { "uv": [ 0, 0, 1.4, 0.8999996 ], "texture": "#0" },
				"north": { "uv": [ 0, 0, 1.4, 0.1000004 ], "texture": "#0" },
				"south": { "uv": [ 0, 0, 1.4, 0.1000004 ], "texture": "#0" },
				"west": { "uv": [ 0, 0, 0.2, 0.1000004 ], "texture": "#0" },
				"east": { "uv": [ 0, 0, 0.2, 0.1000004 ], "texture": "#0" }
			}
		},
		{
			"__comment": "Element",
			"from": [ 6.8, 10.6, 7.3 ],
			"to": [ 7, 10.7, 8.699999 ],
			"faces": {
				"down": { "uv": [ 0, 0, 0.2, 1.4 ], "texture": "#0" },
				"up": { "uv": [ 0, 0, 1.2, 4.4 ], "texture": "#0" },
				"north": { "uv": [ 0, 0, 0.2, 0.1000004 ], "texture": "#0" },
				"south": { "uv": [ 0, 0, 0.2, 0.1000004 ], "texture": "#0" },
				"west": { "uv": [ 0, 0, 1.4, 0.1000004 ], "texture": "#0" },
				"east": { "uv": [ 0, 0, 1.4, 0.1000004 ], "texture": "#0" }
			}
		},
		{
			"__comment": "Element",
			"from": [ 7.3, 10.6, 9 ],
			"to": [ 8.699999, 10.7, 9.2 ],
			"faces": {
				"down": { "uv": [ 0, 0, 1.4, 0.1999998 ], "texture": "#0" },
				"up": { "uv": [ 0, 0, 1.4, 0.1999998 ], "texture": "#0" },
				"north": { "uv": [ 0, 0, 1.4, 0.1000004 ], "texture": "#0" },
				"south": { "uv": [ 0, 0, 1.4, 0.1000004 ], "texture": "#0" },
				"west": { "uv": [ 0, 0, 0.2, 0.1000004 ], "texture": "#0" },
				"east": { "uv": [ 0, 0, 0.2, 0.1000004 ], "texture": "#0" }
			}
		},
		{
			"__comment": "Element",
			"from": [ 9, 10.6, 7.3 ],
			"to": [ 9.2, 10.7, 8.699999 ],
			"faces": {
				"down": { "uv": [ 0, 0, 0.2, 1.4 ], "texture": "#0" },
				"up": { "uv": [ 0, 0, 0.2, 1.4 ], "texture": "#0" },
				"north": { "uv": [ 0, 0, 0.2, 0.1000004 ], "texture": "#0" },
				"south": { "uv": [ 0, 0, 0.2, 0.1000004 ], "texture": "#0" },
				"west": { "uv": [ 0, 0, 1.4, 0.1000004 ], "texture": "#0" },
				"east": { "uv": [ 0, 0, 1.4, 0.1000004 ], "texture": "#0" }
			}
		},
		{
			"__comment": "Element",
			"from": [ 5.9, 7.5, 5.9 ],
			"to": [ 10.1, 8.1, 10.1 ],
			"faces": {
				"down": { "uv": [ 0, 0, 4.2, 4.2 ], "texture": "#0" },
				"up": { "uv": [ 0, 0, 4.2, 4.2 ], "texture": "#0" },
				"north": { "uv": [ 0, 0, 4.2, 0.6000004 ], "texture": "#0" },
				"south": { "uv": [ 0, 0, 4.2, 0.6000004 ], "texture": "#0" },
				"west": { "uv": [ 0, 0, 4.2, 0.6000004 ], "texture": "#0" },
				"east": { "uv": [ 0, 0, 4.2, 0.6000004 ], "texture": "#0" }
			}
		},
		{
			"__comment": "Element",
			"from": [ 6.6, 7.5, 5.4 ],
			"to": [ 9.4, 8.1, 5.9 ],
			"faces": {
				"down": { "uv": [ 0, 0, 2.8, 0.5 ], "texture": "#0" },
				"up": { "uv": [ 0, 0, 2.8, 0.5 ], "texture": "#0" },
				"north": { "uv": [ 0, 0, 2.8, 0.6000004 ], "texture": "#0" },
				"south": { "uv": [ 0, 0, 2.8, 0.6000004 ], "texture": "#0" },
				"west": { "uv": [ 0, 0, 0.5, 0.6000004 ], "texture": "#0" },
				"east": { "uv": [ 0, 0, 0.5, 0.6000004 ], "texture": "#0" }
			}
		},
		{
			"__comment": "Element",
			"from": [ 5.4, 7.5, 6.6 ],
			"to": [ 5.9, 8.1, 9.4 ],
			"faces": {
				"down": { "uv": [ 0, 0, 0.5, 2.8 ], "texture": "#0" },
				"up": { "uv": [ 0, 0, 0.5, 2.8 ], "texture": "#0" },
				"north": { "uv": [ 0, 0, 0.5, 0.6000004 ], "texture": "#0" },
				"south": { "uv": [ 0, 0, 0.5, 0.6000004 ], "texture": "#0" },
				"west": { "uv": [ 0, 0, 2.8, 0.6000004 ], "texture": "#0" },
				"east": { "uv": [ 0, 0, 2.8, 0.6000004 ], "texture": "#0" }
			}
		},
		{
			"__comment": "Element",
			"from": [ 6.6, 7.5, 10.1 ],
			"to": [ 9.4, 8.1, 10.6 ],
			"faces": {
				"down": { "uv": [ 0, 0, 2.8, 0.5 ], "texture": "#0" },
				"up": { "uv": [ 0, 0, 2.8, 0.5 ], "texture": "#0" },
				"north": { "uv": [ 0, 0, 2.8, 0.6000004 ], "texture": "#0" },
				"south": { "uv": [ 0, 0, 2.8, 0.6000004 ], "texture": "#0" },
				"west": { "uv": [ 0, 0, 0.5, 0.6000004 ], "texture": "#0" },
				"east": { "uv": [ 0, 0, 0.5, 0.6000004 ], "texture": "#0" }
			}
		},
		{
			"__comment": "Element",
			"from": [ 10.1, 7.5, 6.6 ],
			"to": [ 10.6, 8.1, 9.4 ],
			"faces": {
				"down": { "uv": [ 0, 0, 0.5, 2.8 ], "texture": "#0" },
				"up": { "uv": [ 0, 0, 0.5, 2.8 ], "texture": "#0" },
				"north": { "uv": [ 0, 0, 0.5, 0.6000004 ], "texture": "#0" },
				"south": { "uv": [ 0, 0, 0.5, 0.6000004 ], "texture": "#0" },
				"west": { "uv": [ 0, 0, 2.8, 0.6000004 ], "texture": "#0" },
				"east": { "uv": [ 0, 0, 2.8, 0.6000004 ], "texture": "#0" }
			}
		},
		{
			"__comment": "Element",
			"from": [ 5.5, 8.099999, 5.5 ],
			"to": [ 10.6, 9.499999, 10.6 ],
			"faces": {
				"down": { "uv": [ 0, 0, 4.2, 4.2 ], "texture": "#0" },
				"up": { "uv": [ 0, 0, 4.2, 4.2 ], "texture": "#0" },
				"north": { "uv": [ 0, 0, 4.8, 1.4 ], "texture": "#0" },
				"south": { "uv": [ 0, 0, 4.4, 1.6 ], "texture": "#0" },
				"west": { "uv": [ 0, 0, 4.2, 1.6 ], "texture": "#0" },
				"east": { "uv": [ 0, 0, 4.6, 1.6 ], "texture": "#0" }
			}
		},
		{
			"__comment": "Element",
			"from": [ 6.2, 8.099999, 5 ],
			"to": [ 9.8, 8.699999, 5.5 ],
			"faces": {
				"down": { "uv": [ 0, 0, 2.8, 0.5 ], "texture": "#0" },
				"up": { "uv": [ 0, 0, 2.8, 0.5 ], "texture": "#0" },
				"north": { "uv": [ 0, 0, 2.8, 0.6000004 ], "texture": "#0" },
				"south": { "uv": [ 0, 0, 2.8, 0.6000004 ], "texture": "#0" },
				"west": { "uv": [ 0, 0, 0.5, 0.6000004 ], "texture": "#0" },
				"east": { "uv": [ 0, 0, 0.5, 0.6000004 ], "texture": "#0" }
			}
		},
		{
			"__comment": "Element",
			"from": [ 4.9, 8.099999, 6.2 ],
			"to": [ 5.4, 8.699999, 9.8 ],
			"faces": {
				"down": { "uv": [ 0, 0, 0.5, 2.8 ], "texture": "#0" },
				"up": { "uv": [ 0, 0, 0.5, 2.8 ], "texture": "#0" },
				"north": { "uv": [ 0, 0, 0.5, 0.6000004 ], "texture": "#0" },
				"south": { "uv": [ 0, 0, 0.5, 0.6000004 ], "texture": "#0" },
				"west": { "uv": [ 0, 0, 2.8, 0.6000004 ], "texture": "#0" },
				"east": { "uv": [ 0, 0, 2.8, 0.6000004 ], "texture": "#0" }
			}
		},
		{
			"__comment": "Element",
			"from": [ 6.2, 8.099999, 10.6 ],
			"to": [ 9.8, 8.699999, 11.1 ],
			"faces": {
				"down": { "uv": [ 0, 0, 2.8, 0.5 ], "texture": "#0" },
				"up": { "uv": [ 0, 0, 2.8, 0.5 ], "texture": "#0" },
				"north": { "uv": [ 0, 0, 2.8, 0.6000004 ], "texture": "#0" },
				"south": { "uv": [ 0, 0, 2.8, 0.6000004 ], "texture": "#0" },
				"west": { "uv": [ 0, 0, 0.5, 0.6000004 ], "texture": "#0" },
				"east": { "uv": [ 0, 0, 0.5, 0.6000004 ], "texture": "#0" }
			}
		},
		{
			"__comment": "Element",
			"from": [ 10.6, 8.099999, 6.2 ],
			"to": [ 11.1, 8.699999, 9.8 ],
			"faces": {
				"down": { "uv": [ 0, 0, 0.5, 2.8 ], "texture": "#0" },
				"up": { "uv": [ 0, 0, 0.5, 2.8 ], "texture": "#0" },
				"north": { "uv": [ 0, 0, 0.5, 0.6000004 ], "texture": "#0" },
				"south": { "uv": [ 0, 0, 0.5, 0.6000004 ], "texture": "#0" },
				"west": { "uv": [ 0, 0, 2.8, 0.6000004 ], "texture": "#0" },
				"east": { "uv": [ 0, 0, 2.8, 0.6000004 ], "texture": "#0" }
			}
		}
	]
}