{
	"__comment": "Model by Nidhogg for AMBERSTONE",
	"textures": {
		"0": "block/3d/metal_stripes",
		"1": "block/3d/metal_circles",
		"2": "block/anvil",
		"3": "block/coal_block",
		"-1": "block/e_texture",
		"particle": "block/3d/metal_circles"
	},
	"elements": [ 	 
		{
			"__comment": "Element",
			"from": [ 4, 10, 4 ],
			"to": [ 12, 11, 12 ],
			"faces": {
				"down": { "uv": [ 0, 0, 8, 8 ], "texture": "#2" },
				"up": { "uv": [ 1, 1, 9, 9 ], "texture": "#1" },
				"north": { "uv": [ 3, 14, 13, 16 ], "texture": "#0" },
				"south": { "uv": [ 2, 14, 14, 16 ], "texture": "#0" },
				"west": { "uv": [ 4, 14, 10, 16 ], "texture": "#0" },
				"east": { "uv": [ 4, 14, 12, 16 ], "texture": "#0" }
			}
		},
		{
			"__comment": "Element",
			"from": [ 5, 10, 3 ],
			"to": [ 11, 11, 4 ],
			"faces": {
				"down": { "uv": [ 0, 0, 6, 1 ], "texture": "#2" },
				"up": { "uv": [ 0, 0, 6, 1 ], "texture": "#1" },
				"north": { "uv": [ 3, 14, 13, 16 ], "texture": "#0" },
				"south": { "uv": [ 0, 0, 6, 1 ], "texture": "#-1" },
				"west": { "uv": [ 0, 14, 14, 16 ], "texture": "#0" },
				"east": { "uv": [ 0, 14, 1, 16 ], "texture": "#0" }
			}
		},
		{
			"__comment": "Element",
			"from": [ 3, 10, 5 ],
			"to": [ 4, 11, 11 ],
			"faces": {
				"down": { "uv": [ 0, 0, 1, 6 ], "texture": "#2" },
				"up": { "uv": [ 0, 0, 1, 6 ], "texture": "#1" },
				"north": { "uv": [ 3, 14, 9, 16 ], "texture": "#0" },
				"south": { "uv": [ 0, 14, 1, 16 ], "texture": "#0" },
				"west": { "uv": [ 0, 14, 14, 16 ], "texture": "#0" },
				"east": { "uv": [ 0, 0, 6, 1 ], "texture": "#0" }
			}
		},
		{
			"__comment": "Element",
			"from": [ 5, 10, 12 ],
			"to": [ 11, 11, 13 ],
			"faces": {
				"down": { "uv": [ 0, 0, 6, 1 ], "texture": "#2" },
				"up": { "uv": [ 0, 0, 6, 1 ], "texture": "#1" },
				"north": { "uv": [ 0, 0, 6, 1 ], "texture": "#-1" },
				"south": { "uv": [ 4, 14, 12, 16 ], "texture": "#0" },
				"west": { "uv": [ 3, 14, 4, 16 ], "texture": "#0" },
				"east": { "uv": [ 13, 14, 14, 16 ], "texture": "#0" }
			}
		},
		{
			"__comment": "Element",
			"from": [ 12, 10, 5 ],
			"to": [ 13, 11, 11 ],
			"faces": {
				"down": { "uv": [ 0, 0, 1, 6 ], "texture": "#2" },
				"up": { "uv": [ 0, 0, 1, 6 ], "texture": "#1" },
				"north": { "uv": [ 4, 14, 13, 16 ], "texture": "#0" },
				"south": { "uv": [ 4, 14, 13, 16 ], "texture": "#0" },
				"west": { "uv": [ 0, 0, 6, 1 ], "texture": "#-1" },
				"east": { "uv": [ 4, 14, 10, 16 ], "texture": "#0" }
			}
		},
		{
			"__comment": "Element",
			"from": [ 4, 1, 4 ],
			"to": [ 5, 10, 5 ],
			"faces": {
				"down": { "uv": [ 0, 0, 1, 1 ], "texture": "#0" },
				"up": { "uv": [ 0, 0, 1, 1 ], "texture": "#0" },
				"north": { "uv": [ 0, 10, 16, 16 ], "texture": "#0", "rotation": 90 },
				"south": { "uv": [ 0, 10, 16, 16 ], "texture": "#0", "rotation": 90 },
				"west": { "uv": [ 0, 10, 16, 16 ], "texture": "#0", "rotation": 90 },
				"east": { "uv": [ 0, 10, 16, 16 ], "texture": "#0", "rotation": 90 }
			}
		},
		{
			"__comment": "Element",
			"from": [ 11, 1, 4 ],
			"to": [ 12, 10, 5 ],
			"faces": {
				"down": { "uv": [ 0, 0, 1, 1 ], "texture": "#0" },
				"up": { "uv": [ 0, 0, 1, 1 ], "texture": "#0" },
				"north": { "uv": [ 0, 10, 16, 16 ], "texture": "#0", "rotation": 90 },
				"south": { "uv": [ 0, 10, 16, 16 ], "texture": "#0", "rotation": 90 },
				"west": { "uv": [ 0, 10, 16, 16 ], "texture": "#0", "rotation": 90 },
				"east": { "uv": [ 0, 10, 16, 16 ], "texture": "#0", "rotation": 90 }
			}
		},
		{
			"__comment": "Element",
			"from": [ 11, 1, 11 ],
			"to": [ 12, 10, 12 ],
			"faces": {
				"down": { "uv": [ 0, 0, 1, 1 ], "texture": "#0" },
				"up": { "uv": [ 0, 0, 1, 1 ], "texture": "#0" },
				"north": { "uv": [ 0, 10, 16, 16 ], "texture": "#0", "rotation": 90 },
				"south": { "uv": [ 0, 10, 16, 16 ], "texture": "#0", "rotation": 90 },
				"west": { "uv": [ 0, 10, 16, 16 ], "texture": "#0", "rotation": 90 },
				"east": { "uv": [ 0, 10, 16, 16 ], "texture": "#0", "rotation": 90 }
			}
		},
		{
			"__comment": "Element",
			"from": [ 4, 1, 11 ],
			"to": [ 5, 10, 12 ],
			"faces": {
				"down": { "uv": [ 0, 0, 1, 1 ], "texture": "#0" },
				"up": { "uv": [ 0, 0, 1, 1 ], "texture": "#0" },
				"north": { "uv": [ 0, 10, 16, 16 ], "texture": "#0", "rotation": 90 },
				"south": { "uv": [ 0, 10, 16, 16 ], "texture": "#0", "rotation": 90 },
				"west": { "uv": [ 0, 10, 16, 16 ], "texture": "#0", "rotation": 90 },
				"east": { "uv": [ 0, 10, 16, 16 ], "texture": "#0", "rotation": 90 }
			}
		},
		{
			"__comment": "Element",
			"from": [ 5, 4, 4.4 ],
			"to": [ 11, 5, 4.6 ],
			"faces": {
				"down": { "uv": [ 1, 9, 15, 12 ], "texture": "#0" },
				"up": { "uv": [ 1, 9, 15, 12 ], "texture": "#0" },
				"north": { "uv": [ 0, 9, 16, 16 ], "texture": "#0" },
				"south": { "uv": [ 0, 9, 6, 16 ], "texture": "#0" },
				"west": { "uv": [ 0, 0, 0.2, 1 ], "texture": "#-1" },
				"east": { "uv": [ 0, 0, 0.2, 1 ], "texture": "#-1" }
			}
		},
		{
			"__comment": "Element",
			"from": [ 5, 4, 11.4 ],
			"to": [ 11, 5, 11.6 ],
			"faces": {
				"down": { "uv": [ 1, 9, 15, 12 ], "texture": "#0" },
				"up": { "uv": [ 1, 9, 15, 12 ], "texture": "#0" },
				"north": { "uv": [ 0, 9, 16, 16 ], "texture": "#0" },
				"south": { "uv": [ 0, 9, 6, 16 ], "texture": "#0" },
				"west": { "uv": [ 0, 0, 0.2, 1 ], "texture": "#-1" },
				"east": { "uv": [ 0, 0, 0.2, 1 ], "texture": "#-1" }
			}
		},
		{
			"__comment": "Element",
			"from": [ 4.4, 4, 5 ],
			"to": [ 4.6, 5, 11 ],
			"faces": {
				"down": { "uv": [ 1, 9, 15, 12 ], "texture": "#0", "rotation": 90 },
				"up": { "uv": [ 1, 9, 15, 12 ], "texture": "#0", "rotation": 90 },
				"north": { "uv": [ 0, 9, 16, 16 ], "texture": "#0" },
				"south": { "uv": [ 0, 9, 6, 16 ], "texture": "#0" },
				"west": { "uv": [ 0, 9, 6, 16 ], "texture": "#0" },
				"east": { "uv": [ 0, 10, 16, 16 ], "texture": "#0" }
			}
		},
		{
			"__comment": "Element",
			"from": [ 11.4, 4, 5 ],
			"to": [ 11.6, 5, 11 ],
			"faces": {
				"down": { "uv": [ 1, 9, 15, 12 ], "texture": "#0" },
				"up": { "uv": [ 1, 9, 15, 12 ], "texture": "#0", "rotation": 90 },
				"north": { "uv": [ 0, 9, 16, 16 ], "texture": "#0" },
				"south": { "uv": [ 0, 9, 6, 16 ], "texture": "#0" },
				"west": { "uv": [ 0, 9, 6, 16 ], "texture": "#0" },
				"east": { "uv": [ 0, 10, 16, 16 ], "texture": "#0" }
			}
		},
		{
			"__comment": "Element",
			"from": [ 4, 0, 4 ],
			"to": [ 5, 1, 5 ],
			"faces": {
				"down": { "uv": [ 0, 0, 1, 1 ], "texture": "#3" },
				"up": { "uv": [ 0, 0, 1, 1 ], "texture": "#3" },
				"north": { "uv": [ 0, 0, 1, 1 ], "texture": "#3" },
				"south": { "uv": [ 0, 0, 1, 1 ], "texture": "#3" },
				"west": { "uv": [ 0, 0, 1, 1 ], "texture": "#3" },
				"east": { "uv": [ 0, 0, 1, 1 ], "texture": "#3" }
			}
		},
		{
			"__comment": "Element",
			"from": [ 11, 0, 4 ],
			"to": [ 12, 1, 5 ],
			"faces": {
				"down": { "uv": [ 0, 0, 1, 1 ], "texture": "#3" },
				"up": { "uv": [ 0, 0, 1, 1 ], "texture": "#3" },
				"north": { "uv": [ 0, 0, 1, 1 ], "texture": "#3" },
				"south": { "uv": [ 0, 0, 1, 1 ], "texture": "#3" },
				"west": { "uv": [ 0, 0, 1, 1 ], "texture": "#3" },
				"east": { "uv": [ 0, 0, 1, 1 ], "texture": "#3" }
			}
		},
		{
			"__comment": "Element",
			"from": [ 11, 0, 11 ],
			"to": [ 12, 1, 12 ],
			"faces": {
				"down": { "uv": [ 0, 0, 1, 1 ], "texture": "#3" },
				"up": { "uv": [ 0, 0, 1, 1 ], "texture": "#3" },
				"north": { "uv": [ 0, 0, 1, 1 ], "texture": "#3" },
				"south": { "uv": [ 0, 0, 1, 1 ], "texture": "#3" },
				"west": { "uv": [ 0, 0, 1, 1 ], "texture": "#3" },
				"east": { "uv": [ 0, 0, 1, 1 ], "texture": "#3" }
			}
		},
		{
			"__comment": "Element",
			"from": [ 4, 0, 11 ],
			"to": [ 5, 1, 12 ],
			"faces": {
				"down": { "uv": [ 0, 0, 1, 1 ], "texture": "#3" },
				"up": { "uv": [ 0, 0, 1, 1 ], "texture": "#3" },
				"north": { "uv": [ 0, 0, 1, 1 ], "texture": "#3" },
				"south": { "uv": [ 0, 0, 1, 1 ], "texture": "#3" },
				"west": { "uv": [ 0, 0, 1, 1 ], "texture": "#3" },
				"east": { "uv": [ 0, 0, 1, 1 ], "texture": "#3" }
			}
		}
	]
}