{
	"__comment": "Designed by Oldfarmer for www.amberstonedream.com with Cubik Studio ",
	"textures": {
		"particle": "block/brewing_stand",
		"0": "block/traffic_cone_orange",
		"1": "block/traffic_cone_white",
		"2": "block/coal_block",
		"3": "block/tripwire",
		"texture": "block/orange_wool"
	},
	"elements": [ 	 
		{
			"__comment": "Element",
			"from": [ 4.2, 1, 4.2 ],
			"to": [ 11.8, 4, 11.8 ],
			"faces": {
				"down": { "uv": [ 0, 0, 10, 10 ], "texture": "#0" },
				"up": { "uv": [ 0, 0, 10, 10 ], "texture": "#0" },
				"north": { "uv": [ 0, 0, 10, 4 ], "texture": "#0" },
				"south": { "uv": [ 0, 0, 10, 4 ], "texture": "#0" },
				"west": { "uv": [ 0, 0, 10, 4 ], "texture": "#0" },
				"east": { "uv": [ 0, 0, 10, 4 ], "texture": "#0" }
			}
		},
		{
			"__comment": "Element",
			"from": [ 4.9, 4, 4.9 ],
			"to": [ 11.1, 7, 11.1 ],
			"faces": {
				"down": { "uv": [ 0, 0, 8, 8 ], "texture": "#1" },
				"up": { "uv": [ 4, 0, 12, 8 ], "texture": "#1" },
				"north": { "uv": [ 6, 0, 14, 4 ], "texture": "#1" },
				"south": { "uv": [ 4, 0, 12, 4 ], "texture": "#1" },
				"west": { "uv": [ 4, 0, 12, 4 ], "texture": "#1" },
				"east": { "uv": [ 4, 0, 12, 4 ], "texture": "#1" }
			}
		},
		{
			"__comment": "Element",
			"from": [ 5.6, 7, 5.6 ],
			"to": [ 10.4, 10, 10.4 ],
			"faces": {
				"down": { "uv": [ 0, 0, 6, 6 ], "texture": "#0" },
				"up": { "uv": [ 0, 0, 6, 6 ], "texture": "#0" },
				"north": { "uv": [ 0, 0, 6, 4 ], "texture": "#0" },
				"south": { "uv": [ 0, 0, 6, 4 ], "texture": "#0" },
				"west": { "uv": [ 0, 0, 6, 4 ], "texture": "#0" },
				"east": { "uv": [ 0, 0, 6, 4 ], "texture": "#0" }
			}
		},
		{
			"__comment": "Element",
			"from": [ 3.2, 0.5, 3.2 ],
			"to": [ 12.8, 1, 12.8 ],
			"faces": {
				"down": { "uv": [ 0, 0, 12, 12 ], "texture": "#2" },
				"up": { "uv": [ 0, 0, 12, 12 ], "texture": "#2" },
				"north": { "uv": [ 0, 0, 12, 1 ], "texture": "#2" },
				"south": { "uv": [ 0, 0, 12, 1 ], "texture": "#2" },
				"west": { "uv": [ 0, 0, 12, 1 ], "texture": "#2" },
				"east": { "uv": [ 0, 0, 12, 1 ], "texture": "#2" }
			}
		},
		{
			"__comment": "Element",
			"from": [ 6.3, 10, 6.3 ],
			"to": [ 9.699999, 13, 9.699999 ],
			"faces": {
				"down": { "uv": [ 0, 0, 4, 4 ], "texture": "#1" },
				"up": { "uv": [ 4, 0, 8, 4 ], "texture": "#1" },
				"north": { "uv": [ 4, 6, 8, 10 ], "texture": "#1" },
				"south": { "uv": [ 4, 6, 8, 10 ], "texture": "#1" },
				"west": { "uv": [ 4, 6, 8, 10 ], "texture": "#1" },
				"east": { "uv": [ 4, 6, 8, 10 ], "texture": "#1" }
			}
		},
		{
			"__comment": "Element",
			"from": [ 7, 13, 7 ],
			"to": [ 9, 16, 9 ],
			"faces": {
				"down": { "uv": [ 0, 0, 2, 2 ], "texture": "#0" },
				"up": { "uv": [ 0, 0, 2, 2 ], "texture": "#0" },
				"north": { "uv": [ 0, 0, 2, 4 ], "texture": "#0" },
				"south": { "uv": [ 0, 0, 2, 4 ], "texture": "#0" },
				"west": { "uv": [ 0, 0, 2, 4 ], "texture": "#0" },
				"east": { "uv": [ 0, 0, 2, 4 ], "texture": "#0" }
			}
		},
		{
			"__comment": "Element",
			"from": [ 4, 0, 4 ],
			"to": [ 5, 0.5, 5 ],
			"faces": {
				"down": { "uv": [ 0, 0, 1, 1 ], "texture": "#3" },
				"up": { "uv": [ 0, 0, 1, 1 ], "texture": "#3" },
				"north": { "uv": [ 0, 0, 1, 0.5 ], "texture": "#3" },
				"south": { "uv": [ 0, 0, 1, 0.5 ], "texture": "#3" },
				"west": { "uv": [ 0, 0, 1, 0.5 ], "texture": "#3" },
				"east": { "uv": [ 0, 0, 1, 0.5 ], "texture": "#3" }
			}
		},
		{
			"__comment": "Element",
			"from": [ 11, 0, 4 ],
			"to": [ 12, 0.5, 5 ],
			"faces": {
				"down": { "uv": [ 0, 0, 1, 1 ], "texture": "#3" },
				"up": { "uv": [ 0, 0, 1, 1 ], "texture": "#3" },
				"north": { "uv": [ 0, 0, 1, 0.5 ], "texture": "#3" },
				"south": { "uv": [ 0, 0, 1, 0.5 ], "texture": "#3" },
				"west": { "uv": [ 0, 0, 1, 0.5 ], "texture": "#3" },
				"east": { "uv": [ 0, 0, 1, 0.5 ], "texture": "#3" }
			}
		},
		{
			"__comment": "Element",
			"from": [ 11, 0, 11 ],
			"to": [ 12, 0.5, 12 ],
			"faces": {
				"down": { "uv": [ 0, 0, 1, 1 ], "texture": "#3" },
				"up": { "uv": [ 0, 0, 1, 1 ], "texture": "#3" },
				"north": { "uv": [ 0, 0, 1, 0.5 ], "texture": "#3" },
				"south": { "uv": [ 0, 0, 1, 0.5 ], "texture": "#3" },
				"west": { "uv": [ 0, 0, 1, 0.5 ], "texture": "#3" },
				"east": { "uv": [ 0, 0, 1, 0.5 ], "texture": "#3" }
			}
		},
		{
			"__comment": "Element",
			"from": [ 4, 0, 11 ],
			"to": [ 5, 0.5, 12 ],
			"faces": {
				"down": { "uv": [ 0, 0, 1, 1 ], "texture": "#3" },
				"up": { "uv": [ 0, 0, 1, 1 ], "texture": "#3" },
				"north": { "uv": [ 0, 0, 1, 0.5 ], "texture": "#3" },
				"south": { "uv": [ 0, 0, 1, 0.5 ], "texture": "#3" },
				"west": { "uv": [ 0, 0, 1, 0.5 ], "texture": "#3" },
				"east": { "uv": [ 0, 0, 1, 0.5 ], "texture": "#3" }
			}
		},
		{
			"__comment": "Element",
			"from": [ 7.5, 0, 11 ],
			"to": [ 8.5, 0.5, 12 ],
			"faces": {
				"down": { "uv": [ 0, 0, 1, 1 ], "texture": "#3" },
				"up": { "uv": [ 0, 0, 1, 1 ], "texture": "#3" },
				"north": { "uv": [ 0, 0, 1, 0.5 ], "texture": "#3" },
				"south": { "uv": [ 0, 0, 1, 0.5 ], "texture": "#3" },
				"west": { "uv": [ 0, 0, 1, 0.5 ], "texture": "#3" },
				"east": { "uv": [ 0, 0, 1, 0.5 ], "texture": "#3" }
			}
		},
		{
			"__comment": "Element",
			"from": [ 7.5, 0, 4 ],
			"to": [ 8.5, 0.5, 5 ],
			"faces": {
				"down": { "uv": [ 0, 0, 1, 1 ], "texture": "#3" },
				"up": { "uv": [ 0, 0, 1, 1 ], "texture": "#3" },
				"north": { "uv": [ 0, 0, 1, 0.5 ], "texture": "#3" },
				"south": { "uv": [ 0, 0, 1, 0.5 ], "texture": "#3" },
				"west": { "uv": [ 0, 0, 1, 0.5 ], "texture": "#3" },
				"east": { "uv": [ 0, 0, 1, 0.5 ], "texture": "#3" }
			}
		},
		{
			"__comment": "Element",
			"from": [ 11, 0, 7.5 ],
			"to": [ 12, 0.5, 8.5 ],
			"faces": {
				"down": { "uv": [ 0, 0, 1, 1 ], "texture": "#3" },
				"up": { "uv": [ 0, 0, 1, 1 ], "texture": "#3" },
				"north": { "uv": [ 0, 0, 1, 0.5 ], "texture": "#3" },
				"south": { "uv": [ 0, 0, 1, 0.5 ], "texture": "#3" },
				"west": { "uv": [ 0, 0, 1, 0.5 ], "texture": "#3" },
				"east": { "uv": [ 0, 0, 1, 0.5 ], "texture": "#3" }
			}
		},
		{
			"__comment": "Element",
			"from": [ 4, 0, 7.5 ],
			"to": [ 5, 0.5, 8.5 ],
			"faces": {
				"down": { "uv": [ 0, 0, 1, 1 ], "texture": "#3" },
				"up": { "uv": [ 0, 0, 1, 1 ], "texture": "#3" },
				"north": { "uv": [ 0, 0, 1, 0.5 ], "texture": "#3" },
				"south": { "uv": [ 0, 0, 1, 0.5 ], "texture": "#3" },
				"west": { "uv": [ 0, 0, 1, 0.5 ], "texture": "#3" },
				"east": { "uv": [ 0, 0, 1, 0.5 ], "texture": "#3" }
			}
		}
	]
}