{
	"credit": "ALTA Official CONTENT -- Do not use without credits !",
	"textures": {
		"0": "block/3d_objects/meubles_t1_props",
		"2": "block/acacia_planks",
		"5": "block/acacia_log",
		"particle": "block/3d_objects/meubles_t1_props"
	},
	"elements": [
		{
			"from": [3.875, 13.375, 7],
			"to": [13.125, 15.5, 9],
			"rotation": {"angle": -22.5, "axis": "y", "origin": [6.5, 20, 7.875]},
			"faces": {
				"north": {"uv": [0, 0, 16, 16], "rotation": 90, "texture": "#5"},
				"east": {"uv": [0, 0, 16, 16], "rotation": 90, "texture": "#5"},
				"south": {"uv": [0, 0, 16, 16], "rotation": 90, "texture": "#5"},
				"west": {"uv": [0, 0, 16, 16], "rotation": 90, "texture": "#5"},
				"up": {"uv": [0, 0, 16, 16], "rotation": 180, "texture": "#5"},
				"down": {"uv": [0, 0, 16, 16], "texture": "#5"}
			}
		},
		{
			"from": [7.25, 11.375, 1.25],
			"to": [9.25, 13.5, 10.5],
			"rotation": {"angle": 22.5, "axis": "y", "origin": [8.125, 18, 7.875]},
			"faces": {
				"north": {"uv": [0, 0, 16, 16], "texture": "#5"},
				"east": {"uv": [0, 0, 16, 16], "texture": "#5"},
				"south": {"uv": [0, 0, 16, 16], "texture": "#5"},
				"west": {"uv": [0, 0, 16, 16], "texture": "#5"},
				"up": {"uv": [0, 0, 16, 16], "rotation": 90, "texture": "#5"},
				"down": {"uv": [0, 0, 16, 16], "rotation": 270, "texture": "#5"}
			}
		},
		{
			"from": [7.25, 10.75, 1.25],
			"to": [9.25, 12.875, 10.5],
			"rotation": {"angle": -45, "axis": "y", "origin": [8.125, 17.375, 7.875]},
			"faces": {
				"north": {"uv": [0, 0, 16, 16], "texture": "#5"},
				"east": {"uv": [0, 0, 16, 16], "texture": "#5"},
				"south": {"uv": [0, 0, 16, 16], "texture": "#5"},
				"west": {"uv": [0, 0, 16, 16], "texture": "#5"},
				"up": {"uv": [0, 0, 16, 16], "rotation": 90, "texture": "#5"},
				"down": {"uv": [0, 0, 16, 16], "rotation": 270, "texture": "#5"}
			}
		},
		{
			"from": [7.375, 0.875, 1.5],
			"to": [9.375, 3, 10.75],
			"rotation": {"angle": -22.5, "axis": "y", "origin": [8.5, 7.5, 4.125]},
			"faces": {
				"north": {"uv": [0, 0, 16, 16], "rotation": 180, "texture": "#5"},
				"east": {"uv": [0, 0, 16, 16], "rotation": 180, "texture": "#5"},
				"south": {"uv": [0, 0, 16, 16], "rotation": 180, "texture": "#5"},
				"west": {"uv": [0, 0, 16, 16], "rotation": 180, "texture": "#5"},
				"up": {"uv": [0, 0, 16, 16], "rotation": 270, "texture": "#5"},
				"down": {"uv": [0, 0, 16, 16], "rotation": 90, "texture": "#5"}
			}
		},
		{
			"from": [10.75, 2.875, 1.5],
			"to": [12.75, 5, 10.75],
			"rotation": {"angle": 0, "axis": "y", "origin": [11.875, 9.5, 4.125]},
			"faces": {
				"north": {"uv": [0, 0, 16, 16], "rotation": 180, "texture": "#5"},
				"east": {"uv": [0, 0, 16, 16], "rotation": 180, "texture": "#5"},
				"south": {"uv": [0, 0, 16, 16], "rotation": 180, "texture": "#5"},
				"west": {"uv": [0, 0, 16, 16], "rotation": 180, "texture": "#5"},
				"up": {"uv": [0, 0, 16, 16], "rotation": 270, "texture": "#5"},
				"down": {"uv": [0, 0, 16, 16], "rotation": 90, "texture": "#5"}
			}
		},
		{
			"from": [11.125, 0.875, 1.5],
			"to": [13.125, 3, 10.75],
			"rotation": {"angle": 0, "axis": "y", "origin": [12.25, 7.5, 4.125]},
			"faces": {
				"north": {"uv": [0, 0, 16, 16], "rotation": 180, "texture": "#5"},
				"east": {"uv": [0, 0, 16, 16], "rotation": 180, "texture": "#5"},
				"south": {"uv": [0, 0, 16, 16], "rotation": 180, "texture": "#5"},
				"west": {"uv": [0, 0, 16, 16], "rotation": 180, "texture": "#5"},
				"up": {"uv": [0, 0, 16, 16], "rotation": 270, "texture": "#5"},
				"down": {"uv": [0, 0, 16, 16], "rotation": 90, "texture": "#5"}
			}
		},
		{
			"from": [2, 9, -2],
			"to": [14.25, 9.5, -1.5],
			"rotation": {"angle": 0, "axis": "y", "origin": [8.125, 14.25, 5.75]},
			"faces": {
				"north": {"uv": [0, 0, 16, 16], "texture": "#2"},
				"east": {"uv": [0, 0, 16, 16], "texture": "#2"},
				"south": {"uv": [0, 0, 16, 16], "texture": "#2"},
				"west": {"uv": [0, 0, 16, 16], "texture": "#2"},
				"up": {"uv": [0, 0, 16, 16], "rotation": 90, "texture": "#2"},
				"down": {"uv": [0, 0, 16, 16], "rotation": 270, "texture": "#2"}
			}
		},
		{
			"from": [2, 9, -1.5],
			"to": [2.625, 9.5, 1.625],
			"rotation": {"angle": 0, "axis": "y", "origin": [-3.5, 14.25, 5.75]},
			"faces": {
				"north": {"uv": [0, 0, 16, 16], "texture": "#2"},
				"east": {"uv": [0, 0, 16, 16], "texture": "#2"},
				"south": {"uv": [0, 0, 16, 16], "texture": "#2"},
				"west": {"uv": [0, 0, 16, 16], "texture": "#2"},
				"up": {"uv": [0, 0, 16, 16], "rotation": 90, "texture": "#2"},
				"down": {"uv": [0, 0, 16, 16], "rotation": 270, "texture": "#2"}
			}
		},
		{
			"from": [13.625, 9, -1.5],
			"to": [14.25, 9.5, 1.625],
			"rotation": {"angle": 0, "axis": "y", "origin": [8.125, 14.25, 5.75]},
			"faces": {
				"north": {"uv": [0, 0, 16, 16], "texture": "#2"},
				"east": {"uv": [0, 0, 16, 16], "texture": "#2"},
				"south": {"uv": [0, 0, 16, 16], "texture": "#2"},
				"west": {"uv": [0, 0, 16, 16], "texture": "#2"},
				"up": {"uv": [0, 0, 16, 16], "rotation": 90, "texture": "#2"},
				"down": {"uv": [0, 0, 16, 16], "rotation": 270, "texture": "#2"}
			}
		},
		{
			"from": [1.75, 19.25, -1.5],
			"to": [14.5, 19.75, -0.75],
			"rotation": {"angle": 0, "axis": "y", "origin": [9, 24.5, 5.75]},
			"faces": {
				"north": {"uv": [0, 0, 0.75, 0.5], "texture": "#2"},
				"east": {"uv": [0, 0, 0.75, 0.5], "texture": "#2"},
				"south": {"uv": [0, 0, 0.75, 0.5], "texture": "#2"},
				"west": {"uv": [0, 0, 0.75, 0.5], "texture": "#2"},
				"up": {"uv": [0, 0, 0.75, 0.5], "rotation": 90, "texture": "#2"},
				"down": {"uv": [0, 0, 0.75, 0.5], "rotation": 270, "texture": "#2"}
			}
		},
		{
			"from": [1.125, 19.25, -1.5],
			"to": [1.75, 19.75, 0.375],
			"rotation": {"angle": 0, "axis": "y", "origin": [-4.375, 24.5, 5.75]},
			"faces": {
				"north": {"uv": [0, 0, 1.875, 0.5], "texture": "#2"},
				"east": {"uv": [0, 0, 1.875, 0.5], "texture": "#2"},
				"south": {"uv": [0, 0, 1.875, 0.5], "texture": "#2"},
				"west": {"uv": [0, 0, 1.875, 0.5], "texture": "#2"},
				"up": {"uv": [0, 0, 1.875, 0.5], "rotation": 90, "texture": "#2"},
				"down": {"uv": [0, 0, 1.875, 0.5], "rotation": 270, "texture": "#2"}
			}
		},
		{
			"from": [14.5, 19.25, -1.5],
			"to": [15.125, 19.75, 0.375],
			"rotation": {"angle": 0, "axis": "y", "origin": [9, 24.5, 5.75]},
			"faces": {
				"north": {"uv": [0, 0, 1.875, 0.5], "texture": "#2"},
				"east": {"uv": [0, 0, 1.875, 0.5], "texture": "#2"},
				"south": {"uv": [0, 0, 1.875, 0.5], "texture": "#2"},
				"west": {"uv": [0, 0, 1.875, 0.5], "texture": "#2"},
				"up": {"uv": [0, 0, 1.875, 0.5], "rotation": 90, "texture": "#2"},
				"down": {"uv": [0, 0, 1.875, 0.5], "rotation": 270, "texture": "#2"}
			}
		},
		{
			"from": [1.75, 12.875, -1.5],
			"to": [14.5, 13.375, -0.75],
			"rotation": {"angle": 0, "axis": "y", "origin": [9, 18.125, 5.75]},
			"faces": {
				"north": {"uv": [0, 0, 0.75, 0.5], "texture": "#2"},
				"east": {"uv": [0, 0, 0.75, 0.5], "texture": "#2"},
				"south": {"uv": [0, 0, 0.75, 0.5], "texture": "#2"},
				"west": {"uv": [0, 0, 0.75, 0.5], "texture": "#2"},
				"up": {"uv": [0, 0, 0.75, 0.5], "rotation": 90, "texture": "#2"},
				"down": {"uv": [0, 0, 0.75, 0.5], "rotation": 270, "texture": "#2"}
			}
		},
		{
			"from": [1.125, 12.875, -1.5],
			"to": [1.75, 13.375, 0.375],
			"rotation": {"angle": 0, "axis": "y", "origin": [-4.375, 18.125, 5.75]},
			"faces": {
				"north": {"uv": [0, 0, 1.875, 0.5], "texture": "#2"},
				"east": {"uv": [0, 0, 1.875, 0.5], "texture": "#2"},
				"south": {"uv": [0, 0, 1.875, 0.5], "texture": "#2"},
				"west": {"uv": [0, 0, 1.875, 0.5], "texture": "#2"},
				"up": {"uv": [0, 0, 1.875, 0.5], "rotation": 90, "texture": "#2"},
				"down": {"uv": [0, 0, 1.875, 0.5], "rotation": 270, "texture": "#2"}
			}
		},
		{
			"from": [14.5, 12.875, -1.5],
			"to": [15.125, 13.375, 0.375],
			"rotation": {"angle": 0, "axis": "y", "origin": [9, 18.125, 5.75]},
			"faces": {
				"north": {"uv": [0, 0, 1.875, 0.5], "texture": "#2"},
				"east": {"uv": [0, 0, 1.875, 0.5], "texture": "#2"},
				"south": {"uv": [0, 0, 1.875, 0.5], "texture": "#2"},
				"west": {"uv": [0, 0, 1.875, 0.5], "texture": "#2"},
				"up": {"uv": [0, 0, 1.875, 0.5], "rotation": 90, "texture": "#2"},
				"down": {"uv": [0, 0, 1.875, 0.5], "rotation": 270, "texture": "#2"}
			}
		},
		{
			"from": [14.25, 1.25, -0.125],
			"to": [16.125, 22.75, 1.25],
			"rotation": {"angle": 0, "axis": "y", "origin": [8.125, 29.375, 7.875]},
			"faces": {
				"north": {"uv": [0, 6.313, 5.844, 11.782], "texture": "#0"},
				"east": {"uv": [0, 6.313, 5.844, 11.782], "texture": "#0"},
				"south": {"uv": [0, 6.313, 5.844, 11.782], "texture": "#0"},
				"west": {"uv": [0, 6.313, 5.844, 11.782], "texture": "#0"},
				"up": {"uv": [0, 6.313, 5.844, 11.782], "rotation": 90, "texture": "#0"},
				"down": {"uv": [0, 6.313, 5.844, 11.782], "rotation": 270, "texture": "#0"}
			}
		},
		{
			"from": [0.125, 20.375, -0.125],
			"to": [16.125, 22.75, 1.25],
			"rotation": {"angle": 0, "axis": "y", "origin": [8.125, 29.375, 7.875]},
			"faces": {
				"north": {"uv": [0, 6.313, 5.844, 11.782], "texture": "#0"},
				"east": {"uv": [0, 6.313, 5.844, 11.782], "texture": "#0"},
				"south": {"uv": [0, 6.313, 5.844, 11.782], "texture": "#0"},
				"west": {"uv": [0, 6.313, 5.844, 11.782], "texture": "#0"},
				"up": {"uv": [0, 6.313, 5.844, 11.782], "rotation": 90, "texture": "#0"},
				"down": {"uv": [0, 6.313, 5.844, 11.782], "rotation": 270, "texture": "#0"}
			}
		},
		{
			"from": [-0.5, 0, -0.75],
			"to": [16.5, 1.25, 16.375],
			"rotation": {"angle": 0, "axis": "y", "origin": [8.125, 8, 7.875]},
			"faces": {
				"north": {"uv": [0, 6.313, 5.844, 11.782], "texture": "#0"},
				"east": {"uv": [0, 6.313, 5.844, 11.782], "texture": "#0"},
				"south": {"uv": [0, 6.313, 5.844, 11.782], "texture": "#0"},
				"west": {"uv": [0, 6.313, 5.844, 11.782], "texture": "#0"},
				"up": {"uv": [0, 6.313, 5.844, 11.782], "rotation": 90, "texture": "#0"},
				"down": {"uv": [0, 6.313, 5.844, 11.782], "rotation": 270, "texture": "#0"}
			}
		},
		{
			"from": [2, 6.75, -0.125],
			"to": [14.25, 8, 1.25],
			"rotation": {"angle": 0, "axis": "y", "origin": [8.125, 14.75, 7.875]},
			"faces": {
				"north": {"uv": [0, 6.313, 5.844, 11.782], "texture": "#0"},
				"east": {"uv": [0, 6.313, 5.844, 11.782], "texture": "#0"},
				"south": {"uv": [0, 6.313, 5.844, 11.782], "texture": "#0"},
				"west": {"uv": [0, 6.313, 5.844, 11.782], "texture": "#0"},
				"up": {"uv": [0, 6.313, 5.844, 11.782], "rotation": 90, "texture": "#0"},
				"down": {"uv": [0, 6.313, 5.844, 11.782], "rotation": 270, "texture": "#0"}
			}
		},
		{
			"from": [2, 6.75, 0.125],
			"to": [14.25, 10.875, 1.25],
			"rotation": {"angle": 0, "axis": "y", "origin": [8.125, 14.75, 7.875]},
			"faces": {
				"north": {"uv": [0, 6.313, 5.844, 11.782], "texture": "#0"},
				"east": {"uv": [0, 6.313, 5.844, 11.782], "texture": "#0"},
				"south": {"uv": [0, 6.313, 5.844, 11.782], "texture": "#0"},
				"west": {"uv": [0, 6.313, 5.844, 11.782], "texture": "#0"},
				"up": {"uv": [0, 6.313, 5.844, 11.782], "rotation": 90, "texture": "#0"},
				"down": {"uv": [0, 6.313, 5.844, 11.782], "rotation": 270, "texture": "#0"}
			}
		},
		{
			"from": [0.125, 22.75, 1.25],
			"to": [16.125, 22.75, 10.5],
			"rotation": {"angle": 0, "axis": "y", "origin": [8.125, 29.375, 7.875]},
			"faces": {
				"north": {"uv": [0, 6.313, 5.844, 11.782], "texture": "#0"},
				"east": {"uv": [0, 6.313, 5.844, 11.782], "texture": "#0"},
				"south": {"uv": [0, 6.313, 5.844, 11.782], "texture": "#0"},
				"west": {"uv": [0, 6.313, 5.844, 11.782], "texture": "#0"},
				"up": {"uv": [0, 6.313, 5.844, 11.782], "rotation": 90, "texture": "#0"},
				"down": {"uv": [0, 6.313, 5.844, 11.782], "rotation": 270, "texture": "#0"}
			}
		},
		{
			"from": [2.9375, 22.75, 2.9375],
			"to": [13.3125, 25.75, 12.8125],
			"rotation": {"angle": 0, "axis": "y", "origin": [7.1875, 29.375, 9.5625]},
			"faces": {
				"north": {"uv": [0, 6.313, 5.844, 11.782], "texture": "#0"},
				"east": {"uv": [0, 6.313, 5.844, 11.782], "texture": "#0"},
				"south": {"uv": [0, 6.313, 5.844, 11.782], "texture": "#0"},
				"west": {"uv": [0, 6.313, 5.844, 11.782], "texture": "#0"},
				"up": {"uv": [0, 6.313, 5.844, 11.782], "rotation": 90, "texture": "#0"},
				"down": {"uv": [0, 6.313, 5.844, 11.782], "rotation": 270, "texture": "#0"}
			}
		},
		{
			"from": [2, 10.75, -0.125],
			"to": [14.25, 11.625, 1.25],
			"rotation": {"angle": 0, "axis": "y", "origin": [8.125, 18.375, 7.875]},
			"faces": {
				"north": {"uv": [0, 6.313, 5.844, 11.782], "texture": "#0"},
				"east": {"uv": [0, 6.313, 5.844, 11.782], "texture": "#0"},
				"south": {"uv": [0, 6.313, 5.844, 11.782], "texture": "#0"},
				"west": {"uv": [0, 6.313, 5.844, 11.782], "texture": "#0"},
				"up": {"uv": [0, 6.313, 5.844, 11.782], "rotation": 90, "texture": "#0"},
				"down": {"uv": [0, 6.313, 5.844, 11.782], "rotation": 270, "texture": "#0"}
			}
		},
		{
			"from": [16.125, 1.25, 1.25],
			"to": [16.125, 22.75, 10.5],
			"rotation": {"angle": 0, "axis": "y", "origin": [-6, 29.375, 18.5]},
			"faces": {
				"north": {"uv": [0, 6.313, 5.844, 11.782], "texture": "#0"},
				"east": {"uv": [0, 6.313, 5.844, 11.782], "texture": "#0"},
				"south": {"uv": [0, 6.313, 5.844, 11.782], "texture": "#0"},
				"west": {"uv": [0, 6.313, 5.844, 11.782], "texture": "#0"},
				"up": {"uv": [0, 6.313, 5.844, 11.782], "rotation": 90, "texture": "#0"},
				"down": {"uv": [0, 6.313, 5.844, 11.782], "rotation": 270, "texture": "#0"}
			}
		},
		{
			"from": [0.125, 7.125, 1.25],
			"to": [16.125, 7.125, 10.5],
			"rotation": {"angle": 0, "axis": "y", "origin": [8.125, 13.75, 7.875]},
			"faces": {
				"north": {"uv": [0, 6.313, 5.844, 11.782], "texture": "#0"},
				"east": {"uv": [0, 6.313, 5.844, 11.782], "texture": "#0"},
				"south": {"uv": [0, 6.313, 5.844, 11.782], "texture": "#0"},
				"west": {"uv": [0, 6.313, 5.844, 11.782], "texture": "#0"},
				"up": {"uv": [0, 6.313, 5.844, 11.782], "rotation": 90, "texture": "#0"},
				"down": {"uv": [0, 6.313, 5.844, 11.782], "rotation": 270, "texture": "#0"}
			}
		},
		{
			"from": [0.125, 10.75, 1.25],
			"to": [16.125, 10.75, 10.5],
			"rotation": {"angle": 0, "axis": "y", "origin": [8.125, 17.375, 7.875]},
			"faces": {
				"north": {"uv": [0, 6.313, 5.844, 11.782], "texture": "#0"},
				"east": {"uv": [0, 6.313, 5.844, 11.782], "texture": "#0"},
				"south": {"uv": [0, 6.313, 5.844, 11.782], "texture": "#0"},
				"west": {"uv": [0, 6.313, 5.844, 11.782], "texture": "#0"},
				"up": {"uv": [0, 6.313, 5.844, 11.782], "rotation": 90, "texture": "#0"},
				"down": {"uv": [0, 6.313, 5.844, 11.782], "rotation": 270, "texture": "#0"}
			}
		},
		{
			"from": [0.125, 1.25, 1.25],
			"to": [0.125, 22.75, 10.5],
			"rotation": {"angle": 0, "axis": "y", "origin": [-22, 29.375, 18.5]},
			"faces": {
				"north": {"uv": [0, 6.313, 5.844, 11.782], "texture": "#0"},
				"east": {"uv": [0, 6.313, 5.844, 11.782], "texture": "#0"},
				"south": {"uv": [0, 6.313, 5.844, 11.782], "texture": "#0"},
				"west": {"uv": [0, 6.313, 5.844, 11.782], "texture": "#0"},
				"up": {"uv": [0, 6.313, 5.844, 11.782], "rotation": 90, "texture": "#0"},
				"down": {"uv": [0, 6.313, 5.844, 11.782], "rotation": 270, "texture": "#0"}
			}
		},
		{
			"from": [0.125, 1.25, 10.5],
			"to": [16.125, 22.75, 15.875],
			"rotation": {"angle": 0, "axis": "y", "origin": [-6, 29.375, 18.5]},
			"faces": {
				"north": {"uv": [0, 6.313, 5.844, 11.782], "texture": "#0"},
				"east": {"uv": [0, 6.313, 5.844, 11.782], "texture": "#0"},
				"south": {"uv": [0, 6.313, 5.844, 11.782], "texture": "#0"},
				"west": {"uv": [0, 6.313, 5.844, 11.782], "texture": "#0"},
				"up": {"uv": [0, 6.313, 5.844, 11.782], "rotation": 90, "texture": "#0"},
				"down": {"uv": [0, 6.313, 5.844, 11.782], "rotation": 270, "texture": "#0"}
			}
		},
		{
			"from": [0.125, 1.25, -0.125],
			"to": [2, 22.75, 1.25],
			"rotation": {"angle": 0, "axis": "y", "origin": [-6, 29.375, 7.875]},
			"faces": {
				"north": {"uv": [0, 6.313, 5.844, 11.782], "texture": "#0"},
				"east": {"uv": [0, 6.313, 5.844, 11.782], "texture": "#0"},
				"south": {"uv": [0, 6.313, 5.844, 11.782], "texture": "#0"},
				"west": {"uv": [0, 6.313, 5.844, 11.782], "texture": "#0"},
				"up": {"uv": [0, 6.313, 5.844, 11.782], "rotation": 90, "texture": "#0"},
				"down": {"uv": [0, 6.313, 5.844, 11.782], "rotation": 270, "texture": "#0"}
			}
		}
	],
	"display": {
		"thirdperson_righthand": {
			"rotation": [90, 0, 0]
		},
		"thirdperson_lefthand": {
			"rotation": [90, 0, 0]
		},
		"firstperson_righthand": {
			"scale": [0, 0, 0]
		},
		"firstperson_lefthand": {
			"scale": [0, 0, 0]
		},
		"gui": {
			"rotation": [16, 64, 0],
			"translation": [0, -2, 0],
			"scale": [0.5, 0.5, 0.5]
		}
	},
	"groups": [
		{
			"name": "group",
			"origin": [4.25, 9.5, 4.25],
			"children": [0, 1, 2, 3, 4, 5,
				{
					"name": "group",
					"origin": [5.875, 14.25, 8],
					"children": [6, 7, 8,
						{
							"name": "group",
							"origin": [5.875, 18.125, 7.125],
							"children": [9, 10, 11,
								{
									"name": "group",
									"origin": [5.875, 18.125, 7.125],
									"children": [12, 13, 14,
										{
											"name": "group",
											"origin": [8, 8, 8],
											"children": [15, 16, 17, 18, 19, 20, 21, 22, 23, 24, 25, 26, 27, 28]
										}
									]
								}
							]
						}
					]
				}
			]
		}
	]
}