{
	"credit": "Made with Blockbench",
	"textures": {
		"0": "block/3d_objects/candle_fleches",
		"1": "block/3d_objects/candle_ind",
		"particle": "block/3d_objects/candle_fleches"
	},
	"elements": [
		{
			"from": [11, 0, 1],
			"to": [16, 1, 15],
			"faces": {
				"north": {"uv": [0, 0, 1.46875, 1.9375], "texture": "#0"},
				"east": {"uv": [0, 0, 1.46875, 1.9375], "texture": "#0"},
				"south": {"uv": [0, 0, 1.46875, 1.9375], "texture": "#0"},
				"west": {"uv": [0, 0, 1.46875, 1.9375], "texture": "#0"},
				"up": {"uv": [4.15625, 16, 1.3125, 0], "texture": "#0"},
				"down": {"uv": [0, 0, 1.46875, 1.9375], "texture": "#0"}
			}
		},
		{
			"from": [0, 0, 6],
			"to": [10, 1, 11],
			"faces": {
				"north": {"uv": [0, 0, 1.46875, 1.9375], "texture": "#0"},
				"east": {"uv": [0, 0, 1.46875, 1.9375], "texture": "#0"},
				"south": {"uv": [0, 0, 1.46875, 1.9375], "texture": "#0"},
				"west": {"uv": [0, 0, 1.46875, 1.9375], "texture": "#0"},
				"up": {"uv": [10.6875, 16, 0, 10.59375], "texture": "#1"},
				"down": {"uv": [0, 0, 1.46875, 1.9375], "texture": "#0"}
			}
		}
	],
	"display": {
		"gui": {
			"rotation": [63, -180, 0],
			"translation": [0, 3.25, 0]
		}
	}
}