{
	"credit": "Made with Blockbench",
	"textures": {
		"0": "block/3d_objects/candle_ind",
		"particle": "block/3d_objects/candle_ind"
	},
	"elements": [
		{
			"from": [-14, 0, -5],
			"to": [30, 0.25, 21],
			"faces": {
				"north": {"uv": [10.75, 6.90625, 14.34375, 9.59375], "texture": "#0"},
				"east": {"uv": [10.75, 6.90625, 14.34375, 9.59375], "texture": "#0"},
				"south": {"uv": [10.75, 6.90625, 14.34375, 9.59375], "texture": "#0"},
				"west": {"uv": [10.75, 6.90625, 14.34375, 9.59375], "texture": "#0"},
				"up": {"uv": [0, 10.5, 10.1875, 16], "texture": "#0"},
				"down": {"uv": [10.75, 6.90625, 14.34375, 9.59375], "texture": "#0"}
			}
		}
	],
	"display": {
		"thirdperson_righthand": {
			"translation": [0, 2, 0],
			"scale": [0.23, 0.22, 0.23]
		},
		"thirdperson_lefthand": {
			"translation": [0, 2.5, 0],
			"scale": [0.28, 0.28, 0.25]
		},
		"gui": {
			"rotation": [56, -19, 0],
			"translation": [0, 1.25, 0],
			"scale": [0.3, 0.33, 0.33]
		}
	}
}