{
	"credit": "Made with Blockbench",
	"textures": {
		"0": "block/3d_objects/candle_fleches",
		"particle": "block/3d_objects/candle_fleches"
	},
	"elements": [
		{
			"from": [0, 0, -16],
			"to": [16, 0.25, 32],
			"faces": {
				"north": {"uv": [0.9375, 0, 1.9375, 1.1875], "texture": "#0"},
				"east": {"uv": [0.9375, 0, 1.9375, 1.1875], "texture": "#0"},
				"south": {"uv": [0.9375, 0, 1.9375, 1.1875], "texture": "#0"},
				"west": {"uv": [0.9375, 0, 1.9375, 1.1875], "texture": "#0"},
				"up": {"uv": [1.375, 0, 4.09375, 16], "texture": "#0"},
				"down": {"uv": [0.9375, 0, 1.9375, 1.1875], "texture": "#0"}
			}
		}
	],
	"display": {
		"thirdperson_righthand": {
			"translation": [0, 2, 0],
			"scale": [0.23, 0.22, 0.23]
		},
		"thirdperson_lefthand": {
			"translation": [0, 2.5, 0],
			"scale": [0.28, 0.28, 0.25]
		},
		"gui": {
			"rotation": [41, -36, 0],
			"translation": [0.25, 2.5, 0],
			"scale": [0.51, 0.47, 0.47]
		}
	}
}