{
	"credit": "Made with Blockbench",
	"textures": {
		"0": "block/acacia_planks",
		"2": "block/jungle_planks",
		"3": "block/3d/itemframe_background",
		"4": "block/black_wool",
		"5": "block/pink_stained_glass",
		"6": "block/cobblemonster",
		"7": "block/light_gray_wool",
		"8": "block/red_wool",
		"9": "block/yellow_wool",
		"10": "block/blue_wool",
		"particle": "block/acacia_planks"
	},
	"elements": [
		{
			"from": [5, 0, -5],
			"to": [11, 1, -3],
			"faces": {
				"north": {"uv": [0, 0, 2.75, 4], "texture": "#4"},
				"east": {"uv": [0, 0, 2.75, 4], "texture": "#4"},
				"south": {"uv": [0, 0, 2.75, 4], "texture": "#4"},
				"west": {"uv": [0, 0, 2.75, 4], "texture": "#4"},
				"up": {"uv": [0, 0, 2.75, 4], "texture": "#4"},
				"down": {"uv": [0, 0, 2.75, 4], "texture": "#4"}
			}
		},
		{
			"from": [5, 5, -5],
			"to": [11, 6, -3],
			"faces": {
				"north": {"uv": [0, 0, 2.75, 4], "texture": "#4"},
				"east": {"uv": [0, 0, 2.75, 4], "texture": "#4"},
				"south": {"uv": [0, 0, 2.75, 4], "texture": "#4"},
				"west": {"uv": [0, 0, 2.75, 4], "texture": "#4"},
				"up": {"uv": [0, 0, 2.75, 4], "texture": "#4"},
				"down": {"uv": [0, 0, 2.75, 4], "texture": "#4"}
			}
		},
		{
			"from": [5, 0, -3],
			"to": [11, 6, 0],
			"faces": {
				"north": {"uv": [0, 0, 2.75, 4], "texture": "#4"},
				"east": {"uv": [0, 0, 2.75, 4], "texture": "#4"},
				"south": {"uv": [0, 0, 2.75, 4], "texture": "#4"},
				"west": {"uv": [0, 0, 2.75, 4], "texture": "#4"},
				"up": {"uv": [0, 0, 2.75, 4], "texture": "#4"},
				"down": {"uv": [0, 0, 2.75, 4], "texture": "#4"}
			}
		},
		{
			"from": [6, 1, -4],
			"to": [10, 5, -3],
			"faces": {
				"north": {"uv": [0, 0, 2.75, 4], "texture": "#7"},
				"east": {"uv": [0, 0, 2.75, 4], "texture": "#7"},
				"south": {"uv": [0, 0, 2.75, 4], "texture": "#7"},
				"west": {"uv": [0, 0, 2.75, 4], "texture": "#7"},
				"up": {"uv": [0, 0, 2.75, 4], "texture": "#7"},
				"down": {"uv": [0, 0, 2.75, 4], "texture": "#7"}
			}
		},
		{
			"from": [10, 1, -5],
			"to": [11, 5, -3],
			"faces": {
				"north": {"uv": [0, 0, 2.75, 4], "texture": "#4"},
				"east": {"uv": [0, 0, 2.75, 4], "texture": "#4"},
				"south": {"uv": [0, 0, 2.75, 4], "texture": "#4"},
				"west": {"uv": [0, 0, 2.75, 4], "texture": "#4"},
				"up": {"uv": [0, 0, 2.75, 4], "texture": "#4"},
				"down": {"uv": [0, 0, 2.75, 4], "texture": "#4"}
			}
		},
		{
			"from": [5, 1, -5],
			"to": [6, 5, -3],
			"faces": {
				"north": {"uv": [0, 0, 2.75, 4], "texture": "#4"},
				"east": {"uv": [0, 0, 2.75, 4], "texture": "#4"},
				"south": {"uv": [0, 0, 2.75, 4], "texture": "#4"},
				"west": {"uv": [0, 0, 2.75, 4], "texture": "#4"},
				"up": {"uv": [0, 0, 2.75, 4], "texture": "#4"},
				"down": {"uv": [0, 0, 2.75, 4], "texture": "#4"}
			}
		},
		{
			"from": [-13, 17, 18],
			"to": [-12, 26, 19],
			"faces": {
				"north": {"uv": [0, 0, 2.75, 4], "texture": "#2"},
				"east": {"uv": [0, 0, 2.75, 4], "texture": "#2"},
				"south": {"uv": [0, 0, 2.75, 4], "texture": "#2"},
				"west": {"uv": [0, 0, 2.75, 4], "texture": "#2"},
				"up": {"uv": [0, 0, 2.75, 4], "texture": "#2"},
				"down": {"uv": [0, 0, 2.75, 4], "texture": "#2"}
			}
		},
		{
			"from": [15, 5, 1],
			"to": [32, 6, 19],
			"faces": {
				"north": {"uv": [0, 0, 2.75, 4], "texture": "#3"},
				"east": {"uv": [0, 0, 2.75, 4], "texture": "#3"},
				"south": {"uv": [0, 0, 2.75, 4], "texture": "#3"},
				"west": {"uv": [0, 0, 2.75, 4], "texture": "#3"},
				"up": {"uv": [0, 0, 16, 16], "texture": "#6"},
				"down": {"uv": [0, 0, 2.75, 4], "texture": "#3"}
			}
		},
		{
			"from": [1, 5, -4],
			"to": [3, 10, 0],
			"faces": {
				"north": {"uv": [0, 0, 2.75, 4], "texture": "#3"},
				"east": {"uv": [0, 0, 2.75, 4], "texture": "#3"},
				"south": {"uv": [0, 0, 2.75, 4], "texture": "#3"},
				"west": {"uv": [0, 0, 2.75, 4], "texture": "#3"},
				"up": {"uv": [0, 0, 2.75, 4], "texture": "#3"},
				"down": {"uv": [0, 0, 2.75, 4], "texture": "#3"}
			}
		},
		{
			"from": [-16, 5, -4],
			"to": [1, 16, 0],
			"faces": {
				"north": {"uv": [0, 0, 2.75, 4], "texture": "#3"},
				"east": {"uv": [0, 0, 2.75, 4], "texture": "#3"},
				"south": {"uv": [0, 0, 2.75, 4], "texture": "#3"},
				"west": {"uv": [0, 0, 2.75, 4], "texture": "#3"},
				"up": {"uv": [0, 0, 2.75, 4], "texture": "#3"},
				"down": {"uv": [0, 0, 2.75, 4], "texture": "#3"}
			}
		},
		{
			"from": [4, 9, 16],
			"to": [12, 10, 21],
			"faces": {
				"north": {"uv": [0, 0, 2.75, 4], "texture": "#0"},
				"east": {"uv": [0, 0, 2.75, 4], "texture": "#0"},
				"south": {"uv": [0, 0, 2.75, 4], "texture": "#0"},
				"west": {"uv": [0, 0, 2.75, 4], "texture": "#0"},
				"up": {"uv": [0, 0, 2.75, 4], "texture": "#0"},
				"down": {"uv": [0, 0, 2.75, 4], "texture": "#0"}
			}
		},
		{
			"from": [12, 4, -5],
			"to": [13, 10, 0],
			"faces": {
				"north": {"uv": [0, 0, 2.75, 4], "texture": "#0"},
				"east": {"uv": [0, 0, 2.75, 4], "texture": "#0"},
				"south": {"uv": [0, 0, 2.75, 4], "texture": "#0"},
				"west": {"uv": [0, 0, 2.75, 4], "texture": "#0"},
				"up": {"uv": [0, 0, 2.75, 4], "texture": "#0"},
				"down": {"uv": [0, 0, 2.75, 4], "texture": "#0"}
			}
		},
		{
			"from": [-16, 5, 0],
			"to": [32, 16, 1],
			"faces": {
				"north": {"uv": [0, 0, 2.75, 4], "texture": "#3"},
				"east": {"uv": [0, 0, 2.75, 4], "texture": "#3"},
				"south": {"uv": [0, 0, 2.75, 4], "texture": "#3"},
				"west": {"uv": [0, 0, 2.75, 4], "texture": "#3"},
				"up": {"uv": [0, 0, 2.75, 4], "texture": "#3"},
				"down": {"uv": [0, 0, 2.75, 4], "texture": "#3"}
			}
		},
		{
			"from": [1, 10, 19],
			"to": [15, 16, 20],
			"faces": {
				"north": {"uv": [0, 0, 2.75, 4], "texture": "#3"},
				"east": {"uv": [0, 0, 2.75, 4], "texture": "#3"},
				"south": {"uv": [0, 0, 2.75, 4], "texture": "#3"},
				"west": {"uv": [0, 0, 2.75, 4], "texture": "#3"},
				"up": {"uv": [0, 0, 2.75, 4], "texture": "#3"},
				"down": {"uv": [0, 0, 2.75, 4], "texture": "#3"}
			}
		},
		{
			"from": [1, 10, 15],
			"to": [15, 16, 19],
			"faces": {
				"north": {"uv": [0, 0, 2.75, 4], "texture": "#3"},
				"east": {"uv": [0, 0, 2.75, 4], "texture": "#3"},
				"south": {"uv": [0, 0, 2.75, 4], "texture": "#3"},
				"west": {"uv": [0, 0, 2.75, 4], "texture": "#3"},
				"up": {"uv": [0, 0, 2.75, 4], "texture": "#3"},
				"down": {"uv": [0, 0, 2.75, 4], "texture": "#3"}
			}
		},
		{
			"from": [-16, 5, 19],
			"to": [1, 16, 20],
			"faces": {
				"north": {"uv": [0, 0, 2.75, 4], "texture": "#3"},
				"east": {"uv": [0, 0, 2.75, 4], "texture": "#3"},
				"south": {"uv": [0, 0, 2.75, 4], "texture": "#3"},
				"west": {"uv": [0, 0, 2.75, 4], "texture": "#3"},
				"up": {"uv": [0, 0, 2.75, 4], "texture": "#3"},
				"down": {"uv": [0, 0, 2.75, 4], "texture": "#3"}
			}
		},
		{
			"from": [15, 5, 19],
			"to": [32, 16, 20],
			"faces": {
				"north": {"uv": [0, 0, 2.75, 4], "texture": "#3"},
				"east": {"uv": [0, 0, 2.75, 4], "texture": "#3"},
				"south": {"uv": [0, 0, 2.75, 4], "texture": "#3"},
				"west": {"uv": [0, 0, 2.75, 4], "texture": "#3"},
				"up": {"uv": [0, 0, 2.75, 4], "texture": "#3"},
				"down": {"uv": [0, 0, 2.75, 4], "texture": "#3"}
			}
		},
		{
			"from": [2, 5, 1],
			"to": [15, 6, 16],
			"faces": {
				"north": {"uv": [0, 0, 2.75, 4], "texture": "#3"},
				"east": {"uv": [0, 0, 2.75, 4], "texture": "#3"},
				"south": {"uv": [0, 0, 2.75, 4], "texture": "#3"},
				"west": {"uv": [0, 0, 2.75, 4], "texture": "#3"},
				"up": {"uv": [0, 0, 16, 16], "texture": "#6"},
				"down": {"uv": [0, 0, 2.75, 4], "texture": "#3"}
			}
		},
		{
			"from": [15, 5, -4],
			"to": [32, 16, 0],
			"faces": {
				"north": {"uv": [0, 0, 2.75, 4], "texture": "#3"},
				"east": {"uv": [0, 0, 2.75, 4], "texture": "#3"},
				"south": {"uv": [0, 0, 2.75, 4], "texture": "#3"},
				"west": {"uv": [0, 0, 2.75, 4], "texture": "#3"},
				"up": {"uv": [0, 0, 2.75, 4], "texture": "#3"},
				"down": {"uv": [0, 0, 2.75, 4], "texture": "#3"}
			}
		},
		{
			"from": [13, 5, -4],
			"to": [15, 10, 0],
			"faces": {
				"north": {"uv": [0, 0, 2.75, 4], "texture": "#3"},
				"east": {"uv": [0, 0, 2.75, 4], "texture": "#3"},
				"south": {"uv": [0, 0, 2.75, 4], "texture": "#3"},
				"west": {"uv": [0, 0, 2.75, 4], "texture": "#3"},
				"up": {"uv": [0, 0, 2.75, 4], "texture": "#3"},
				"down": {"uv": [0, 0, 2.75, 4], "texture": "#3"}
			}
		},
		{
			"from": [1, 5, 16],
			"to": [3, 10, 20],
			"faces": {
				"north": {"uv": [0, 0, 2.75, 4], "texture": "#3"},
				"east": {"uv": [0, 0, 2.75, 4], "texture": "#3"},
				"south": {"uv": [0, 0, 2.75, 4], "texture": "#3"},
				"west": {"uv": [0, 0, 2.75, 4], "texture": "#3"},
				"up": {"uv": [0, 0, 2.75, 4], "texture": "#3"},
				"down": {"uv": [0, 0, 2.75, 4], "texture": "#3"}
			}
		},
		{
			"from": [13, 5, 16],
			"to": [15, 10, 20],
			"faces": {
				"north": {"uv": [0, 0, 2.75, 4], "texture": "#3"},
				"east": {"uv": [0, 0, 2.75, 4], "texture": "#3"},
				"south": {"uv": [0, 0, 2.75, 4], "texture": "#3"},
				"west": {"uv": [0, 0, 2.75, 4], "texture": "#3"},
				"up": {"uv": [0, 0, 2.75, 4], "texture": "#3"},
				"down": {"uv": [0, 0, 2.75, 4], "texture": "#3"}
			}
		},
		{
			"from": [1, 10, -4],
			"to": [15, 16, 0],
			"faces": {
				"north": {"uv": [0, 0, 2.75, 4], "texture": "#3"},
				"east": {"uv": [0, 0, 2.75, 4], "texture": "#3"},
				"south": {"uv": [0, 0, 2.75, 4], "texture": "#3"},
				"west": {"uv": [0, 0, 2.75, 4], "texture": "#3"},
				"up": {"uv": [0, 0, 2.75, 4], "texture": "#3"},
				"down": {"uv": [0, 0, 2.75, 4], "texture": "#3"}
			}
		},
		{
			"from": [3, 4, 16],
			"to": [4, 10, 21],
			"faces": {
				"north": {"uv": [0, 0, 2.75, 4], "texture": "#0"},
				"east": {"uv": [0, 0, 2.75, 4], "texture": "#0"},
				"south": {"uv": [0, 0, 2.75, 4], "texture": "#0"},
				"west": {"uv": [0, 0, 2.75, 4], "texture": "#0"},
				"up": {"uv": [0, 0, 2.75, 4], "texture": "#0"},
				"down": {"uv": [0, 0, 2.75, 4], "texture": "#0"}
			}
		},
		{
			"from": [4, 9, -5],
			"to": [12, 10, 0],
			"faces": {
				"north": {"uv": [0, 0, 2.75, 4], "texture": "#0"},
				"east": {"uv": [0, 0, 2.75, 4], "texture": "#0"},
				"south": {"uv": [0, 0, 2.75, 4], "texture": "#0"},
				"west": {"uv": [0, 0, 2.75, 4], "texture": "#0"},
				"up": {"uv": [0, 0, 2.75, 4], "texture": "#0"},
				"down": {"uv": [0, 0, 2.75, 4], "texture": "#0"}
			}
		},
		{
			"from": [12, 4, 16],
			"to": [13, 10, 21],
			"faces": {
				"north": {"uv": [0, 0, 2.75, 4], "texture": "#0"},
				"east": {"uv": [0, 0, 2.75, 4], "texture": "#0"},
				"south": {"uv": [0, 0, 2.75, 4], "texture": "#0"},
				"west": {"uv": [0, 0, 2.75, 4], "texture": "#0"},
				"up": {"uv": [0, 0, 2.75, 4], "texture": "#0"},
				"down": {"uv": [0, 0, 2.75, 4], "texture": "#0"}
			}
		},
		{
			"from": [3, 4, -5],
			"to": [4, 10, 0],
			"faces": {
				"north": {"uv": [0, 0, 2.75, 4], "texture": "#0"},
				"east": {"uv": [0, 0, 2.75, 4], "texture": "#0"},
				"south": {"uv": [0, 0, 2.75, 4], "texture": "#0"},
				"west": {"uv": [0, 0, 2.75, 4], "texture": "#0"},
				"up": {"uv": [0, 0, 2.75, 4], "texture": "#0"},
				"down": {"uv": [0, 0, 2.75, 4], "texture": "#0"}
			}
		},
		{
			"from": [31, 6, 17],
			"to": [32, 16, 19],
			"faces": {
				"north": {"uv": [0, 0, 2.75, 4], "texture": "#3"},
				"east": {"uv": [0, 0, 2.75, 4], "texture": "#3"},
				"south": {"uv": [0, 0, 2.75, 4], "texture": "#3"},
				"west": {"uv": [0, 0, 2.75, 4], "texture": "#3"},
				"up": {"uv": [0, 0, 2.75, 4], "texture": "#3"},
				"down": {"uv": [0, 0, 2.75, 4], "texture": "#3"}
			}
		},
		{
			"from": [-16, 5, 1],
			"to": [2, 6, 19],
			"faces": {
				"north": {"uv": [0, 0, 2.75, 4], "texture": "#3"},
				"east": {"uv": [0, 0, 2.75, 4], "texture": "#3"},
				"south": {"uv": [0, 0, 2.75, 4], "texture": "#3"},
				"west": {"uv": [0, 0, 2.75, 4], "texture": "#3"},
				"up": {"uv": [0, 0, 16, 16], "texture": "#6"},
				"down": {"uv": [0, 0, 2.75, 4], "texture": "#3"}
			}
		},
		{
			"from": [-16, 16, 17],
			"to": [32, 17, 20],
			"faces": {
				"north": {"uv": [0, 0, 2.75, 4], "texture": "#3"},
				"east": {"uv": [0, 0, 2.75, 4], "texture": "#3"},
				"south": {"uv": [0, 0, 2.75, 4], "texture": "#3"},
				"west": {"uv": [0, 0, 2.75, 4], "texture": "#3"},
				"up": {"uv": [0, 0, 2.75, 4], "texture": "#3"},
				"down": {"uv": [0, 0, 2.75, 4], "texture": "#3"}
			}
		},
		{
			"from": [1, 6, 15],
			"to": [15, 10, 16],
			"faces": {
				"north": {"uv": [0, 0, 2.75, 4], "texture": "#3"},
				"east": {"uv": [0, 0, 2.75, 4], "texture": "#3"},
				"south": {"uv": [0, 0, 2.75, 4], "texture": "#3"},
				"west": {"uv": [0, 0, 2.75, 4], "texture": "#3"},
				"up": {"uv": [0, 0, 2.75, 4], "texture": "#3"},
				"down": {"uv": [0, 0, 2.75, 4], "texture": "#3"}
			}
		},
		{
			"from": [-16, 17, 17],
			"to": [-13, 29, 20],
			"faces": {
				"north": {"uv": [0, 0, 2.75, 4], "texture": "#3"},
				"east": {"uv": [0, 0, 2.75, 4], "texture": "#3"},
				"south": {"uv": [0, 0, 2.75, 4], "texture": "#3"},
				"west": {"uv": [0, 0, 2.75, 4], "texture": "#3"},
				"up": {"uv": [0, 0, 2.75, 4], "texture": "#3"},
				"down": {"uv": [0, 0, 2.75, 4], "texture": "#3"}
			}
		},
		{
			"from": [15, 15, 15],
			"to": [29, 16, 19],
			"faces": {
				"north": {"uv": [0, 0, 2.75, 4], "texture": "#7"},
				"east": {"uv": [0, 0, 2.75, 4], "texture": "#7"},
				"south": {"uv": [0, 0, 2.75, 4], "texture": "#7"},
				"west": {"uv": [0, 0, 2.75, 4], "texture": "#7"},
				"up": {"uv": [0, 0, 2.75, 4], "texture": "#7"},
				"down": {"uv": [0, 0, 2.75, 4], "texture": "#7"}
			}
		},
		{
			"from": [29, 6, 15],
			"to": [31, 16, 19],
			"faces": {
				"north": {"uv": [0, 0, 2.75, 4], "texture": "#3"},
				"east": {"uv": [0, 0, 2.75, 4], "texture": "#3"},
				"south": {"uv": [0, 0, 2.75, 4], "texture": "#3"},
				"west": {"uv": [0, 0, 2.75, 4], "texture": "#3"},
				"up": {"uv": [0, 0, 2.75, 4], "texture": "#3"},
				"down": {"uv": [0, 0, 2.75, 4], "texture": "#3"}
			}
		},
		{
			"from": [-16, 6, 15],
			"to": [-12, 15, 19],
			"faces": {
				"north": {"uv": [0, 0, 2.75, 4], "texture": "#3"},
				"east": {"uv": [0, 0, 2.75, 4], "texture": "#3"},
				"south": {"uv": [0, 0, 2.75, 4], "texture": "#3"},
				"west": {"uv": [0, 0, 2.75, 4], "texture": "#3"},
				"up": {"uv": [0, 0, 2.75, 4], "texture": "#3"},
				"down": {"uv": [0, 0, 2.75, 4], "texture": "#3"}
			}
		},
		{
			"from": [-16, 15, 15],
			"to": [1, 16, 19],
			"faces": {
				"north": {"uv": [0, 0, 2.75, 4], "texture": "#7"},
				"east": {"uv": [0, 0, 2.75, 4], "texture": "#7"},
				"south": {"uv": [0, 0, 2.75, 4], "texture": "#7"},
				"west": {"uv": [0, 0, 2.75, 4], "texture": "#3"},
				"up": {"uv": [0, 0, 2.75, 4], "texture": "#7"},
				"down": {"uv": [0, 0, 2.75, 4], "texture": "#7"}
			}
		},
		{
			"from": [-16, 17, 17],
			"to": [-13, 29, 20],
			"faces": {
				"north": {"uv": [0, 0, 2.75, 4], "texture": "#3"},
				"east": {"uv": [0, 0, 2.75, 4], "texture": "#3"},
				"south": {"uv": [0, 0, 2.75, 4], "texture": "#3"},
				"west": {"uv": [0, 0, 2.75, 4], "texture": "#3"},
				"up": {"uv": [0, 0, 2.75, 4], "texture": "#3"},
				"down": {"uv": [0, 0, 2.75, 4], "texture": "#3"}
			}
		},
		{
			"from": [29, 17, 17],
			"to": [32, 29, 20],
			"faces": {
				"north": {"uv": [0, 0, 2.75, 4], "texture": "#3"},
				"east": {"uv": [0, 0, 2.75, 4], "texture": "#3"},
				"south": {"uv": [0, 0, 2.75, 4], "texture": "#3"},
				"west": {"uv": [0, 0, 2.75, 4], "texture": "#3"},
				"up": {"uv": [0, 0, 2.75, 4], "texture": "#3"},
				"down": {"uv": [0, 0, 2.75, 4], "texture": "#3"}
			}
		},
		{
			"from": [31, 17, 15],
			"to": [32, 29, 17],
			"faces": {
				"north": {"uv": [0, 0, 2.75, 4], "texture": "#3"},
				"east": {"uv": [0, 0, 2.75, 4], "texture": "#3"},
				"south": {"uv": [0, 0, 2.75, 4], "texture": "#3"},
				"west": {"uv": [0, 0, 2.75, 4], "texture": "#3"},
				"up": {"uv": [0, 0, 2.75, 4], "texture": "#3"},
				"down": {"uv": [0, 0, 2.75, 4], "texture": "#3"}
			}
		},
		{
			"from": [15, 26, 17],
			"to": [29, 29, 20],
			"faces": {
				"north": {"uv": [0, 0, 2.75, 4], "texture": "#3"},
				"east": {"uv": [0, 0, 2.75, 4], "texture": "#3"},
				"south": {"uv": [0, 0, 2.75, 4], "texture": "#3"},
				"west": {"uv": [0, 0, 2.75, 4], "texture": "#3"},
				"up": {"uv": [0, 0, 2.75, 4], "texture": "#3"},
				"down": {"uv": [0, 0, 2.75, 4], "texture": "#3"}
			}
		},
		{
			"from": [-13, 26, 17],
			"to": [0, 29, 20],
			"faces": {
				"north": {"uv": [0, 0, 2.75, 4], "texture": "#3"},
				"east": {"uv": [0, 0, 2.75, 4], "texture": "#3"},
				"south": {"uv": [0, 0, 2.75, 4], "texture": "#3"},
				"west": {"uv": [0, 0, 2.75, 4], "texture": "#3"},
				"up": {"uv": [0, 0, 2.75, 4], "texture": "#3"},
				"down": {"uv": [0, 0, 2.75, 4], "texture": "#3"}
			}
		},
		{
			"from": [0, 17, 17],
			"to": [15, 29, 20],
			"faces": {
				"north": {"uv": [0, 0, 2.75, 4], "texture": "#3"},
				"east": {"uv": [0, 0, 2.75, 4], "texture": "#3"},
				"south": {"uv": [0, 0, 2.75, 4], "texture": "#3"},
				"west": {"uv": [0, 0, 2.75, 4], "texture": "#3"},
				"up": {"uv": [0, 0, 2.75, 4], "texture": "#3"},
				"down": {"uv": [0, 0, 2.75, 4], "texture": "#3"}
			}
		},
		{
			"from": [31, 6, 1],
			"to": [32, 17, 17],
			"faces": {
				"north": {"uv": [0, 0, 2.75, 4], "texture": "#3"},
				"east": {"uv": [0, 0, 2.75, 4], "texture": "#3"},
				"south": {"uv": [0, 0, 2.75, 4], "texture": "#3"},
				"west": {"uv": [0, 0, 2.75, 4], "texture": "#3"},
				"up": {"uv": [0, 0, 2.75, 4], "texture": "#3"},
				"down": {"uv": [0, 0, 2.75, 4], "texture": "#3"}
			}
		},
		{
			"from": [-14, 16, -3],
			"to": [-13, 29, -2],
			"faces": {
				"north": {"uv": [0, 0, 2.75, 4], "texture": "#0"},
				"east": {"uv": [0, 0, 2.75, 4], "texture": "#0"},
				"south": {"uv": [0, 0, 2.75, 4], "texture": "#0"},
				"west": {"uv": [0, 0, 2.75, 4], "texture": "#0"},
				"up": {"uv": [0, 0, 2.75, 4], "texture": "#0"},
				"down": {"uv": [0, 0, 2.75, 4], "texture": "#0"}
			}
		},
		{
			"from": [-16, 29, -4],
			"to": [32, 30, 20],
			"faces": {
				"north": {"uv": [0, 0, 2.75, 4], "texture": "#8"},
				"east": {"uv": [0, 0, 2.75, 4], "texture": "#8"},
				"south": {"uv": [0, 0, 2.75, 4], "texture": "#8"},
				"west": {"uv": [0, 0, 2.75, 4], "texture": "#8"},
				"up": {"uv": [0, 0, 2.75, 4], "texture": "#8"},
				"down": {"uv": [0, 0, 2.75, 4], "texture": "#8"}
			}
		},
		{
			"from": [28, 17, 18],
			"to": [29, 26, 19],
			"faces": {
				"north": {"uv": [0, 0, 2.75, 4], "texture": "#2"},
				"east": {"uv": [0, 0, 2.75, 4], "texture": "#2"},
				"south": {"uv": [0, 0, 2.75, 4], "texture": "#2"},
				"west": {"uv": [0, 0, 2.75, 4], "texture": "#2"},
				"up": {"uv": [0, 0, 2.75, 4], "texture": "#2"},
				"down": {"uv": [0, 0, 2.75, 4], "texture": "#2"}
			}
		},
		{
			"from": [31, 26, 3],
			"to": [32, 29, 15],
			"faces": {
				"north": {"uv": [0, 0, 2.75, 4], "texture": "#3"},
				"east": {"uv": [0, 0, 2.75, 4], "texture": "#3"},
				"south": {"uv": [0, 0, 2.75, 4], "texture": "#3"},
				"west": {"uv": [0, 0, 2.75, 4], "texture": "#3"},
				"up": {"uv": [0, 0, 2.75, 4], "texture": "#3"},
				"down": {"uv": [0, 0, 2.75, 4], "texture": "#3"}
			}
		},
		{
			"from": [31, 17, 1],
			"to": [32, 29, 3],
			"faces": {
				"north": {"uv": [0, 0, 2.75, 4], "texture": "#3"},
				"east": {"uv": [0, 0, 2.75, 4], "texture": "#3"},
				"south": {"uv": [0, 0, 2.75, 4], "texture": "#3"},
				"west": {"uv": [0, 0, 2.75, 4], "texture": "#3"},
				"up": {"uv": [0, 0, 2.75, 4], "texture": "#3"},
				"down": {"uv": [0, 0, 2.75, 4], "texture": "#3"}
			}
		},
		{
			"from": [-12, 17, 18],
			"to": [-1, 18, 19],
			"faces": {
				"north": {"uv": [0, 0, 2.75, 4], "texture": "#2"},
				"east": {"uv": [0, 0, 2.75, 4], "texture": "#2"},
				"south": {"uv": [0, 0, 2.75, 4], "texture": "#2"},
				"west": {"uv": [0, 0, 2.75, 4], "texture": "#2"},
				"up": {"uv": [0, 0, 2.75, 4], "texture": "#2"},
				"down": {"uv": [0, 0, 2.75, 4], "texture": "#2"}
			}
		},
		{
			"from": [15, 15, 1],
			"to": [29, 16, 3],
			"faces": {
				"north": {"uv": [0, 0, 2.75, 4], "texture": "#3"},
				"east": {"uv": [0, 0, 2.75, 4], "texture": "#3"},
				"south": {"uv": [0, 0, 2.75, 4], "texture": "#3"},
				"west": {"uv": [0, 0, 2.75, 4], "texture": "#3"},
				"up": {"uv": [0, 0, 2.75, 4], "texture": "#3"},
				"down": {"uv": [0, 0, 2.75, 4], "texture": "#3"}
			}
		},
		{
			"from": [8, 16, -3],
			"to": [9, 29, -2],
			"faces": {
				"north": {"uv": [0, 0, 2.75, 4], "texture": "#0"},
				"east": {"uv": [0, 0, 2.75, 4], "texture": "#0"},
				"south": {"uv": [0, 0, 2.75, 4], "texture": "#0"},
				"west": {"uv": [0, 0, 2.75, 4], "texture": "#0"},
				"up": {"uv": [0, 0, 2.75, 4], "texture": "#0"},
				"down": {"uv": [0, 0, 2.75, 4], "texture": "#0"}
			}
		},
		{
			"from": [29, 16, -3],
			"to": [30, 29, -2],
			"faces": {
				"north": {"uv": [0, 0, 2.75, 4], "texture": "#0"},
				"east": {"uv": [0, 0, 2.75, 4], "texture": "#0"},
				"south": {"uv": [0, 0, 2.75, 4], "texture": "#0"},
				"west": {"uv": [0, 0, 2.75, 4], "texture": "#0"},
				"up": {"uv": [0, 0, 2.75, 4], "texture": "#0"},
				"down": {"uv": [0, 0, 2.75, 4], "texture": "#0"}
			}
		},
		{
			"from": [-16, 6, -8],
			"to": [-15, 16, 6],
			"rotation": {"angle": 22.5, "axis": "y", "origin": [8, 8, 8]},
			"faces": {
				"north": {"uv": [0, 0, 2.75, 4], "texture": "#2"},
				"east": {"uv": [0, 0, 2.75, 4], "texture": "#2"},
				"south": {"uv": [0, 0, 2.75, 4], "texture": "#2"},
				"west": {"uv": [0, 0, 2.75, 4], "texture": "#2"},
				"up": {"uv": [0, 0, 2.75, 4], "texture": "#2"},
				"down": {"uv": [0, 0, 2.75, 4], "texture": "#2"}
			}
		},
		{
			"from": [16, 25, 18],
			"to": [28, 26, 19],
			"faces": {
				"north": {"uv": [0, 0, 2.75, 4], "texture": "#2"},
				"east": {"uv": [0, 0, 2.75, 4], "texture": "#2"},
				"south": {"uv": [0, 0, 2.75, 4], "texture": "#2"},
				"west": {"uv": [0, 0, 2.75, 4], "texture": "#2"},
				"up": {"uv": [0, 0, 2.75, 4], "texture": "#2"},
				"down": {"uv": [0, 0, 2.75, 4], "texture": "#2"}
			}
		},
		{
			"from": [-1, 17, 18],
			"to": [0, 26, 19],
			"faces": {
				"north": {"uv": [0, 0, 2.75, 4], "texture": "#2"},
				"east": {"uv": [0, 0, 2.75, 4], "texture": "#2"},
				"south": {"uv": [0, 0, 2.75, 4], "texture": "#2"},
				"west": {"uv": [0, 0, 2.75, 4], "texture": "#2"},
				"up": {"uv": [0, 0, 2.75, 4], "texture": "#2"},
				"down": {"uv": [0, 0, 2.75, 4], "texture": "#2"}
			}
		},
		{
			"from": [-12, 25, 18],
			"to": [-1, 26, 19],
			"faces": {
				"north": {"uv": [0, 0, 2.75, 4], "texture": "#2"},
				"east": {"uv": [0, 0, 2.75, 4], "texture": "#2"},
				"south": {"uv": [0, 0, 2.75, 4], "texture": "#2"},
				"west": {"uv": [0, 0, 2.75, 4], "texture": "#2"},
				"up": {"uv": [0, 0, 2.75, 4], "texture": "#2"},
				"down": {"uv": [0, 0, 2.75, 4], "texture": "#2"}
			}
		},
		{
			"from": [15, 17, 18],
			"to": [16, 26, 19],
			"faces": {
				"north": {"uv": [0, 0, 2.75, 4], "texture": "#2"},
				"east": {"uv": [0, 0, 2.75, 4], "texture": "#2"},
				"south": {"uv": [0, 0, 2.75, 4], "texture": "#2"},
				"west": {"uv": [0, 0, 2.75, 4], "texture": "#2"},
				"up": {"uv": [0, 0, 2.75, 4], "texture": "#2"},
				"down": {"uv": [0, 0, 2.75, 4], "texture": "#2"}
			}
		},
		{
			"from": [21.5, 18, 18],
			"to": [22.5, 25, 19],
			"faces": {
				"north": {"uv": [0, 0, 2.75, 4], "texture": "#2"},
				"east": {"uv": [0, 0, 2.75, 4], "texture": "#2"},
				"south": {"uv": [0, 0, 2.75, 4], "texture": "#2"},
				"west": {"uv": [0, 0, 2.75, 4], "texture": "#2"},
				"up": {"uv": [0, 0, 2.75, 4], "texture": "#2"},
				"down": {"uv": [0, 0, 2.75, 4], "texture": "#2"}
			}
		},
		{
			"from": [31.5, 17, 3],
			"to": [31.5, 26, 15],
			"faces": {
				"north": {"uv": [0, 0, 2.75, 4], "texture": "#5"},
				"east": {"uv": [0, 0, 2.75, 4], "texture": "#5"},
				"south": {"uv": [0, 0, 2.75, 4], "texture": "#5"},
				"west": {"uv": [0, 0, 2.75, 4], "texture": "#5"},
				"up": {"uv": [0, 0, 2.75, 4], "texture": "#5"},
				"down": {"uv": [0, 0, 2.75, 4], "texture": "#5"}
			}
		},
		{
			"from": [29, 6, 1],
			"to": [31, 16, 3],
			"faces": {
				"north": {"uv": [0, 0, 2.75, 4], "texture": "#3"},
				"east": {"uv": [0, 0, 2.75, 4], "texture": "#3"},
				"south": {"uv": [0, 0, 2.75, 4], "texture": "#3"},
				"west": {"uv": [0, 0, 2.75, 4], "texture": "#3"},
				"up": {"uv": [0, 0, 2.75, 4], "texture": "#3"},
				"down": {"uv": [0, 0, 2.75, 4], "texture": "#3"}
			}
		},
		{
			"from": [16, 17, 18],
			"to": [28, 18, 19],
			"faces": {
				"north": {"uv": [0, 0, 2.75, 4], "texture": "#2"},
				"east": {"uv": [0, 0, 2.75, 4], "texture": "#2"},
				"south": {"uv": [0, 0, 2.75, 4], "texture": "#2"},
				"west": {"uv": [0, 0, 2.75, 4], "texture": "#2"},
				"up": {"uv": [0, 0, 2.75, 4], "texture": "#2"},
				"down": {"uv": [0, 0, 2.75, 4], "texture": "#2"}
			}
		},
		{
			"from": [-7, 18, 18],
			"to": [-6, 25, 19],
			"faces": {
				"north": {"uv": [0, 0, 2.75, 4], "texture": "#2"},
				"east": {"uv": [0, 0, 2.75, 4], "texture": "#2"},
				"south": {"uv": [0, 0, 2.75, 4], "texture": "#2"},
				"west": {"uv": [0, 0, 2.75, 4], "texture": "#2"},
				"up": {"uv": [0, 0, 2.75, 4], "texture": "#2"},
				"down": {"uv": [0, 0, 2.75, 4], "texture": "#2"}
			}
		},
		{
			"from": [-12, 18, 18.5],
			"to": [-1, 25, 18.5],
			"faces": {
				"north": {"uv": [0, 0, 2.75, 4], "texture": "#5"},
				"east": {"uv": [0, 0, 2.75, 4], "texture": "#5"},
				"south": {"uv": [0, 0, 2.75, 4], "texture": "#5"},
				"west": {"uv": [0, 0, 2.75, 4], "texture": "#5"},
				"up": {"uv": [0, 0, 2.75, 4], "texture": "#5"},
				"down": {"uv": [0, 0, 2.75, 4], "texture": "#5"}
			}
		},
		{
			"from": [16, 18, 18.5],
			"to": [28, 25, 18.5],
			"faces": {
				"north": {"uv": [0, 0, 2.75, 4], "texture": "#5"},
				"east": {"uv": [0, 0, 2.75, 4], "texture": "#5"},
				"south": {"uv": [0, 0, 2.75, 4], "texture": "#5"},
				"west": {"uv": [0, 0, 2.75, 4], "texture": "#5"},
				"up": {"uv": [0, 0, 2.75, 4], "texture": "#5"},
				"down": {"uv": [0, 0, 2.75, 4], "texture": "#5"}
			}
		},
		{
			"from": [28, 16, -2],
			"to": [29, 21, 2],
			"faces": {
				"north": {"uv": [0, 0, 2.75, 4], "texture": "#7"},
				"east": {"uv": [0, 0, 2.75, 4], "texture": "#7"},
				"south": {"uv": [0, 0, 2.75, 4], "texture": "#7"},
				"west": {"uv": [0, 0, 2.75, 4], "texture": "#7"},
				"up": {"uv": [0, 0, 2.75, 4], "texture": "#7"},
				"down": {"uv": [0, 0, 2.75, 4], "texture": "#7"}
			}
		},
		{
			"from": [-14, 15, 1],
			"to": [2, 16, 3],
			"faces": {
				"north": {"uv": [0, 0, 2.75, 4], "texture": "#3"},
				"east": {"uv": [0, 0, 2.75, 4], "texture": "#3"},
				"south": {"uv": [0, 0, 2.75, 4], "texture": "#3"},
				"west": {"uv": [0, 0, 2.75, 4], "texture": "#3"},
				"up": {"uv": [0, 0, 2.75, 4], "texture": "#3"},
				"down": {"uv": [0, 0, 2.75, 4], "texture": "#3"}
			}
		},
		{
			"from": [-16, 6, 1],
			"to": [-14, 16, 3],
			"faces": {
				"north": {"uv": [0, 0, 2.75, 4], "texture": "#3"},
				"east": {"uv": [0, 0, 2.75, 4], "texture": "#3"},
				"south": {"uv": [0, 0, 2.75, 4], "texture": "#3"},
				"west": {"uv": [0, 0, 2.75, 4], "texture": "#3"},
				"up": {"uv": [0, 0, 2.75, 4], "texture": "#3"},
				"down": {"uv": [0, 0, 2.75, 4], "texture": "#3"}
			}
		},
		{
			"from": [2, 6, 1],
			"to": [15, 16, 3],
			"faces": {
				"north": {"uv": [0, 0, 2.75, 4], "texture": "#3"},
				"east": {"uv": [0, 0, 2.75, 4], "texture": "#3"},
				"south": {"uv": [0, 0, 2.75, 4], "texture": "#3"},
				"west": {"uv": [0, 0, 2.75, 4], "texture": "#3"},
				"up": {"uv": [0, 0, 2.75, 4], "texture": "#3"},
				"down": {"uv": [0, 0, 2.75, 4], "texture": "#3"}
			}
		},
		{
			"from": [15, 16, 2],
			"to": [29, 21, 3],
			"faces": {
				"north": {"uv": [0, 0, 2.75, 4], "texture": "#7"},
				"east": {"uv": [0, 0, 2.75, 4], "texture": "#7"},
				"south": {"uv": [0, 0, 2.75, 4], "texture": "#7"},
				"west": {"uv": [0, 0, 2.75, 4], "texture": "#7"},
				"up": {"uv": [0, 0, 2.75, 4], "texture": "#7"},
				"down": {"uv": [0, 0, 2.75, 4], "texture": "#7"}
			}
		},
		{
			"from": [15.32, 16.48, -1.4],
			"to": [28.8, 17.02, -0.86],
			"faces": {
				"north": {"uv": [0, 0, 2.75, 4], "texture": "#5"},
				"east": {"uv": [0, 0, 2.75, 4], "texture": "#5"},
				"south": {"uv": [0, 0, 2.75, 4], "texture": "#5"},
				"west": {"uv": [0, 0, 2.75, 4], "texture": "#5"},
				"up": {"uv": [0, 0, 2.75, 4], "texture": "#5"},
				"down": {"uv": [0, 0, 2.75, 4], "texture": "#5"}
			}
		},
		{
			"from": [23, 0, 6],
			"to": [29, 1, 8],
			"faces": {
				"north": {"uv": [0, 0, 2.75, 4], "texture": "#4"},
				"east": {"uv": [0, 0, 2.75, 4], "texture": "#4"},
				"south": {"uv": [0, 0, 2.75, 4], "texture": "#4"},
				"west": {"uv": [0, 0, 2.75, 4], "texture": "#4"},
				"up": {"uv": [0, 0, 2.75, 4], "texture": "#4"},
				"down": {"uv": [0, 0, 2.75, 4], "texture": "#4"}
			}
		},
		{
			"from": [23, 4, 6],
			"to": [29, 5, 8],
			"faces": {
				"north": {"uv": [0, 0, 2.75, 4], "texture": "#4"},
				"east": {"uv": [0, 0, 2.75, 4], "texture": "#4"},
				"south": {"uv": [0, 0, 2.75, 4], "texture": "#4"},
				"west": {"uv": [0, 0, 2.75, 4], "texture": "#4"},
				"up": {"uv": [0, 0, 2.75, 4], "texture": "#4"},
				"down": {"uv": [0, 0, 2.75, 4], "texture": "#4"}
			}
		},
		{
			"from": [23, 0, 8],
			"to": [29, 5, 11],
			"faces": {
				"north": {"uv": [0, 0, 2.75, 4], "texture": "#4"},
				"east": {"uv": [0, 0, 2.75, 4], "texture": "#4"},
				"south": {"uv": [0, 0, 2.75, 4], "texture": "#4"},
				"west": {"uv": [0, 0, 2.75, 4], "texture": "#4"},
				"up": {"uv": [0, 0, 2.75, 4], "texture": "#4"},
				"down": {"uv": [0, 0, 2.75, 4], "texture": "#4"}
			}
		},
		{
			"from": [24, 1, 7],
			"to": [28, 5, 8],
			"faces": {
				"north": {"uv": [0, 0, 2.75, 4], "texture": "#2"},
				"east": {"uv": [0, 0, 2.75, 4], "texture": "#2"},
				"south": {"uv": [0, 0, 2.75, 4], "texture": "#2"},
				"west": {"uv": [0, 0, 2.75, 4], "texture": "#2"},
				"up": {"uv": [0, 0, 2.75, 4], "texture": "#2"},
				"down": {"uv": [0, 0, 2.75, 4], "texture": "#2"}
			}
		},
		{
			"from": [28, 1, 6],
			"to": [29, 5, 8],
			"faces": {
				"north": {"uv": [0, 0, 2.75, 4], "texture": "#4"},
				"east": {"uv": [0, 0, 2.75, 4], "texture": "#4"},
				"south": {"uv": [0, 0, 2.75, 4], "texture": "#4"},
				"west": {"uv": [0, 0, 2.75, 4], "texture": "#4"},
				"up": {"uv": [0, 0, 2.75, 4], "texture": "#4"},
				"down": {"uv": [0, 0, 2.75, 4], "texture": "#4"}
			}
		},
		{
			"from": [23, 1, 6],
			"to": [28, 4, 8],
			"faces": {
				"north": {"uv": [0, 0, 2.75, 4], "texture": "#4"},
				"east": {"uv": [0, 0, 2.75, 4], "texture": "#4"},
				"south": {"uv": [0, 0, 2.75, 4], "texture": "#4"},
				"west": {"uv": [0, 0, 2.75, 4], "texture": "#4"},
				"up": {"uv": [0, 0, 2.75, 4], "texture": "#4"},
				"down": {"uv": [0, 0, 2.75, 4], "texture": "#4"}
			}
		},
		{
			"from": [5, 0, 19],
			"to": [11, 1, 21],
			"faces": {
				"north": {"uv": [0, 0, 2.75, 4], "texture": "#4"},
				"east": {"uv": [0, 0, 2.75, 4], "texture": "#4"},
				"south": {"uv": [0, 0, 2.75, 4], "texture": "#4"},
				"west": {"uv": [0, 0, 2.75, 4], "texture": "#4"},
				"up": {"uv": [0, 0, 2.75, 4], "rotation": 180, "texture": "#4"},
				"down": {"uv": [0, 0, 2.75, 4], "rotation": 180, "texture": "#4"}
			}
		},
		{
			"from": [5, 5, 19],
			"to": [11, 6, 21],
			"faces": {
				"north": {"uv": [0, 0, 2.75, 4], "texture": "#4"},
				"east": {"uv": [0, 0, 2.75, 4], "texture": "#4"},
				"south": {"uv": [0, 0, 2.75, 4], "texture": "#4"},
				"west": {"uv": [0, 0, 2.75, 4], "texture": "#4"},
				"up": {"uv": [0, 0, 2.75, 4], "rotation": 180, "texture": "#4"},
				"down": {"uv": [0, 0, 2.75, 4], "rotation": 180, "texture": "#4"}
			}
		},
		{
			"from": [5, 0, 16],
			"to": [11, 6, 19],
			"faces": {
				"north": {"uv": [0, 0, 2.75, 4], "texture": "#4"},
				"east": {"uv": [0, 0, 2.75, 4], "texture": "#4"},
				"south": {"uv": [0, 0, 2.75, 4], "texture": "#4"},
				"west": {"uv": [0, 0, 2.75, 4], "texture": "#4"},
				"up": {"uv": [0, 0, 2.75, 4], "rotation": 180, "texture": "#4"},
				"down": {"uv": [0, 0, 2.75, 4], "rotation": 180, "texture": "#4"}
			}
		},
		{
			"from": [6, 1, 19],
			"to": [10, 5, 20],
			"faces": {
				"north": {"uv": [0, 0, 2.75, 4], "texture": "#7"},
				"east": {"uv": [0, 0, 2.75, 4], "texture": "#7"},
				"south": {"uv": [0, 0, 2.75, 4], "texture": "#7"},
				"west": {"uv": [0, 0, 2.75, 4], "texture": "#7"},
				"up": {"uv": [0, 0, 2.75, 4], "rotation": 180, "texture": "#7"},
				"down": {"uv": [0, 0, 2.75, 4], "rotation": 180, "texture": "#7"}
			}
		},
		{
			"from": [5, 1, 19],
			"to": [6, 5, 21],
			"faces": {
				"north": {"uv": [0, 0, 2.75, 4], "texture": "#4"},
				"east": {"uv": [0, 0, 2.75, 4], "texture": "#4"},
				"south": {"uv": [0, 0, 2.75, 4], "texture": "#4"},
				"west": {"uv": [0, 0, 2.75, 4], "texture": "#4"},
				"up": {"uv": [0, 0, 2.75, 4], "rotation": 180, "texture": "#4"},
				"down": {"uv": [0, 0, 2.75, 4], "rotation": 180, "texture": "#4"}
			}
		},
		{
			"from": [10, 1, 19],
			"to": [11, 5, 21],
			"faces": {
				"north": {"uv": [0, 0, 2.75, 4], "texture": "#4"},
				"east": {"uv": [0, 0, 2.75, 4], "texture": "#4"},
				"south": {"uv": [0, 0, 2.75, 4], "texture": "#4"},
				"west": {"uv": [0, 0, 2.75, 4], "texture": "#4"},
				"up": {"uv": [0, 0, 2.75, 4], "rotation": 180, "texture": "#4"},
				"down": {"uv": [0, 0, 2.75, 4], "rotation": 180, "texture": "#4"}
			}
		},
		{
			"from": [15.32, 17.48, -1.4],
			"to": [28.8, 18.02, -0.86],
			"faces": {
				"north": {"uv": [0, 0, 2.75, 4], "texture": "#5"},
				"east": {"uv": [0, 0, 2.75, 4], "texture": "#5"},
				"south": {"uv": [0, 0, 2.75, 4], "texture": "#5"},
				"west": {"uv": [0, 0, 2.75, 4], "texture": "#5"},
				"up": {"uv": [0, 0, 2.75, 4], "texture": "#5"},
				"down": {"uv": [0, 0, 2.75, 4], "texture": "#5"}
			}
		},
		{
			"from": [20, 16, -1],
			"to": [22, 21, 1],
			"faces": {
				"north": {"uv": [0, 0, 2.75, 4], "texture": "#2"},
				"east": {"uv": [0, 0, 2.75, 4], "texture": "#2"},
				"south": {"uv": [0, 0, 2.75, 4], "texture": "#2"},
				"west": {"uv": [0, 0, 2.75, 4], "texture": "#2"},
				"up": {"uv": [0, 0, 2.75, 4], "texture": "#2"},
				"down": {"uv": [0, 0, 2.75, 4], "texture": "#2"}
			}
		},
		{
			"from": [22.3, 16, -1],
			"to": [24.3, 21, 1],
			"faces": {
				"north": {"uv": [0, 0, 2.75, 4], "texture": "#9"},
				"east": {"uv": [0, 0, 2.75, 4], "texture": "#9"},
				"south": {"uv": [0, 0, 2.75, 4], "texture": "#9"},
				"west": {"uv": [0, 0, 2.75, 4], "texture": "#9"},
				"up": {"uv": [0, 0, 2.75, 4], "texture": "#9"},
				"down": {"uv": [0, 0, 2.75, 4], "texture": "#9"}
			}
		},
		{
			"from": [15, 16, -2],
			"to": [16, 21, 2],
			"faces": {
				"north": {"uv": [0, 0, 2.75, 4], "texture": "#7"},
				"east": {"uv": [0, 0, 2.75, 4], "texture": "#7"},
				"south": {"uv": [0, 0, 2.75, 4], "texture": "#7"},
				"west": {"uv": [0, 0, 2.75, 4], "texture": "#7"},
				"up": {"uv": [0, 0, 2.75, 4], "texture": "#7"},
				"down": {"uv": [0, 0, 2.75, 4], "texture": "#7"}
			}
		},
		{
			"from": [21.3, 16, -7],
			"to": [23.3, 21, -5],
			"rotation": {"angle": -22.5, "axis": "y", "origin": [8, 8, 8]},
			"faces": {
				"north": {"uv": [0, 0, 2.75, 4], "texture": "#9"},
				"east": {"uv": [0, 0, 2.75, 4], "texture": "#9"},
				"south": {"uv": [0, 0, 2.75, 4], "texture": "#9"},
				"west": {"uv": [0, 0, 2.75, 4], "texture": "#9"},
				"up": {"uv": [0, 0, 2.75, 4], "texture": "#9"},
				"down": {"uv": [0, 0, 2.75, 4], "texture": "#9"}
			}
		},
		{
			"from": [17, 16, -1],
			"to": [19, 21, 1],
			"faces": {
				"north": {"uv": [0, 0, 2.75, 4], "texture": "#8"},
				"east": {"uv": [0, 0, 2.75, 4], "texture": "#8"},
				"south": {"uv": [0, 0, 2.75, 4], "texture": "#8"},
				"west": {"uv": [0, 0, 2.75, 4], "texture": "#8"},
				"up": {"uv": [0, 0, 2.75, 4], "texture": "#8"},
				"down": {"uv": [0, 0, 2.75, 4], "texture": "#8"}
			}
		},
		{
			"from": [-16, 28, -5],
			"to": [-14, 30, -4],
			"faces": {
				"north": {"uv": [0, 0, 2.75, 4], "texture": "#8"},
				"east": {"uv": [0, 0, 2.75, 4], "texture": "#8"},
				"south": {"uv": [0, 0, 2.75, 4], "texture": "#8"},
				"west": {"uv": [0, 0, 2.75, 4], "texture": "#8"},
				"up": {"uv": [0, 0, 2.75, 4], "texture": "#8"},
				"down": {"uv": [0, 0, 2.75, 4], "texture": "#8"}
			}
		},
		{
			"from": [30, 28, -5],
			"to": [32, 30, -4],
			"faces": {
				"north": {"uv": [0, 0, 2.75, 4], "texture": "#8"},
				"east": {"uv": [0, 0, 2.75, 4], "texture": "#8"},
				"south": {"uv": [0, 0, 2.75, 4], "texture": "#8"},
				"west": {"uv": [0, 0, 2.75, 4], "texture": "#8"},
				"up": {"uv": [0, 0, 2.75, 4], "texture": "#8"},
				"down": {"uv": [0, 0, 2.75, 4], "texture": "#8"}
			}
		},
		{
			"from": [26, 28, -5],
			"to": [28, 30, -4],
			"faces": {
				"north": {"uv": [0, 0, 2.75, 4], "texture": "#9"},
				"east": {"uv": [0, 0, 2.75, 4], "texture": "#9"},
				"south": {"uv": [0, 0, 2.75, 4], "texture": "#9"},
				"west": {"uv": [0, 0, 2.75, 4], "texture": "#9"},
				"up": {"uv": [0, 0, 2.75, 4], "texture": "#9"},
				"down": {"uv": [0, 0, 2.75, 4], "texture": "#9"}
			}
		},
		{
			"from": [-12, 28, -5],
			"to": [-10, 30, -4],
			"faces": {
				"north": {"uv": [0, 0, 2.75, 4], "texture": "#9"},
				"east": {"uv": [0, 0, 2.75, 4], "texture": "#9"},
				"south": {"uv": [0, 0, 2.75, 4], "texture": "#9"},
				"west": {"uv": [0, 0, 2.75, 4], "texture": "#9"},
				"up": {"uv": [0, 0, 2.75, 4], "texture": "#9"},
				"down": {"uv": [0, 0, 2.75, 4], "texture": "#9"}
			}
		},
		{
			"from": [-8, 28, -5],
			"to": [-6, 30, -4],
			"faces": {
				"north": {"uv": [0, 0, 2.75, 4], "texture": "#8"},
				"east": {"uv": [0, 0, 2.75, 4], "texture": "#8"},
				"south": {"uv": [0, 0, 2.75, 4], "texture": "#8"},
				"west": {"uv": [0, 0, 2.75, 4], "texture": "#8"},
				"up": {"uv": [0, 0, 2.75, 4], "texture": "#8"},
				"down": {"uv": [0, 0, 2.75, 4], "texture": "#8"}
			}
		},
		{
			"from": [22, 28, -5],
			"to": [24, 30, -4],
			"faces": {
				"north": {"uv": [0, 0, 2.75, 4], "texture": "#8"},
				"east": {"uv": [0, 0, 2.75, 4], "texture": "#8"},
				"south": {"uv": [0, 0, 2.75, 4], "texture": "#8"},
				"west": {"uv": [0, 0, 2.75, 4], "texture": "#8"},
				"up": {"uv": [0, 0, 2.75, 4], "texture": "#8"},
				"down": {"uv": [0, 0, 2.75, 4], "texture": "#8"}
			}
		},
		{
			"from": [18, 28, -5],
			"to": [20, 30, -4],
			"faces": {
				"north": {"uv": [0, 0, 2.75, 4], "texture": "#9"},
				"east": {"uv": [0, 0, 2.75, 4], "texture": "#9"},
				"south": {"uv": [0, 0, 2.75, 4], "texture": "#9"},
				"west": {"uv": [0, 0, 2.75, 4], "texture": "#9"},
				"up": {"uv": [0, 0, 2.75, 4], "texture": "#9"},
				"down": {"uv": [0, 0, 2.75, 4], "texture": "#9"}
			}
		},
		{
			"from": [-4, 28, -5],
			"to": [-2, 30, -4],
			"faces": {
				"north": {"uv": [0, 0, 2.75, 4], "texture": "#9"},
				"east": {"uv": [0, 0, 2.75, 4], "texture": "#9"},
				"south": {"uv": [0, 0, 2.75, 4], "texture": "#9"},
				"west": {"uv": [0, 0, 2.75, 4], "texture": "#9"},
				"up": {"uv": [0, 0, 2.75, 4], "texture": "#9"},
				"down": {"uv": [0, 0, 2.75, 4], "texture": "#9"}
			}
		},
		{
			"from": [0, 28, -5],
			"to": [2, 30, -4],
			"faces": {
				"north": {"uv": [0, 0, 2.75, 4], "texture": "#8"},
				"east": {"uv": [0, 0, 2.75, 4], "texture": "#8"},
				"south": {"uv": [0, 0, 2.75, 4], "texture": "#8"},
				"west": {"uv": [0, 0, 2.75, 4], "texture": "#8"},
				"up": {"uv": [0, 0, 2.75, 4], "texture": "#8"},
				"down": {"uv": [0, 0, 2.75, 4], "texture": "#8"}
			}
		},
		{
			"from": [4, 28, -5],
			"to": [6, 30, -4],
			"faces": {
				"north": {"uv": [0, 0, 2.75, 4], "texture": "#9"},
				"east": {"uv": [0, 0, 2.75, 4], "texture": "#9"},
				"south": {"uv": [0, 0, 2.75, 4], "texture": "#9"},
				"west": {"uv": [0, 0, 2.75, 4], "texture": "#9"},
				"up": {"uv": [0, 0, 2.75, 4], "texture": "#9"},
				"down": {"uv": [0, 0, 2.75, 4], "texture": "#9"}
			}
		},
		{
			"from": [14, 28, -5],
			"to": [16, 30, -4],
			"faces": {
				"north": {"uv": [0, 0, 2.75, 4], "texture": "#8"},
				"east": {"uv": [0, 0, 2.75, 4], "texture": "#8"},
				"south": {"uv": [0, 0, 2.75, 4], "texture": "#8"},
				"west": {"uv": [0, 0, 2.75, 4], "texture": "#8"},
				"up": {"uv": [0, 0, 2.75, 4], "texture": "#8"},
				"down": {"uv": [0, 0, 2.75, 4], "texture": "#8"}
			}
		},
		{
			"from": [10, 28, -5],
			"to": [12, 30, -4],
			"faces": {
				"north": {"uv": [0, 0, 2.75, 4], "texture": "#9"},
				"east": {"uv": [0, 0, 2.75, 4], "texture": "#9"},
				"south": {"uv": [0, 0, 2.75, 4], "texture": "#9"},
				"west": {"uv": [0, 0, 2.75, 4], "texture": "#9"},
				"up": {"uv": [0, 0, 2.75, 4], "texture": "#9"},
				"down": {"uv": [0, 0, 2.75, 4], "texture": "#9"}
			}
		},
		{
			"from": [7, 28, -5],
			"to": [9, 30, -4],
			"faces": {
				"north": {"uv": [0, 0, 2.75, 4], "texture": "#8"},
				"east": {"uv": [0, 0, 2.75, 4], "texture": "#8"},
				"south": {"uv": [0, 0, 2.75, 4], "texture": "#8"},
				"west": {"uv": [0, 0, 2.75, 4], "texture": "#8"},
				"up": {"uv": [0, 0, 2.75, 4], "texture": "#8"},
				"down": {"uv": [0, 0, 2.75, 4], "texture": "#8"}
			}
		},
		{
			"from": [-13, 0, 6],
			"to": [-7, 1, 8],
			"faces": {
				"north": {"uv": [0, 0, 2.75, 4], "texture": "#4"},
				"east": {"uv": [0, 0, 2.75, 4], "texture": "#4"},
				"south": {"uv": [0, 0, 2.75, 4], "texture": "#4"},
				"west": {"uv": [0, 0, 2.75, 4], "texture": "#4"},
				"up": {"uv": [0, 0, 2.75, 4], "texture": "#4"},
				"down": {"uv": [0, 0, 2.75, 4], "texture": "#4"}
			}
		},
		{
			"from": [-13, 4, 6],
			"to": [-7, 5, 8],
			"faces": {
				"north": {"uv": [0, 0, 2.75, 4], "texture": "#4"},
				"east": {"uv": [0, 0, 2.75, 4], "texture": "#4"},
				"south": {"uv": [0, 0, 2.75, 4], "texture": "#4"},
				"west": {"uv": [0, 0, 2.75, 4], "texture": "#4"},
				"up": {"uv": [0, 0, 2.75, 4], "texture": "#4"},
				"down": {"uv": [0, 0, 2.75, 4], "texture": "#4"}
			}
		},
		{
			"from": [-13, 0, 8],
			"to": [-7, 5, 11],
			"faces": {
				"north": {"uv": [0, 0, 2.75, 4], "texture": "#4"},
				"east": {"uv": [0, 0, 2.75, 4], "texture": "#4"},
				"south": {"uv": [0, 0, 2.75, 4], "texture": "#4"},
				"west": {"uv": [0, 0, 2.75, 4], "texture": "#4"},
				"up": {"uv": [0, 0, 2.75, 4], "texture": "#4"},
				"down": {"uv": [0, 0, 2.75, 4], "texture": "#4"}
			}
		},
		{
			"from": [-12, 1, 7],
			"to": [-8, 5, 8],
			"faces": {
				"north": {"uv": [0, 0, 2.75, 4], "texture": "#2"},
				"east": {"uv": [0, 0, 2.75, 4], "texture": "#2"},
				"south": {"uv": [0, 0, 2.75, 4], "texture": "#2"},
				"west": {"uv": [0, 0, 2.75, 4], "texture": "#2"},
				"up": {"uv": [0, 0, 2.75, 4], "texture": "#2"},
				"down": {"uv": [0, 0, 2.75, 4], "texture": "#2"}
			}
		},
		{
			"from": [-8, 1, 6],
			"to": [-7, 5, 8],
			"faces": {
				"north": {"uv": [0, 0, 2.75, 4], "texture": "#4"},
				"east": {"uv": [0, 0, 2.75, 4], "texture": "#4"},
				"south": {"uv": [0, 0, 2.75, 4], "texture": "#4"},
				"west": {"uv": [0, 0, 2.75, 4], "texture": "#4"},
				"up": {"uv": [0, 0, 2.75, 4], "texture": "#4"},
				"down": {"uv": [0, 0, 2.75, 4], "texture": "#4"}
			}
		},
		{
			"from": [-13, 1, 6],
			"to": [-8, 4, 8],
			"faces": {
				"north": {"uv": [0, 0, 2.75, 4], "texture": "#4"},
				"east": {"uv": [0, 0, 2.75, 4], "texture": "#4"},
				"south": {"uv": [0, 0, 2.75, 4], "texture": "#4"},
				"west": {"uv": [0, 0, 2.75, 4], "texture": "#4"},
				"up": {"uv": [0, 0, 2.75, 4], "texture": "#4"},
				"down": {"uv": [0, 0, 2.75, 4], "texture": "#4"}
			}
		},
		{
			"from": [17, 7, -4.1],
			"to": [30, 14, -4.1],
			"faces": {
				"north": {"uv": [0, 0, 2.75, 4], "texture": "#2"},
				"east": {"uv": [0, 0, 2.75, 4], "texture": "#2"},
				"south": {"uv": [0, 0, 2.75, 4], "texture": "#2"},
				"west": {"uv": [0, 0, 2.75, 4], "texture": "#2"},
				"up": {"uv": [0, 0, 2.75, 4], "texture": "#2"},
				"down": {"uv": [0, 0, 2.75, 4], "texture": "#2"}
			}
		},
		{
			"from": [-13, 7, -4.1],
			"to": [-6, 14, -4.1],
			"faces": {
				"north": {"uv": [0, 0, 2.75, 4], "texture": "#2"},
				"east": {"uv": [0, 0, 2.75, 4], "texture": "#2"},
				"south": {"uv": [0, 0, 2.75, 4], "texture": "#2"},
				"west": {"uv": [0, 0, 2.75, 4], "texture": "#2"},
				"up": {"uv": [0, 0, 2.75, 4], "texture": "#2"},
				"down": {"uv": [0, 0, 2.75, 4], "texture": "#2"}
			}
		},
		{
			"from": [-5, 7, -4.1],
			"to": [2, 11, -4.1],
			"faces": {
				"north": {"uv": [0, 0, 2.75, 4], "texture": "#8"},
				"east": {"uv": [0, 0, 2.75, 4], "texture": "#8"},
				"south": {"uv": [0, 0, 2.75, 4], "texture": "#8"},
				"west": {"uv": [0, 0, 2.75, 4], "texture": "#8"},
				"up": {"uv": [0, 0, 2.75, 4], "texture": "#8"},
				"down": {"uv": [0, 0, 2.75, 4], "texture": "#8"}
			}
		},
		{
			"from": [-3, 16, -1],
			"to": [-1, 18, 1],
			"faces": {
				"north": {"uv": [0, 0, 2.75, 4], "texture": "#8"},
				"east": {"uv": [0, 0, 2.75, 4], "texture": "#8"},
				"south": {"uv": [0, 0, 2.75, 4], "texture": "#8"},
				"west": {"uv": [0, 0, 2.75, 4], "texture": "#8"},
				"up": {"uv": [0, 0, 2.75, 4], "texture": "#8"},
				"down": {"uv": [0, 0, 2.75, 4], "texture": "#8"}
			}
		},
		{
			"from": [5, 16, -4],
			"to": [7, 18, -2],
			"rotation": {"angle": 22.5, "axis": "y", "origin": [8, 8, 8]},
			"faces": {
				"north": {"uv": [0, 0, 2.75, 4], "texture": "#10"},
				"east": {"uv": [0, 0, 2.75, 4], "texture": "#10"},
				"south": {"uv": [0, 0, 2.75, 4], "texture": "#10"},
				"west": {"uv": [0, 0, 2.75, 4], "texture": "#10"},
				"up": {"uv": [0, 0, 2.75, 4], "texture": "#10"},
				"down": {"uv": [0, 0, 2.75, 4], "texture": "#10"}
			}
		},
		{
			"from": [4, 16, -3],
			"to": [6, 18, -1],
			"faces": {
				"north": {"uv": [0, 0, 2.75, 4], "texture": "#9"},
				"east": {"uv": [0, 0, 2.75, 4], "texture": "#9"},
				"south": {"uv": [0, 0, 2.75, 4], "texture": "#9"},
				"west": {"uv": [0, 0, 2.75, 4], "texture": "#9"},
				"up": {"uv": [0, 0, 2.75, 4], "texture": "#9"},
				"down": {"uv": [0, 0, 2.75, 4], "texture": "#9"}
			}
		}
	],
	"display": {
		"thirdperson_righthand": {
			"translation": [-6, -2.5, 0],
			"scale": [0.32, 0.3, 0.3]
		},
		"thirdperson_lefthand": {
			"translation": [-6, 0, 0],
			"scale": [0.32, 0.23, 0.3]
		},
		"firstperson_righthand": {
			"scale": [0, 0, 0]
		},
		"firstperson_lefthand": {
			"scale": [0, 0, 0]
		},
		"gui": {
			"rotation": [13, 151, 0],
			"translation": [0, -2.25, 0],
			"scale": [0.27, 0.27, 0.27]
		},
		"fixed": {
			"rotation": [-90, 0, 0],
			"translation": [16.75, 0, -19],
			"scale": [2.5, 2.5, 2.5]
		}
	},
	"groups": [
		{
			"name": "general",
			"children": [
				{
					"name": "roues3",
					"children": [0, 1, 2, 3, 4, 5, 6, 7]
				}, 8, 9, 10, 11, 12, 13, 14, 15, 16, 17, 18, 19, 20, 21, 22, 23, 24, 25, 26, 27, 28, 29, 30, 31, 32, 33, 34, 35, 36, 37, 38, 39, 40, 41, 42, 43, 44, 45, 46, 47, 48, 49, 50, 51, 52, 53, 54, 55, 56, 57, 58, 59, 60, 61, 62, 63, 64, 65, 66, 67, 68, 69,
				{
					"name": "roues2",
					"children": [70, 71, 72, 73, 74, 75]
				},
				{
					"name": "roues",
					"children": [76, 77, 78, 79, 80, 81]
				}, 82, 83, 84, 85, 86, 87, 88, 89, 90, 91, 92, 93, 94, 95, 96, 97, 98, 99, 100,
				{
					"name": "roues4",
					"children": [101, 102, 103, 104, 105, 106]
				}, 107, 108, 109, 110, 111, 112]
		}
	]
}