{
"__comment": "Designed by Tachibana with BDcraft Cubik PRO 0.95 Beta - http://bdcraft.net",
"textures": {
    "particle": "block/3d/pillar",
    "texture": "block/3d/pillar"
},
"elements": [ 
{
    "__comment": "Elemant",
    "from": [ 5, 0, 5 ],
    "to": [ 11, 16, 11 ],
    "faces": {
        "down":  { "uv": [ 11, 11, 5, 5 ], "texture": "#texture", "cullface": "down" },
        "north": { "uv": [ 5, 0, 11, 16 ], "texture": "#texture" },
        "south": { "uv": [ 5, 0, 11, 16 ], "texture": "#texture" },
        "west":  { "uv": [ 5, 0, 11, 16 ], "texture": "#texture" },
        "east":  { "uv": [ 5, 0, 11, 16 ], "texture": "#texture" }
    }
},
{
    "__comment": "Elemant",
    "from": [ 5, 16, 5 ],
    "to": [ 11, 20, 11 ],
    "faces": {
        "up":    { "uv": [ 5, 5, 11, 11 ], "texture": "#texture", "cullface": "up" },
        "north": { "uv": [ 5, 12, 11, 16 ], "texture": "#texture" },
        "south": { "uv": [ 5, 12, 11, 16 ], "texture": "#texture" },
        "west":  { "uv": [ 5, 12, 11, 16 ], "texture": "#texture" },
        "east":  { "uv": [ 5, 12, 11, 16 ], "texture": "#texture" }
    }
},
{
    "__comment": "Elemant",
    "from": [ 5.5, 20, 5.5 ],
    "to": [ 10.5, 20.5, 10.5 ],
    "faces": {
        "up":    { "uv": [ 5.5, 5.5, 10.5, 10.5 ], "texture": "#texture", "cullface": "up" },
        "north": { "uv": [ 5.5, 11.5, 10.5, 12 ], "texture": "#texture", "cullface": "up" },
        "south": { "uv": [ 5.5, 11.5, 10.5, 12 ], "texture": "#texture", "cullface": "up" },
        "west":  { "uv": [ 5.5, 11.5, 10.5, 12 ], "texture": "#texture", "cullface": "up" },
        "east":  { "uv": [ 5.5, 11.5, 10.5, 12 ], "texture": "#texture", "cullface": "up" }
    }
},
{
    "__comment": "Elemant",
    "from": [ 6.5, 20.5, 6.5 ],
    "to": [ 9.5, 21, 9.5 ],
    "faces": {
        "up":    { "uv": [ 6.5, 6.5, 9.5, 9.5 ], "texture": "#texture", "cullface": "up" },
        "north": { "uv": [ 6.5, 11, 9.5, 11.5 ], "texture": "#texture", "cullface": "up" },
        "south": { "uv": [ 6.5, 11, 9.5, 11.5 ], "texture": "#texture", "cullface": "up" },
        "west":  { "uv": [ 6.5, 11, 9.5, 11.5 ], "texture": "#texture", "cullface": "up" },
        "east":  { "uv": [ 6.5, 11, 9.5, 11.5 ], "texture": "#texture", "cullface": "up" }
    }
},
{
    "__comment": "Elemant",
    "from": [ 7.5, 21, 7.5 ],
    "to": [ 8.5, 21.5, 8.5 ],
    "faces": {
        "up":    { "uv": [ 7.5, 7.5, 8.5, 8.5 ], "texture": "#texture", "cullface": "up" },
        "north": { "uv": [ 7.5, 10.5, 8.5, 11 ], "texture": "#texture", "cullface": "up" },
        "south": { "uv": [ 7.5, 10.5, 8.5, 11 ], "texture": "#texture", "cullface": "up" },
        "west":  { "uv": [ 7.5, 10.5, 8.5, 11 ], "texture": "#texture", "cullface": "up" },
        "east":  { "uv": [ 7.5, 10.5, 8.5, 11 ], "texture": "#texture", "cullface": "up" }
    }
}
]
}