{
"__comment": "Designed by Tachibana with BDcraft Cubik PRO 0.95 Beta - http://bdcraft.net",
"textures": {
    "particle": "block/3d/pillar",
    "texture": "block/3d/pillar"
},
"elements": [ 
{
    "__comment": "Elemant",
    "from": [ 5, 0, 5 ],
    "to": [ 11, 16, 11 ],
    "faces": {
        "down":  { "uv": [ 11, 11, 5, 5 ], "texture": "#texture", "cullface": "down" },
        "north": { "uv": [ 5, 0, 11, 16 ], "texture": "#texture" },
        "south": { "uv": [ 5, 0, 11, 16 ], "texture": "#texture" },
        "west":  { "uv": [ 5, 0, 11, 16 ], "texture": "#texture" },
        "east":  { "uv": [ 5, 0, 11, 16 ], "texture": "#texture" }
    }
},
{
    "__comment": "Elemant",
    "from": [ 5, 16, 5 ],
    "to": [ 11, 20, 11 ],
    "faces": {
        "up":    { "uv": [ 5, 5, 11, 11 ], "texture": "#texture", "cullface": "up" },
        "north": { "uv": [ 5, 12, 11, 16 ], "texture": "#texture" },
        "south": { "uv": [ 5, 12, 11, 16 ], "texture": "#texture" },
        "west":  { "uv": [ 5, 12, 11, 16 ], "texture": "#texture" },
        "east":  { "uv": [ 5, 12, 11, 16 ], "texture": "#texture" }
    }
},
{
    "__comment": "Elemant",
    "from": [ 5.5, 20, 5.5 ],
    "to": [ 10.5, 20.5, 10.5 ],
    "faces": {
        "up":    { "uv": [ 5.5, 5.5, 10.5, 10.5 ], "texture": "#texture", "cullface": "up" },
        "north": { "uv": [ 5.5, 11.5, 10.5, 12 ], "texture": "#texture", "cullface": "up" },
        "south": { "uv": [ 5.5, 11.5, 10.5, 12 ], "texture": "#texture", "cullface": "up" },
        "west":  { "uv": [ 5.5, 11.5, 10.5, 12 ], "texture": "#texture", "cullface": "up" },
        "east":  { "uv": [ 5.5, 11.5, 10.5, 12 ], "texture": "#texture", "cullface": "up" }
    }
},
{
    "__comment": "Elemant",
    "from": [ 6.5, 20.5, 6.5 ],
    "to": [ 9.5, 21, 9.5 ],
    "faces": {
        "up":    { "uv": [ 6.5, 6.5, 9.5, 9.5 ], "texture": "#texture", "cullface": "up" },
        "north": { "uv": [ 6.5, 11, 9.5, 11.5 ], "texture": "#texture", "cullface": "up" },
        "south": { "uv": [ 6.5, 11, 9.5, 11.5 ], "texture": "#texture", "cullface": "up" },
        "west":  { "uv": [ 6.5, 11, 9.5, 11.5 ], "texture": "#texture", "cullface": "up" },
        "east":  { "uv": [ 6.5, 11, 9.5, 11.5 ], "texture": "#texture", "cullface": "up" }
    }
},
{
    "__comment": "Elemant",
    "from": [ 7.5, 21, 7.5 ],
    "to": [ 8.5, 21.5, 8.5 ],
    "faces": {
        "up":    { "uv": [ 7.5, 7.5, 8.5, 8.5 ], "texture": "#texture", "cullface": "up" },
        "north": { "uv": [ 7.5, 10.5, 8.5, 11 ], "texture": "#texture", "cullface": "up" },
        "south": { "uv": [ 7.5, 10.5, 8.5, 11 ], "texture": "#texture", "cullface": "up" },
        "west":  { "uv": [ 7.5, 10.5, 8.5, 11 ], "texture": "#texture", "cullface": "up" },
        "east":  { "uv": [ 7.5, 10.5, 8.5, 11 ], "texture": "#texture", "cullface": "up" }
    }
},
{
    "from": [ 5.5, 14, 0 ],
    "to": [ 10.5, 16, 16 ],
    "faces": {
        "down":  { "uv": [ 10.5, 16, 5.5, 0 ], "texture": "#texture" },
        "up":    { "uv": [ 5.5, 0, 10.5, 16 ], "texture": "#texture" },
        "north": { "uv": [ 5.5, 0, 10.5, 2 ], "texture": "#texture", "cullface": "north" },
        "west":  { "uv": [ 0, 0, 16, 2 ], "texture": "#texture" },
        "east":  { "uv": [ 0, 0, 16, 2 ], "texture": "#texture" }
    }
},
{
    "from": [ 6, 16, 0 ],
    "to": [ 10, 16.5, 16 ],
    "faces": {
        "up":    { "uv": [ 6, 0, 10, 16 ], "texture": "#texture" },
        "north": { "uv": [ 6, 15.5, 10, 16 ], "texture": "#texture", "cullface": "north" },
        "west":  { "uv": [ 0, 15.5, 16, 16 ], "texture": "#texture" },
        "east":  { "uv": [ 0, 15.5, 16, 16 ], "texture": "#texture" }
    }
},
{
    "from": [ 7, 16.5, 0 ],
    "to": [ 9, 17, 16 ],
    "faces": {
        "up":    { "uv": [ 7, 0, 9, 16 ], "texture": "#texture" },
        "north": { "uv": [ 7, 15, 9, 15.5 ], "texture": "#texture", "cullface": "north" },
        "west":  { "uv": [ 0, 15, 16, 15.5 ], "texture": "#texture" },
        "east":  { "uv": [ 0, 15, 16, 15.5 ], "texture": "#texture" }
    }
},
{
    "from": [ 5.5, 0, 0 ],
    "to": [ 10.5, 2, 16 ],
    "faces": {
        "down":  { "uv": [ 10.5, 16, 5.5, 0 ], "texture": "#texture", "cullface": "down" },
        "up":    { "uv": [ 5.5, 0, 10.5, 16 ], "texture": "#texture" },
        "north": { "uv": [ 5.5, 14, 10.5, 16 ], "texture": "#texture", "cullface": "north" },
        "west":  { "uv": [ 0, 14, 16, 16 ], "texture": "#texture" },
        "east":  { "uv": [ 0, 14, 16, 16 ], "texture": "#texture" }
    }
},
{
    "from": [ 6, 2, 1 ],
    "to": [ 10, 14, 4 ],
    "faces": {
        "north": { "uv": [ 6, 2, 10, 14 ], "texture": "#texture" },
        "south": { "uv": [ 6, 2, 10, 14 ], "texture": "#texture" },
        "west":  { "uv": [ 1, 2, 4, 14 ], "texture": "#texture" },
        "east":  { "uv": [ 12, 2, 15, 14 ], "texture": "#texture" }
    }
},
{
    "from": [ 0, 14, 5.5 ],
    "to": [ 16, 16, 10.5 ],
    "faces": {
        "down":  { "uv": [ 16, 10.5, 0, 5.5 ], "texture": "#texture" },
        "up":    { "uv": [ 0, 5.5, 16, 10.5 ], "texture": "#texture" },
        "north": { "uv": [ 0, 0, 16, 2 ], "texture": "#texture", "cullface": "north" },
        "south": { "uv": [ 0, 0, 16, 2 ], "texture": "#texture" }
    }
},
{
    "from": [ 0, 16, 6 ],
    "to": [ 16, 16.5, 10 ],
    "faces": {
        "up":    { "uv": [ 0, 6, 16, 10 ], "texture": "#texture" },
        "north": { "uv": [ 0, 15.5, 16, 16 ], "texture": "#texture", "cullface": "north" },
        "south": { "uv": [ 0, 15.5, 16, 16 ], "texture": "#texture" }
    }
},
{
    "from": [ 0, 16.5, 7 ],
    "to": [ 16, 17, 9 ],
    "faces": {
        "up":    { "uv": [ 0, 7, 16, 9 ], "texture": "#texture" },
        "north": { "uv": [ 0, 15, 16, 15.5 ], "texture": "#texture", "cullface": "north" },
        "south": { "uv": [ 0, 15, 16, 15.5 ], "texture": "#texture" }
    }
},
{
    "from": [ 0, 0, 5.5 ],
    "to": [ 16, 2, 10.5 ],
    "faces": {
        "down":  { "uv": [ 16, 10.5, 0, 5.5 ], "texture": "#texture", "cullface": "down" },
        "up":    { "uv": [ 0, 5.5, 16, 10.5 ], "texture": "#texture" },
        "north": { "uv": [ 0, 14, 16, 16 ], "texture": "#texture", "cullface": "north" },
        "south": { "uv": [ 0, 14, 16, 16 ], "texture": "#texture" },
        "east":  { "uv": [ 5.5, 14, 10.5, 16 ], "texture": "#texture" }
    }
},
{
    "from": [ 12, 2, 6 ],
    "to": [ 15, 14, 10 ],
    "faces": {
        "north": { "uv": [ 1, 2, 4, 14 ], "texture": "#texture" },
        "south": { "uv": [ 12, 2, 15, 14 ], "texture": "#texture" },
        "west":  { "uv": [ 6, 2, 10, 14 ], "texture": "#texture" },
        "east":  { "uv": [ 6, 2, 10, 14 ], "texture": "#texture" }
    }
},
{
    "from": [ 6, 2, 12 ],
    "to": [ 10, 14, 15 ],
    "faces": {
        "north": { "uv": [ 6, 2, 10, 14 ], "texture": "#texture" },
        "south": { "uv": [ 6, 2, 10, 14 ], "texture": "#texture" },
        "west":  { "uv": [ 12, 2, 15, 14 ], "texture": "#texture" },
        "east":  { "uv": [ 1, 2, 4, 14 ], "texture": "#texture" }
    }
},
{
    "from": [ 1, 2, 6 ],
    "to": [ 4, 14, 10 ],
    "faces": {
        "north": { "uv": [ 12, 2, 15, 14 ], "texture": "#texture" },
        "south": { "uv": [ 1, 2, 4, 14 ], "texture": "#texture" },
        "west":  { "uv": [ 6, 2, 10, 14 ], "texture": "#texture" },
        "east":  { "uv": [ 6, 2, 10, 14 ], "texture": "#texture" }
    }
}
]
}