{
	"credit": "Made with Blockbench",
	"textures": {
		"2": "block/acacia_planks",
		"3": "block/jungle_planks",
		"5": "block/3d_objects/screenrestau01",
		"particle": "block/acacia_planks"
	},
	"elements": [
		{
			"from": [-15.75, -13.125, 2.25],
			"to": [-14.875, -12.25, 31.875],
			"rotation": {"angle": 0, "axis": "y", "origin": [-8.25, -5.125, 10.25]},
			"faces": {
				"north": {"uv": [0, 0, 16, 0.875], "texture": "#2"},
				"east": {"uv": [0, 0, 16, 0.875], "texture": "#2"},
				"south": {"uv": [0, 0, 16, 0.875], "texture": "#2"},
				"west": {"uv": [0, 0, 16, 0.875], "texture": "#2"},
				"up": {"uv": [0, 0, 16, 0.875], "texture": "#2"},
				"down": {"uv": [0, 0, 16, 0.875], "texture": "#2"}
			}
		},
		{
			"from": [31.4375, -12.125, 3.375],
			"to": [31.4375, 21.375, 31.5],
			"rotation": {"angle": 0, "axis": "y", "origin": [15.3125, 1.125, 38.125]},
			"faces": {
				"north": {"uv": [0, 0, 16, 16], "texture": "#3"},
				"east": {"uv": [2.375, 0, 14.188, 16], "texture": "#5"},
				"south": {"uv": [0, 0, 16, 16], "texture": "#3"},
				"west": {"uv": [0, 0, 16, 16], "texture": "#3"},
				"up": {"uv": [0, 0, 16, 16], "texture": "#3"},
				"down": {"uv": [0, 0, 16, 16], "texture": "#3"}
			}
		},
		{
			"from": [30.625, -6.875, 30.625],
			"to": [32, 25.125, 32],
			"rotation": {"angle": 0, "axis": "y", "origin": [38.625, 1.125, 38.625]},
			"faces": {
				"north": {"uv": [0, 0, 1.375, 16], "texture": "#2"},
				"east": {"uv": [0, 0, 1.375, 16], "texture": "#2"},
				"south": {"uv": [0, 0, 1.375, 16], "texture": "#2"},
				"west": {"uv": [0, 0, 1.375, 16], "texture": "#2"},
				"up": {"uv": [0, 0, 1.375, 16], "texture": "#2"},
				"down": {"uv": [0, 0, 1.375, 16], "texture": "#2"}
			}
		},
		{
			"from": [7.3125, -16, 30.625],
			"to": [8.6875, 25.125, 32],
			"rotation": {"angle": 0, "axis": "y", "origin": [15.3125, 1.125, 38.625]},
			"faces": {
				"north": {"uv": [0, 0, 1.375, 16], "texture": "#2"},
				"east": {"uv": [0, 0, 1.375, 16], "texture": "#2"},
				"south": {"uv": [0, 0, 1.375, 16], "texture": "#2"},
				"west": {"uv": [0, 0, 1.375, 16], "texture": "#2"},
				"up": {"uv": [0, 0, 1.375, 16], "texture": "#2"},
				"down": {"uv": [0, 0, 1.375, 16], "texture": "#2"}
			}
		},
		{
			"from": [30.875, -12.875, 2.25],
			"to": [31.75, -12, 31.875],
			"rotation": {"angle": 0, "axis": "y", "origin": [38.375, -4.875, 10.25]},
			"faces": {
				"north": {"uv": [0, 0, 16, 0.875], "texture": "#2"},
				"east": {"uv": [0, 0, 16, 0.875], "texture": "#2"},
				"south": {"uv": [0, 0, 16, 0.875], "texture": "#2"},
				"west": {"uv": [0, 0, 16, 0.875], "texture": "#2"},
				"up": {"uv": [0, 0, 16, 0.875], "texture": "#2"},
				"down": {"uv": [0, 0, 16, 0.875], "texture": "#2"}
			}
		},
		{
			"from": [30.875, 21.25, 2.25],
			"to": [31.75, 22.125, 31.875],
			"rotation": {"angle": 0, "axis": "y", "origin": [38.375, 29.25, 10.25]},
			"faces": {
				"north": {"uv": [0, 0, 16, 0.875], "texture": "#2"},
				"east": {"uv": [0, 0, 16, 0.875], "texture": "#2"},
				"south": {"uv": [0, 0, 16, 0.875], "texture": "#2"},
				"west": {"uv": [0, 0, 16, 0.875], "texture": "#2"},
				"up": {"uv": [0, 0, 16, 0.875], "texture": "#2"},
				"down": {"uv": [0, 0, 16, 0.875], "texture": "#2"}
			}
		},
		{
			"from": [-15.75, 21.125, 2.25],
			"to": [-14.875, 22, 31.875],
			"rotation": {"angle": 0, "axis": "y", "origin": [-8.25, 29.125, 10.25]},
			"faces": {
				"north": {"uv": [0, 0, 16, 0.875], "texture": "#2"},
				"east": {"uv": [0, 0, 16, 0.875], "texture": "#2"},
				"south": {"uv": [0, 0, 16, 0.875], "texture": "#2"},
				"west": {"uv": [0, 0, 16, 0.875], "texture": "#2"},
				"up": {"uv": [0, 0, 16, 0.875], "texture": "#2"},
				"down": {"uv": [0, 0, 16, 0.875], "texture": "#2"}
			}
		},
		{
			"from": [-14.625, -13.125, 30.875],
			"to": [31.125, -12.25, 31.75],
			"rotation": {"angle": 0, "axis": "y", "origin": [-8.25, -5.125, 10.125]},
			"faces": {
				"north": {"uv": [0, 0, 0.875, 0.875], "texture": "#2"},
				"east": {"uv": [0, 0, 0.875, 0.875], "texture": "#2"},
				"south": {"uv": [0, 0, 0.875, 0.875], "texture": "#2"},
				"west": {"uv": [0, 0, 0.875, 0.875], "texture": "#2"},
				"up": {"uv": [0, 0, 0.875, 0.875], "texture": "#2"},
				"down": {"uv": [0, 0, 0.875, 0.875], "texture": "#2"}
			}
		},
		{
			"from": [-15.875, -15.875, 2.25],
			"to": [-14.5, 25.125, 3.625],
			"rotation": {"angle": 0, "axis": "y", "origin": [-7.875, 1.125, 10.25]},
			"faces": {
				"north": {"uv": [0, 0, 1.375, 16], "texture": "#2"},
				"east": {"uv": [0, 0, 1.375, 16], "texture": "#2"},
				"south": {"uv": [0, 0, 1.375, 16], "texture": "#2"},
				"west": {"uv": [0, 0, 1.375, 16], "texture": "#2"},
				"up": {"uv": [0, 0, 1.375, 16], "texture": "#2"},
				"down": {"uv": [0, 0, 1.375, 16], "texture": "#2"}
			}
		},
		{
			"from": [-15.875, -15.875, 30.625],
			"to": [-14.5, 25.125, 32],
			"rotation": {"angle": 0, "axis": "y", "origin": [-7.875, 1.125, 38.625]},
			"faces": {
				"north": {"uv": [0, 0, 1.375, 16], "texture": "#2"},
				"east": {"uv": [0, 0, 1.375, 16], "texture": "#2"},
				"south": {"uv": [0, 0, 1.375, 16], "texture": "#2"},
				"west": {"uv": [0, 0, 1.375, 16], "texture": "#2"},
				"up": {"uv": [0, 0, 1.375, 16], "texture": "#2"},
				"down": {"uv": [0, 0, 1.375, 16], "texture": "#2"}
			}
		},
		{
			"from": [30.5, -15.875, 30.625],
			"to": [31.875, 25.125, 32],
			"rotation": {"angle": 0, "axis": "y", "origin": [38.5, 1.125, 38.625]},
			"faces": {
				"north": {"uv": [0, 0, 1.375, 16], "texture": "#2"},
				"east": {"uv": [0, 0, 1.375, 16], "texture": "#2"},
				"south": {"uv": [0, 0, 1.375, 16], "texture": "#2"},
				"west": {"uv": [0, 0, 1.375, 16], "texture": "#2"},
				"up": {"uv": [0, 0, 1.375, 16], "texture": "#2"},
				"down": {"uv": [0, 0, 1.375, 16], "texture": "#2"}
			}
		},
		{
			"from": [30.625, -15.875, 2.25],
			"to": [32, 25.125, 3.625],
			"rotation": {"angle": 0, "axis": "y", "origin": [38.625, 1.125, 10.25]},
			"faces": {
				"north": {"uv": [0, 0, 1.375, 16], "texture": "#2"},
				"east": {"uv": [0, 0, 1.375, 16], "texture": "#2"},
				"south": {"uv": [0, 0, 1.375, 16], "texture": "#2"},
				"west": {"uv": [0, 0, 1.375, 16], "texture": "#2"},
				"up": {"uv": [0, 0, 1.375, 16], "texture": "#2"},
				"down": {"uv": [0, 0, 1.375, 16], "texture": "#2"}
			}
		},
		{
			"from": [-14.625, 21.25, 30.875],
			"to": [31.125, 22.125, 31.75],
			"rotation": {"angle": 0, "axis": "y", "origin": [-8.25, 29.25, 10.125]},
			"faces": {
				"north": {"uv": [0, 0, 0.875, 0.875], "texture": "#2"},
				"east": {"uv": [0, 0, 0.875, 0.875], "texture": "#2"},
				"south": {"uv": [0, 0, 0.875, 0.875], "texture": "#2"},
				"west": {"uv": [0, 0, 0.875, 0.875], "texture": "#2"},
				"up": {"uv": [0, 0, 0.875, 0.875], "texture": "#2"},
				"down": {"uv": [0, 0, 0.875, 0.875], "texture": "#2"}
			}
		},
		{
			"from": [-13.1875, 21.875, -2.125],
			"to": [29.1875, 25.125, -1.75],
			"rotation": {"angle": 0, "axis": "y", "origin": [-7.8125, 1.125, 10.25]},
			"faces": {
				"north": {"uv": [0, 0, 0.375, 3.25], "texture": "#3"},
				"east": {"uv": [0, 0, 0.375, 3.25], "texture": "#3"},
				"south": {"uv": [0, 0, 0.375, 3.25], "texture": "#3"},
				"west": {"uv": [0, 0, 0.375, 3.25], "texture": "#3"},
				"up": {"uv": [0, 0, 0.375, 3.25], "texture": "#3"},
				"down": {"uv": [0, 0, 0.375, 3.25], "texture": "#3"}
			}
		},
		{
			"from": [-15.4375, -12.375, 3.375],
			"to": [-15.4375, 21.375, 31.5],
			"rotation": {"angle": 0, "axis": "y", "origin": [0.6875, 1.125, 38.125]},
			"faces": {
				"north": {"uv": [16, 0, 0, 16], "texture": "#3"},
				"east": {"uv": [16, 0, 0, 16], "texture": "#3"},
				"south": {"uv": [16, 0, 0, 16], "texture": "#3"},
				"west": {"uv": [2.375, 0, 14.188, 16], "texture": "#5"},
				"up": {"uv": [16, 0, 0, 16], "texture": "#3"},
				"down": {"uv": [16, 0, 0, 16], "texture": "#3"}
			}
		},
		{
			"from": [-16, -6.875, 30.625],
			"to": [-14.625, 25.125, 32],
			"rotation": {"angle": 0, "axis": "y", "origin": [-8, 1.125, 38.625]},
			"faces": {
				"north": {"uv": [0, 0, 1.375, 16], "texture": "#2"},
				"east": {"uv": [0, 0, 1.375, 16], "texture": "#2"},
				"south": {"uv": [0, 0, 1.375, 16], "texture": "#2"},
				"west": {"uv": [0, 0, 1.375, 16], "texture": "#2"},
				"up": {"uv": [0, 0, 1.375, 16], "texture": "#2"},
				"down": {"uv": [0, 0, 1.375, 16], "texture": "#2"}
			}
		},
		{
			"from": [-15.875, 23.125, -1.75],
			"to": [32, 25.125, 32],
			"rotation": {"angle": 0, "axis": "y", "origin": [-7.875, 1.125, 10.25]},
			"faces": {
				"north": {"uv": [0, 0, 16, 2], "texture": "#2"},
				"east": {"uv": [0, 0, 16, 2], "texture": "#2"},
				"south": {"uv": [0, 0, 16, 2], "texture": "#2"},
				"west": {"uv": [0, 0, 16, 2], "texture": "#2"},
				"up": {"uv": [0, 0, 16, 2], "texture": "#2"},
				"down": {"uv": [0, 0, 16, 2], "texture": "#2"}
			}
		},
		{
			"from": [30.625, -6.875, 2.25],
			"to": [32, 25.125, 3.625],
			"rotation": {"angle": 0, "axis": "y", "origin": [38.625, 1.125, 10.25]},
			"faces": {
				"north": {"uv": [0, 0, 1.375, 16], "texture": "#2"},
				"east": {"uv": [0, 0, 1.375, 16], "texture": "#2"},
				"south": {"uv": [0, 0, 1.375, 16], "texture": "#2"},
				"west": {"uv": [0, 0, 1.375, 16], "texture": "#2"},
				"up": {"uv": [0, 0, 1.375, 16], "texture": "#2"},
				"down": {"uv": [0, 0, 1.375, 16], "texture": "#2"}
			}
		}
	],
	"display": {
		"thirdperson_righthand": {
			"scale": [0.25, 0.26, 0.25]
		},
		"thirdperson_lefthand": {
			"scale": [0.28, 0.27, 0.26]
		},
		"firstperson_righthand": {
			"scale": [0, 0, 0]
		},
		"firstperson_lefthand": {
			"scale": [0, 0, 0]
		},
		"gui": {
			"rotation": [15, 145, 0],
			"translation": [-1.25, -2.5, 0],
			"scale": [0.26, 0.26, 0.27]
		}
	},
	"groups": [
		{
			"name": "group",
			"origin": [0.6875, 8, 38.125],
			"color": 0,
			"children": [0, 1, 2, 3, 4, 5, 6, 7, 8, 9, 10, 11, 12, 13, 14, 15, 16, 17]
		}
	]
}