{
	"credit": "Made with Blockbench",
	"textures": {
		"1": "block/3d_objects/props02a",
		"particle": "block/acacia_planks"
	},
	"elements": [
		{
			"from": [0, -16, 0],
			"to": [16.125, -13.625, 16],
			"rotation": {"angle": 0, "axis": "y", "origin": [8, -9.125, 8]},
			"faces": {
				"north": {"uv": [5.844, 4.657, 6.156, 6.03], "texture": "#1"},
				"east": {"uv": [5.844, 4.657, 6.156, 6.03], "texture": "#1"},
				"south": {"uv": [5.844, 4.657, 6.156, 6.03], "texture": "#1"},
				"west": {"uv": [5.844, 4.657, 6.156, 6.03], "texture": "#1"},
				"up": {"uv": [5.844, 4.657, 6.156, 6.03], "texture": "#1"},
				"down": {"uv": [5.844, 4.657, 6.156, 6.03], "texture": "#1"}
			}
		},
		{
			"from": [0, -13.625, 0],
			"to": [16.125, 16, 16],
			"rotation": {"angle": 0, "axis": "y", "origin": [8, -8, 8]},
			"faces": {
				"north": {"uv": [0.594, 0.5, 4.375, 8.093], "texture": "#1"},
				"east": {"uv": [9.688, 0.407, 5.688, 9.094], "texture": "#1"},
				"south": {"uv": [6.594, 0.407, 9.688, 9.093], "texture": "#1"},
				"west": {"uv": [5.688, 0.407, 9.813, 9.092], "texture": "#1"},
				"up": {"uv": [5.719, 0.844, 6.063, 1.718], "texture": "#1"},
				"down": {"uv": [5.719, 0.844, 6.063, 1.718], "texture": "#1"}
			}
		},
		{
			"from": [0, -9.625, -0.125],
			"to": [2.625, 8.125, 0],
			"rotation": {"angle": 0, "axis": "y", "origin": [8, -8, 8]},
			"faces": {
				"north": {"uv": [3.938, 2.407, 4.469, 6.406], "texture": "#1"},
				"east": {"uv": [9.688, 0.407, 5.688, 9.094], "texture": "#1"},
				"south": {"uv": [6.594, 0.407, 9.688, 9.093], "texture": "#1"},
				"west": {"uv": [5.688, 0.407, 10.063, 9.093], "texture": "#1"},
				"up": {"uv": [5.719, 0.844, 6.063, 1.718], "texture": "#1"},
				"down": {"uv": [5.719, 0.844, 6.063, 1.718], "texture": "#1"}
			}
		}
	],
	"display": {
		"thirdperson_righthand": {
			"scale": [0.25, 0.26, 0.25]
		},
		"thirdperson_lefthand": {
			"scale": [0.28, 0.27, 0.26]
		},
		"firstperson_righthand": {
			"scale": [0, 0, 0]
		},
		"firstperson_lefthand": {
			"scale": [0, 0, 0]
		},
		"gui": {
			"rotation": [27, 143, 0],
			"translation": [0, -2.5, 0],
			"scale": [0.35, 0.37, 0.37]
		}
	},
	"groups": [
		{
			"name": "group",
			"origin": [8, 8, 8],
			"color": 0,
			"children": [0, 1, 2]
		}
	]
}