{
	"credit": "Made with Blockbench",
	"textures": {
		"0": "block/3d_objects/props07a",
		"particle": "block/birch_planks"
	},
	"elements": [
		{
			"from": [5.375, -16, 5.125],
			"to": [10.625, -15.125, 10.875],
			"rotation": {"angle": 0, "axis": "y", "origin": [13.375, -8, 13.125]},
			"faces": {
				"north": {"uv": [1, 12.875, 4.063, 14.124], "texture": "#0"},
				"east": {"uv": [1, 12.875, 4.063, 14.124], "texture": "#0"},
				"south": {"uv": [1, 12.875, 4.063, 14.124], "texture": "#0"},
				"west": {"uv": [1, 12.875, 4.063, 14.124], "texture": "#0"},
				"up": {"uv": [1, 12.875, 4.063, 14.124], "texture": "#0"},
				"down": {"uv": [1, 12.875, 4.063, 14.124], "texture": "#0"}
			}
		},
		{
			"from": [5.8125, -16, 5.6875],
			"to": [10.1875, 4, 10.3125],
			"rotation": {"angle": 0, "axis": "y", "origin": [12.9375, -8, 12.5625]},
			"faces": {
				"north": {"uv": [1.125, 1.063, 3.875, 14.188], "texture": "#0"},
				"east": {"uv": [1.125, 1.063, 3.875, 14.188], "texture": "#0"},
				"south": {"uv": [1.125, 1.063, 3.875, 14.188], "texture": "#0"},
				"west": {"uv": [1.125, 1.063, 3.875, 14.188], "texture": "#0"},
				"up": {"uv": [1.063, 4.938, 3.813, 7.938], "texture": "#0"},
				"down": {"uv": [1.125, 1.063, 3.875, 14.188], "texture": "#0"}
			}
		}
	],
	"display": {
		"gui": {
			"rotation": [20, 46, 0],
			"translation": [0, 9, 0],
			"scale": [0.7, 0.68, 0.67]
		}
	},
	"groups": [
		{
			"name": "group",
			"origin": [8, 8, 8],
			"color": 0,
			"children": [0, 1]
		}
	]
}