{
	"credit": "Made with Blockbench",
	"textures": {
		"5": "block/3d_objects/props03a",
		"6": "block/3d_objects/props08a",
		"particle": "block/acacia_planks",
		"1_0": "block/acacia_planks",
		"1_1": "block/light_gray_wool",
		"1_3": "block/green_wool"
	},
	"elements": [
		{
			"from": [1, -14.625, 2.5],
			"to": [2.5, -14.375, 2.625],
			"rotation": {"angle": 0, "axis": "y", "origin": [8, -8, 8]},
			"faces": {
				"north": {"uv": [0, 0, 0.09375, 0.01563], "texture": "#1_0"},
				"east": {"uv": [0, 0, 0.09375, 0.01563], "texture": "#1_0"},
				"south": {"uv": [0, 0, 0.09375, 0.01563], "texture": "#1_0"},
				"west": {"uv": [0, 0, 0.09375, 0.01563], "texture": "#1_0"},
				"up": {"uv": [0, 0, 0.09375, 0.01563], "texture": "#1_0"},
				"down": {"uv": [0, 0, 0.09375, 0.01563], "texture": "#1_0"}
			}
		},
		{
			"from": [1.25, -14.75, 0.875],
			"to": [1.375, -14.625, 1],
			"rotation": {"angle": 0, "axis": "y", "origin": [8, -8, 8]},
			"faces": {
				"north": {"uv": [0, 0, 0.00781, 0.00781], "texture": "#1_0"},
				"east": {"uv": [0, 0, 0.00781, 0.00781], "texture": "#1_0"},
				"south": {"uv": [0, 0, 0.00781, 0.00781], "texture": "#1_0"},
				"west": {"uv": [0, 0, 0.00781, 0.00781], "texture": "#1_0"},
				"up": {"uv": [0, 0, 0.00781, 0.00781], "texture": "#1_0"},
				"down": {"uv": [0, 0, 0.00781, 0.00781], "texture": "#1_0"}
			}
		},
		{
			"from": [2.125, -14.75, 0.875],
			"to": [2.25, -14.625, 1],
			"rotation": {"angle": 0, "axis": "y", "origin": [8, -8, 8]},
			"faces": {
				"north": {"uv": [0, 0, 0.00781, 0.00781], "texture": "#1_0"},
				"east": {"uv": [0, 0, 0.00781, 0.00781], "texture": "#1_0"},
				"south": {"uv": [0, 0, 0.00781, 0.00781], "texture": "#1_0"},
				"west": {"uv": [0, 0, 0.00781, 0.00781], "texture": "#1_0"},
				"up": {"uv": [0, 0, 0.00781, 0.00781], "texture": "#1_0"},
				"down": {"uv": [0, 0, 0.00781, 0.00781], "texture": "#1_0"}
			}
		},
		{
			"from": [1.25, -14.75, 2.5],
			"to": [1.375, -14.625, 2.625],
			"rotation": {"angle": 0, "axis": "y", "origin": [8, -8, 8]},
			"faces": {
				"north": {"uv": [0, 0, 0.00781, 0.00781], "texture": "#1_0"},
				"east": {"uv": [0, 0, 0.00781, 0.00781], "texture": "#1_0"},
				"south": {"uv": [0, 0, 0.00781, 0.00781], "texture": "#1_0"},
				"west": {"uv": [0, 0, 0.00781, 0.00781], "texture": "#1_0"},
				"up": {"uv": [0, 0, 0.00781, 0.00781], "texture": "#1_0"},
				"down": {"uv": [0, 0, 0.00781, 0.00781], "texture": "#1_0"}
			}
		},
		{
			"from": [1.25, -15.625, 0.875],
			"to": [1.375, -15.5, 1],
			"rotation": {"angle": 0, "axis": "y", "origin": [8, -8, 8]},
			"faces": {
				"north": {"uv": [0, 0, 0.00781, 0.00781], "texture": "#1_0"},
				"east": {"uv": [0, 0, 0.00781, 0.00781], "texture": "#1_0"},
				"south": {"uv": [0, 0, 0.00781, 0.00781], "texture": "#1_0"},
				"west": {"uv": [0, 0, 0.00781, 0.00781], "texture": "#1_0"},
				"up": {"uv": [0, 0, 0.00781, 0.00781], "texture": "#1_0"},
				"down": {"uv": [0, 0, 0.00781, 0.00781], "texture": "#1_0"}
			}
		},
		{
			"from": [0.875, -15.625, 2.5],
			"to": [1.25, -14.625, 2.625],
			"rotation": {"angle": 0, "axis": "y", "origin": [8, -8, 8]},
			"faces": {
				"north": {"uv": [0, 0, 0.02344, 0.0625], "texture": "#1_0"},
				"east": {"uv": [0, 0, 0.02344, 0.0625], "texture": "#1_0"},
				"south": {"uv": [0, 0, 0.02344, 0.0625], "texture": "#1_0"},
				"west": {"uv": [0, 0, 0.02344, 0.0625], "texture": "#1_0"},
				"up": {"uv": [0, 0, 0.02344, 0.0625], "texture": "#1_0"},
				"down": {"uv": [0, 0, 0.02344, 0.0625], "texture": "#1_0"}
			}
		},
		{
			"from": [0.875, -15.625, 0.875],
			"to": [1.25, -14.625, 1],
			"rotation": {"angle": 0, "axis": "y", "origin": [8, -8, 8]},
			"faces": {
				"north": {"uv": [0, 0, 0.02344, 0.0625], "texture": "#1_0"},
				"east": {"uv": [0, 0, 0.02344, 0.0625], "texture": "#1_0"},
				"south": {"uv": [0, 0, 0.02344, 0.0625], "texture": "#1_0"},
				"west": {"uv": [0, 0, 0.02344, 0.0625], "texture": "#1_0"},
				"up": {"uv": [0, 0, 0.02344, 0.0625], "texture": "#1_0"},
				"down": {"uv": [0, 0, 0.02344, 0.0625], "texture": "#1_0"}
			}
		},
		{
			"from": [1.25, -16, 1],
			"to": [2.25, -15.875, 2.5],
			"rotation": {"angle": 0, "axis": "y", "origin": [8, -8, 8]},
			"faces": {
				"north": {"uv": [0, 0, 0.0625, 0.00781], "texture": "#1_0"},
				"east": {"uv": [0, 0, 0.0625, 0.00781], "texture": "#1_0"},
				"south": {"uv": [0, 0, 0.0625, 0.00781], "texture": "#1_0"},
				"west": {"uv": [0, 0, 0.0625, 0.00781], "texture": "#1_0"},
				"up": {"uv": [0, 0, 0.0625, 0.00781], "texture": "#1_0"},
				"down": {"uv": [0, 0, 0.0625, 0.00781], "texture": "#1_0"}
			}
		},
		{
			"from": [1.25, -14.375, 1],
			"to": [2.25, -14.25, 2.5],
			"rotation": {"angle": 0, "axis": "y", "origin": [8, -8, 8]},
			"faces": {
				"north": {"uv": [0, 0, 0.0625, 0.00781], "texture": "#1_0"},
				"east": {"uv": [0, 0, 0.0625, 0.00781], "texture": "#1_0"},
				"south": {"uv": [0, 0, 0.0625, 0.00781], "texture": "#1_0"},
				"west": {"uv": [0, 0, 0.0625, 0.00781], "texture": "#1_0"},
				"up": {"uv": [0, 0, 0.0625, 0.00781], "texture": "#1_0"},
				"down": {"uv": [0, 0, 0.0625, 0.00781], "texture": "#1_0"}
			}
		},
		{
			"from": [1.25, -14.375, 2.5],
			"to": [2.25, -14.25, 2.625],
			"rotation": {"angle": 0, "axis": "y", "origin": [8, -8, 8]},
			"faces": {
				"north": {"uv": [0, 0, 0.0625, 0.00781], "texture": "#1_0"},
				"east": {"uv": [0, 0, 0.0625, 0.00781], "texture": "#1_0"},
				"south": {"uv": [0, 0, 0.0625, 0.00781], "texture": "#1_0"},
				"west": {"uv": [0, 0, 0.0625, 0.00781], "texture": "#1_0"},
				"up": {"uv": [0, 0, 0.0625, 0.00781], "texture": "#1_0"},
				"down": {"uv": [0, 0, 0.0625, 0.00781], "texture": "#1_0"}
			}
		},
		{
			"from": [2.5, -15.625, 1],
			"to": [2.625, -14.625, 2.5],
			"rotation": {"angle": 0, "axis": "y", "origin": [8, -8, 8]},
			"faces": {
				"north": {"uv": [0, 0, 0.00781, 0.0625], "texture": "#1_0"},
				"east": {"uv": [0, 0, 0.00781, 0.0625], "texture": "#1_0"},
				"south": {"uv": [0, 0, 0.00781, 0.0625], "texture": "#1_0"},
				"west": {"uv": [0, 0, 0.00781, 0.0625], "texture": "#1_0"},
				"up": {"uv": [0, 0, 0.00781, 0.0625], "texture": "#1_0"},
				"down": {"uv": [0, 0, 0.00781, 0.0625], "texture": "#1_0"}
			}
		},
		{
			"from": [2.125, -14.75, 2.5],
			"to": [2.25, -14.625, 2.625],
			"rotation": {"angle": 0, "axis": "y", "origin": [8, -8, 8]},
			"faces": {
				"north": {"uv": [0, 0, 0.00781, 0.00781], "texture": "#1_0"},
				"east": {"uv": [0, 0, 0.00781, 0.00781], "texture": "#1_0"},
				"south": {"uv": [0, 0, 0.00781, 0.00781], "texture": "#1_0"},
				"west": {"uv": [0, 0, 0.00781, 0.00781], "texture": "#1_0"},
				"up": {"uv": [0, 0, 0.00781, 0.00781], "texture": "#1_0"},
				"down": {"uv": [0, 0, 0.00781, 0.00781], "texture": "#1_0"}
			}
		},
		{
			"from": [0.875, -15.625, 1],
			"to": [1, -14.625, 2.5],
			"rotation": {"angle": 0, "axis": "y", "origin": [8, -8, 8]},
			"faces": {
				"north": {"uv": [0, 0, 0.00781, 0.0625], "texture": "#1_0"},
				"east": {"uv": [0, 0, 0.00781, 0.0625], "texture": "#1_0"},
				"south": {"uv": [0, 0, 0.00781, 0.0625], "texture": "#1_0"},
				"west": {"uv": [0, 0, 0.00781, 0.0625], "texture": "#1_0"},
				"up": {"uv": [0, 0, 0.00781, 0.0625], "texture": "#1_0"},
				"down": {"uv": [0, 0, 0.00781, 0.0625], "texture": "#1_0"}
			}
		},
		{
			"from": [1.25, -15.625, 2.5],
			"to": [1.375, -15.5, 2.625],
			"rotation": {"angle": 0, "axis": "y", "origin": [8, -8, 8]},
			"faces": {
				"north": {"uv": [0, 0, 0.00781, 0.00781], "texture": "#1_0"},
				"east": {"uv": [0, 0, 0.00781, 0.00781], "texture": "#1_0"},
				"south": {"uv": [0, 0, 0.00781, 0.00781], "texture": "#1_0"},
				"west": {"uv": [0, 0, 0.00781, 0.00781], "texture": "#1_0"},
				"up": {"uv": [0, 0, 0.00781, 0.00781], "texture": "#1_0"},
				"down": {"uv": [0, 0, 0.00781, 0.00781], "texture": "#1_0"}
			}
		},
		{
			"from": [1.25, -16, 2.5],
			"to": [2.25, -15.875, 2.625],
			"rotation": {"angle": 0, "axis": "y", "origin": [8, -8, 8]},
			"faces": {
				"north": {"uv": [0, 0, 0.0625, 0.00781], "texture": "#1_0"},
				"east": {"uv": [0, 0, 0.0625, 0.00781], "texture": "#1_0"},
				"south": {"uv": [0, 0, 0.0625, 0.00781], "texture": "#1_0"},
				"west": {"uv": [0, 0, 0.0625, 0.00781], "texture": "#1_0"},
				"up": {"uv": [0, 0, 0.0625, 0.00781], "texture": "#1_0"},
				"down": {"uv": [0, 0, 0.0625, 0.00781], "texture": "#1_0"}
			}
		},
		{
			"from": [2.125, -15.625, 2.5],
			"to": [2.25, -15.5, 2.625],
			"rotation": {"angle": 0, "axis": "y", "origin": [8, -8, 8]},
			"faces": {
				"north": {"uv": [0, 0, 0.00781, 0.00781], "texture": "#1_0"},
				"east": {"uv": [0, 0, 0.00781, 0.00781], "texture": "#1_0"},
				"south": {"uv": [0, 0, 0.00781, 0.00781], "texture": "#1_0"},
				"west": {"uv": [0, 0, 0.00781, 0.00781], "texture": "#1_0"},
				"up": {"uv": [0, 0, 0.00781, 0.00781], "texture": "#1_0"},
				"down": {"uv": [0, 0, 0.00781, 0.00781], "texture": "#1_0"}
			}
		},
		{
			"from": [2.25, -15.625, 2.5],
			"to": [2.625, -14.625, 2.625],
			"rotation": {"angle": 0, "axis": "y", "origin": [8, -8, 8]},
			"faces": {
				"north": {"uv": [0, 0, 0.02344, 0.0625], "texture": "#1_0"},
				"east": {"uv": [0, 0, 0.02344, 0.0625], "texture": "#1_0"},
				"south": {"uv": [0, 0, 0.02344, 0.0625], "texture": "#1_0"},
				"west": {"uv": [0, 0, 0.02344, 0.0625], "texture": "#1_0"},
				"up": {"uv": [0, 0, 0.02344, 0.0625], "texture": "#1_0"},
				"down": {"uv": [0, 0, 0.02344, 0.0625], "texture": "#1_0"}
			}
		},
		{
			"from": [1, -15.875, 2.5],
			"to": [2.5, -15.625, 2.625],
			"rotation": {"angle": 0, "axis": "y", "origin": [8, -8, 8]},
			"faces": {
				"north": {"uv": [0, 0, 0.09375, 0.01563], "texture": "#1_0"},
				"east": {"uv": [0, 0, 0.09375, 0.01563], "texture": "#1_0"},
				"south": {"uv": [0, 0, 0.09375, 0.01563], "texture": "#1_0"},
				"west": {"uv": [0, 0, 0.09375, 0.01563], "texture": "#1_0"},
				"up": {"uv": [0, 0, 0.09375, 0.01563], "texture": "#1_0"},
				"down": {"uv": [0, 0, 0.09375, 0.01563], "texture": "#1_0"}
			}
		},
		{
			"from": [2.125, -15.625, 0.875],
			"to": [2.25, -15.5, 1],
			"rotation": {"angle": 0, "axis": "y", "origin": [8, -8, 8]},
			"faces": {
				"north": {"uv": [0, 0, 0.00781, 0.00781], "texture": "#1_0"},
				"east": {"uv": [0, 0, 0.00781, 0.00781], "texture": "#1_0"},
				"south": {"uv": [0, 0, 0.00781, 0.00781], "texture": "#1_0"},
				"west": {"uv": [0, 0, 0.00781, 0.00781], "texture": "#1_0"},
				"up": {"uv": [0, 0, 0.00781, 0.00781], "texture": "#1_0"},
				"down": {"uv": [0, 0, 0.00781, 0.00781], "texture": "#1_0"}
			}
		},
		{
			"from": [2.25, -15.625, 0.875],
			"to": [2.625, -14.625, 1],
			"rotation": {"angle": 0, "axis": "y", "origin": [8, -8, 8]},
			"faces": {
				"north": {"uv": [0, 0, 0.02344, 0.0625], "texture": "#1_0"},
				"east": {"uv": [0, 0, 0.02344, 0.0625], "texture": "#1_0"},
				"south": {"uv": [0, 0, 0.02344, 0.0625], "texture": "#1_0"},
				"west": {"uv": [0, 0, 0.02344, 0.0625], "texture": "#1_0"},
				"up": {"uv": [0, 0, 0.02344, 0.0625], "texture": "#1_0"},
				"down": {"uv": [0, 0, 0.02344, 0.0625], "texture": "#1_0"}
			}
		},
		{
			"from": [1, -15.875, 0.875],
			"to": [2.5, -15.625, 1],
			"rotation": {"angle": 0, "axis": "y", "origin": [8, -8, 8]},
			"faces": {
				"north": {"uv": [0, 0, 0.09375, 0.01563], "texture": "#1_0"},
				"east": {"uv": [0, 0, 0.09375, 0.01563], "texture": "#1_0"},
				"south": {"uv": [0, 0, 0.09375, 0.01563], "texture": "#1_0"},
				"west": {"uv": [0, 0, 0.09375, 0.01563], "texture": "#1_0"},
				"up": {"uv": [0, 0, 0.09375, 0.01563], "texture": "#1_0"},
				"down": {"uv": [0, 0, 0.09375, 0.01563], "texture": "#1_0"}
			}
		},
		{
			"from": [1, -14.625, 0.875],
			"to": [2.5, -14.375, 1],
			"rotation": {"angle": 0, "axis": "y", "origin": [8, -8, 8]},
			"faces": {
				"north": {"uv": [0, 0, 0.09375, 0.01563], "texture": "#1_0"},
				"east": {"uv": [0, 0, 0.09375, 0.01563], "texture": "#1_0"},
				"south": {"uv": [0, 0, 0.09375, 0.01563], "texture": "#1_0"},
				"west": {"uv": [0, 0, 0.09375, 0.01563], "texture": "#1_0"},
				"up": {"uv": [0, 0, 0.09375, 0.01563], "texture": "#1_0"},
				"down": {"uv": [0, 0, 0.09375, 0.01563], "texture": "#1_0"}
			}
		},
		{
			"from": [1, -15.875, 1],
			"to": [2.5, -14.375, 2.5],
			"rotation": {"angle": 0, "axis": "y", "origin": [8, -8, 8]},
			"faces": {
				"north": {"uv": [0, 0, 0.09375, 0.09375], "texture": "#1_1"},
				"east": {"uv": [0, 0, 0.09375, 0.09375], "texture": "#1_0"},
				"south": {"uv": [0, 0, 0.09375, 0.09375], "texture": "#1_1"},
				"west": {"uv": [0, 0, 0.09375, 0.09375], "texture": "#1_0"},
				"up": {"uv": [0, 0, 0.09375, 0.09375], "texture": "#1_0"},
				"down": {"uv": [0, 0, 0.09375, 0.09375], "texture": "#1_0"}
			}
		},
		{
			"from": [7.375, -14.625, 17.375],
			"to": [8.875, -14.375, 17.5],
			"rotation": {"angle": 45, "axis": "y", "origin": [8, -8, 25.875]},
			"faces": {
				"north": {"uv": [0, 0, 0.09375, 0.01563], "texture": "#1_0"},
				"east": {"uv": [0, 0, 0.09375, 0.01563], "texture": "#1_0"},
				"south": {"uv": [0, 0, 0.09375, 0.01563], "texture": "#1_0"},
				"west": {"uv": [0, 0, 0.09375, 0.01563], "texture": "#1_0"},
				"up": {"uv": [0, 0, 0.09375, 0.01563], "texture": "#1_0"},
				"down": {"uv": [0, 0, 0.09375, 0.01563], "texture": "#1_0"}
			}
		},
		{
			"from": [7.625, -14.75, 15.75],
			"to": [7.75, -14.625, 15.875],
			"rotation": {"angle": 45, "axis": "y", "origin": [8, -8, 25.875]},
			"faces": {
				"north": {"uv": [0, 0, 0.00781, 0.00781], "texture": "#1_0"},
				"east": {"uv": [0, 0, 0.00781, 0.00781], "texture": "#1_0"},
				"south": {"uv": [0, 0, 0.00781, 0.00781], "texture": "#1_0"},
				"west": {"uv": [0, 0, 0.00781, 0.00781], "texture": "#1_0"},
				"up": {"uv": [0, 0, 0.00781, 0.00781], "texture": "#1_0"},
				"down": {"uv": [0, 0, 0.00781, 0.00781], "texture": "#1_0"}
			}
		},
		{
			"from": [8.5, -14.75, 15.75],
			"to": [8.625, -14.625, 15.875],
			"rotation": {"angle": 45, "axis": "y", "origin": [8, -8, 25.875]},
			"faces": {
				"north": {"uv": [0, 0, 0.00781, 0.00781], "texture": "#1_0"},
				"east": {"uv": [0, 0, 0.00781, 0.00781], "texture": "#1_0"},
				"south": {"uv": [0, 0, 0.00781, 0.00781], "texture": "#1_0"},
				"west": {"uv": [0, 0, 0.00781, 0.00781], "texture": "#1_0"},
				"up": {"uv": [0, 0, 0.00781, 0.00781], "texture": "#1_0"},
				"down": {"uv": [0, 0, 0.00781, 0.00781], "texture": "#1_0"}
			}
		},
		{
			"from": [7.625, -14.75, 17.375],
			"to": [7.75, -14.625, 17.5],
			"rotation": {"angle": 45, "axis": "y", "origin": [8, -8, 25.875]},
			"faces": {
				"north": {"uv": [0, 0, 0.00781, 0.00781], "texture": "#1_0"},
				"east": {"uv": [0, 0, 0.00781, 0.00781], "texture": "#1_0"},
				"south": {"uv": [0, 0, 0.00781, 0.00781], "texture": "#1_0"},
				"west": {"uv": [0, 0, 0.00781, 0.00781], "texture": "#1_0"},
				"up": {"uv": [0, 0, 0.00781, 0.00781], "texture": "#1_0"},
				"down": {"uv": [0, 0, 0.00781, 0.00781], "texture": "#1_0"}
			}
		},
		{
			"from": [7.625, -15.625, 15.75],
			"to": [7.75, -15.5, 15.875],
			"rotation": {"angle": 45, "axis": "y", "origin": [8, -8, 25.875]},
			"faces": {
				"north": {"uv": [0, 0, 0.00781, 0.00781], "texture": "#1_0"},
				"east": {"uv": [0, 0, 0.00781, 0.00781], "texture": "#1_0"},
				"south": {"uv": [0, 0, 0.00781, 0.00781], "texture": "#1_0"},
				"west": {"uv": [0, 0, 0.00781, 0.00781], "texture": "#1_0"},
				"up": {"uv": [0, 0, 0.00781, 0.00781], "texture": "#1_0"},
				"down": {"uv": [0, 0, 0.00781, 0.00781], "texture": "#1_0"}
			}
		},
		{
			"from": [7.25, -15.625, 17.375],
			"to": [7.625, -14.625, 17.5],
			"rotation": {"angle": 45, "axis": "y", "origin": [8, -8, 25.875]},
			"faces": {
				"north": {"uv": [0, 0, 0.02344, 0.0625], "texture": "#1_0"},
				"east": {"uv": [0, 0, 0.02344, 0.0625], "texture": "#1_0"},
				"south": {"uv": [0, 0, 0.02344, 0.0625], "texture": "#1_0"},
				"west": {"uv": [0, 0, 0.02344, 0.0625], "texture": "#1_0"},
				"up": {"uv": [0, 0, 0.02344, 0.0625], "texture": "#1_0"},
				"down": {"uv": [0, 0, 0.02344, 0.0625], "texture": "#1_0"}
			}
		},
		{
			"from": [7.25, -15.625, 15.75],
			"to": [7.625, -14.625, 15.875],
			"rotation": {"angle": 45, "axis": "y", "origin": [8, -8, 25.875]},
			"faces": {
				"north": {"uv": [0, 0, 0.02344, 0.0625], "texture": "#1_0"},
				"east": {"uv": [0, 0, 0.02344, 0.0625], "texture": "#1_0"},
				"south": {"uv": [0, 0, 0.02344, 0.0625], "texture": "#1_0"},
				"west": {"uv": [0, 0, 0.02344, 0.0625], "texture": "#1_0"},
				"up": {"uv": [0, 0, 0.02344, 0.0625], "texture": "#1_0"},
				"down": {"uv": [0, 0, 0.02344, 0.0625], "texture": "#1_0"}
			}
		},
		{
			"from": [7.625, -16, 15.875],
			"to": [8.625, -15.875, 17.375],
			"rotation": {"angle": 45, "axis": "y", "origin": [8, -8, 25.875]},
			"faces": {
				"north": {"uv": [0, 0, 0.0625, 0.00781], "texture": "#1_0"},
				"east": {"uv": [0, 0, 0.0625, 0.00781], "texture": "#1_0"},
				"south": {"uv": [0, 0, 0.0625, 0.00781], "texture": "#1_0"},
				"west": {"uv": [0, 0, 0.0625, 0.00781], "texture": "#1_0"},
				"up": {"uv": [0, 0, 0.0625, 0.00781], "texture": "#1_0"},
				"down": {"uv": [0, 0, 0.0625, 0.00781], "texture": "#1_0"}
			}
		},
		{
			"from": [7.625, -14.375, 15.875],
			"to": [8.625, -14.25, 17.375],
			"rotation": {"angle": 45, "axis": "y", "origin": [8, -8, 25.875]},
			"faces": {
				"north": {"uv": [0, 0, 0.0625, 0.00781], "texture": "#1_0"},
				"east": {"uv": [0, 0, 0.0625, 0.00781], "texture": "#1_0"},
				"south": {"uv": [0, 0, 0.0625, 0.00781], "texture": "#1_0"},
				"west": {"uv": [0, 0, 0.0625, 0.00781], "texture": "#1_0"},
				"up": {"uv": [0, 0, 0.0625, 0.00781], "texture": "#1_0"},
				"down": {"uv": [0, 0, 0.0625, 0.00781], "texture": "#1_0"}
			}
		},
		{
			"from": [7.625, -14.375, 17.375],
			"to": [8.625, -14.25, 17.5],
			"rotation": {"angle": 45, "axis": "y", "origin": [8, -8, 25.875]},
			"faces": {
				"north": {"uv": [0, 0, 0.0625, 0.00781], "texture": "#1_0"},
				"east": {"uv": [0, 0, 0.0625, 0.00781], "texture": "#1_0"},
				"south": {"uv": [0, 0, 0.0625, 0.00781], "texture": "#1_0"},
				"west": {"uv": [0, 0, 0.0625, 0.00781], "texture": "#1_0"},
				"up": {"uv": [0, 0, 0.0625, 0.00781], "texture": "#1_0"},
				"down": {"uv": [0, 0, 0.0625, 0.00781], "texture": "#1_0"}
			}
		},
		{
			"from": [8.875, -15.625, 15.875],
			"to": [9, -14.625, 17.375],
			"rotation": {"angle": 45, "axis": "y", "origin": [8, -8, 25.875]},
			"faces": {
				"north": {"uv": [0, 0, 0.00781, 0.0625], "texture": "#1_0"},
				"east": {"uv": [0, 0, 0.00781, 0.0625], "texture": "#1_0"},
				"south": {"uv": [0, 0, 0.00781, 0.0625], "texture": "#1_0"},
				"west": {"uv": [0, 0, 0.00781, 0.0625], "texture": "#1_0"},
				"up": {"uv": [0, 0, 0.00781, 0.0625], "texture": "#1_0"},
				"down": {"uv": [0, 0, 0.00781, 0.0625], "texture": "#1_0"}
			}
		},
		{
			"from": [8.5, -14.75, 17.375],
			"to": [8.625, -14.625, 17.5],
			"rotation": {"angle": 45, "axis": "y", "origin": [8, -8, 25.875]},
			"faces": {
				"north": {"uv": [0, 0, 0.00781, 0.00781], "texture": "#1_0"},
				"east": {"uv": [0, 0, 0.00781, 0.00781], "texture": "#1_0"},
				"south": {"uv": [0, 0, 0.00781, 0.00781], "texture": "#1_0"},
				"west": {"uv": [0, 0, 0.00781, 0.00781], "texture": "#1_0"},
				"up": {"uv": [0, 0, 0.00781, 0.00781], "texture": "#1_0"},
				"down": {"uv": [0, 0, 0.00781, 0.00781], "texture": "#1_0"}
			}
		},
		{
			"from": [7.25, -15.625, 15.875],
			"to": [7.375, -14.625, 17.375],
			"rotation": {"angle": 45, "axis": "y", "origin": [8, -8, 25.875]},
			"faces": {
				"north": {"uv": [0, 0, 0.00781, 0.0625], "texture": "#1_0"},
				"east": {"uv": [0, 0, 0.00781, 0.0625], "texture": "#1_0"},
				"south": {"uv": [0, 0, 0.00781, 0.0625], "texture": "#1_0"},
				"west": {"uv": [0, 0, 0.00781, 0.0625], "texture": "#1_0"},
				"up": {"uv": [0, 0, 0.00781, 0.0625], "texture": "#1_0"},
				"down": {"uv": [0, 0, 0.00781, 0.0625], "texture": "#1_0"}
			}
		},
		{
			"from": [7.625, -15.625, 17.375],
			"to": [7.75, -15.5, 17.5],
			"rotation": {"angle": 45, "axis": "y", "origin": [8, -8, 25.875]},
			"faces": {
				"north": {"uv": [0, 0, 0.00781, 0.00781], "texture": "#1_0"},
				"east": {"uv": [0, 0, 0.00781, 0.00781], "texture": "#1_0"},
				"south": {"uv": [0, 0, 0.00781, 0.00781], "texture": "#1_0"},
				"west": {"uv": [0, 0, 0.00781, 0.00781], "texture": "#1_0"},
				"up": {"uv": [0, 0, 0.00781, 0.00781], "texture": "#1_0"},
				"down": {"uv": [0, 0, 0.00781, 0.00781], "texture": "#1_0"}
			}
		},
		{
			"from": [7.625, -16, 17.375],
			"to": [8.625, -15.875, 17.5],
			"rotation": {"angle": 45, "axis": "y", "origin": [8, -8, 25.875]},
			"faces": {
				"north": {"uv": [0, 0, 0.0625, 0.00781], "texture": "#1_0"},
				"east": {"uv": [0, 0, 0.0625, 0.00781], "texture": "#1_0"},
				"south": {"uv": [0, 0, 0.0625, 0.00781], "texture": "#1_0"},
				"west": {"uv": [0, 0, 0.0625, 0.00781], "texture": "#1_0"},
				"up": {"uv": [0, 0, 0.0625, 0.00781], "texture": "#1_0"},
				"down": {"uv": [0, 0, 0.0625, 0.00781], "texture": "#1_0"}
			}
		},
		{
			"from": [8.5, -15.625, 17.375],
			"to": [8.625, -15.5, 17.5],
			"rotation": {"angle": 45, "axis": "y", "origin": [8, -8, 25.875]},
			"faces": {
				"north": {"uv": [0, 0, 0.00781, 0.00781], "texture": "#1_0"},
				"east": {"uv": [0, 0, 0.00781, 0.00781], "texture": "#1_0"},
				"south": {"uv": [0, 0, 0.00781, 0.00781], "texture": "#1_0"},
				"west": {"uv": [0, 0, 0.00781, 0.00781], "texture": "#1_0"},
				"up": {"uv": [0, 0, 0.00781, 0.00781], "texture": "#1_0"},
				"down": {"uv": [0, 0, 0.00781, 0.00781], "texture": "#1_0"}
			}
		},
		{
			"from": [8.625, -15.625, 17.375],
			"to": [9, -14.625, 17.5],
			"rotation": {"angle": 45, "axis": "y", "origin": [8, -8, 25.875]},
			"faces": {
				"north": {"uv": [0, 0, 0.02344, 0.0625], "texture": "#1_0"},
				"east": {"uv": [0, 0, 0.02344, 0.0625], "texture": "#1_0"},
				"south": {"uv": [0, 0, 0.02344, 0.0625], "texture": "#1_0"},
				"west": {"uv": [0, 0, 0.02344, 0.0625], "texture": "#1_0"},
				"up": {"uv": [0, 0, 0.02344, 0.0625], "texture": "#1_0"},
				"down": {"uv": [0, 0, 0.02344, 0.0625], "texture": "#1_0"}
			}
		},
		{
			"from": [7.375, -15.875, 17.375],
			"to": [8.875, -15.625, 17.5],
			"rotation": {"angle": 45, "axis": "y", "origin": [8, -8, 25.875]},
			"faces": {
				"north": {"uv": [0, 0, 0.09375, 0.01563], "texture": "#1_0"},
				"east": {"uv": [0, 0, 0.09375, 0.01563], "texture": "#1_0"},
				"south": {"uv": [0, 0, 0.09375, 0.01563], "texture": "#1_0"},
				"west": {"uv": [0, 0, 0.09375, 0.01563], "texture": "#1_0"},
				"up": {"uv": [0, 0, 0.09375, 0.01563], "texture": "#1_0"},
				"down": {"uv": [0, 0, 0.09375, 0.01563], "texture": "#1_0"}
			}
		},
		{
			"from": [8.5, -15.625, 15.75],
			"to": [8.625, -15.5, 15.875],
			"rotation": {"angle": 45, "axis": "y", "origin": [8, -8, 25.875]},
			"faces": {
				"north": {"uv": [0, 0, 0.00781, 0.00781], "texture": "#1_0"},
				"east": {"uv": [0, 0, 0.00781, 0.00781], "texture": "#1_0"},
				"south": {"uv": [0, 0, 0.00781, 0.00781], "texture": "#1_0"},
				"west": {"uv": [0, 0, 0.00781, 0.00781], "texture": "#1_0"},
				"up": {"uv": [0, 0, 0.00781, 0.00781], "texture": "#1_0"},
				"down": {"uv": [0, 0, 0.00781, 0.00781], "texture": "#1_0"}
			}
		},
		{
			"from": [8.625, -15.625, 15.75],
			"to": [9, -14.625, 15.875],
			"rotation": {"angle": 45, "axis": "y", "origin": [8, -8, 25.875]},
			"faces": {
				"north": {"uv": [0, 0, 0.02344, 0.0625], "texture": "#1_0"},
				"east": {"uv": [0, 0, 0.02344, 0.0625], "texture": "#1_0"},
				"south": {"uv": [0, 0, 0.02344, 0.0625], "texture": "#1_0"},
				"west": {"uv": [0, 0, 0.02344, 0.0625], "texture": "#1_0"},
				"up": {"uv": [0, 0, 0.02344, 0.0625], "texture": "#1_0"},
				"down": {"uv": [0, 0, 0.02344, 0.0625], "texture": "#1_0"}
			}
		},
		{
			"from": [7.375, -15.875, 15.75],
			"to": [8.875, -15.625, 15.875],
			"rotation": {"angle": 45, "axis": "y", "origin": [8, -8, 25.875]},
			"faces": {
				"north": {"uv": [0, 0, 0.09375, 0.01563], "texture": "#1_0"},
				"east": {"uv": [0, 0, 0.09375, 0.01563], "texture": "#1_0"},
				"south": {"uv": [0, 0, 0.09375, 0.01563], "texture": "#1_0"},
				"west": {"uv": [0, 0, 0.09375, 0.01563], "texture": "#1_0"},
				"up": {"uv": [0, 0, 0.09375, 0.01563], "texture": "#1_0"},
				"down": {"uv": [0, 0, 0.09375, 0.01563], "texture": "#1_0"}
			}
		},
		{
			"from": [7.375, -14.625, 15.75],
			"to": [8.875, -14.375, 15.875],
			"rotation": {"angle": 45, "axis": "y", "origin": [8, -8, 25.875]},
			"faces": {
				"north": {"uv": [0, 0, 0.09375, 0.01563], "texture": "#1_0"},
				"east": {"uv": [0, 0, 0.09375, 0.01563], "texture": "#1_0"},
				"south": {"uv": [0, 0, 0.09375, 0.01563], "texture": "#1_0"},
				"west": {"uv": [0, 0, 0.09375, 0.01563], "texture": "#1_0"},
				"up": {"uv": [0, 0, 0.09375, 0.01563], "texture": "#1_0"},
				"down": {"uv": [0, 0, 0.09375, 0.01563], "texture": "#1_0"}
			}
		},
		{
			"from": [7.375, -15.875, 15.875],
			"to": [8.875, -14.375, 17.375],
			"rotation": {"angle": 45, "axis": "y", "origin": [8, -8, 25.875]},
			"faces": {
				"north": {"uv": [0, 0, 0.09375, 0.09375], "texture": "#1_1"},
				"east": {"uv": [0, 0, 0.09375, 0.09375], "texture": "#1_0"},
				"south": {"uv": [0, 0, 0.09375, 0.09375], "texture": "#1_1"},
				"west": {"uv": [0, 0, 0.09375, 0.09375], "texture": "#1_0"},
				"up": {"uv": [0, 0, 0.09375, 0.09375], "texture": "#1_0"},
				"down": {"uv": [0, 0, 0.09375, 0.09375], "texture": "#1_0"}
			}
		},
		{
			"from": [11.625, -14.625, 23.375],
			"to": [13.125, -14.375, 23.5],
			"rotation": {"angle": -22.5, "axis": "y", "origin": [20.375, -8, 25.875]},
			"faces": {
				"north": {"uv": [0, 0, 0.09375, 0.01563], "texture": "#1_0"},
				"east": {"uv": [0, 0, 0.09375, 0.01563], "texture": "#1_0"},
				"south": {"uv": [0, 0, 0.09375, 0.01563], "texture": "#1_0"},
				"west": {"uv": [0, 0, 0.09375, 0.01563], "texture": "#1_0"},
				"up": {"uv": [0, 0, 0.09375, 0.01563], "texture": "#1_0"},
				"down": {"uv": [0, 0, 0.09375, 0.01563], "texture": "#1_0"}
			}
		},
		{
			"from": [11.875, -14.75, 21.75],
			"to": [12, -14.625, 21.875],
			"rotation": {"angle": -22.5, "axis": "y", "origin": [20.375, -8, 25.875]},
			"faces": {
				"north": {"uv": [0, 0, 0.00781, 0.00781], "texture": "#1_0"},
				"east": {"uv": [0, 0, 0.00781, 0.00781], "texture": "#1_0"},
				"south": {"uv": [0, 0, 0.00781, 0.00781], "texture": "#1_0"},
				"west": {"uv": [0, 0, 0.00781, 0.00781], "texture": "#1_0"},
				"up": {"uv": [0, 0, 0.00781, 0.00781], "texture": "#1_0"},
				"down": {"uv": [0, 0, 0.00781, 0.00781], "texture": "#1_0"}
			}
		},
		{
			"from": [12.75, -14.75, 21.75],
			"to": [12.875, -14.625, 21.875],
			"rotation": {"angle": -22.5, "axis": "y", "origin": [20.375, -8, 25.875]},
			"faces": {
				"north": {"uv": [0, 0, 0.00781, 0.00781], "texture": "#1_0"},
				"east": {"uv": [0, 0, 0.00781, 0.00781], "texture": "#1_0"},
				"south": {"uv": [0, 0, 0.00781, 0.00781], "texture": "#1_0"},
				"west": {"uv": [0, 0, 0.00781, 0.00781], "texture": "#1_0"},
				"up": {"uv": [0, 0, 0.00781, 0.00781], "texture": "#1_0"},
				"down": {"uv": [0, 0, 0.00781, 0.00781], "texture": "#1_0"}
			}
		},
		{
			"from": [11.875, -14.75, 23.375],
			"to": [12, -14.625, 23.5],
			"rotation": {"angle": -22.5, "axis": "y", "origin": [20.375, -8, 25.875]},
			"faces": {
				"north": {"uv": [0, 0, 0.00781, 0.00781], "texture": "#1_0"},
				"east": {"uv": [0, 0, 0.00781, 0.00781], "texture": "#1_0"},
				"south": {"uv": [0, 0, 0.00781, 0.00781], "texture": "#1_0"},
				"west": {"uv": [0, 0, 0.00781, 0.00781], "texture": "#1_0"},
				"up": {"uv": [0, 0, 0.00781, 0.00781], "texture": "#1_0"},
				"down": {"uv": [0, 0, 0.00781, 0.00781], "texture": "#1_0"}
			}
		},
		{
			"from": [11.875, -15.625, 21.75],
			"to": [12, -15.5, 21.875],
			"rotation": {"angle": -22.5, "axis": "y", "origin": [20.375, -8, 25.875]},
			"faces": {
				"north": {"uv": [0, 0, 0.00781, 0.00781], "texture": "#1_0"},
				"east": {"uv": [0, 0, 0.00781, 0.00781], "texture": "#1_0"},
				"south": {"uv": [0, 0, 0.00781, 0.00781], "texture": "#1_0"},
				"west": {"uv": [0, 0, 0.00781, 0.00781], "texture": "#1_0"},
				"up": {"uv": [0, 0, 0.00781, 0.00781], "texture": "#1_0"},
				"down": {"uv": [0, 0, 0.00781, 0.00781], "texture": "#1_0"}
			}
		},
		{
			"from": [11.5, -15.625, 23.375],
			"to": [11.875, -14.625, 23.5],
			"rotation": {"angle": -22.5, "axis": "y", "origin": [20.375, -8, 25.875]},
			"faces": {
				"north": {"uv": [0, 0, 0.02344, 0.0625], "texture": "#1_0"},
				"east": {"uv": [0, 0, 0.02344, 0.0625], "texture": "#1_0"},
				"south": {"uv": [0, 0, 0.02344, 0.0625], "texture": "#1_0"},
				"west": {"uv": [0, 0, 0.02344, 0.0625], "texture": "#1_0"},
				"up": {"uv": [0, 0, 0.02344, 0.0625], "texture": "#1_0"},
				"down": {"uv": [0, 0, 0.02344, 0.0625], "texture": "#1_0"}
			}
		},
		{
			"from": [11.5, -15.625, 21.75],
			"to": [11.875, -14.625, 21.875],
			"rotation": {"angle": -22.5, "axis": "y", "origin": [20.375, -8, 25.875]},
			"faces": {
				"north": {"uv": [0, 0, 0.02344, 0.0625], "texture": "#1_0"},
				"east": {"uv": [0, 0, 0.02344, 0.0625], "texture": "#1_0"},
				"south": {"uv": [0, 0, 0.02344, 0.0625], "texture": "#1_0"},
				"west": {"uv": [0, 0, 0.02344, 0.0625], "texture": "#1_0"},
				"up": {"uv": [0, 0, 0.02344, 0.0625], "texture": "#1_0"},
				"down": {"uv": [0, 0, 0.02344, 0.0625], "texture": "#1_0"}
			}
		},
		{
			"from": [11.875, -16, 21.875],
			"to": [12.875, -15.875, 23.375],
			"rotation": {"angle": -22.5, "axis": "y", "origin": [20.375, -8, 25.875]},
			"faces": {
				"north": {"uv": [0, 0, 0.0625, 0.00781], "texture": "#1_0"},
				"east": {"uv": [0, 0, 0.0625, 0.00781], "texture": "#1_0"},
				"south": {"uv": [0, 0, 0.0625, 0.00781], "texture": "#1_0"},
				"west": {"uv": [0, 0, 0.0625, 0.00781], "texture": "#1_0"},
				"up": {"uv": [0, 0, 0.0625, 0.00781], "texture": "#1_0"},
				"down": {"uv": [0, 0, 0.0625, 0.00781], "texture": "#1_0"}
			}
		},
		{
			"from": [11.875, -14.375, 21.875],
			"to": [12.875, -14.25, 23.375],
			"rotation": {"angle": -22.5, "axis": "y", "origin": [20.375, -8, 25.875]},
			"faces": {
				"north": {"uv": [0, 0, 0.0625, 0.00781], "texture": "#1_0"},
				"east": {"uv": [0, 0, 0.0625, 0.00781], "texture": "#1_0"},
				"south": {"uv": [0, 0, 0.0625, 0.00781], "texture": "#1_0"},
				"west": {"uv": [0, 0, 0.0625, 0.00781], "texture": "#1_0"},
				"up": {"uv": [0, 0, 0.0625, 0.00781], "texture": "#1_0"},
				"down": {"uv": [0, 0, 0.0625, 0.00781], "texture": "#1_0"}
			}
		},
		{
			"from": [11.875, -14.375, 23.375],
			"to": [12.875, -14.25, 23.5],
			"rotation": {"angle": -22.5, "axis": "y", "origin": [20.375, -8, 25.875]},
			"faces": {
				"north": {"uv": [0, 0, 0.0625, 0.00781], "texture": "#1_0"},
				"east": {"uv": [0, 0, 0.0625, 0.00781], "texture": "#1_0"},
				"south": {"uv": [0, 0, 0.0625, 0.00781], "texture": "#1_0"},
				"west": {"uv": [0, 0, 0.0625, 0.00781], "texture": "#1_0"},
				"up": {"uv": [0, 0, 0.0625, 0.00781], "texture": "#1_0"},
				"down": {"uv": [0, 0, 0.0625, 0.00781], "texture": "#1_0"}
			}
		},
		{
			"from": [13.125, -15.625, 21.875],
			"to": [13.25, -14.625, 23.375],
			"rotation": {"angle": -22.5, "axis": "y", "origin": [20.375, -8, 25.875]},
			"faces": {
				"north": {"uv": [0, 0, 0.00781, 0.0625], "texture": "#1_0"},
				"east": {"uv": [0, 0, 0.00781, 0.0625], "texture": "#1_0"},
				"south": {"uv": [0, 0, 0.00781, 0.0625], "texture": "#1_0"},
				"west": {"uv": [0, 0, 0.00781, 0.0625], "texture": "#1_0"},
				"up": {"uv": [0, 0, 0.00781, 0.0625], "texture": "#1_0"},
				"down": {"uv": [0, 0, 0.00781, 0.0625], "texture": "#1_0"}
			}
		},
		{
			"from": [12.75, -14.75, 23.375],
			"to": [12.875, -14.625, 23.5],
			"rotation": {"angle": -22.5, "axis": "y", "origin": [20.375, -8, 25.875]},
			"faces": {
				"north": {"uv": [0, 0, 0.00781, 0.00781], "texture": "#1_0"},
				"east": {"uv": [0, 0, 0.00781, 0.00781], "texture": "#1_0"},
				"south": {"uv": [0, 0, 0.00781, 0.00781], "texture": "#1_0"},
				"west": {"uv": [0, 0, 0.00781, 0.00781], "texture": "#1_0"},
				"up": {"uv": [0, 0, 0.00781, 0.00781], "texture": "#1_0"},
				"down": {"uv": [0, 0, 0.00781, 0.00781], "texture": "#1_0"}
			}
		},
		{
			"from": [11.5, -15.625, 21.875],
			"to": [11.625, -14.625, 23.375],
			"rotation": {"angle": -22.5, "axis": "y", "origin": [20.375, -8, 25.875]},
			"faces": {
				"north": {"uv": [0, 0, 0.00781, 0.0625], "texture": "#1_0"},
				"east": {"uv": [0, 0, 0.00781, 0.0625], "texture": "#1_0"},
				"south": {"uv": [0, 0, 0.00781, 0.0625], "texture": "#1_0"},
				"west": {"uv": [0, 0, 0.00781, 0.0625], "texture": "#1_0"},
				"up": {"uv": [0, 0, 0.00781, 0.0625], "texture": "#1_0"},
				"down": {"uv": [0, 0, 0.00781, 0.0625], "texture": "#1_0"}
			}
		},
		{
			"from": [11.875, -15.625, 23.375],
			"to": [12, -15.5, 23.5],
			"rotation": {"angle": -22.5, "axis": "y", "origin": [20.375, -8, 25.875]},
			"faces": {
				"north": {"uv": [0, 0, 0.00781, 0.00781], "texture": "#1_0"},
				"east": {"uv": [0, 0, 0.00781, 0.00781], "texture": "#1_0"},
				"south": {"uv": [0, 0, 0.00781, 0.00781], "texture": "#1_0"},
				"west": {"uv": [0, 0, 0.00781, 0.00781], "texture": "#1_0"},
				"up": {"uv": [0, 0, 0.00781, 0.00781], "texture": "#1_0"},
				"down": {"uv": [0, 0, 0.00781, 0.00781], "texture": "#1_0"}
			}
		},
		{
			"from": [11.875, -16, 23.375],
			"to": [12.875, -15.875, 23.5],
			"rotation": {"angle": -22.5, "axis": "y", "origin": [20.375, -8, 25.875]},
			"faces": {
				"north": {"uv": [0, 0, 0.0625, 0.00781], "texture": "#1_0"},
				"east": {"uv": [0, 0, 0.0625, 0.00781], "texture": "#1_0"},
				"south": {"uv": [0, 0, 0.0625, 0.00781], "texture": "#1_0"},
				"west": {"uv": [0, 0, 0.0625, 0.00781], "texture": "#1_0"},
				"up": {"uv": [0, 0, 0.0625, 0.00781], "texture": "#1_0"},
				"down": {"uv": [0, 0, 0.0625, 0.00781], "texture": "#1_0"}
			}
		},
		{
			"from": [12.75, -15.625, 23.375],
			"to": [12.875, -15.5, 23.5],
			"rotation": {"angle": -22.5, "axis": "y", "origin": [20.375, -8, 25.875]},
			"faces": {
				"north": {"uv": [0, 0, 0.00781, 0.00781], "texture": "#1_0"},
				"east": {"uv": [0, 0, 0.00781, 0.00781], "texture": "#1_0"},
				"south": {"uv": [0, 0, 0.00781, 0.00781], "texture": "#1_0"},
				"west": {"uv": [0, 0, 0.00781, 0.00781], "texture": "#1_0"},
				"up": {"uv": [0, 0, 0.00781, 0.00781], "texture": "#1_0"},
				"down": {"uv": [0, 0, 0.00781, 0.00781], "texture": "#1_0"}
			}
		},
		{
			"from": [12.875, -15.625, 23.375],
			"to": [13.25, -14.625, 23.5],
			"rotation": {"angle": -22.5, "axis": "y", "origin": [20.375, -8, 25.875]},
			"faces": {
				"north": {"uv": [0, 0, 0.02344, 0.0625], "texture": "#1_0"},
				"east": {"uv": [0, 0, 0.02344, 0.0625], "texture": "#1_0"},
				"south": {"uv": [0, 0, 0.02344, 0.0625], "texture": "#1_0"},
				"west": {"uv": [0, 0, 0.02344, 0.0625], "texture": "#1_0"},
				"up": {"uv": [0, 0, 0.02344, 0.0625], "texture": "#1_0"},
				"down": {"uv": [0, 0, 0.02344, 0.0625], "texture": "#1_0"}
			}
		},
		{
			"from": [11.625, -15.875, 23.375],
			"to": [13.125, -15.625, 23.5],
			"rotation": {"angle": -22.5, "axis": "y", "origin": [20.375, -8, 25.875]},
			"faces": {
				"north": {"uv": [0, 0, 0.09375, 0.01563], "texture": "#1_0"},
				"east": {"uv": [0, 0, 0.09375, 0.01563], "texture": "#1_0"},
				"south": {"uv": [0, 0, 0.09375, 0.01563], "texture": "#1_0"},
				"west": {"uv": [0, 0, 0.09375, 0.01563], "texture": "#1_0"},
				"up": {"uv": [0, 0, 0.09375, 0.01563], "texture": "#1_0"},
				"down": {"uv": [0, 0, 0.09375, 0.01563], "texture": "#1_0"}
			}
		},
		{
			"from": [12.75, -15.625, 21.75],
			"to": [12.875, -15.5, 21.875],
			"rotation": {"angle": -22.5, "axis": "y", "origin": [20.375, -8, 25.875]},
			"faces": {
				"north": {"uv": [0, 0, 0.00781, 0.00781], "texture": "#1_0"},
				"east": {"uv": [0, 0, 0.00781, 0.00781], "texture": "#1_0"},
				"south": {"uv": [0, 0, 0.00781, 0.00781], "texture": "#1_0"},
				"west": {"uv": [0, 0, 0.00781, 0.00781], "texture": "#1_0"},
				"up": {"uv": [0, 0, 0.00781, 0.00781], "texture": "#1_0"},
				"down": {"uv": [0, 0, 0.00781, 0.00781], "texture": "#1_0"}
			}
		},
		{
			"from": [12.875, -15.625, 21.75],
			"to": [13.25, -14.625, 21.875],
			"rotation": {"angle": -22.5, "axis": "y", "origin": [20.375, -8, 25.875]},
			"faces": {
				"north": {"uv": [0, 0, 0.02344, 0.0625], "texture": "#1_0"},
				"east": {"uv": [0, 0, 0.02344, 0.0625], "texture": "#1_0"},
				"south": {"uv": [0, 0, 0.02344, 0.0625], "texture": "#1_0"},
				"west": {"uv": [0, 0, 0.02344, 0.0625], "texture": "#1_0"},
				"up": {"uv": [0, 0, 0.02344, 0.0625], "texture": "#1_0"},
				"down": {"uv": [0, 0, 0.02344, 0.0625], "texture": "#1_0"}
			}
		},
		{
			"from": [11.625, -15.875, 21.75],
			"to": [13.125, -15.625, 21.875],
			"rotation": {"angle": -22.5, "axis": "y", "origin": [20.375, -8, 25.875]},
			"faces": {
				"north": {"uv": [0, 0, 0.09375, 0.01563], "texture": "#1_0"},
				"east": {"uv": [0, 0, 0.09375, 0.01563], "texture": "#1_0"},
				"south": {"uv": [0, 0, 0.09375, 0.01563], "texture": "#1_0"},
				"west": {"uv": [0, 0, 0.09375, 0.01563], "texture": "#1_0"},
				"up": {"uv": [0, 0, 0.09375, 0.01563], "texture": "#1_0"},
				"down": {"uv": [0, 0, 0.09375, 0.01563], "texture": "#1_0"}
			}
		},
		{
			"from": [11.625, -14.625, 21.75],
			"to": [13.125, -14.375, 21.875],
			"rotation": {"angle": -22.5, "axis": "y", "origin": [20.375, -8, 25.875]},
			"faces": {
				"north": {"uv": [0, 0, 0.09375, 0.01563], "texture": "#1_0"},
				"east": {"uv": [0, 0, 0.09375, 0.01563], "texture": "#1_0"},
				"south": {"uv": [0, 0, 0.09375, 0.01563], "texture": "#1_0"},
				"west": {"uv": [0, 0, 0.09375, 0.01563], "texture": "#1_0"},
				"up": {"uv": [0, 0, 0.09375, 0.01563], "texture": "#1_0"},
				"down": {"uv": [0, 0, 0.09375, 0.01563], "texture": "#1_0"}
			}
		},
		{
			"from": [11.625, -15.875, 21.875],
			"to": [13.125, -14.375, 23.375],
			"rotation": {"angle": -22.5, "axis": "y", "origin": [20.375, -8, 25.875]},
			"faces": {
				"north": {"uv": [0, 0, 0.09375, 0.09375], "texture": "#1_1"},
				"east": {"uv": [0, 0, 0.09375, 0.09375], "texture": "#1_0"},
				"south": {"uv": [0, 0, 0.09375, 0.09375], "texture": "#1_1"},
				"west": {"uv": [0, 0, 0.09375, 0.09375], "texture": "#1_0"},
				"up": {"uv": [0, 0, 0.09375, 0.09375], "texture": "#1_0"},
				"down": {"uv": [0, 0, 0.09375, 0.09375], "texture": "#1_0"}
			}
		},
		{
			"from": [19.625, -14.625, 0.125],
			"to": [21.125, -14.375, 0.25],
			"rotation": {"angle": 45, "axis": "y", "origin": [20.375, -8, 7.875]},
			"faces": {
				"north": {"uv": [0, 0, 0.09375, 0.01563], "texture": "#1_0"},
				"east": {"uv": [0, 0, 0.09375, 0.01563], "texture": "#1_0"},
				"south": {"uv": [0, 0, 0.09375, 0.01563], "texture": "#1_0"},
				"west": {"uv": [0, 0, 0.09375, 0.01563], "texture": "#1_0"},
				"up": {"uv": [0, 0, 0.09375, 0.01563], "texture": "#1_0"},
				"down": {"uv": [0, 0, 0.09375, 0.01563], "texture": "#1_0"}
			}
		},
		{
			"from": [19.875, -14.75, -1.5],
			"to": [20, -14.625, -1.375],
			"rotation": {"angle": 45, "axis": "y", "origin": [20.375, -8, 7.875]},
			"faces": {
				"north": {"uv": [0, 0, 0.00781, 0.00781], "texture": "#1_0"},
				"east": {"uv": [0, 0, 0.00781, 0.00781], "texture": "#1_0"},
				"south": {"uv": [0, 0, 0.00781, 0.00781], "texture": "#1_0"},
				"west": {"uv": [0, 0, 0.00781, 0.00781], "texture": "#1_0"},
				"up": {"uv": [0, 0, 0.00781, 0.00781], "texture": "#1_0"},
				"down": {"uv": [0, 0, 0.00781, 0.00781], "texture": "#1_0"}
			}
		},
		{
			"from": [20.75, -14.75, -1.5],
			"to": [20.875, -14.625, -1.375],
			"rotation": {"angle": 45, "axis": "y", "origin": [20.375, -8, 7.875]},
			"faces": {
				"north": {"uv": [0, 0, 0.00781, 0.00781], "texture": "#1_0"},
				"east": {"uv": [0, 0, 0.00781, 0.00781], "texture": "#1_0"},
				"south": {"uv": [0, 0, 0.00781, 0.00781], "texture": "#1_0"},
				"west": {"uv": [0, 0, 0.00781, 0.00781], "texture": "#1_0"},
				"up": {"uv": [0, 0, 0.00781, 0.00781], "texture": "#1_0"},
				"down": {"uv": [0, 0, 0.00781, 0.00781], "texture": "#1_0"}
			}
		},
		{
			"from": [19.875, -14.75, 0.125],
			"to": [20, -14.625, 0.25],
			"rotation": {"angle": 45, "axis": "y", "origin": [20.375, -8, 7.875]},
			"faces": {
				"north": {"uv": [0, 0, 0.00781, 0.00781], "texture": "#1_0"},
				"east": {"uv": [0, 0, 0.00781, 0.00781], "texture": "#1_0"},
				"south": {"uv": [0, 0, 0.00781, 0.00781], "texture": "#1_0"},
				"west": {"uv": [0, 0, 0.00781, 0.00781], "texture": "#1_0"},
				"up": {"uv": [0, 0, 0.00781, 0.00781], "texture": "#1_0"},
				"down": {"uv": [0, 0, 0.00781, 0.00781], "texture": "#1_0"}
			}
		},
		{
			"from": [19.875, -15.625, -1.5],
			"to": [20, -15.5, -1.375],
			"rotation": {"angle": 45, "axis": "y", "origin": [20.375, -8, 7.875]},
			"faces": {
				"north": {"uv": [0, 0, 0.00781, 0.00781], "texture": "#1_0"},
				"east": {"uv": [0, 0, 0.00781, 0.00781], "texture": "#1_0"},
				"south": {"uv": [0, 0, 0.00781, 0.00781], "texture": "#1_0"},
				"west": {"uv": [0, 0, 0.00781, 0.00781], "texture": "#1_0"},
				"up": {"uv": [0, 0, 0.00781, 0.00781], "texture": "#1_0"},
				"down": {"uv": [0, 0, 0.00781, 0.00781], "texture": "#1_0"}
			}
		},
		{
			"from": [19.5, -15.625, 0.125],
			"to": [19.875, -14.625, 0.25],
			"rotation": {"angle": 45, "axis": "y", "origin": [20.375, -8, 7.875]},
			"faces": {
				"north": {"uv": [0, 0, 0.02344, 0.0625], "texture": "#1_0"},
				"east": {"uv": [0, 0, 0.02344, 0.0625], "texture": "#1_0"},
				"south": {"uv": [0, 0, 0.02344, 0.0625], "texture": "#1_0"},
				"west": {"uv": [0, 0, 0.02344, 0.0625], "texture": "#1_0"},
				"up": {"uv": [0, 0, 0.02344, 0.0625], "texture": "#1_0"},
				"down": {"uv": [0, 0, 0.02344, 0.0625], "texture": "#1_0"}
			}
		},
		{
			"from": [19.5, -15.625, -1.5],
			"to": [19.875, -14.625, -1.375],
			"rotation": {"angle": 45, "axis": "y", "origin": [20.375, -8, 7.875]},
			"faces": {
				"north": {"uv": [0, 0, 0.02344, 0.0625], "texture": "#1_0"},
				"east": {"uv": [0, 0, 0.02344, 0.0625], "texture": "#1_0"},
				"south": {"uv": [0, 0, 0.02344, 0.0625], "texture": "#1_0"},
				"west": {"uv": [0, 0, 0.02344, 0.0625], "texture": "#1_0"},
				"up": {"uv": [0, 0, 0.02344, 0.0625], "texture": "#1_0"},
				"down": {"uv": [0, 0, 0.02344, 0.0625], "texture": "#1_0"}
			}
		},
		{
			"from": [19.875, -16, -1.375],
			"to": [20.875, -15.875, 0.125],
			"rotation": {"angle": 45, "axis": "y", "origin": [20.375, -8, 7.875]},
			"faces": {
				"north": {"uv": [0, 0, 0.0625, 0.00781], "texture": "#1_0"},
				"east": {"uv": [0, 0, 0.0625, 0.00781], "texture": "#1_0"},
				"south": {"uv": [0, 0, 0.0625, 0.00781], "texture": "#1_0"},
				"west": {"uv": [0, 0, 0.0625, 0.00781], "texture": "#1_0"},
				"up": {"uv": [0, 0, 0.0625, 0.00781], "texture": "#1_0"},
				"down": {"uv": [0, 0, 0.0625, 0.00781], "texture": "#1_0"}
			}
		},
		{
			"from": [19.875, -14.375, -1.375],
			"to": [20.875, -14.25, 0.125],
			"rotation": {"angle": 45, "axis": "y", "origin": [20.375, -8, 7.875]},
			"faces": {
				"north": {"uv": [0, 0, 0.0625, 0.00781], "texture": "#1_0"},
				"east": {"uv": [0, 0, 0.0625, 0.00781], "texture": "#1_0"},
				"south": {"uv": [0, 0, 0.0625, 0.00781], "texture": "#1_0"},
				"west": {"uv": [0, 0, 0.0625, 0.00781], "texture": "#1_0"},
				"up": {"uv": [0, 0, 0.0625, 0.00781], "texture": "#1_0"},
				"down": {"uv": [0, 0, 0.0625, 0.00781], "texture": "#1_0"}
			}
		},
		{
			"from": [19.875, -14.375, 0.125],
			"to": [20.875, -14.25, 0.25],
			"rotation": {"angle": 45, "axis": "y", "origin": [20.375, -8, 7.875]},
			"faces": {
				"north": {"uv": [0, 0, 0.0625, 0.00781], "texture": "#1_0"},
				"east": {"uv": [0, 0, 0.0625, 0.00781], "texture": "#1_0"},
				"south": {"uv": [0, 0, 0.0625, 0.00781], "texture": "#1_0"},
				"west": {"uv": [0, 0, 0.0625, 0.00781], "texture": "#1_0"},
				"up": {"uv": [0, 0, 0.0625, 0.00781], "texture": "#1_0"},
				"down": {"uv": [0, 0, 0.0625, 0.00781], "texture": "#1_0"}
			}
		},
		{
			"from": [21.125, -15.625, -1.375],
			"to": [21.25, -14.625, 0.125],
			"rotation": {"angle": 45, "axis": "y", "origin": [20.375, -8, 7.875]},
			"faces": {
				"north": {"uv": [0, 0, 0.00781, 0.0625], "texture": "#1_0"},
				"east": {"uv": [0, 0, 0.00781, 0.0625], "texture": "#1_0"},
				"south": {"uv": [0, 0, 0.00781, 0.0625], "texture": "#1_0"},
				"west": {"uv": [0, 0, 0.00781, 0.0625], "texture": "#1_0"},
				"up": {"uv": [0, 0, 0.00781, 0.0625], "texture": "#1_0"},
				"down": {"uv": [0, 0, 0.00781, 0.0625], "texture": "#1_0"}
			}
		},
		{
			"from": [20.75, -14.75, 0.125],
			"to": [20.875, -14.625, 0.25],
			"rotation": {"angle": 45, "axis": "y", "origin": [20.375, -8, 7.875]},
			"faces": {
				"north": {"uv": [0, 0, 0.00781, 0.00781], "texture": "#1_0"},
				"east": {"uv": [0, 0, 0.00781, 0.00781], "texture": "#1_0"},
				"south": {"uv": [0, 0, 0.00781, 0.00781], "texture": "#1_0"},
				"west": {"uv": [0, 0, 0.00781, 0.00781], "texture": "#1_0"},
				"up": {"uv": [0, 0, 0.00781, 0.00781], "texture": "#1_0"},
				"down": {"uv": [0, 0, 0.00781, 0.00781], "texture": "#1_0"}
			}
		},
		{
			"from": [19.5, -15.625, -1.375],
			"to": [19.625, -14.625, 0.125],
			"rotation": {"angle": 45, "axis": "y", "origin": [20.375, -8, 7.875]},
			"faces": {
				"north": {"uv": [0, 0, 0.00781, 0.0625], "texture": "#1_0"},
				"east": {"uv": [0, 0, 0.00781, 0.0625], "texture": "#1_0"},
				"south": {"uv": [0, 0, 0.00781, 0.0625], "texture": "#1_0"},
				"west": {"uv": [0, 0, 0.00781, 0.0625], "texture": "#1_0"},
				"up": {"uv": [0, 0, 0.00781, 0.0625], "texture": "#1_0"},
				"down": {"uv": [0, 0, 0.00781, 0.0625], "texture": "#1_0"}
			}
		},
		{
			"from": [19.875, -15.625, 0.125],
			"to": [20, -15.5, 0.25],
			"rotation": {"angle": 45, "axis": "y", "origin": [20.375, -8, 7.875]},
			"faces": {
				"north": {"uv": [0, 0, 0.00781, 0.00781], "texture": "#1_0"},
				"east": {"uv": [0, 0, 0.00781, 0.00781], "texture": "#1_0"},
				"south": {"uv": [0, 0, 0.00781, 0.00781], "texture": "#1_0"},
				"west": {"uv": [0, 0, 0.00781, 0.00781], "texture": "#1_0"},
				"up": {"uv": [0, 0, 0.00781, 0.00781], "texture": "#1_0"},
				"down": {"uv": [0, 0, 0.00781, 0.00781], "texture": "#1_0"}
			}
		},
		{
			"from": [19.875, -16, 0.125],
			"to": [20.875, -15.875, 0.25],
			"rotation": {"angle": 45, "axis": "y", "origin": [20.375, -8, 7.875]},
			"faces": {
				"north": {"uv": [0, 0, 0.0625, 0.00781], "texture": "#1_0"},
				"east": {"uv": [0, 0, 0.0625, 0.00781], "texture": "#1_0"},
				"south": {"uv": [0, 0, 0.0625, 0.00781], "texture": "#1_0"},
				"west": {"uv": [0, 0, 0.0625, 0.00781], "texture": "#1_0"},
				"up": {"uv": [0, 0, 0.0625, 0.00781], "texture": "#1_0"},
				"down": {"uv": [0, 0, 0.0625, 0.00781], "texture": "#1_0"}
			}
		},
		{
			"from": [20.75, -15.625, 0.125],
			"to": [20.875, -15.5, 0.25],
			"rotation": {"angle": 45, "axis": "y", "origin": [20.375, -8, 7.875]},
			"faces": {
				"north": {"uv": [0, 0, 0.00781, 0.00781], "texture": "#1_0"},
				"east": {"uv": [0, 0, 0.00781, 0.00781], "texture": "#1_0"},
				"south": {"uv": [0, 0, 0.00781, 0.00781], "texture": "#1_0"},
				"west": {"uv": [0, 0, 0.00781, 0.00781], "texture": "#1_0"},
				"up": {"uv": [0, 0, 0.00781, 0.00781], "texture": "#1_0"},
				"down": {"uv": [0, 0, 0.00781, 0.00781], "texture": "#1_0"}
			}
		},
		{
			"from": [20.875, -15.625, 0.125],
			"to": [21.25, -14.625, 0.25],
			"rotation": {"angle": 45, "axis": "y", "origin": [20.375, -8, 7.875]},
			"faces": {
				"north": {"uv": [0, 0, 0.02344, 0.0625], "texture": "#1_0"},
				"east": {"uv": [0, 0, 0.02344, 0.0625], "texture": "#1_0"},
				"south": {"uv": [0, 0, 0.02344, 0.0625], "texture": "#1_0"},
				"west": {"uv": [0, 0, 0.02344, 0.0625], "texture": "#1_0"},
				"up": {"uv": [0, 0, 0.02344, 0.0625], "texture": "#1_0"},
				"down": {"uv": [0, 0, 0.02344, 0.0625], "texture": "#1_0"}
			}
		},
		{
			"from": [19.625, -15.875, 0.125],
			"to": [21.125, -15.625, 0.25],
			"rotation": {"angle": 45, "axis": "y", "origin": [20.375, -8, 7.875]},
			"faces": {
				"north": {"uv": [0, 0, 0.09375, 0.01563], "texture": "#1_0"},
				"east": {"uv": [0, 0, 0.09375, 0.01563], "texture": "#1_0"},
				"south": {"uv": [0, 0, 0.09375, 0.01563], "texture": "#1_0"},
				"west": {"uv": [0, 0, 0.09375, 0.01563], "texture": "#1_0"},
				"up": {"uv": [0, 0, 0.09375, 0.01563], "texture": "#1_0"},
				"down": {"uv": [0, 0, 0.09375, 0.01563], "texture": "#1_0"}
			}
		},
		{
			"from": [20.75, -15.625, -1.5],
			"to": [20.875, -15.5, -1.375],
			"rotation": {"angle": 45, "axis": "y", "origin": [20.375, -8, 7.875]},
			"faces": {
				"north": {"uv": [0, 0, 0.00781, 0.00781], "texture": "#1_0"},
				"east": {"uv": [0, 0, 0.00781, 0.00781], "texture": "#1_0"},
				"south": {"uv": [0, 0, 0.00781, 0.00781], "texture": "#1_0"},
				"west": {"uv": [0, 0, 0.00781, 0.00781], "texture": "#1_0"},
				"up": {"uv": [0, 0, 0.00781, 0.00781], "texture": "#1_0"},
				"down": {"uv": [0, 0, 0.00781, 0.00781], "texture": "#1_0"}
			}
		},
		{
			"from": [20.875, -15.625, -1.5],
			"to": [21.25, -14.625, -1.375],
			"rotation": {"angle": 45, "axis": "y", "origin": [20.375, -8, 7.875]},
			"faces": {
				"north": {"uv": [0, 0, 0.02344, 0.0625], "texture": "#1_0"},
				"east": {"uv": [0, 0, 0.02344, 0.0625], "texture": "#1_0"},
				"south": {"uv": [0, 0, 0.02344, 0.0625], "texture": "#1_0"},
				"west": {"uv": [0, 0, 0.02344, 0.0625], "texture": "#1_0"},
				"up": {"uv": [0, 0, 0.02344, 0.0625], "texture": "#1_0"},
				"down": {"uv": [0, 0, 0.02344, 0.0625], "texture": "#1_0"}
			}
		},
		{
			"from": [19.625, -15.875, -1.5],
			"to": [21.125, -15.625, -1.375],
			"rotation": {"angle": 45, "axis": "y", "origin": [20.375, -8, 7.875]},
			"faces": {
				"north": {"uv": [0, 0, 0.09375, 0.01563], "texture": "#1_0"},
				"east": {"uv": [0, 0, 0.09375, 0.01563], "texture": "#1_0"},
				"south": {"uv": [0, 0, 0.09375, 0.01563], "texture": "#1_0"},
				"west": {"uv": [0, 0, 0.09375, 0.01563], "texture": "#1_0"},
				"up": {"uv": [0, 0, 0.09375, 0.01563], "texture": "#1_0"},
				"down": {"uv": [0, 0, 0.09375, 0.01563], "texture": "#1_0"}
			}
		},
		{
			"from": [19.625, -14.625, -1.5],
			"to": [21.125, -14.375, -1.375],
			"rotation": {"angle": 45, "axis": "y", "origin": [20.375, -8, 7.875]},
			"faces": {
				"north": {"uv": [0, 0, 0.09375, 0.01563], "texture": "#1_0"},
				"east": {"uv": [0, 0, 0.09375, 0.01563], "texture": "#1_0"},
				"south": {"uv": [0, 0, 0.09375, 0.01563], "texture": "#1_0"},
				"west": {"uv": [0, 0, 0.09375, 0.01563], "texture": "#1_0"},
				"up": {"uv": [0, 0, 0.09375, 0.01563], "texture": "#1_0"},
				"down": {"uv": [0, 0, 0.09375, 0.01563], "texture": "#1_0"}
			}
		},
		{
			"from": [19.625, -15.875, -1.375],
			"to": [21.125, -14.375, 0.125],
			"rotation": {"angle": 45, "axis": "y", "origin": [20.375, -8, 7.875]},
			"faces": {
				"north": {"uv": [0, 0, 0.09375, 0.09375], "texture": "#1_1"},
				"east": {"uv": [0, 0, 0.09375, 0.09375], "texture": "#1_0"},
				"south": {"uv": [0, 0, 0.09375, 0.09375], "texture": "#1_1"},
				"west": {"uv": [0, 0, 0.09375, 0.09375], "texture": "#1_0"},
				"up": {"uv": [0, 0, 0.09375, 0.09375], "texture": "#1_0"},
				"down": {"uv": [0, 0, 0.09375, 0.09375], "texture": "#1_0"}
			}
		},
		{
			"name": "pied",
			"from": [1.375, -14.25, 19],
			"to": [1.875, -13.875, 19.5],
			"rotation": {"angle": 0, "axis": "y", "origin": [8, -8, 8]},
			"faces": {
				"north": {"uv": [0, 0, 0.03125, 0.03125], "texture": "#1_1"},
				"east": {"uv": [0, 0, 0.03125, 0.03125], "texture": "#1_1"},
				"south": {"uv": [0, 0, 0.03125, 0.03125], "texture": "#1_1"},
				"west": {"uv": [0, 0, 0.03125, 0.03125], "texture": "#1_1"},
				"up": {"uv": [0, 0, 0.03125, 0.03125], "texture": "#1_1"},
				"down": {"uv": [0, 0, 0.03125, 0.03125], "texture": "#1_1"}
			}
		},
		{
			"name": "pied",
			"from": [14.125, -14.25, 19.5],
			"to": [14.625, -13.875, 20],
			"rotation": {"angle": 0, "axis": "y", "origin": [8, -8, 8]},
			"faces": {
				"north": {"uv": [0, 0, 0.03125, 0.03125], "texture": "#1_1"},
				"east": {"uv": [0, 0, 0.03125, 0.03125], "texture": "#1_1"},
				"south": {"uv": [0, 0, 0.03125, 0.03125], "texture": "#1_1"},
				"west": {"uv": [0, 0, 0.03125, 0.03125], "texture": "#1_1"},
				"up": {"uv": [0, 0, 0.03125, 0.03125], "texture": "#1_1"},
				"down": {"uv": [0, 0, 0.03125, 0.03125], "texture": "#1_1"}
			}
		},
		{
			"name": "pied",
			"from": [14.125, -14.25, 1.5],
			"to": [14.625, -13.875, 2],
			"rotation": {"angle": 0, "axis": "y", "origin": [8, -8, 8]},
			"faces": {
				"north": {"uv": [0, 0, 0.03125, 0.03125], "texture": "#1_1"},
				"east": {"uv": [0, 0, 0.03125, 0.03125], "texture": "#1_1"},
				"south": {"uv": [0, 0, 0.03125, 0.03125], "texture": "#1_1"},
				"west": {"uv": [0, 0, 0.03125, 0.03125], "texture": "#1_1"},
				"up": {"uv": [0, 0, 0.03125, 0.03125], "texture": "#1_1"},
				"down": {"uv": [0, 0, 0.03125, 0.03125], "texture": "#1_1"}
			}
		},
		{
			"name": "pied",
			"from": [1.5, -14.25, 1.5],
			"to": [2, -13.875, 2],
			"rotation": {"angle": 0, "axis": "y", "origin": [8, -8, 8]},
			"faces": {
				"north": {"uv": [0, 0, 0.03125, 0.03125], "texture": "#1_1"},
				"east": {"uv": [0, 0, 0.03125, 0.03125], "texture": "#1_1"},
				"south": {"uv": [0, 0, 0.03125, 0.03125], "texture": "#1_1"},
				"west": {"uv": [0, 0, 0.03125, 0.03125], "texture": "#1_1"},
				"up": {"uv": [0, 0, 0.03125, 0.03125], "texture": "#1_1"},
				"down": {"uv": [0, 0, 0.03125, 0.03125], "texture": "#1_1"}
			}
		},
		{
			"from": [0, -13.875, 16.875],
			"to": [16, -13.75, 20.5],
			"rotation": {"angle": 0, "axis": "y", "origin": [8, -8, 8]},
			"faces": {
				"north": {"uv": [0, 0, 1, 0.00781], "texture": "#1_0"},
				"east": {"uv": [11.594, 7.249, 13.938, 4.719], "texture": "#5"},
				"south": {"uv": [0, 0, 1, 0.00781], "texture": "#1_0"},
				"west": {"uv": [11.594, 7.249, 13.938, 4.719], "texture": "#5"},
				"up": {"uv": [0, 0, 1, 0.00781], "texture": "#1_3"},
				"down": {"uv": [0, 0, 1, 0.00781], "texture": "#1_0"}
			}
		},
		{
			"from": [0, -13.875, 0.125],
			"to": [16, -13.75, 3.75],
			"rotation": {"angle": 0, "axis": "y", "origin": [8, -8, 8]},
			"faces": {
				"north": {"uv": [0, 0, 1, 0.00781], "texture": "#1_0"},
				"east": {"uv": [11.594, 7.249, 13.938, 4.719], "texture": "#5"},
				"south": {"uv": [0, 0, 1, 0.00781], "texture": "#1_0"},
				"west": {"uv": [11.594, 7.249, 13.938, 4.719], "texture": "#5"},
				"up": {"uv": [0, 0, 1, 0.00781], "texture": "#1_3"},
				"down": {"uv": [0, 0, 1, 0.00781], "texture": "#1_0"}
			}
		},
		{
			"from": [0, -13.75, 0.125],
			"to": [16, -13.625, 4.5],
			"rotation": {"angle": 0, "axis": "y", "origin": [8, -8, 8]},
			"faces": {
				"north": {"uv": [0, 0, 1, 0.00781], "texture": "#1_0"},
				"east": {"uv": [11.594, 7.249, 13.938, 4.719], "texture": "#5"},
				"south": {"uv": [0, 0, 1, 0.00781], "texture": "#1_0"},
				"west": {"uv": [11.594, 7.249, 13.938, 4.719], "texture": "#5"},
				"up": {"uv": [0, 0, 1, 0.00781], "texture": "#1_3"},
				"down": {"uv": [0, 0, 1, 0.00781], "texture": "#1_0"}
			}
		},
		{
			"from": [0, -13.75, 16.125],
			"to": [16, -13.625, 20.5],
			"rotation": {"angle": 0, "axis": "y", "origin": [8, -8, 8]},
			"faces": {
				"north": {"uv": [0, 0, 1, 0.00781], "texture": "#1_0"},
				"east": {"uv": [11.594, 7.249, 13.938, 4.719], "texture": "#5"},
				"south": {"uv": [0, 0, 1, 0.00781], "texture": "#1_0"},
				"west": {"uv": [11.594, 7.249, 13.938, 4.719], "texture": "#5"},
				"up": {"uv": [0, 0, 1, 0.00781], "texture": "#1_3"},
				"down": {"uv": [0, 0, 1, 0.00781], "texture": "#1_0"}
			}
		},
		{
			"from": [0, -13.625, 15.75],
			"to": [16, -13.375, 20.75],
			"rotation": {"angle": 0, "axis": "y", "origin": [8, -8, 8]},
			"faces": {
				"north": {"uv": [11.594, 7.249, 13.938, 4.719], "texture": "#5"},
				"east": {"uv": [11.594, 7.249, 13.938, 4.719], "texture": "#5"},
				"south": {"uv": [11.594, 7.249, 13.938, 4.719], "texture": "#5"},
				"west": {"uv": [11.594, 7.249, 13.938, 4.719], "texture": "#5"},
				"up": {"uv": [11.594, 7.249, 13.938, 4.719], "texture": "#5"},
				"down": {"uv": [11.594, 7.249, 13.938, 4.719], "texture": "#5"}
			}
		},
		{
			"from": [0, -13.375, -0.125],
			"to": [16, -3.5, 20.75],
			"rotation": {"angle": 0, "axis": "y", "origin": [8, -8, 8]},
			"faces": {
				"north": {"uv": [14.749, 4.25, 10.907, 8.459], "texture": "#5"},
				"east": {"uv": [6.498, 3.407, 0.719, 6.865], "texture": "#5"},
				"south": {"uv": [14.749, 4.25, 10.907, 8.459], "texture": "#5"},
				"west": {"uv": [6.498, 3.407, 0.719, 6.865], "texture": "#5"},
				"up": {"uv": [14.749, 4.25, 10.907, 8.459], "texture": "#5"},
				"down": {"uv": [14.749, 4.25, 10.907, 8.459], "texture": "#5"}
			}
		},
		{
			"from": [-0.375, -3.5, -0.375],
			"to": [16.25, -3, 21],
			"rotation": {"angle": 0, "axis": "y", "origin": [8, -8, 8]},
			"faces": {
				"north": {"uv": [11.594, 7.249, 13.938, 4.719], "texture": "#5"},
				"east": {"uv": [11.594, 7.249, 13.938, 4.719], "texture": "#5"},
				"south": {"uv": [11.594, 7.249, 13.938, 4.719], "texture": "#5"},
				"west": {"uv": [11.594, 7.249, 13.938, 4.719], "texture": "#5"},
				"up": {"uv": [11.594, 7.249, 13.938, 4.719], "texture": "#5"},
				"down": {"uv": [11.594, 7.249, 13.938, 4.719], "texture": "#5"}
			}
		},
		{
			"from": [-0.5, -3, -0.5],
			"to": [16.375, -2, 21.125],
			"rotation": {"angle": 0, "axis": "y", "origin": [8, -8, 8]},
			"faces": {
				"north": {"uv": [11.594, 7.249, 13.938, 4.719], "texture": "#5"},
				"east": {"uv": [11.594, 7.249, 13.938, 4.719], "texture": "#5"},
				"south": {"uv": [11.594, 7.249, 13.938, 4.719], "texture": "#5"},
				"west": {"uv": [11.594, 7.249, 13.938, 4.719], "texture": "#5"},
				"up": {"uv": [11.594, 7.249, 13.938, 4.719], "texture": "#5"},
				"down": {"uv": [11.594, 7.249, 13.938, 4.719], "texture": "#5"}
			}
		},
		{
			"from": [-0.625, -2, -0.625],
			"to": [16.5, -1.75, 21.25],
			"rotation": {"angle": 0, "axis": "y", "origin": [8, -8, 8]},
			"faces": {
				"north": {"uv": [11.594, 7.249, 13.938, 4.719], "texture": "#5"},
				"east": {"uv": [11.594, 7.249, 13.938, 4.719], "texture": "#5"},
				"south": {"uv": [11.594, 7.249, 13.938, 4.719], "texture": "#5"},
				"west": {"uv": [11.594, 7.249, 13.938, 4.719], "texture": "#5"},
				"up": {"uv": [5.05233, 4.41567, 10.813, 0.05233], "texture": "#6"},
				"down": {"uv": [11.594, 7.249, 13.938, 4.719], "texture": "#5"}
			}
		},
		{
			"from": [-0.625, -1.75, -0.625],
			"to": [16.5, -0.875, 0.25],
			"rotation": {"angle": 0, "axis": "y", "origin": [8, -8, 8]},
			"faces": {
				"north": {"uv": [11.594, 7.249, 13.938, 4.719], "texture": "#5"},
				"east": {"uv": [11.594, 7.249, 13.938, 4.719], "texture": "#5"},
				"south": {"uv": [11.594, 7.249, 13.938, 4.719], "texture": "#5"},
				"west": {"uv": [11.594, 7.249, 13.938, 4.719], "texture": "#5"},
				"up": {"uv": [11.594, 7.249, 13.938, 4.719], "texture": "#5"},
				"down": {"uv": [11.594, 7.249, 13.938, 4.719], "texture": "#5"}
			}
		},
		{
			"from": [0.25, -1.75, 9.75],
			"to": [15.625, -0.875, 10.625],
			"rotation": {"angle": 0, "axis": "y", "origin": [8, -8, 8]},
			"faces": {
				"north": {"uv": [0, 0, 0.96094, 0.05469], "texture": "#1_3"},
				"east": {"uv": [0, 0, 0.96094, 0.05469], "texture": "#1_3"},
				"south": {"uv": [0, 0, 0.96094, 0.05469], "texture": "#1_0"},
				"west": {"uv": [0, 0, 0.96094, 0.05469], "texture": "#1_3"},
				"up": {"uv": [0, 0, 0.96094, 0.05469], "texture": "#1_0"},
				"down": {"uv": [0, 0, 0.96094, 0.05469], "texture": "#1_3"}
			}
		},
		{
			"from": [-0.625, -1.75, 20.375],
			"to": [16.5, -0.875, 21.25],
			"rotation": {"angle": 0, "axis": "y", "origin": [8, -8, 8]},
			"faces": {
				"north": {"uv": [11.813, 5.813, 14.038, 6.586], "texture": "#5"},
				"east": {"uv": [11.813, 5.813, 14.038, 6.586], "texture": "#5"},
				"south": {"uv": [11.813, 5.813, 14.038, 6.586], "texture": "#5"},
				"west": {"uv": [11.813, 5.813, 14.038, 6.586], "texture": "#5"},
				"up": {"uv": [11.813, 5.813, 14.038, 6.586], "texture": "#5"},
				"down": {"uv": [11.813, 5.813, 14.038, 6.586], "texture": "#5"}
			}
		},
		{
			"from": [-0.625, -0.875, -0.625],
			"to": [16.5, -0.625, 10.125],
			"rotation": {"angle": 0, "axis": "y", "origin": [8, -8, 8]},
			"faces": {
				"north": {"uv": [11.032, 4.25, 14.594, 7.282], "rotation": 180, "texture": "#5"},
				"east": {"uv": [11.032, 4.25, 14.594, 7.282], "rotation": 180, "texture": "#5"},
				"south": {"uv": [11.032, 4.25, 14.594, 7.282], "rotation": 180, "texture": "#5"},
				"west": {"uv": [11.032, 4.25, 14.594, 7.282], "rotation": 180, "texture": "#5"},
				"up": {"uv": [11.032, 4.25, 14.594, 7.282], "rotation": 180, "texture": "#5"},
				"down": {"uv": [11.032, 4.25, 14.594, 7.282], "rotation": 180, "texture": "#5"}
			}
		},
		{
			"from": [0.375, -0.25, 9],
			"to": [15.5, 0, 9.375],
			"rotation": {"angle": 0, "axis": "y", "origin": [8, -8, 8]},
			"faces": {
				"north": {"uv": [0, 0, 0.94531, 0.01563], "rotation": 180, "texture": "#1_0"},
				"east": {"uv": [0, 0, 0.94531, 0.01563], "rotation": 180, "texture": "#1_0"},
				"south": {"uv": [0, 0, 0.94531, 0.01563], "rotation": 180, "texture": "#1_0"},
				"west": {"uv": [0, 0, 0.94531, 0.01563], "rotation": 180, "texture": "#1_0"},
				"up": {"uv": [0, 0, 0.94531, 0.01563], "rotation": 180, "texture": "#1_0"},
				"down": {"uv": [0, 0, 0.94531, 0.01563], "rotation": 180, "texture": "#1_0"}
			}
		},
		{
			"from": [0.375, -0.625, 9],
			"to": [1.5, -0.125, 9.375],
			"rotation": {"angle": 0, "axis": "y", "origin": [8, -8, 8]},
			"faces": {
				"north": {"uv": [0, 0, 0.07031, 0.03125], "rotation": 180, "texture": "#1_0"},
				"east": {"uv": [0, 0, 0.07031, 0.03125], "rotation": 180, "texture": "#1_0"},
				"south": {"uv": [0, 0, 0.07031, 0.03125], "rotation": 180, "texture": "#1_0"},
				"west": {"uv": [0, 0, 0.07031, 0.03125], "rotation": 180, "texture": "#1_0"},
				"up": {"uv": [0, 0, 0.07031, 0.03125], "rotation": 180, "texture": "#1_0"},
				"down": {"uv": [0, 0, 0.07031, 0.03125], "rotation": 180, "texture": "#1_0"}
			}
		},
		{
			"from": [14.375, -0.625, 9],
			"to": [15.5, -0.125, 9.375],
			"rotation": {"angle": 0, "axis": "y", "origin": [8, -8, 8]},
			"faces": {
				"north": {"uv": [0, 0, 0.07031, 0.03125], "rotation": 180, "texture": "#1_0"},
				"east": {"uv": [0, 0, 0.07031, 0.03125], "rotation": 180, "texture": "#1_0"},
				"south": {"uv": [0, 0, 0.07031, 0.03125], "rotation": 180, "texture": "#1_0"},
				"west": {"uv": [0, 0, 0.07031, 0.03125], "rotation": 180, "texture": "#1_0"},
				"up": {"uv": [0, 0, 0.07031, 0.03125], "rotation": 180, "texture": "#1_0"},
				"down": {"uv": [0, 0, 0.07031, 0.03125], "rotation": 180, "texture": "#1_0"}
			}
		},
		{
			"from": [15.625, -1.75, 0.25],
			"to": [16.5, -0.875, 20.375],
			"rotation": {"angle": 0, "axis": "y", "origin": [8, -8, 8]},
			"faces": {
				"north": {"uv": [11.594, 7.249, 13.938, 4.719], "texture": "#5"},
				"east": {"uv": [11.594, 7.249, 13.938, 4.719], "texture": "#5"},
				"south": {"uv": [11.594, 7.249, 13.938, 4.719], "texture": "#5"},
				"west": {"uv": [11.594, 7.249, 13.938, 4.719], "texture": "#5"},
				"up": {"uv": [11.594, 7.249, 13.938, 4.719], "texture": "#5"},
				"down": {"uv": [11.594, 7.249, 13.938, 4.719], "texture": "#5"}
			}
		},
		{
			"from": [-0.625, -1.75, 0.25],
			"to": [0.25, -0.875, 20.375],
			"rotation": {"angle": 0, "axis": "y", "origin": [8, -8, 8]},
			"faces": {
				"north": {"uv": [11.594, 7.249, 13.938, 4.719], "texture": "#5"},
				"east": {"uv": [11.594, 7.249, 13.938, 4.719], "texture": "#5"},
				"south": {"uv": [11.594, 7.249, 13.938, 4.719], "texture": "#5"},
				"west": {"uv": [11.594, 7.249, 13.938, 4.719], "texture": "#5"},
				"up": {"uv": [11.594, 7.249, 13.938, 4.719], "texture": "#5"},
				"down": {"uv": [11.594, 7.249, 13.938, 4.719], "texture": "#5"}
			}
		},
		{
			"from": [0, -13.625, -0.125],
			"to": [16, -13.375, 4.875],
			"rotation": {"angle": 0, "axis": "y", "origin": [8, -8, 8]},
			"faces": {
				"north": {"uv": [11.594, 7.249, 13.938, 4.719], "texture": "#5"},
				"east": {"uv": [11.594, 7.249, 13.938, 4.719], "texture": "#5"},
				"south": {"uv": [0, 0, 1, 0.01563], "texture": "#1_0"},
				"west": {"uv": [11.594, 7.249, 13.938, 4.719], "texture": "#5"},
				"up": {"uv": [0, 0, 1, 0.01563], "texture": "#1_3"},
				"down": {"uv": [0, 0, 1, 0.01563], "texture": "#1_0"}
			}
		},
		{
			"from": [2.625, -9.875, 17],
			"to": [12.875, 4.25, 17.625],
			"rotation": {"angle": 22.5, "axis": "x", "origin": [10.625, -1.875, 25]},
			"faces": {
				"north": {"uv": [1.219, 0.813, 2.844, 2.969], "texture": "#5"},
				"east": {"uv": [1.219, 0.813, 2.844, 2.969], "texture": "#5"},
				"south": {"uv": [1.219, 0.813, 2.844, 2.969], "texture": "#5"},
				"west": {"uv": [1.219, 0.813, 2.844, 2.969], "texture": "#5"},
				"up": {"uv": [1.219, 0.813, 2.844, 2.969], "texture": "#5"},
				"down": {"uv": [1.219, 0.813, 2.844, 2.969], "texture": "#5"}
			}
		},
		{
			"from": [2.625, -12.5, 14.5],
			"to": [12.875, 1.625, 15.125],
			"rotation": {"angle": 22.5, "axis": "x", "origin": [10.625, -4.5, 22.5]},
			"faces": {
				"north": {"uv": [1.219, 0.813, 2.844, 2.969], "texture": "#5"},
				"east": {"uv": [1.219, 0.813, 2.844, 2.969], "texture": "#5"},
				"south": {"uv": [1.219, 0.813, 2.844, 2.969], "texture": "#5"},
				"west": {"uv": [1.219, 0.813, 2.844, 2.969], "texture": "#5"},
				"up": {"uv": [1.219, 0.813, 2.844, 2.969], "texture": "#5"},
				"down": {"uv": [1.219, 0.813, 2.844, 2.969], "texture": "#5"}
			}
		}
	],
	"display": {
		"thirdperson_righthand": {
			"rotation": [0, 89.5, 0],
			"translation": [-7.25, -2, 0],
			"scale": [0.36, 0.4518, 0.44398]
		},
		"thirdperson_lefthand": {
			"rotation": [0, 91, 0],
			"translation": [-7, 0, 0],
			"scale": [0.37, 0.37, 0.37]
		},
		"firstperson_righthand": {
			"scale": [0, 0, 0]
		},
		"firstperson_lefthand": {
			"scale": [0, 0, 0]
		},
		"gui": {
			"rotation": [14, -118, 0],
			"translation": [1.75, -0.75, 0],
			"scale": [0.47, 0.47, 0.47]
		},
		"fixed": {
			"rotation": [-90, 90, 0],
			"translation": [0, 0, -15],
			"scale": [2, 2, 2]
		}
	},
	"groups": [
		{
			"name": "parrot_spawn_egg",
			"origin": [8, 8, 8],
			"color": 0,
			"children": [
				{
					"name": "roulettes1",
					"origin": [8, 8, 8],
					"color": 0,
					"children": [0, 1, 2, 3, 4, 5, 6, 7, 8, 9, 10, 11, 12, 13, 14, 15, 16, 17, 18, 19, 20, 21, 22]
				},
				{
					"name": "roulettes2",
					"origin": [8, 8, 8],
					"color": 0,
					"children": [23, 24, 25, 26, 27, 28, 29, 30, 31, 32, 33, 34, 35, 36, 37, 38, 39, 40, 41, 42, 43, 44, 45]
				},
				{
					"name": "roulettes3",
					"origin": [8, 8, 8],
					"color": 0,
					"children": [46, 47, 48, 49, 50, 51, 52, 53, 54, 55, 56, 57, 58, 59, 60, 61, 62, 63, 64, 65, 66, 67, 68]
				},
				{
					"name": "roulettes4",
					"origin": [8, 8, 8],
					"color": 0,
					"children": [69, 70, 71, 72, 73, 74, 75, 76, 77, 78, 79, 80, 81, 82, 83, 84, 85, 86, 87, 88, 89, 90, 91]
				},
				{
					"name": "pieds",
					"origin": [8, 8, 8],
					"color": 0,
					"children": [92, 93, 94, 95]
				},
				{
					"name": "base",
					"origin": [8, 8, 8],
					"color": 0,
					"children": [96, 97, 98, 99, 100, 101, 102, 103, 104, 105, 106, 107, 108, 109, 110, 111, 112, 113, 114, 115, 116]
				}
			]
		}
	]
}