{
	"credit": "Made with Blockbench",
	"textures": {
		"4": "block/acacia_log_top",
		"particle": "block/acacia_planks"
	},
	"elements": [
		{
			"from": [8.125, 0, 7.625],
			"to": [8.25, 0.125, 7.75],
			"rotation": {"angle": 0, "axis": "y", "origin": [16.125, 8, 15.625]},
			"faces": {
				"north": {"uv": [0, 0, 16, 16], "texture": "#4"},
				"east": {"uv": [0, 0, 16, 16], "texture": "#4"},
				"south": {"uv": [0, 0, 16, 16], "texture": "#4"},
				"west": {"uv": [0, 0, 16, 16], "texture": "#4"},
				"up": {"uv": [0, 0, 16, 16], "texture": "#4"},
				"down": {"uv": [0, 0, 16, 16], "texture": "#4"}
			}
		}
	],
	"display": {
		"thirdperson_righthand": {
			"scale": [0.26, 0.26, 0.26]
		},
		"thirdperson_lefthand": {
			"scale": [0.27, 0.28, 0.27]
		},
		"firstperson_righthand": {
			"scale": [0, 0, 0]
		},
		"firstperson_lefthand": {
			"scale": [0, 0, 0]
		},
		"gui": {
			"rotation": [19, 68, 0],
			"translation": [0, -2.5, 0],
			"scale": [0.35, 0.38, 0.36]
		}
	}
}