{
	"credit": "Made with Blockbench",
	"textures": {
		"1": "block/3d_objects/props_b",
		"particle": "block/acacia_planks"
	},
	"elements": [
		{
			"from": [2.2625, 0, 12.59375],
			"to": [3.2625, 9, 13.59375],
			"rotation": {"angle": 0, "axis": "y", "origin": [10.2625, 8, 5.59375]},
			"faces": {
				"north": {"uv": [8.188, 0.625, 13.968, 6.187], "texture": "#1"},
				"east": {"uv": [8.188, 0.625, 13.968, 6.187], "texture": "#1"},
				"south": {"uv": [8.188, 0.625, 13.968, 6.187], "texture": "#1"},
				"west": {"uv": [8.188, 0.625, 13.968, 6.187], "texture": "#1"},
				"up": {"uv": [8.188, 0.625, 13.968, 6.187], "rotation": 270, "texture": "#1"},
				"down": {"uv": [8.188, 0.625, 13.968, 6.187], "rotation": 90, "texture": "#1"}
			}
		},
		{
			"from": [12.6375, 0, 12.59375],
			"to": [13.6375, 9, 13.59375],
			"rotation": {"angle": 0, "axis": "y", "origin": [20.6375, 8, 5.59375]},
			"faces": {
				"north": {"uv": [8.188, 0.625, 13.968, 6.187], "texture": "#1"},
				"east": {"uv": [8.188, 0.625, 13.968, 6.187], "texture": "#1"},
				"south": {"uv": [8.188, 0.625, 13.968, 6.187], "texture": "#1"},
				"west": {"uv": [8.188, 0.625, 13.968, 6.187], "texture": "#1"},
				"up": {"uv": [8.188, 0.625, 13.968, 6.187], "rotation": 270, "texture": "#1"},
				"down": {"uv": [8.188, 0.625, 13.968, 6.187], "rotation": 90, "texture": "#1"}
			}
		},
		{
			"from": [12.6375, 0, 3.09375],
			"to": [13.6375, 22.75, 4.09375],
			"rotation": {"angle": 0, "axis": "y", "origin": [20.6375, 8, -3.90625]},
			"faces": {
				"north": {"uv": [8.188, 0.625, 13.968, 6.187], "texture": "#1"},
				"east": {"uv": [8.188, 0.625, 13.968, 6.187], "texture": "#1"},
				"south": {"uv": [8.188, 0.625, 13.968, 6.187], "texture": "#1"},
				"west": {"uv": [8.188, 0.625, 13.968, 6.187], "texture": "#1"},
				"up": {"uv": [8.188, 0.625, 13.968, 6.187], "rotation": 270, "texture": "#1"},
				"down": {"uv": [8.188, 0.625, 13.968, 6.187], "rotation": 90, "texture": "#1"}
			}
		},
		{
			"from": [1.7625, 9, 2.46875],
			"to": [14.2625, 10.25, 14.21875],
			"rotation": {"angle": 0, "axis": "y", "origin": [20.6375, 8, -3.90625]},
			"faces": {
				"north": {"uv": [8.188, 0.625, 13.968, 6.187], "texture": "#1"},
				"east": {"uv": [8.188, 0.625, 13.968, 6.187], "texture": "#1"},
				"south": {"uv": [8.188, 0.625, 13.968, 6.187], "texture": "#1"},
				"west": {"uv": [8.188, 0.625, 13.968, 6.187], "texture": "#1"},
				"up": {"uv": [8.188, 0.625, 13.968, 6.187], "rotation": 270, "texture": "#1"},
				"down": {"uv": [8.188, 0.625, 13.968, 6.187], "rotation": 90, "texture": "#1"}
			}
		},
		{
			"from": [3.3875, 11.375, 3.34375],
			"to": [12.6375, 13.125, 3.96875],
			"rotation": {"angle": 0, "axis": "y", "origin": [20.6375, 12.75, -3.90625]},
			"faces": {
				"north": {"uv": [8.188, 0.625, 13.968, 6.187], "texture": "#1"},
				"east": {"uv": [8.188, 0.625, 13.968, 6.187], "texture": "#1"},
				"south": {"uv": [8.188, 0.625, 13.968, 6.187], "texture": "#1"},
				"west": {"uv": [8.188, 0.625, 13.968, 6.187], "texture": "#1"},
				"up": {"uv": [8.188, 0.625, 13.968, 6.187], "rotation": 270, "texture": "#1"},
				"down": {"uv": [8.188, 0.625, 13.968, 6.187], "rotation": 90, "texture": "#1"}
			}
		},
		{
			"from": [3.3875, 20.25, 3.34375],
			"to": [12.6375, 22, 3.96875],
			"rotation": {"angle": 0, "axis": "y", "origin": [20.6375, 21.625, -3.90625]},
			"faces": {
				"north": {"uv": [8.188, 0.625, 13.968, 6.187], "texture": "#1"},
				"east": {"uv": [8.188, 0.625, 13.968, 6.187], "texture": "#1"},
				"south": {"uv": [8.188, 0.625, 13.968, 6.187], "texture": "#1"},
				"west": {"uv": [8.188, 0.625, 13.968, 6.187], "texture": "#1"},
				"up": {"uv": [8.188, 0.625, 13.968, 6.187], "rotation": 270, "texture": "#1"},
				"down": {"uv": [8.188, 0.625, 13.968, 6.187], "rotation": 90, "texture": "#1"}
			}
		},
		{
			"from": [3.3875, 14.5, 3.34375],
			"to": [12.6375, 15.625, 3.96875],
			"rotation": {"angle": 0, "axis": "y", "origin": [20.6375, 15.875, -3.90625]},
			"faces": {
				"north": {"uv": [8.188, 0.625, 13.968, 6.187], "texture": "#1"},
				"east": {"uv": [8.188, 0.625, 13.968, 6.187], "texture": "#1"},
				"south": {"uv": [8.188, 0.625, 13.968, 6.187], "texture": "#1"},
				"west": {"uv": [8.188, 0.625, 13.968, 6.187], "texture": "#1"},
				"up": {"uv": [8.188, 0.625, 13.968, 6.187], "rotation": 270, "texture": "#1"},
				"down": {"uv": [8.188, 0.625, 13.968, 6.187], "rotation": 90, "texture": "#1"}
			}
		},
		{
			"from": [3.3875, 16.125, 3.34375],
			"to": [12.6375, 17.25, 3.96875],
			"rotation": {"angle": 0, "axis": "y", "origin": [20.6375, 17.5, -3.90625]},
			"faces": {
				"north": {"uv": [8.188, 0.625, 13.968, 6.187], "texture": "#1"},
				"east": {"uv": [8.188, 0.625, 13.968, 6.187], "texture": "#1"},
				"south": {"uv": [8.188, 0.625, 13.968, 6.187], "texture": "#1"},
				"west": {"uv": [8.188, 0.625, 13.968, 6.187], "texture": "#1"},
				"up": {"uv": [8.188, 0.625, 13.968, 6.187], "rotation": 270, "texture": "#1"},
				"down": {"uv": [8.188, 0.625, 13.968, 6.187], "rotation": 90, "texture": "#1"}
			}
		},
		{
			"from": [3.3875, 17.75, 3.34375],
			"to": [12.6375, 18.875, 3.96875],
			"rotation": {"angle": 0, "axis": "y", "origin": [20.6375, 19.125, -3.90625]},
			"faces": {
				"north": {"uv": [8.188, 0.625, 13.968, 6.187], "texture": "#1"},
				"east": {"uv": [8.188, 0.625, 13.968, 6.187], "texture": "#1"},
				"south": {"uv": [8.188, 0.625, 13.968, 6.187], "texture": "#1"},
				"west": {"uv": [8.188, 0.625, 13.968, 6.187], "texture": "#1"},
				"up": {"uv": [8.188, 0.625, 13.968, 6.187], "rotation": 270, "texture": "#1"},
				"down": {"uv": [8.188, 0.625, 13.968, 6.187], "rotation": 90, "texture": "#1"}
			}
		},
		{
			"from": [2.3875, 0, 3.09375],
			"to": [3.3875, 22.75, 4.09375],
			"rotation": {"angle": 0, "axis": "y", "origin": [10.3875, 8, -3.90625]},
			"faces": {
				"north": {"uv": [8.188, 0.625, 13.968, 6.187], "texture": "#1"},
				"east": {"uv": [8.188, 0.625, 13.968, 6.187], "texture": "#1"},
				"south": {"uv": [8.188, 0.625, 13.968, 6.187], "texture": "#1"},
				"west": {"uv": [8.188, 0.625, 13.968, 6.187], "texture": "#1"},
				"up": {"uv": [8.188, 0.625, 13.968, 6.187], "rotation": 270, "texture": "#1"},
				"down": {"uv": [8.188, 0.625, 13.968, 6.187], "rotation": 90, "texture": "#1"}
			}
		}
	],
	"display": {
		"thirdperson_righthand": {
			"rotation": [90, 0, 0]
		},
		"thirdperson_lefthand": {
			"rotation": [90, 0, 0]
		},
		"firstperson_righthand": {
			"scale": [0, 0, 0]
		},
		"firstperson_lefthand": {
			"scale": [0, 0, 0]
		},
		"gui": {
			"rotation": [16, 141, 0],
			"translation": [-0.25, -1.5, 0],
			"scale": [0.6, 0.6, 0.6]
		}
	},
	"groups": [
		{
			"name": "group",
			"origin": [8, 8, 8],
			"color": 0,
			"children": [0, 1, 2, 3, 4, 5, 6, 7, 8, 9]
		}
	]
}