{
	"credit": "ALTA Commons - All right reserved (c)",
	"textures": {
		"4": "block/3d/itemframe_background",
		"particle": "block/3d/itemframe_background"
	},
	"elements": [
		{
			"from": [0.38068, 11.625, 15.125],
			"to": [2.00568, 13, 16],
			"rotation": {"angle": 0, "axis": "y", "origin": [-5.61932, 19.625, 22]},
			"faces": {
				"north": {"uv": [0, 0, 1.625, 1.375], "texture": "#4"},
				"east": {"uv": [0, 0, 1.625, 1.375], "texture": "#4"},
				"south": {"uv": [0, 0, 1.625, 1.375], "texture": "#4"},
				"west": {"uv": [0, 0, 1.625, 1.375], "texture": "#4"},
				"up": {"uv": [0, 0, 1.625, 1.375], "rotation": 90, "texture": "#4"},
				"down": {"uv": [0, 0, 1.625, 1.375], "rotation": 270, "texture": "#4"}
			}
		},
		{
			"from": [14.13068, 0, 8.125],
			"to": [14.75568, 16, 8.75],
			"rotation": {"angle": 0, "axis": "y", "origin": [8.00568, 11.875, 15]},
			"faces": {
				"north": {"uv": [0, 0, 0.625, 16], "texture": "#4"},
				"east": {"uv": [0, 0, 0.625, 16], "texture": "#4"},
				"south": {"uv": [0, 0, 0.625, 16], "texture": "#4"},
				"west": {"uv": [0, 0, 0.625, 16], "texture": "#4"},
				"up": {"uv": [0, 0, 0.625, 16], "rotation": 90, "texture": "#4"},
				"down": {"uv": [0, 0, 0.625, 16], "rotation": 270, "texture": "#4"}
			}
		},
		{
			"from": [13.63068, 0, 12.375],
			"to": [16.00568, 16, 15.125],
			"rotation": {"angle": 0, "axis": "y", "origin": [8.00568, 8, 22]},
			"faces": {
				"north": {"uv": [0, 0, 2.375, 16], "texture": "#4"},
				"east": {"uv": [0, 0, 2.375, 16], "texture": "#4"},
				"south": {"uv": [0, 0, 2.375, 16], "texture": "#4"},
				"west": {"uv": [0, 0, 2.375, 16], "texture": "#4"},
				"up": {"uv": [0, 0, 2.375, 16], "rotation": 90, "texture": "#4"},
				"down": {"uv": [0, 0, 2.375, 16], "rotation": 270, "texture": "#4"}
			}
		},
		{
			"from": [14.00568, 11.625, 15.125],
			"to": [15.63068, 13, 16],
			"rotation": {"angle": 0, "axis": "y", "origin": [8.00568, 19.625, 22]},
			"faces": {
				"north": {"uv": [0, 0, 1.625, 1.375], "texture": "#4"},
				"east": {"uv": [0, 0, 1.625, 1.375], "texture": "#4"},
				"south": {"uv": [0, 0, 1.625, 1.375], "texture": "#4"},
				"west": {"uv": [0, 0, 1.625, 1.375], "texture": "#4"},
				"up": {"uv": [0, 0, 1.625, 1.375], "rotation": 90, "texture": "#4"},
				"down": {"uv": [0, 0, 1.625, 1.375], "rotation": 270, "texture": "#4"}
			}
		},
		{
			"from": [14.00568, 3.875, 15.125],
			"to": [15.63068, 5.25, 16],
			"rotation": {"angle": 0, "axis": "y", "origin": [8.00568, 11.875, 22]},
			"faces": {
				"north": {"uv": [0, 0, 1.625, 1.375], "texture": "#4"},
				"east": {"uv": [0, 0, 1.625, 1.375], "texture": "#4"},
				"south": {"uv": [0, 0, 1.625, 1.375], "texture": "#4"},
				"west": {"uv": [0, 0, 1.625, 1.375], "texture": "#4"},
				"up": {"uv": [0, 0, 1.625, 1.375], "rotation": 90, "texture": "#4"},
				"down": {"uv": [0, 0, 1.625, 1.375], "rotation": 270, "texture": "#4"}
			}
		},
		{
			"from": [1.63068, 7.6875, 8.25],
			"to": [14.75568, 8.3125, 8.875],
			"rotation": {"angle": 0, "axis": "y", "origin": [8.00568, 19.5625, 15]},
			"faces": {
				"north": {"uv": [15.5, 7.25, 16, 16], "texture": "#4"},
				"east": {"uv": [0, 0, 13.125, 0.625], "texture": "#4"},
				"south": {"uv": [0, 0, 13.125, 0.625], "texture": "#4"},
				"west": {"uv": [0, 0, 13.125, 0.625], "texture": "#4"},
				"up": {"uv": [0, 0, 13.125, 0.625], "rotation": 90, "texture": "#4"},
				"down": {"uv": [0, 0, 13.125, 0.625], "rotation": 270, "texture": "#4"}
			}
		},
		{
			"from": [14.13068, 7.6875, 8.25],
			"to": [14.75568, 8.3125, 13.125],
			"rotation": {"angle": 0, "axis": "y", "origin": [8.00568, 19.5625, 15]},
			"faces": {
				"north": {"uv": [0, 0, 0.625, 0.625], "texture": "#4"},
				"east": {"uv": [0, 0, 0.625, 0.625], "texture": "#4"},
				"south": {"uv": [0, 0, 0.625, 0.625], "texture": "#4"},
				"west": {"uv": [0, 0, 0.625, 0.625], "texture": "#4"},
				"up": {"uv": [0, 0, 0.625, 0.625], "rotation": 90, "texture": "#4"},
				"down": {"uv": [0, 0, 0.625, 0.625], "rotation": 270, "texture": "#4"}
			}
		},
		{
			"from": [1.13068, 0, 8.125],
			"to": [1.75568, 16, 8.75],
			"rotation": {"angle": 0, "axis": "y", "origin": [-4.99432, 11.875, 15]},
			"faces": {
				"north": {"uv": [0, 0, 0.625, 16], "texture": "#4"},
				"east": {"uv": [0, 0, 0.625, 16], "texture": "#4"},
				"south": {"uv": [0, 0, 0.625, 16], "texture": "#4"},
				"west": {"uv": [0, 0, 0.625, 16], "texture": "#4"},
				"up": {"uv": [0, 0, 0.625, 16], "rotation": 90, "texture": "#4"},
				"down": {"uv": [0, 0, 0.625, 16], "rotation": 270, "texture": "#4"}
			}
		},
		{
			"from": [0.00568, 0, 12.375],
			"to": [2.38068, 16, 15.125],
			"rotation": {"angle": 0, "axis": "y", "origin": [-5.61932, 8, 22]},
			"faces": {
				"north": {"uv": [0, 0, 2.375, 16], "texture": "#4"},
				"east": {"uv": [0, 0, 2.375, 16], "texture": "#4"},
				"south": {"uv": [0, 0, 2.375, 16], "texture": "#4"},
				"west": {"uv": [0, 0, 2.375, 16], "texture": "#4"},
				"up": {"uv": [0, 0, 2.375, 16], "rotation": 90, "texture": "#4"},
				"down": {"uv": [0, 0, 2.375, 16], "rotation": 270, "texture": "#4"}
			}
		},
		{
			"from": [0.38068, 3.875, 15.125],
			"to": [2.00568, 5.25, 16],
			"rotation": {"angle": 0, "axis": "y", "origin": [-5.61932, 11.875, 22]},
			"faces": {
				"north": {"uv": [0, 0, 1.625, 1.375], "texture": "#4"},
				"east": {"uv": [0, 0, 1.625, 1.375], "texture": "#4"},
				"south": {"uv": [0, 0, 1.625, 1.375], "texture": "#4"},
				"west": {"uv": [0, 0, 1.625, 1.375], "texture": "#4"},
				"up": {"uv": [0, 0, 1.625, 1.375], "rotation": 90, "texture": "#4"},
				"down": {"uv": [0, 0, 1.625, 1.375], "rotation": 270, "texture": "#4"}
			}
		},
		{
			"from": [1.13068, 7.6875, 8.25],
			"to": [1.75568, 8.3125, 13.125],
			"rotation": {"angle": 0, "axis": "y", "origin": [-4.99432, 19.5625, 15]},
			"faces": {
				"north": {"uv": [0, 0, 0.625, 0.625], "texture": "#4"},
				"east": {"uv": [0, 0, 0.625, 0.625], "texture": "#4"},
				"south": {"uv": [0, 0, 0.625, 0.625], "texture": "#4"},
				"west": {"uv": [0, 0, 0.625, 0.625], "texture": "#4"},
				"up": {"uv": [0, 0, 0.625, 0.625], "rotation": 90, "texture": "#4"},
				"down": {"uv": [0, 0, 0.625, 0.625], "rotation": 270, "texture": "#4"}
			}
		}
	],
	"display": {
		"thirdperson_righthand": {
			"scale": [0.14, 0.12, 0.16]
		},
		"thirdperson_lefthand": {
			"scale": [0.13, 0.14, 0.14]
		},
		"firstperson_righthand": {
			"scale": [0, 0, 0]
		},
		"firstperson_lefthand": {
			"scale": [0, 0, 0]
		},
		"gui": {
			"rotation": [20, 65, -3],
			"translation": [-1, -3, 0],
			"scale": [0.34, 0.36, 0.45]
		},
		"fixed": {
			"rotation": [0, 90, 0],
			"translation": [0, 0, 7]
		}
	},
	"groups": [
		{
			"name": "group",
			"origin": [15, 19.5625, 21],
			"color": 0,
			"children": [0, 1, 2, 3, 4, 5, 6, 7, 8, 9, 10]
		}
	]
}