{
    "textures": {
        "particle": "block/green_concrete_powder",
        "0": "block/green_concrete_powder"
    },
    "elements": [
        {
            "name": "Cube",
            "from": [ 0.0, 0.0, 0.0 ], 
            "to": [ 16.0, 8.0, 16.0 ], 
            "faces": {
                "north": { "texture": "#0", "uv": [ 0.0, 0.0, 16.0, 8.0 ] },
                "east": { "texture": "#0", "uv": [ 0.0, 0.0, 16.0, 8.0 ] },
                "south": { "texture": "#0", "uv": [ 0.0, 0.0, 16.0, 8.0 ] },
                "west": { "texture": "#0", "uv": [ 0.0, 0.0, 16.0, 8.0 ] },
                "up": { "texture": "#0", "uv": [ 0.0, 0.0, 16.0, 16.0 ] },
                "down": { "texture": "#0", "uv": [ 0.0, 0.0, 16.0, 16.0 ] }
            }
        }
    ]
}