{
	"credit": "Made with Blockbench",
	"textures": {
		"2": "block/cut_red_sandstone",
		"particle": "block/cut_red_sandstone"
	},
	"elements": [
		{
			"from": [0, 0, 0],
			"to": [16, 8, 16],
			"faces": {
				"north": {"uv": [0, 0, 16, 8.875], "texture": "#2"},
				"east": {"uv": [0, 0, 16, 8.875], "texture": "#2"},
				"south": {"uv": [0, 0, 16, 8.875], "texture": "#2"},
				"west": {"uv": [0, 0, 16, 8.875], "texture": "#2"},
				"up": {"uv": [0, 0, 16, 16], "texture": "#2"},
				"down": {"uv": [0, 0, 16, 16], "texture": "#2"}
			}
		}
	],
	"display": {
		"thirdperson_righthand": {
			"translation": [0, 1, 0],
			"scale": [0.4, 0.43, 0.47]
		},
		"thirdperson_lefthand": {
			"translation": [0, 0.5, 0],
			"scale": [0.4, 0.4, 0.4]
		},
		"gui": {
			"rotation": [30, 45, 0],
			"scale": [0.63, 0.63, 0.64]
		}
	}
}