{
	"credit": "ALTA Commons - All right reserved (c)",
	"textures": {
		"1": "block/3d_objects/bois_meuble",
		"particle": "block/3d_objects/bois_meuble"
	},
	"elements": [
		{
			"from": [-4.39062, 12.4375, 15.375],
			"to": [6.98438, 12.875, 15.9375],
			"rotation": {"angle": -45, "axis": "z", "origin": [1.79688, 8.875, 19.875]},
			"faces": {
				"north": {"uv": [0, 0, 16, 16], "rotation": 90, "texture": "#1"},
				"east": {"uv": [0, 0, 16, 16], "rotation": 90, "texture": "#1"},
				"south": {"uv": [0, 0, 16, 16], "rotation": 90, "texture": "#1"},
				"west": {"uv": [0, 0, 16, 16], "rotation": 90, "texture": "#1"},
				"up": {"uv": [0, 0, 16, 16], "rotation": 90, "texture": "#1"},
				"down": {"uv": [0, 0, 16, 16], "rotation": 90, "texture": "#1"}
			}
		},
		{
			"from": [5.48438, 2.375, 15.375],
			"to": [5.92188, 13.75, 15.9375],
			"rotation": {"angle": -45, "axis": "z", "origin": [9.48438, 11.875, 19.875]},
			"faces": {
				"north": {"uv": [0, 0, 16, 16], "texture": "#1"},
				"east": {"uv": [0, 0, 16, 16], "texture": "#1"},
				"south": {"uv": [0, 0, 16, 16], "texture": "#1"},
				"west": {"uv": [0, 0, 16, 16], "texture": "#1"},
				"up": {"uv": [0, 0, 16, 16], "texture": "#1"},
				"down": {"uv": [0, 0, 16, 16], "texture": "#1"}
			}
		},
		{
			"from": [-4.39062, 4.5625, 15.375],
			"to": [6.98438, 5, 15.9375],
			"rotation": {"angle": -45, "axis": "z", "origin": [1.79688, 1, 19.875]},
			"faces": {
				"north": {"uv": [0, 0, 16, 16], "rotation": 90, "texture": "#1"},
				"east": {"uv": [0, 0, 16, 16], "rotation": 90, "texture": "#1"},
				"south": {"uv": [0, 0, 16, 16], "rotation": 90, "texture": "#1"},
				"west": {"uv": [0, 0, 16, 16], "rotation": 90, "texture": "#1"},
				"up": {"uv": [0, 0, 16, 16], "rotation": 90, "texture": "#1"},
				"down": {"uv": [0, 0, 16, 16], "rotation": 90, "texture": "#1"}
			}
		},
		{
			"from": [5.48438, -5.5, 15.375],
			"to": [5.92188, 5.875, 15.9375],
			"rotation": {"angle": -45, "axis": "z", "origin": [9.48438, 4, 19.875]},
			"faces": {
				"north": {"uv": [0, 0, 16, 16], "texture": "#1"},
				"east": {"uv": [0, 0, 16, 16], "texture": "#1"},
				"south": {"uv": [0, 0, 16, 16], "texture": "#1"},
				"west": {"uv": [0, 0, 16, 16], "texture": "#1"},
				"up": {"uv": [0, 0, 16, 16], "texture": "#1"},
				"down": {"uv": [0, 0, 16, 16], "texture": "#1"}
			}
		},
		{
			"from": [3.35938, 12.4375, 15.375],
			"to": [14.73438, 12.875, 15.9375],
			"rotation": {"angle": -45, "axis": "z", "origin": [9.54688, 8.875, 19.875]},
			"faces": {
				"north": {"uv": [0, 0, 16, 16], "rotation": 90, "texture": "#1"},
				"east": {"uv": [0, 0, 16, 16], "rotation": 90, "texture": "#1"},
				"south": {"uv": [0, 0, 16, 16], "rotation": 90, "texture": "#1"},
				"west": {"uv": [0, 0, 16, 16], "rotation": 90, "texture": "#1"},
				"up": {"uv": [0, 0, 16, 16], "rotation": 90, "texture": "#1"},
				"down": {"uv": [0, 0, 16, 16], "rotation": 90, "texture": "#1"}
			}
		},
		{
			"from": [13.23438, 2.375, 15.375],
			"to": [13.67188, 13.75, 15.9375],
			"rotation": {"angle": -45, "axis": "z", "origin": [17.23438, 11.875, 19.875]},
			"faces": {
				"north": {"uv": [0, 0, 16, 16], "texture": "#1"},
				"east": {"uv": [0, 0, 16, 16], "texture": "#1"},
				"south": {"uv": [0, 0, 16, 16], "texture": "#1"},
				"west": {"uv": [0, 0, 16, 16], "texture": "#1"},
				"up": {"uv": [0, 0, 16, 16], "texture": "#1"},
				"down": {"uv": [0, 0, 16, 16], "texture": "#1"}
			}
		},
		{
			"from": [3.35938, 4.5625, 15.375],
			"to": [14.73438, 5, 15.9375],
			"rotation": {"angle": -45, "axis": "z", "origin": [9.54688, 1, 19.875]},
			"faces": {
				"north": {"uv": [0, 0, 16, 16], "rotation": 90, "texture": "#1"},
				"east": {"uv": [0, 0, 16, 16], "rotation": 90, "texture": "#1"},
				"south": {"uv": [0, 0, 16, 16], "rotation": 90, "texture": "#1"},
				"west": {"uv": [0, 0, 16, 16], "rotation": 90, "texture": "#1"},
				"up": {"uv": [0, 0, 16, 16], "rotation": 90, "texture": "#1"},
				"down": {"uv": [0, 0, 16, 16], "rotation": 90, "texture": "#1"}
			}
		},
		{
			"from": [13.23438, -5.5, 15.375],
			"to": [13.67188, 5.875, 15.9375],
			"rotation": {"angle": -45, "axis": "z", "origin": [17.23438, 4, 19.875]},
			"faces": {
				"north": {"uv": [0, 0, 16, 16], "texture": "#1"},
				"east": {"uv": [0, 0, 16, 16], "texture": "#1"},
				"south": {"uv": [0, 0, 16, 16], "texture": "#1"},
				"west": {"uv": [0, 0, 16, 16], "texture": "#1"},
				"up": {"uv": [0, 0, 16, 16], "texture": "#1"},
				"down": {"uv": [0, 0, 16, 16], "texture": "#1"}
			}
		}
	],
	"display": {
		"thirdperson_righthand": {
			"translation": [0, 0, -3],
			"scale": [0.4, 0.41, 0.4]
		},
		"thirdperson_lefthand": {
			"translation": [0, 0, -3.25],
			"scale": [0.44, 0.43, 0.45]
		},
		"firstperson_righthand": {
			"scale": [0, 0, 0]
		},
		"firstperson_lefthand": {
			"scale": [0, 0, 0]
		},
		"gui": {
			"rotation": [19, -23, 0],
			"translation": [2.5, 1.75, 0],
			"scale": [0.84, 0.84, 0.84]
		}
	},
	"groups": [
		{
			"name": "dark_oak_fence_gate",
			"origin": [8, 8, 8],
			"color": 0,
			"children": [
				{
					"name": "group",
					"origin": [8, 8, 8],
					"color": 0,
					"children": [
						0,
						1,
						{
							"name": "group",
							"origin": [8, 8, 8],
							"color": 0,
							"children": [2, 3]
						},
						{
							"name": "group",
							"origin": [8, 8, 8],
							"color": 0,
							"children": [
								4,
								5,
								{
									"name": "group",
									"origin": [8, 8, 8],
									"color": 0,
									"children": [6, 7]
								}
							]
						}
					]
				}
			]
		}
	]
}