{
	"credit": "Made with Blockbench",
	"textures": {
		"5": "block/light_gray_glazed_terracotta",
		"7": "block/coal_block",
		"particle": "block/coal_block"
	},
	"elements": [
		{
			"from": [-13.54242, 1.875, 3.1875],
			"to": [13.35258, 16.625, 8.8125],
			"rotation": {"angle": 0, "axis": "y", "origin": [5.46758, 9.875, 12.6875]},
			"faces": {
				"north": {"uv": [0.875, 0.25, 5.375, 11.25], "texture": "#5"},
				"east": {"uv": [0.875, 0.25, 5.375, 11.25], "texture": "#5"},
				"south": {"uv": [0.875, 0.25, 5.375, 11.25], "texture": "#5"},
				"west": {"uv": [0.875, 0.25, 5.375, 11.25], "texture": "#5"},
				"up": {"uv": [0.875, 0.25, 5.375, 11.25], "texture": "#5"},
				"down": {"uv": [0.875, 0.25, 5.375, 11.25], "texture": "#5"}
			}
		},
		{
			"from": [-13.54242, 1.875, 3.0625],
			"to": [13.35258, 7, 8.9375],
			"rotation": {"angle": 0, "axis": "y", "origin": [5.46758, 9.875, 12.6875]},
			"faces": {
				"north": {"uv": [0.875, 0.25, 5.375, 11.25], "texture": "#7"},
				"east": {"uv": [0.875, 0.25, 5.375, 11.25], "texture": "#5"},
				"south": {"uv": [0.875, 0.25, 5.375, 11.25], "texture": "#7"},
				"west": {"uv": [0.875, 0.25, 5.375, 11.25], "texture": "#5"},
				"up": {"uv": [0.875, 0.25, 5.375, 11.25], "texture": "#5"},
				"down": {"uv": [0.875, 0.25, 5.375, 11.25], "texture": "#5"}
			}
		},
		{
			"from": [2.34258, 0.625, 0.125],
			"to": [5.21758, 1.875, 11.75],
			"rotation": {"angle": 0, "axis": "y", "origin": [21.09258, 8, 8]},
			"faces": {
				"north": {"uv": [0.875, 0.25, 5.375, 11.25], "texture": "#5"},
				"east": {"uv": [0.875, 0.25, 5.375, 11.25], "texture": "#5"},
				"south": {"uv": [0.875, 0.25, 5.375, 11.25], "texture": "#5"},
				"west": {"uv": [0.875, 0.25, 5.375, 11.25], "texture": "#5"},
				"up": {"uv": [0.875, 0.25, 5.375, 11.25], "texture": "#5"},
				"down": {"uv": [0.875, 0.25, 5.375, 11.25], "texture": "#5"}
			}
		},
		{
			"from": [-5.15742, 0.625, 0.125],
			"to": [-2.28242, 1.875, 11.75],
			"rotation": {"angle": 0, "axis": "y", "origin": [13.59258, 8, 8]},
			"faces": {
				"north": {"uv": [0.875, 0.25, 5.375, 11.25], "texture": "#5"},
				"east": {"uv": [0.875, 0.25, 5.375, 11.25], "texture": "#5"},
				"south": {"uv": [0.875, 0.25, 5.375, 11.25], "texture": "#5"},
				"west": {"uv": [0.875, 0.25, 5.375, 11.25], "texture": "#5"},
				"up": {"uv": [0.875, 0.25, 5.375, 11.25], "texture": "#5"},
				"down": {"uv": [0.875, 0.25, 5.375, 11.25], "texture": "#5"}
			}
		},
		{
			"from": [-2.28242, 0, 0.125],
			"to": [2.34258, 1.875, 11.75],
			"rotation": {"angle": 0, "axis": "y", "origin": [16.46758, 8, 8]},
			"faces": {
				"north": {"uv": [0.875, 0.25, 5.375, 11.25], "texture": "#5"},
				"east": {"uv": [0.875, 0.25, 5.375, 11.25], "texture": "#5"},
				"south": {"uv": [0.875, 0.25, 5.375, 11.25], "texture": "#5"},
				"west": {"uv": [0.875, 0.25, 5.375, 11.25], "texture": "#5"},
				"up": {"uv": [0.875, 0.25, 5.375, 11.25], "texture": "#5"},
				"down": {"uv": [0.875, 0.25, 5.375, 11.25], "texture": "#5"}
			}
		},
		{
			"from": [5.21758, 0, 0.125],
			"to": [13.34358, 1.875, 11.75],
			"rotation": {"angle": 0, "axis": "y", "origin": [23.96758, 8, 8]},
			"faces": {
				"north": {"uv": [0.875, 0.25, 5.375, 11.25], "texture": "#5"},
				"east": {"uv": [0.875, 0.25, 5.375, 11.25], "texture": "#5"},
				"south": {"uv": [0.875, 0.25, 5.375, 11.25], "texture": "#5"},
				"west": {"uv": [0.875, 0.25, 5.375, 11.25], "texture": "#5"},
				"up": {"uv": [0.875, 0.25, 5.375, 11.25], "texture": "#5"},
				"down": {"uv": [0.875, 0.25, 5.375, 11.25], "texture": "#5"}
			}
		},
		{
			"from": [-13.54242, 0, 0.125],
			"to": [-5.16642, 1.875, 11.75],
			"rotation": {"angle": 0, "axis": "y", "origin": [5.46758, 8, 8]},
			"faces": {
				"north": {"uv": [0.875, 0.25, 5.375, 11.25], "texture": "#5"},
				"east": {"uv": [0.875, 0.25, 5.375, 11.25], "texture": "#5"},
				"south": {"uv": [0.875, 0.25, 5.375, 11.25], "texture": "#5"},
				"west": {"uv": [0.875, 0.25, 5.375, 11.25], "texture": "#5"},
				"up": {"uv": [0.875, 0.25, 5.375, 11.25], "texture": "#5"},
				"down": {"uv": [0.875, 0.25, 5.375, 11.25], "texture": "#5"}
			}
		},
		{
			"from": [-13.53242, 2.375, 2.8125],
			"to": [-5.15742, 9.25, 4.9375],
			"rotation": {"angle": 22.5, "axis": "x", "origin": [5.46758, 7.375, -0.5625]},
			"faces": {
				"north": {"uv": [0.875, 0.25, 5.375, 11.25], "texture": "#5"},
				"east": {"uv": [0.875, 0.25, 5.375, 11.25], "texture": "#5"},
				"south": {"uv": [0.875, 0.25, 5.375, 11.25], "texture": "#5"},
				"west": {"uv": [0.875, 0.25, 5.375, 11.25], "texture": "#5"},
				"up": {"uv": [0.875, 0.25, 5.375, 11.25], "texture": "#5"},
				"down": {"uv": [0.875, 0.25, 5.375, 11.25], "texture": "#5"}
			}
		},
		{
			"from": [-5.15742, 2.375, 2.8125],
			"to": [-2.28242, 6.375, 4.9375],
			"rotation": {"angle": 22.5, "axis": "x", "origin": [13.84258, 7.375, -0.5625]},
			"faces": {
				"north": {"uv": [0.875, 0.25, 5.375, 11.25], "texture": "#5"},
				"east": {"uv": [0.875, 0.25, 5.375, 11.25], "texture": "#5"},
				"south": {"uv": [0.875, 0.25, 5.375, 11.25], "texture": "#5"},
				"west": {"uv": [0.875, 0.25, 5.375, 11.25], "texture": "#5"},
				"up": {"uv": [0.875, 0.25, 5.375, 11.25], "texture": "#5"},
				"down": {"uv": [0.875, 0.25, 5.375, 11.25], "texture": "#5"}
			}
		},
		{
			"from": [-5.15742, 7.75, 2.8125],
			"to": [5.21758, 9.25, 4.9375],
			"rotation": {"angle": 22.5, "axis": "x", "origin": [15.34258, 7.375, -0.5625]},
			"faces": {
				"north": {"uv": [0.875, 0.25, 5.375, 11.25], "texture": "#5"},
				"east": {"uv": [0.875, 0.25, 5.375, 11.25], "texture": "#5"},
				"south": {"uv": [0.875, 0.25, 5.375, 11.25], "texture": "#5"},
				"west": {"uv": [0.875, 0.25, 5.375, 11.25], "texture": "#5"},
				"up": {"uv": [0.875, 0.25, 5.375, 11.25], "texture": "#5"},
				"down": {"uv": [0.875, 0.25, 5.375, 11.25], "texture": "#5"}
			}
		},
		{
			"from": [-2.28242, 2.375, 2.8125],
			"to": [2.34258, 7.75, 4.9375],
			"rotation": {"angle": 22.5, "axis": "x", "origin": [16.71758, 7.375, -0.5625]},
			"faces": {
				"north": {"uv": [0.875, 0.25, 5.375, 11.25], "texture": "#5"},
				"east": {"uv": [0.875, 0.25, 5.375, 11.25], "texture": "#5"},
				"south": {"uv": [0.875, 0.25, 5.375, 11.25], "texture": "#5"},
				"west": {"uv": [0.875, 0.25, 5.375, 11.25], "texture": "#5"},
				"up": {"uv": [0.875, 0.25, 5.375, 11.25], "texture": "#5"},
				"down": {"uv": [0.875, 0.25, 5.375, 11.25], "texture": "#5"}
			}
		},
		{
			"from": [2.34258, 2.375, 2.8125],
			"to": [5.21758, 6.375, 4.9375],
			"rotation": {"angle": 22.5, "axis": "x", "origin": [21.34258, 7.375, -0.5625]},
			"faces": {
				"north": {"uv": [0.875, 0.25, 5.375, 11.25], "texture": "#5"},
				"east": {"uv": [0.875, 0.25, 5.375, 11.25], "texture": "#5"},
				"south": {"uv": [0.875, 0.25, 5.375, 11.25], "texture": "#5"},
				"west": {"uv": [0.875, 0.25, 5.375, 11.25], "texture": "#5"},
				"up": {"uv": [0.875, 0.25, 5.375, 11.25], "texture": "#5"},
				"down": {"uv": [0.875, 0.25, 5.375, 11.25], "texture": "#5"}
			}
		},
		{
			"from": [5.21758, 2.375, 2.8125],
			"to": [13.34258, 9.25, 4.9375],
			"rotation": {"angle": 22.5, "axis": "x", "origin": [25.46758, 7.375, -0.5625]},
			"faces": {
				"north": {"uv": [0.875, 0.25, 5.375, 11.25], "texture": "#5"},
				"east": {"uv": [0.875, 0.25, 5.375, 11.25], "texture": "#5"},
				"south": {"uv": [0.875, 0.25, 5.375, 11.25], "texture": "#5"},
				"west": {"uv": [0.875, 0.25, 5.375, 11.25], "texture": "#5"},
				"up": {"uv": [0.875, 0.25, 5.375, 11.25], "texture": "#5"},
				"down": {"uv": [0.875, 0.25, 5.375, 11.25], "texture": "#5"}
			}
		},
		{
			"from": [-13.53242, 2.375, 7.0625],
			"to": [-5.15742, 9.25, 9.1875],
			"rotation": {"angle": -22.5, "axis": "x", "origin": [5.46758, 7.375, 12.5625]},
			"faces": {
				"north": {"uv": [0.875, 0.25, 5.375, 11.25], "texture": "#5"},
				"east": {"uv": [0.875, 0.25, 5.375, 11.25], "texture": "#5"},
				"south": {"uv": [0.875, 0.25, 5.375, 11.25], "texture": "#5"},
				"west": {"uv": [0.875, 0.25, 5.375, 11.25], "texture": "#5"},
				"up": {"uv": [0.875, 0.25, 5.375, 11.25], "texture": "#5"},
				"down": {"uv": [0.875, 0.25, 5.375, 11.25], "texture": "#5"}
			}
		},
		{
			"from": [-5.15742, 2.375, 7.0625],
			"to": [-2.28242, 6.375, 9.1875],
			"rotation": {"angle": -22.5, "axis": "x", "origin": [13.84258, 7.375, 12.5625]},
			"faces": {
				"north": {"uv": [0.875, 0.25, 5.375, 11.25], "texture": "#5"},
				"east": {"uv": [0.875, 0.25, 5.375, 11.25], "texture": "#5"},
				"south": {"uv": [0.875, 0.25, 5.375, 11.25], "texture": "#5"},
				"west": {"uv": [0.875, 0.25, 5.375, 11.25], "texture": "#5"},
				"up": {"uv": [0.875, 0.25, 5.375, 11.25], "texture": "#5"},
				"down": {"uv": [0.875, 0.25, 5.375, 11.25], "texture": "#5"}
			}
		},
		{
			"from": [-5.15742, 7.75, 7.0625],
			"to": [5.21758, 9.25, 9.1875],
			"rotation": {"angle": -22.5, "axis": "x", "origin": [15.34258, 7.375, 12.5625]},
			"faces": {
				"north": {"uv": [0.875, 0.25, 5.375, 11.25], "texture": "#5"},
				"east": {"uv": [0.875, 0.25, 5.375, 11.25], "texture": "#5"},
				"south": {"uv": [0.875, 0.25, 5.375, 11.25], "texture": "#5"},
				"west": {"uv": [0.875, 0.25, 5.375, 11.25], "texture": "#5"},
				"up": {"uv": [0.875, 0.25, 5.375, 11.25], "texture": "#5"},
				"down": {"uv": [0.875, 0.25, 5.375, 11.25], "texture": "#5"}
			}
		},
		{
			"from": [-2.28242, 2.375, 7.0625],
			"to": [2.34258, 7.75, 9.1875],
			"rotation": {"angle": -22.5, "axis": "x", "origin": [16.71758, 7.375, 12.5625]},
			"faces": {
				"north": {"uv": [0.875, 0.25, 5.375, 11.25], "texture": "#5"},
				"east": {"uv": [0.875, 0.25, 5.375, 11.25], "texture": "#5"},
				"south": {"uv": [0.875, 0.25, 5.375, 11.25], "texture": "#5"},
				"west": {"uv": [0.875, 0.25, 5.375, 11.25], "texture": "#5"},
				"up": {"uv": [0.875, 0.25, 5.375, 11.25], "texture": "#5"},
				"down": {"uv": [0.875, 0.25, 5.375, 11.25], "texture": "#5"}
			}
		},
		{
			"from": [2.34258, 2.375, 7.0625],
			"to": [5.21758, 6.375, 9.1875],
			"rotation": {"angle": -22.5, "axis": "x", "origin": [21.34258, 7.375, 12.5625]},
			"faces": {
				"north": {"uv": [0.875, 0.25, 5.375, 11.25], "texture": "#5"},
				"east": {"uv": [0.875, 0.25, 5.375, 11.25], "texture": "#5"},
				"south": {"uv": [0.875, 0.25, 5.375, 11.25], "texture": "#5"},
				"west": {"uv": [0.875, 0.25, 5.375, 11.25], "texture": "#5"},
				"up": {"uv": [0.875, 0.25, 5.375, 11.25], "texture": "#5"},
				"down": {"uv": [0.875, 0.25, 5.375, 11.25], "texture": "#5"}
			}
		},
		{
			"from": [5.21758, 2.375, 7.0625],
			"to": [13.34258, 9.25, 9.1875],
			"rotation": {"angle": -22.5, "axis": "x", "origin": [25.46758, 7.375, 12.5625]},
			"faces": {
				"north": {"uv": [0.875, 0.25, 5.375, 11.25], "texture": "#5"},
				"east": {"uv": [0.875, 0.25, 5.375, 11.25], "texture": "#5"},
				"south": {"uv": [0.875, 0.25, 5.375, 11.25], "texture": "#5"},
				"west": {"uv": [0.875, 0.25, 5.375, 11.25], "texture": "#5"},
				"up": {"uv": [0.875, 0.25, 5.375, 11.25], "texture": "#5"},
				"down": {"uv": [0.875, 0.25, 5.375, 11.25], "texture": "#5"}
			}
		}
	],
	"display": {
		"thirdperson_righthand": {
			"translation": [1.75, 0, 0],
			"scale": [0.23, 0.24, 0.25]
		},
		"thirdperson_lefthand": {
			"translation": [-1.75, 0, 0],
			"scale": [0.24, 0.24, 0.26]
		},
		"firstperson_righthand": {
			"scale": [0, 0, 0]
		},
		"firstperson_lefthand": {
			"scale": [0, 0, 0]
		},
		"gui": {
			"rotation": [21, -32, 0],
			"translation": [2.75, -1, 0],
			"scale": [0.47, 0.57, 0.51]
		}
	},
	"groups": [
		{
			"name": "all",
			"origin": [8, 8, 8],
			"color": 0,
			"children": [
				{
					"name": "autres",
					"origin": [8, 9.875, 12.6875],
					"color": 0,
					"children": [0, 1]
				},
				{
					"name": "dessous1",
					"origin": [23.625, 8, 8],
					"color": 0,
					"children": [2, 3, 4, 5, 6]
				},
				{
					"name": "coté2",
					"origin": [8, 7.375, 12.5625],
					"color": 0,
					"children": [7, 8, 9, 10, 11, 12]
				},
				{
					"name": "coté1",
					"origin": [8, 7.375, 12.5625],
					"color": 0,
					"children": [13, 14, 15, 16, 17, 18]
				}
			]
		}
	]
}