{
	"credit": "ALTA Official CONTENT -- Do not use without credits !",
	"textures": {
		"0": "block/glass",
		"1": "block/acacia_planks",
		"particle": "block/glass"
	},
	"elements": [
		{
			"from": [0, 3.5, -7.375],
			"to": [16, 3.75, 15.25],
			"rotation": {"angle": -45, "axis": "x", "origin": [8, 10.625, 0.625]},
			"faces": {
				"north": {"uv": [0, 0, 16, 16], "texture": "#1"},
				"east": {"uv": [0, 0, 16, 16], "texture": "#1"},
				"south": {"uv": [0, 0, 16, 16], "texture": "#1"},
				"west": {"uv": [0, 0, 16, 16], "texture": "#1"},
				"up": {"uv": [0, 0, 16, 16], "texture": "#0"},
				"down": {"uv": [0, 0, 16, 16], "texture": "#0"}
			}
		}
	]
}