{
	"credit": "ALTA Commons - All right reserved (c)",
	"textures": {
		"1": "block/polished_diorite",
		"particle": "block/polished_diorite"
	},
	"elements": [
		{
			"from": [0, 10.875, 2.875],
			"to": [16, 16.75, 32],
			"rotation": {"angle": 0, "axis": "y", "origin": [8, 18.875, 23.875]},
			"faces": {
				"north": {"uv": [0, 0, 16, 8.5], "texture": "#1"},
				"east": {"uv": [0, 0, 16, 8.375], "texture": "#1"},
				"south": {"uv": [0, 0, 16, 6.5], "texture": "#1"},
				"west": {"uv": [0, 0, 16, 7.75], "texture": "#1"},
				"up": {"uv": [0, 0, 11.375, 16], "texture": "#1"},
				"down": {"uv": [0, 0, 11.375, 16], "texture": "#1"}
			}
		}
	]
}