{
	"credit": "Made with Blockbench",
	"textures": {
		"2": "block/3d_objects/bois_meuble",
		"particle": "block/bois_meuble"
	},
	"elements": [
		{
			"from": [-0.5, 0, -0.5],
			"to": [16.5, 1, 0.5],
			"rotation": {"angle": 0, "axis": "x", "origin": [-1, 1, -1]},
			"faces": {
				"north": {"uv": [11.625, 0, 16, 16], "rotation": 180, "texture": "#2"},
				"east": {"uv": [11.625, 0, 16, 16], "rotation": 180, "texture": "#2"},
				"south": {"uv": [11.625, 0, 16, 16], "rotation": 180, "texture": "#2"},
				"west": {"uv": [11.625, 0, 16, 16], "rotation": 180, "texture": "#2"},
				"up": {"uv": [11.625, 0, 15.625, 16], "rotation": 180, "texture": "#2"},
				"down": {"uv": [11.625, 0, 16, 16], "rotation": 180, "texture": "#2"}
			}
		},
		{
			"from": [-0.5, -0.1, 15.5],
			"to": [16.5, 0.9, 16.5],
			"rotation": {"angle": 0, "axis": "x", "origin": [-1, 1, 14]},
			"faces": {
				"north": {"uv": [11.625, 0, 16, 16], "rotation": 180, "texture": "#2"},
				"east": {"uv": [11.625, 0, 16, 16], "rotation": 180, "texture": "#2"},
				"south": {"uv": [11.625, 0, 16, 16], "rotation": 180, "texture": "#2"},
				"west": {"uv": [11.625, 0, 16, 16], "rotation": 180, "texture": "#2"},
				"up": {"uv": [4.75, 0, 8.75, 16], "rotation": 180, "texture": "#2"},
				"down": {"uv": [11.625, 0, 16, 16], "rotation": 180, "texture": "#2"}
			}
		},
		{
			"from": [-0.5, -0.1, 13.5],
			"to": [16.5, 0.9, 14.5],
			"rotation": {"angle": 0, "axis": "x", "origin": [-1, 1, 12]},
			"faces": {
				"north": {"uv": [11.625, 0, 16, 16], "rotation": 180, "texture": "#2"},
				"east": {"uv": [11.625, 0, 16, 16], "rotation": 180, "texture": "#2"},
				"south": {"uv": [11.625, 0, 16, 16], "rotation": 180, "texture": "#2"},
				"west": {"uv": [11.625, 0, 16, 16], "rotation": 180, "texture": "#2"},
				"up": {"uv": [3.875, 0, 7.875, 16], "rotation": 180, "texture": "#2"},
				"down": {"uv": [11.625, 0, 16, 16], "rotation": 180, "texture": "#2"}
			}
		},
		{
			"from": [-0.5, -0.1, 11.5],
			"to": [16.5, 0.9, 12.5],
			"rotation": {"angle": 0, "axis": "x", "origin": [-1, 1, 10]},
			"faces": {
				"north": {"uv": [11.625, 0, 16, 16], "rotation": 180, "texture": "#2"},
				"east": {"uv": [11.625, 0, 16, 16], "rotation": 180, "texture": "#2"},
				"south": {"uv": [11.625, 0, 16, 16], "rotation": 180, "texture": "#2"},
				"west": {"uv": [11.625, 0, 16, 16], "rotation": 180, "texture": "#2"},
				"up": {"uv": [11.625, 0, 15.625, 16], "rotation": 180, "texture": "#2"},
				"down": {"uv": [11.625, 0, 16, 16], "rotation": 180, "texture": "#2"}
			}
		},
		{
			"from": [-0.5, -0.1, 9.5],
			"to": [16.5, 0.9, 10.5],
			"rotation": {"angle": 0, "axis": "x", "origin": [-1, 1, 8]},
			"faces": {
				"north": {"uv": [11.625, 0, 16, 16], "rotation": 180, "texture": "#2"},
				"east": {"uv": [11.625, 0, 16, 16], "rotation": 180, "texture": "#2"},
				"south": {"uv": [11.625, 0, 16, 16], "rotation": 180, "texture": "#2"},
				"west": {"uv": [11.625, 0, 16, 16], "rotation": 180, "texture": "#2"},
				"up": {"uv": [4.875, 0, 13.125, 16], "rotation": 180, "texture": "#2"},
				"down": {"uv": [11.625, 0, 16, 16], "rotation": 180, "texture": "#2"}
			}
		},
		{
			"from": [-0.5, -0.1, 7.5],
			"to": [16.5, 0.9, 8.5],
			"rotation": {"angle": 0, "axis": "x", "origin": [-1, 1, 6]},
			"faces": {
				"north": {"uv": [11.625, 0, 16, 16], "rotation": 180, "texture": "#2"},
				"east": {"uv": [11.625, 0, 16, 16], "rotation": 180, "texture": "#2"},
				"south": {"uv": [11.625, 0, 16, 16], "rotation": 180, "texture": "#2"},
				"west": {"uv": [11.625, 0, 16, 16], "rotation": 180, "texture": "#2"},
				"up": {"uv": [11.625, 0, 15.625, 16], "rotation": 180, "texture": "#2"},
				"down": {"uv": [11.625, 0, 16, 16], "rotation": 180, "texture": "#2"}
			}
		},
		{
			"from": [-0.5, -0.1, 5.5],
			"to": [16.5, 0.9, 6.5],
			"rotation": {"angle": 0, "axis": "x", "origin": [-1, 1, 4]},
			"faces": {
				"north": {"uv": [11.625, 0, 16, 16], "rotation": 180, "texture": "#2"},
				"east": {"uv": [11.625, 0, 16, 16], "rotation": 180, "texture": "#2"},
				"south": {"uv": [11.625, 0, 16, 16], "rotation": 180, "texture": "#2"},
				"west": {"uv": [11.625, 0, 16, 16], "rotation": 180, "texture": "#2"},
				"up": {"uv": [1.375, 0, 9.625, 16], "rotation": 180, "texture": "#2"},
				"down": {"uv": [11.625, 0, 16, 16], "rotation": 180, "texture": "#2"}
			}
		},
		{
			"from": [-0.5, -0.1, 3.5],
			"to": [16.5, 0.9, 4.5],
			"rotation": {"angle": 0, "axis": "x", "origin": [-1, 1, 2]},
			"faces": {
				"north": {"uv": [11.625, 0, 16, 16], "rotation": 180, "texture": "#2"},
				"east": {"uv": [11.625, 0, 16, 16], "rotation": 180, "texture": "#2"},
				"south": {"uv": [11.625, 0, 16, 16], "rotation": 180, "texture": "#2"},
				"west": {"uv": [11.625, 0, 16, 16], "rotation": 180, "texture": "#2"},
				"up": {"uv": [11.625, 0, 15.625, 16], "rotation": 180, "texture": "#2"},
				"down": {"uv": [11.625, 0, 16, 16], "rotation": 180, "texture": "#2"}
			}
		},
		{
			"from": [-0.5, -0.1, 1.5],
			"to": [16.5, 0.9, 2.5],
			"rotation": {"angle": 0, "axis": "x", "origin": [-1, 1, 0]},
			"faces": {
				"north": {"uv": [11.625, 0, 16, 16], "rotation": 180, "texture": "#2"},
				"east": {"uv": [11.625, 0, 16, 16], "rotation": 180, "texture": "#2"},
				"south": {"uv": [11.625, 0, 16, 16], "rotation": 180, "texture": "#2"},
				"west": {"uv": [11.625, 0, 16, 16], "rotation": 180, "texture": "#2"},
				"up": {"uv": [3.25, 0, 11.5, 16], "rotation": 180, "texture": "#2"},
				"down": {"uv": [11.625, 0, 16, 16], "rotation": 180, "texture": "#2"}
			}
		},
		{
			"from": [-0.5, 0, 0.5],
			"to": [0.5, 1, 15.5],
			"rotation": {"angle": 0, "axis": "x", "origin": [-1, 1, -1]},
			"faces": {
				"north": {"uv": [11.625, 0, 16, 16], "rotation": 180, "texture": "#2"},
				"east": {"uv": [11.625, 0, 16, 16], "rotation": 180, "texture": "#2"},
				"south": {"uv": [11.625, 0, 16, 16], "rotation": 180, "texture": "#2"},
				"west": {"uv": [11.625, 0, 16, 16], "rotation": 180, "texture": "#2"},
				"up": {"uv": [11.625, 0, 15.625, 16], "rotation": 180, "texture": "#2"},
				"down": {"uv": [11.625, 0, 16, 16], "rotation": 180, "texture": "#2"}
			}
		},
		{
			"from": [15.5, 0, 0.5],
			"to": [16.5, 1, 15.5],
			"rotation": {"angle": 0, "axis": "x", "origin": [15, 1, -1]},
			"faces": {
				"north": {"uv": [11.625, 0, 16, 16], "rotation": 180, "texture": "#2"},
				"east": {"uv": [11.625, 0, 16, 16], "rotation": 180, "texture": "#2"},
				"south": {"uv": [11.625, 0, 16, 16], "rotation": 180, "texture": "#2"},
				"west": {"uv": [11.625, 0, 16, 16], "rotation": 180, "texture": "#2"},
				"up": {"uv": [11.625, 0, 15.625, 16], "rotation": 180, "texture": "#2"},
				"down": {"uv": [11.625, 0, 16, 16], "rotation": 180, "texture": "#2"}
			}
		}
	],
	"display": {
		"thirdperson_righthand": {
			"scale": [0.39, 0.39, 0.37]
		},
		"thirdperson_lefthand": {
			"scale": [0.43, 0.43, 0.42]
		},
		"firstperson_righthand": {
			"scale": [0.19, 0.23, 0.19]
		},
		"firstperson_lefthand": {
			"scale": [0.26, 0.26, 0.26]
		},
		"gui": {
			"rotation": [89, 0, 18],
			"translation": [-1.75, 0, 0],
			"scale": [0.78, 0.8, 0.76]
		}
	}
}