{
	"credit": "ALTA Official CONTENT -- Do not use without credits !",
	"textures": {
		"0": "block/bone_block_side",
		"particle": "block/bone_block_side"
	},
	"elements": [
		{
			"from": [9.125, 0, 14.25],
			"to": [12.625, 16, 15.125],
			"rotation": {"angle": -22.5, "axis": "y", "origin": [17.125, 8, 22.25]},
			"faces": {
				"north": {"uv": [0, 0, 7.375, 16], "texture": "#0"},
				"east": {"uv": [0, 0, 3.375, 16], "texture": "#0"},
				"south": {"uv": [0, 0, 7.375, 16], "texture": "#0"},
				"west": {"uv": [0, 0, 3.375, 16], "texture": "#0"},
				"up": {"uv": [0, 0, 7.375, 16], "texture": "#0"},
				"down": {"uv": [0, 0, 7.375, 16], "texture": "#0"}
			}
		},
		{
			"from": [9.125, 0, 16.25],
			"to": [12.625, 16, 17.125],
			"rotation": {"angle": -22.5, "axis": "y", "origin": [17.125, 8, 24.25]},
			"faces": {
				"north": {"uv": [0, 0, 7.375, 16], "texture": "#0"},
				"east": {"uv": [0, 0, 3.375, 16], "texture": "#0"},
				"south": {"uv": [0, 0, 7.375, 16], "texture": "#0"},
				"west": {"uv": [0, 0, 3.375, 16], "texture": "#0"},
				"up": {"uv": [0, 0, 7.375, 16], "texture": "#0"},
				"down": {"uv": [0, 0, 7.375, 16], "texture": "#0"}
			}
		},
		{
			"from": [9.125, 0, 12.25],
			"to": [12.625, 16, 13.125],
			"rotation": {"angle": -22.5, "axis": "y", "origin": [17.125, 8, 20.25]},
			"faces": {
				"north": {"uv": [0, 0, 7.375, 16], "texture": "#0"},
				"east": {"uv": [0, 0, 3.375, 16], "texture": "#0"},
				"south": {"uv": [0, 0, 7.375, 16], "texture": "#0"},
				"west": {"uv": [0, 0, 3.375, 16], "texture": "#0"},
				"up": {"uv": [0, 0, 7.375, 16], "texture": "#0"},
				"down": {"uv": [0, 0, 7.375, 16], "texture": "#0"}
			}
		},
		{
			"from": [9.125, 0, 8.25],
			"to": [12.625, 16, 9.125],
			"rotation": {"angle": -22.5, "axis": "y", "origin": [17.125, 8, 16.25]},
			"faces": {
				"north": {"uv": [0, 0, 7.375, 16], "texture": "#0"},
				"east": {"uv": [0, 0, 3.375, 16], "texture": "#0"},
				"south": {"uv": [0, 0, 7.375, 16], "texture": "#0"},
				"west": {"uv": [0, 0, 3.375, 16], "texture": "#0"},
				"up": {"uv": [0, 0, 7.375, 16], "texture": "#0"},
				"down": {"uv": [0, 0, 7.375, 16], "texture": "#0"}
			}
		},
		{
			"from": [9.125, 0, 10.25],
			"to": [12.625, 16, 11.125],
			"rotation": {"angle": -22.5, "axis": "y", "origin": [17.125, 8, 18.25]},
			"faces": {
				"north": {"uv": [0, 0, 7.375, 16], "texture": "#0"},
				"east": {"uv": [0, 0, 3.375, 16], "texture": "#0"},
				"south": {"uv": [0, 0, 7.375, 16], "texture": "#0"},
				"west": {"uv": [0, 0, 3.375, 16], "texture": "#0"},
				"up": {"uv": [0, 0, 7.375, 16], "texture": "#0"},
				"down": {"uv": [0, 0, 7.375, 16], "texture": "#0"}
			}
		},
		{
			"from": [9.125, 0, 6.25],
			"to": [12.625, 16, 7.125],
			"rotation": {"angle": -22.5, "axis": "y", "origin": [17.125, 8, 14.25]},
			"faces": {
				"north": {"uv": [0, 0, 7.375, 16], "texture": "#0"},
				"east": {"uv": [0, 0, 3.375, 16], "texture": "#0"},
				"south": {"uv": [0, 0, 7.375, 16], "texture": "#0"},
				"west": {"uv": [0, 0, 3.375, 16], "texture": "#0"},
				"up": {"uv": [0, 0, 7.375, 16], "texture": "#0"},
				"down": {"uv": [0, 0, 7.375, 16], "texture": "#0"}
			}
		},
		{
			"from": [9.125, 0, 2.5],
			"to": [12.625, 16, 3.375],
			"rotation": {"angle": -22.5, "axis": "y", "origin": [17.125, 8, 10.5]},
			"faces": {
				"north": {"uv": [0, 0, 7.375, 16], "texture": "#0"},
				"east": {"uv": [0, 0, 3.375, 16], "texture": "#0"},
				"south": {"uv": [0, 0, 7.375, 16], "texture": "#0"},
				"west": {"uv": [0, 0, 3.375, 16], "texture": "#0"},
				"up": {"uv": [0, 0, 7.375, 16], "texture": "#0"},
				"down": {"uv": [0, 0, 7.375, 16], "texture": "#0"}
			}
		},
		{
			"from": [9.125, 0, 4.375],
			"to": [12.625, 16, 5.25],
			"rotation": {"angle": -22.5, "axis": "y", "origin": [17.125, 8, 12.375]},
			"faces": {
				"north": {"uv": [0, 0, 7.375, 16], "texture": "#0"},
				"east": {"uv": [0, 0, 3.375, 16], "texture": "#0"},
				"south": {"uv": [0, 0, 7.375, 16], "texture": "#0"},
				"west": {"uv": [0, 0, 3.375, 16], "texture": "#0"},
				"up": {"uv": [0, 0, 7.375, 16], "texture": "#0"},
				"down": {"uv": [0, 0, 7.375, 16], "texture": "#0"}
			}
		}
	],
	"display": {
		"thirdperson_righthand": {
			"translation": [-2.5, 0, 0],
			"scale": [0.38, 0.39, 0.41]
		},
		"thirdperson_lefthand": {
			"translation": [2.25, 0, 0],
			"scale": [0.34, 0.37, 0.38]
		},
		"firstperson_righthand": {
			"scale": [0, 0, 0]
		},
		"firstperson_lefthand": {
			"scale": [0, 0.03, 0]
		},
		"gui": {
			"rotation": [10, 107, 0],
			"translation": [1, -0.75, 0],
			"scale": [0.69, 0.73, 0.71]
		}
	},
	"groups": [
		{
			"name": "group",
			"origin": [17.125, 8, 14.25],
			"children": [0, 1,
				{
					"name": "group",
					"origin": [17.125, 8, 14.25],
					"children": [2, 3, 4,
						{
							"name": "group",
							"origin": [17.125, 8, 14.25],
							"children": [5, 6, 7]
						}
					]
				}
			]
		}
	]
}