{
	"credit": "Alta Content.",
	"textures": {
		"wall": "block/3d/shelves/silver",
		"particle": "block/3d/shelves/silver"
	},
	"elements": [
		{
			"name": "Center post",
			"from": [5, -0.001, 5],
			"to": [11, 16.001, 11],
			"faces": {
				"north": {"uv": [5, 0, 11, 16], "texture": "#wall"},
				"east": {"uv": [5, 0, 11, 16], "texture": "#wall"},
				"south": {"uv": [5, 0, 11, 16], "texture": "#wall"},
				"west": {"uv": [5, 0, 11, 16], "texture": "#wall"},
				"up": {"uv": [5, 5, 11, 11], "texture": "#wall", "cullface": "up"},
				"down": {"uv": [5, 5, 11, 11], "texture": "#wall", "cullface": "down"}
			}
		}
	]
}