{
	"credit": "Made by oldfarmer for AmberstoneDream",
	"textures": {
		"wall": "block/3d/shelves/silver",
		"particle": "block/3d/shelves/silver"
	},
	"elements": [
		{
			"name": "wall",
			"from": [7.7, 0.8, 0],
			"to": [8.3, 15.2, 8],
			"rotation": {"angle": 0, "axis": "y", "origin": [8, 8, 8]},
			"faces": {
				"north": {"uv": [7.7, 2.8, 8.3, 15.2], "texture": "#wall", "cullface": "north"},
				"east": {"uv": [8, 2.8, 16, 15.2], "texture": "#wall"},
				"south": {"uv": [7.7, 2.8, 8.3, 15.2], "texture": "#wall"},
				"west": {"uv": [0, 2.8, 8, 15.2], "texture": "#wall"},
				"up": {"uv": [7.7, 0, 8.3, 8], "texture": "#wall"},
				"down": {"uv": [7.7, 8, 8.3, 16], "texture": "#wall", "cullface": "down"}
			}
		},
		{
			"name": "wall",
			"from": [3, 0, 0],
			"to": [13, 0.8, 8],
			"rotation": {"angle": 0, "axis": "y", "origin": [8, 8, 8]},
			"faces": {
				"north": {"uv": [3, 15.2, 13, 16], "texture": "#wall", "cullface": "north"},
				"east": {"uv": [8, 15.2, 16, 16], "texture": "#wall"},
				"south": {"uv": [3, 15.2, 13, 16], "texture": "#wall"},
				"west": {"uv": [0, 15.2, 8, 16], "texture": "#wall"},
				"up": {"uv": [3, 0, 13, 8], "texture": "#wall"},
				"down": {"uv": [3, 8, 13, 16], "texture": "#wall", "cullface": "down"}
			}
		},
		{
			"name": "wall",
			"from": [3, 15.2, 0],
			"to": [13, 16, 8],
			"rotation": {"angle": 0, "axis": "y", "origin": [8, 23, 8]},
			"faces": {
				"north": {"uv": [3, 2, 13, 2.8], "texture": "#wall", "cullface": "north"},
				"east": {"uv": [8, 2, 16, 2.8], "texture": "#wall"},
				"south": {"uv": [3, 2, 13, 2.8], "texture": "#wall"},
				"west": {"uv": [0, 2, 8, 2.8], "texture": "#wall"},
				"up": {"uv": [3, 0, 13, 8], "texture": "#wall"},
				"down": {"uv": [3, 8, 13, 16], "texture": "#wall", "cullface": "down"}
			}
		}
	],
	"display": {
		"thirdperson_righthand": {
			"rotation": [75, 45, 0],
			"translation": [0, 2.5, 0],
			"scale": [0.375, 0.375, 0.375]
		},
		"gui": {
			"rotation": [17, -39, 0],
			"scale": [0.71, 0.72, 0.75]
		}
	}
}