{
    "ambientocclusion": false,
    "textures": {
        "particle": "block/hightfern_bottom"
    },
    "elements": [
        {   "from": [ 0.8, 0, 8 ],
            "to": [ 15.2, 16, 8 ],
            "rotation": { "origin": [ 8, 8, 8 ], "axis": "y", "angle": 45, "rescale": true },
            "shade": false,
            "faces": {
                "north": { "uv": [ 8, 0, 0, 8 ], "texture": "#particle" },
                "south": { "uv": [ 0, 0, 8, 8 ], "texture": "#particle" }
            }
        },
        {   "from": [ 8, 0, 0.8 ],
            "to": [ 8, 16, 15.2 ],
            "rotation": { "origin": [ 8, 8, 8 ], "axis": "y", "angle": 45, "rescale": true },
            "shade": false,
            "faces": {
                "west": { "uv": [ 8, 0, 16, 8 ], "texture": "#particle" },
                "east": { "uv": [ 16, 0, 8, 8 ], "texture": "#particle" }
            }
        }
]
}
}
