{
    "ambientocclusion": false,
    "textures": {
        "particle": "block/hightfern_top"
    },
    "elements": [
        {   "from": [ 0.8, 0, 8 ],
            "to": [ 15.2, 32, 8 ],
            "rotation": { "origin": [ 8, 8, 8 ], "axis": "y", "angle": 45, "rescale": true },
            "shade": false,
            "faces": {
                "north": { "uv": [ 8, 0, 0, 16 ], "texture": "#particle" },
                "south": { "uv": [ 0, 0, 8, 16 ], "texture": "#particle" }
            }
        },
        {   "from": [ 8, 0, 0.8 ],
            "to": [ 8, 32, 15.2 ],
            "rotation": { "origin": [ 8, 8, 8 ], "axis": "y", "angle": 45, "rescale": true },
            "shade": false,
            "faces": {
                "west": { "uv": [ 8, 0, 16, 16 ], "texture": "#particle" },
                "east": { "uv": [ 16, 0, 8, 16 ], "texture": "#particle" }
            }
        }
    ],
"display": {
"thirdperson_righthand": {
"rotation": [ 0, 90, 0 ],
"translation": [ 0, 3, 0 ],
"scale": [ 0.4, 0.4, 0.4 ]
},
"thirdperson_lefthand": {
"rotation": [ 62, 41, 0 ],
"translation": [ 0, 0, 0 ],
"scale": [ 0.4, 0.4, 0.4 ]
},
"ground": {
"rotation": [ 0, 0, 0 ],
"translation": [ 0, 0, 0 ],
"scale": [ 1, 1, 1 ]
},
"fixed": {
"rotation": [ 0, 90, 0 ],
"translation": [ 0, 0, 0 ],
"scale": [ 1, 1, 1 ]
},
"firstperson_righthand": {
"rotation": [ 0, 0, 0 ],
"translation": [ 0, 0, 0 ],
"scale": [ 0.4, 0.4, 0.4 ]
},
"firstperson_lefthand": {
"rotation": [ 10, 48, -3 ],
"translation": [ -1.89, 0, 0 ],
"scale": [ 0.38, 0.38, 0.38 ]
},
"gui": {
"rotation": [ 30, 45, 0 ],
"translation": [ 0, -4, 0 ],
"scale": [ 0.5, 0.5, 0.5 ]
}
}
}
