{
	"credit": "ALTA Official CONTENT -- Do not use without credits !",
	"textures": {
		"4": "corrections:block/3d/stripped_dark_oak/dow2"
	},
	"elements": [
		{
			"from": [0, 0, 0],
			"to": [16, 16, 16],
			"faces": {
				"north": {"uv": [0, 0, 16, 16], "texture": "#4"},
				"east": {"uv": [0, 0, 16, 16], "texture": "#4"},
				"south": {"uv": [0, 0, 16, 16], "texture": "#4"},
				"west": {"uv": [0, 0, 16, 16], "texture": "#4"},
				"up": {"uv": [0, 0, 16, 16], "texture": "#4"},
				"down": {"uv": [0, 0, 16, 16], "texture": "#4"}
			}
		}
	],
	"display": {
		"thirdperson_righthand": {
			"scale": [0.37, 0.35, 0.35]
		},
		"thirdperson_lefthand": {
			"scale": [0.36, 0.37, 0.34]
		},
		"firstperson_righthand": {
			"scale": [0, 0, 0]
		},
		"firstperson_lefthand": {
			"scale": [0, 0, 0]
		},
		"gui": {
			"rotation": [25, 45, 0],
			"scale": [0.5, 0.5, 0.5]
		}
	}
}