{
	"credit": "Made with Blockbench, a free, modern block model editor by JannisX11",
	"textures": {
		"0": "block/3d/bois_meuble",
		"particle": "block/3d/bois_meuble"
	},
	"elements": [
		{
			"name": "cube",
			"from": [1, 0, 1],
			"to": [3, 15, 3],
			"faces": {
				"north": {"uv": [0, 0, 2, 15], "texture": "#0"},
				"east": {"uv": [0, 0, 2, 15], "texture": "#0"},
				"south": {"uv": [0, 0, 2, 15], "texture": "#0"},
				"west": {"uv": [0, 0, 2, 15], "texture": "#0"},
				"up": {"uv": [0, 0, 2, 2], "texture": "#0"},
				"down": {"uv": [0, 0, 2, 2], "texture": "#0"}
			},
			"type": "cube"
		},
		{
			"name": "cube",
			"from": [13, 0, 1],
			"to": [15, 15, 3],
			"faces": {
				"north": {"uv": [0, 0, 2, 15], "texture": "#0"},
				"east": {"uv": [0, 0, 2, 15], "texture": "#0"},
				"south": {"uv": [0, 0, 2, 15], "texture": "#0"},
				"west": {"uv": [0, 0, 2, 15], "texture": "#0"},
				"up": {"uv": [0, 0, 2, 2], "texture": "#0"},
				"down": {"uv": [0, 0, 2, 2], "texture": "#0"}
			},
			"type": "cube"
		},
		{
			"name": "cube",
			"from": [13, 0, 13],
			"to": [15, 15, 15],
			"faces": {
				"north": {"uv": [0, 0, 2, 15], "texture": "#0"},
				"east": {"uv": [0, 0, 2, 15], "texture": "#0"},
				"south": {"uv": [0, 0, 2, 15], "texture": "#0"},
				"west": {"uv": [0, 0, 2, 15], "texture": "#0"},
				"up": {"uv": [0, 0, 2, 2], "texture": "#0"},
				"down": {"uv": [0, 0, 2, 2], "texture": "#0"}
			},
			"type": "cube"
		},
		{
			"name": "cube",
			"from": [1, 0, 13],
			"to": [3, 15, 15],
			"faces": {
				"north": {"uv": [0, 0, 2, 15], "texture": "#0"},
				"east": {"uv": [0, 0, 2, 15], "texture": "#0"},
				"south": {"uv": [0, 0, 2, 15], "texture": "#0"},
				"west": {"uv": [0, 0, 2, 15], "texture": "#0"},
				"up": {"uv": [0, 0, 2, 2], "texture": "#0"},
				"down": {"uv": [0, 0, 2, 2], "texture": "#0"}
			},
			"type": "cube"
		},
		{
			"name": "cube",
			"from": [0, 15, 0],
			"to": [16, 16, 16],
			"faces": {
				"north": {"uv": [0, 0, 16, 1], "texture": "#0"},
				"east": {"uv": [0, 0, 16, 1], "texture": "#0"},
				"south": {"uv": [0, 0, 16, 1], "texture": "#0"},
				"west": {"uv": [0, 0, 16, 1], "texture": "#0"},
				"up": {"uv": [0, 0, 16, 16], "texture": "#0"},
				"down": {"uv": [0, 0, 16, 16], "texture": "#0"}
			},
			"type": "cube"
		},
		{
			"name": "cube",
			"from": [3, 10, 3],
			"to": [13, 15, 13],
			"faces": {
				"north": {"uv": [0, 0, 10, 5], "texture": "#0"},
				"east": {"uv": [0, 0, 10, 5], "texture": "#0"},
				"south": {"uv": [0, 0, 10, 5], "texture": "#0"},
				"west": {"uv": [0, 0, 10, 11], "texture": "#0"},
				"up": {"uv": [0, 0, 10, 10], "texture": "#0"},
				"down": {"uv": [0, 0, 10, 10], "texture": "#0"}
			},
			"type": "cube"
		}
	],
	"display": {
		"thirdperson_righthand": {
			"rotation": [75, 0, -10],
			"translation": [-5.565, -2.782, 2.7826],
			"scale": [1, 1, 1]
		},
		"thirdperson_lefthand": {
			"rotation": [80, 0, -9],
			"translation": [-5.565, -2.369, 0],
			"scale": [1.2, 0.6, 1.2]
		},
		"firstperson_righthand": {
			"translation": [0, 0, 4.5],
			"scale": [0.5, 0.5, 0.5]
		},
		"firstperson_lefthand": {
			"translation": [0, 0, 4.5],
			"scale": [0.5, 0.5, 0.5]
		},
		"gui": {
			"rotation": [20, 38, 0],
			"scale": [0.6, 0.6, 0.6]
		},
		"head": {
			"translation": [0, -15.5, -1],
			"scale": [4, 1.7, 4]
		},
		"ground": {"scale": [0.3, 0.3, 0.3]}
	}
}