{
	"credit": "Made with Blockbench",
	"ambientocclusion": false,
	"textures": {
		"4": "block/3d_objects/meubles_t1_props",
		"5": "block/cauldron_inner",
		"particle": "block/cauldron_inner"
	},
	"elements": [
		{
			"from": [-1.75, 0, 23.01042],
			"to": [-0.75, 30.875, 24.01042],
			"rotation": {"angle": 0, "axis": "y", "origin": [6.25, 8, 31.01042]},
			"faces": {
				"north": {"uv": [6.188, 6.25, 11.871, 11.749], "texture": "#4"},
				"east": {"uv": [6.188, 6.25, 11.871, 11.749], "texture": "#4"},
				"south": {"uv": [6.188, 6.25, 11.871, 11.749], "texture": "#4"},
				"west": {"uv": [6.188, 6.25, 11.871, 11.749], "texture": "#4"},
				"up": {"uv": [6.188, 6.25, 11.871, 11.749], "texture": "#4"},
				"down": {"uv": [6.188, 6.25, 11.871, 11.749], "texture": "#4"}
			}
		},
		{
			"from": [-1.75, 14.875, -8.48958],
			"to": [20.75, 15.875, 23.26042],
			"rotation": {"angle": 22.5, "axis": "x", "origin": [7.5, 21.75, 31.01042]},
			"faces": {
				"north": {"uv": [6.188, 6.25, 11.871, 11.749], "texture": "#4"},
				"east": {"uv": [6.188, 6.25, 11.871, 11.749], "texture": "#4"},
				"south": {"uv": [6.188, 6.25, 11.871, 11.749], "texture": "#4"},
				"west": {"uv": [6.188, 6.25, 11.871, 11.749], "texture": "#4"},
				"up": {"uv": [6.188, 6.25, 11.871, 11.749], "texture": "#4"},
				"down": {"uv": [6.188, 6.25, 11.871, 11.749], "texture": "#4"}
			}
		},
		{
			"from": [-1.875, 0, -7.98958],
			"to": [-0.875, 30.875, -6.98958],
			"rotation": {"angle": 0, "axis": "y", "origin": [6.125, 8, 0.01042]},
			"faces": {
				"north": {"uv": [6.188, 6.25, 11.871, 11.749], "texture": "#4"},
				"east": {"uv": [6.188, 6.25, 11.871, 11.749], "texture": "#4"},
				"south": {"uv": [6.188, 6.25, 11.871, 11.749], "texture": "#4"},
				"west": {"uv": [6.188, 6.25, 11.871, 11.749], "texture": "#4"},
				"up": {"uv": [6.188, 6.25, 11.871, 11.749], "texture": "#4"},
				"down": {"uv": [6.188, 6.25, 11.871, 11.749], "texture": "#4"}
			}
		},
		{
			"from": [-1.375, 0, -7.48958],
			"to": [19.5, 2.25, 23.51042],
			"rotation": {"angle": 0, "axis": "y", "origin": [7.5, 8, 31.01042]},
			"faces": {
				"north": {"uv": [6.188, 6.25, 11.871, 11.749], "texture": "#4"},
				"east": {"uv": [6.188, 6.25, 11.871, 11.749], "texture": "#4"},
				"south": {"uv": [6.188, 6.25, 11.871, 11.749], "texture": "#4"},
				"west": {"uv": [6.188, 6.25, 11.871, 11.749], "texture": "#4"},
				"up": {"uv": [6.188, 6.25, 11.871, 11.749], "texture": "#4"},
				"down": {"uv": [6.188, 6.25, 11.871, 11.749], "texture": "#4"}
			}
		},
		{
			"from": [-0.375, 18.875, -5.86458],
			"to": [-0.375, 29.875, -4.36458],
			"rotation": {"angle": 0, "axis": "y", "origin": [7.125, 8, 31.01042]},
			"faces": {
				"north": {"uv": [6.188, 6.25, 11.871, 11.749], "texture": "#4"},
				"east": {"uv": [6.188, 6.25, 11.871, 11.749], "texture": "#4"},
				"south": {"uv": [6.188, 6.25, 11.871, 11.749], "texture": "#4"},
				"west": {"uv": [6.188, 6.25, 6.964, 11.749], "texture": "#4"},
				"up": {"uv": [6.188, 6.25, 11.871, 11.749], "texture": "#4"},
				"down": {"uv": [6.188, 6.25, 11.871, 11.749], "texture": "#4"}
			}
		},
		{
			"from": [-0.375, 18.875, -4.36458],
			"to": [-0.375, 29, -2.61458],
			"rotation": {"angle": 0, "axis": "y", "origin": [7.125, 8, 31.01042]},
			"faces": {
				"north": {"uv": [6.188, 6.25, 11.871, 11.749], "texture": "#4"},
				"east": {"uv": [6.188, 6.25, 11.871, 11.749], "texture": "#4"},
				"south": {"uv": [6.188, 6.25, 11.871, 11.749], "texture": "#4"},
				"west": {"uv": [6.188, 6.25, 7.152, 10.499], "texture": "#4"},
				"up": {"uv": [6.188, 6.25, 11.871, 11.749], "texture": "#4"},
				"down": {"uv": [6.188, 6.25, 11.871, 11.749], "texture": "#4"}
			}
		},
		{
			"from": [-0.375, 18.875, -2.61458],
			"to": [-0.375, 28.25, -0.73958],
			"rotation": {"angle": 0, "axis": "y", "origin": [7.125, 8, 31.01042]},
			"faces": {
				"north": {"uv": [6.188, 6.25, 11.871, 11.749], "texture": "#4"},
				"east": {"uv": [6.188, 6.25, 11.871, 11.749], "texture": "#4"},
				"south": {"uv": [6.188, 6.25, 11.871, 11.749], "texture": "#4"},
				"west": {"uv": [8.719, 6.469, 9.87, 11.499], "texture": "#4"},
				"up": {"uv": [6.188, 6.25, 11.871, 11.749], "texture": "#4"},
				"down": {"uv": [6.188, 6.25, 11.871, 11.749], "texture": "#4"}
			}
		},
		{
			"from": [-0.375, 18.875, -0.73958],
			"to": [-0.375, 27.625, 1.13542],
			"rotation": {"angle": 0, "axis": "y", "origin": [7.125, 8, 32.88542]},
			"faces": {
				"north": {"uv": [6.188, 6.25, 11.871, 11.749], "texture": "#4"},
				"east": {"uv": [6.188, 6.25, 11.871, 11.749], "texture": "#4"},
				"south": {"uv": [6.188, 6.25, 11.871, 11.749], "texture": "#4"},
				"west": {"uv": [8.875, 7.407, 10.308, 10.967], "texture": "#4"},
				"up": {"uv": [6.188, 6.25, 11.871, 11.749], "texture": "#4"},
				"down": {"uv": [6.188, 6.25, 11.871, 11.749], "texture": "#4"}
			}
		},
		{
			"from": [-0.375, 18.875, 1.13542],
			"to": [-0.375, 26.875, 3.01042],
			"rotation": {"angle": 0, "axis": "y", "origin": [7.125, 8, 34.76042]},
			"faces": {
				"north": {"uv": [6.188, 6.25, 11.871, 11.749], "texture": "#4"},
				"east": {"uv": [6.188, 6.25, 11.871, 11.749], "texture": "#4"},
				"south": {"uv": [6.188, 6.25, 11.871, 11.749], "texture": "#4"},
				"west": {"uv": [6.188, 6.25, 11.871, 11.749], "texture": "#4"},
				"up": {"uv": [6.188, 6.25, 11.871, 11.749], "texture": "#4"},
				"down": {"uv": [6.188, 6.25, 11.871, 11.749], "texture": "#4"}
			}
		},
		{
			"from": [-0.375, 18.875, 3.01042],
			"to": [-0.375, 25.5, 6.26042],
			"rotation": {"angle": 0, "axis": "y", "origin": [7.125, 8, 36.63542]},
			"faces": {
				"north": {"uv": [6.188, 6.25, 11.871, 11.749], "texture": "#4"},
				"east": {"uv": [6.188, 6.25, 11.871, 11.749], "texture": "#4"},
				"south": {"uv": [6.188, 6.25, 11.871, 11.749], "texture": "#4"},
				"west": {"uv": [6.188, 6.25, 11.871, 11.749], "texture": "#4"},
				"up": {"uv": [6.188, 6.25, 11.871, 11.749], "texture": "#4"},
				"down": {"uv": [6.188, 6.25, 11.871, 11.749], "texture": "#4"}
			}
		},
		{
			"from": [-0.375, 18.875, 6.26042],
			"to": [-0.375, 24.125, 9.51042],
			"rotation": {"angle": 0, "axis": "y", "origin": [7.125, 8, 39.88542]},
			"faces": {
				"north": {"uv": [6.188, 6.25, 11.871, 11.749], "texture": "#4"},
				"east": {"uv": [6.188, 6.25, 11.871, 11.749], "texture": "#4"},
				"south": {"uv": [6.188, 6.25, 11.871, 11.749], "texture": "#4"},
				"west": {"uv": [6.188, 6.25, 11.871, 11.749], "texture": "#4"},
				"up": {"uv": [6.188, 6.25, 11.871, 11.749], "texture": "#4"},
				"down": {"uv": [6.188, 6.25, 11.871, 11.749], "texture": "#4"}
			}
		},
		{
			"from": [-0.375, 18.875, 9.51042],
			"to": [-0.375, 23, 12.76042],
			"rotation": {"angle": 0, "axis": "y", "origin": [7.125, 8, 43.13542]},
			"faces": {
				"north": {"uv": [6.188, 6.25, 11.871, 11.749], "texture": "#4"},
				"east": {"uv": [6.188, 6.25, 11.871, 11.749], "texture": "#4"},
				"south": {"uv": [6.188, 6.25, 11.871, 11.749], "texture": "#4"},
				"west": {"uv": [6.188, 6.25, 11.871, 11.749], "texture": "#4"},
				"up": {"uv": [6.188, 6.25, 11.871, 11.749], "texture": "#4"},
				"down": {"uv": [6.188, 6.25, 11.871, 11.749], "texture": "#4"}
			}
		},
		{
			"from": [-0.375, 18.875, 12.76042],
			"to": [-0.375, 21.875, 15.13542],
			"rotation": {"angle": 0, "axis": "y", "origin": [7.125, 8, 46.38542]},
			"faces": {
				"north": {"uv": [6.188, 6.25, 11.871, 11.749], "texture": "#4"},
				"east": {"uv": [6.188, 6.25, 11.871, 11.749], "texture": "#4"},
				"south": {"uv": [6.188, 6.25, 11.871, 11.749], "texture": "#4"},
				"west": {"uv": [6.188, 6.25, 11.871, 11.749], "texture": "#4"},
				"up": {"uv": [6.188, 6.25, 11.871, 11.749], "texture": "#4"},
				"down": {"uv": [6.188, 6.25, 11.871, 11.749], "texture": "#4"}
			}
		},
		{
			"from": [-0.375, 18.875, 15.13542],
			"to": [-0.375, 21, 17.51042],
			"rotation": {"angle": 0, "axis": "y", "origin": [7.125, 8, 48.76042]},
			"faces": {
				"north": {"uv": [6.188, 6.25, 11.871, 11.749], "texture": "#4"},
				"east": {"uv": [6.188, 6.25, 11.871, 11.749], "texture": "#4"},
				"south": {"uv": [6.188, 6.25, 11.871, 11.749], "texture": "#4"},
				"west": {"uv": [6.188, 6.25, 11.871, 11.749], "texture": "#4"},
				"up": {"uv": [6.188, 6.25, 11.871, 11.749], "texture": "#4"},
				"down": {"uv": [6.188, 6.25, 11.871, 11.749], "texture": "#4"}
			}
		},
		{
			"from": [-0.375, 18.875, 17.38542],
			"to": [-0.375, 20.125, 19.76042],
			"rotation": {"angle": 0, "axis": "y", "origin": [7.125, 8, 51.01042]},
			"faces": {
				"north": {"uv": [6.188, 6.25, 11.871, 11.749], "texture": "#4"},
				"east": {"uv": [6.188, 6.25, 11.871, 11.749], "texture": "#4"},
				"south": {"uv": [6.188, 6.25, 11.871, 11.749], "texture": "#4"},
				"west": {"uv": [6.188, 6.25, 11.871, 11.749], "texture": "#4"},
				"up": {"uv": [6.188, 6.25, 11.871, 11.749], "texture": "#4"},
				"down": {"uv": [6.188, 6.25, 11.871, 11.749], "texture": "#4"}
			}
		},
		{
			"from": [-0.375, 0, -5.86458],
			"to": [-0.375, 18.875, 22.01042],
			"rotation": {"angle": 0, "axis": "y", "origin": [7.125, 8, 31.01042]},
			"faces": {
				"north": {"uv": [6.188, 6.25, 11.871, 11.749], "texture": "#4"},
				"east": {"uv": [6.188, 6.25, 11.871, 11.749], "texture": "#4"},
				"south": {"uv": [6.188, 6.25, 11.871, 11.749], "texture": "#4"},
				"west": {"uv": [6.188, 6.25, 11.871, 11.749], "texture": "#4"},
				"up": {"uv": [6.188, 6.25, 11.871, 11.749], "texture": "#4"},
				"down": {"uv": [6.188, 6.25, 11.871, 11.749], "texture": "#4"}
			}
		},
		{
			"from": [17.75, 2.5, 10.13542],
			"to": [19.625, 22.75, 11.51042],
			"rotation": {"angle": 0, "axis": "y", "origin": [7.5, 8, 31.01042]},
			"faces": {
				"north": {"uv": [6.188, 6.25, 11.871, 11.749], "texture": "#4"},
				"east": {"uv": [6.188, 6.25, 11.871, 11.749], "texture": "#4"},
				"south": {"uv": [6.188, 6.25, 11.871, 11.749], "texture": "#4"},
				"west": {"uv": [6.188, 6.25, 11.871, 11.749], "texture": "#4"},
				"up": {"uv": [6.188, 6.25, 11.871, 11.749], "texture": "#4"},
				"down": {"uv": [6.188, 6.25, 11.871, 11.749], "texture": "#4"}
			}
		},
		{
			"from": [17.75, 2.5, -6.73958],
			"to": [19.625, 18.75, -5.36458],
			"rotation": {"angle": 0, "axis": "y", "origin": [7.5, 8, 14.13542]},
			"faces": {
				"north": {"uv": [6.188, 6.25, 11.871, 11.749], "texture": "#4"},
				"east": {"uv": [6.188, 6.25, 11.871, 11.749], "texture": "#4"},
				"south": {"uv": [6.188, 6.25, 11.871, 11.749], "texture": "#4"},
				"west": {"uv": [6.188, 6.25, 11.871, 11.749], "texture": "#4"},
				"up": {"uv": [6.188, 6.25, 11.871, 11.749], "texture": "#4"},
				"down": {"uv": [6.188, 6.25, 11.871, 11.749], "texture": "#4"}
			}
		},
		{
			"from": [17.75, 2.5, 2.13542],
			"to": [19.75, 27.125, 2.51042],
			"rotation": {"angle": 0, "axis": "y", "origin": [7.5, 8, 22.01042]},
			"faces": {
				"north": {"uv": [6.188, 6.25, 11.871, 11.749], "texture": "#4"},
				"east": {"uv": [6.188, 6.25, 11.871, 11.749], "texture": "#4"},
				"south": {"uv": [6.188, 6.25, 11.871, 11.749], "texture": "#4"},
				"west": {"uv": [6.188, 6.25, 11.871, 11.749], "texture": "#4"},
				"up": {"uv": [6.188, 6.25, 11.871, 11.749], "texture": "#4"},
				"down": {"uv": [6.188, 6.25, 11.871, 11.749], "texture": "#4"}
			}
		},
		{
			"from": [-0.75, 2.375, 21.63542],
			"to": [19, 20.375, 23.51042],
			"rotation": {"angle": 0, "axis": "y", "origin": [12.125, 8, 33.76042]},
			"faces": {
				"north": {"uv": [6.188, 6.25, 11.871, 11.749], "texture": "#4"},
				"east": {"uv": [6.188, 6.25, 11.871, 11.749], "texture": "#4"},
				"south": {"uv": [6.188, 6.25, 11.871, 11.749], "texture": "#4"},
				"west": {"uv": [6.188, 6.25, 11.871, 11.749], "texture": "#4"},
				"up": {"uv": [6.188, 6.25, 11.871, 11.749], "texture": "#4"},
				"down": {"uv": [6.188, 6.25, 11.871, 11.749], "texture": "#4"}
			}
		},
		{
			"from": [-3.875, 16, 21.88542],
			"to": [14.75, 23.875, 23.38542],
			"rotation": {"angle": -22.5, "axis": "z", "origin": [7.875, 11.5, 33.76042]},
			"faces": {
				"north": {"uv": [6.188, 6.25, 11.871, 11.749], "texture": "#4"},
				"east": {"uv": [6.188, 6.25, 11.871, 11.749], "texture": "#4"},
				"south": {"uv": [6.188, 6.25, 11.871, 11.749], "texture": "#4"},
				"west": {"uv": [6.188, 6.25, 11.871, 11.749], "texture": "#4"},
				"up": {"uv": [6.188, 6.25, 11.871, 11.749], "texture": "#4"},
				"down": {"uv": [6.188, 6.25, 11.871, 11.749], "texture": "#4"}
			}
		},
		{
			"from": [-1.375, 2.375, -7.51042],
			"to": [19, 30.625, -5.63542],
			"rotation": {"angle": 0, "axis": "y", "origin": [12.125, 8, -17.76042]},
			"faces": {
				"north": {"uv": [6.188, 6.25, 11.871, 11.749], "rotation": 90, "texture": "#4"},
				"east": {"uv": [6.188, 6.25, 11.871, 11.749], "rotation": 90, "texture": "#4"},
				"south": {"uv": [6.188, 6.25, 11.871, 11.749], "rotation": 90, "texture": "#4"},
				"west": {"uv": [6.188, 6.25, 11.871, 11.749], "rotation": 90, "texture": "#4"},
				"up": {"uv": [6.188, 6.25, 11.871, 11.749], "rotation": 90, "texture": "#4"},
				"down": {"uv": [6.188, 6.25, 11.871, 11.749], "rotation": 90, "texture": "#4"}
			}
		},
		{
			"from": [17.75, 2.5, -5.36458],
			"to": [19.625, 3.75, 10.13542],
			"rotation": {"angle": 0, "axis": "y", "origin": [7.5, -7, 14.13542]},
			"faces": {
				"north": {"uv": [6.188, 6.25, 11.871, 11.749], "texture": "#4"},
				"east": {"uv": [6.188, 6.25, 11.871, 11.749], "texture": "#4"},
				"south": {"uv": [6.188, 6.25, 11.871, 11.749], "texture": "#4"},
				"west": {"uv": [6.188, 6.25, 11.871, 11.749], "texture": "#4"},
				"up": {"uv": [6.188, 6.25, 11.871, 11.749], "texture": "#4"},
				"down": {"uv": [6.188, 6.25, 11.871, 11.749], "texture": "#4"}
			}
		},
		{
			"from": [17.75, 2.5, 13.13542],
			"to": [19.625, 3.75, 21.38542],
			"rotation": {"angle": 0, "axis": "y", "origin": [7.5, -7, 32.63542]},
			"faces": {
				"north": {"uv": [6.188, 6.25, 11.871, 11.749], "texture": "#4"},
				"east": {"uv": [6.188, 6.25, 11.871, 11.749], "texture": "#4"},
				"south": {"uv": [6.188, 6.25, 11.871, 11.749], "texture": "#4"},
				"west": {"uv": [6.188, 6.25, 11.871, 11.749], "texture": "#4"},
				"up": {"uv": [6.188, 6.25, 11.871, 11.749], "texture": "#4"},
				"down": {"uv": [6.188, 6.25, 11.871, 11.749], "texture": "#4"}
			}
		},
		{
			"from": [18.875, 2.5, -5.61458],
			"to": [19.375, 23.125, 10.38542],
			"rotation": {"angle": 0, "axis": "x", "origin": [7.125, -5.625, 13.38542]},
			"faces": {
				"north": {"uv": [6.188, 6.25, 11.871, 11.749], "texture": "#4"},
				"east": {"uv": [6.188, 6.25, 11.871, 11.749], "texture": "#4"},
				"south": {"uv": [6.188, 6.25, 11.871, 11.749], "texture": "#4"},
				"west": {"uv": [6.188, 6.25, 11.871, 11.749], "texture": "#4"},
				"up": {"uv": [6.188, 6.25, 11.871, 11.749], "texture": "#4"},
				"down": {"uv": [6.188, 6.25, 11.871, 11.749], "texture": "#4"}
			}
		},
		{
			"from": [18.875, 23.75, -5.61458],
			"to": [19.375, 25.125, 7.51042],
			"rotation": {"angle": 0, "axis": "x", "origin": [7.125, 1.125, 13.38542]},
			"faces": {
				"north": {"uv": [6.188, 6.25, 11.871, 11.749], "texture": "#4"},
				"east": {"uv": [6.188, 6.25, 11.871, 11.749], "texture": "#4"},
				"south": {"uv": [6.188, 6.25, 11.871, 11.749], "texture": "#4"},
				"west": {"uv": [6.188, 6.25, 11.871, 11.749], "texture": "#4"},
				"up": {"uv": [6.188, 6.25, 11.871, 11.749], "texture": "#4"},
				"down": {"uv": [6.188, 6.25, 11.871, 11.749], "texture": "#4"}
			}
		},
		{
			"from": [18.875, 25.125, -5.61458],
			"to": [19.375, 26.125, 5.13542],
			"rotation": {"angle": 0, "axis": "x", "origin": [7.125, 1.125, 10.51042]},
			"faces": {
				"north": {"uv": [6.188, 6.25, 11.871, 11.749], "texture": "#4"},
				"east": {"uv": [6.188, 6.25, 11.871, 11.749], "texture": "#4"},
				"south": {"uv": [6.188, 6.25, 11.871, 11.749], "texture": "#4"},
				"west": {"uv": [6.188, 6.25, 11.871, 11.749], "texture": "#4"},
				"up": {"uv": [6.188, 6.25, 11.871, 11.749], "texture": "#4"},
				"down": {"uv": [6.188, 6.25, 11.871, 11.749], "texture": "#4"}
			}
		},
		{
			"from": [18.875, 26.125, -5.61458],
			"to": [19.375, 27.25, 2.38542],
			"rotation": {"angle": 0, "axis": "x", "origin": [7.125, 1.125, 10.51042]},
			"faces": {
				"north": {"uv": [6.188, 6.25, 11.871, 11.749], "texture": "#4"},
				"east": {"uv": [6.188, 6.25, 11.871, 11.749], "texture": "#4"},
				"south": {"uv": [6.188, 6.25, 11.871, 11.749], "texture": "#4"},
				"west": {"uv": [6.188, 6.25, 11.871, 11.749], "texture": "#4"},
				"up": {"uv": [6.188, 6.25, 11.871, 11.749], "texture": "#4"},
				"down": {"uv": [6.188, 6.25, 11.871, 11.749], "texture": "#4"}
			}
		},
		{
			"from": [18.875, 27.25, -5.61458],
			"to": [19.375, 28.375, -0.23958],
			"rotation": {"angle": 0, "axis": "x", "origin": [7.125, 1.125, 10.51042]},
			"faces": {
				"north": {"uv": [6.188, 6.25, 11.871, 11.749], "texture": "#4"},
				"east": {"uv": [6.188, 6.25, 11.871, 11.749], "texture": "#4"},
				"south": {"uv": [6.188, 6.25, 11.871, 11.749], "texture": "#4"},
				"west": {"uv": [6.188, 6.25, 11.871, 11.749], "texture": "#4"},
				"up": {"uv": [6.188, 6.25, 11.871, 11.749], "texture": "#4"},
				"down": {"uv": [6.188, 6.25, 11.871, 11.749], "texture": "#4"}
			}
		},
		{
			"from": [18.875, 28.375, -5.61458],
			"to": [19.375, 29.5, -2.86458],
			"rotation": {"angle": 0, "axis": "x", "origin": [7.125, 1.125, 10.51042]},
			"faces": {
				"north": {"uv": [6.188, 6.25, 11.871, 11.749], "texture": "#4"},
				"east": {"uv": [6.188, 6.25, 11.871, 11.749], "texture": "#4"},
				"south": {"uv": [6.188, 6.25, 11.871, 11.749], "texture": "#4"},
				"west": {"uv": [6.188, 6.25, 11.871, 11.749], "texture": "#4"},
				"up": {"uv": [6.188, 6.25, 11.871, 11.749], "texture": "#4"},
				"down": {"uv": [6.188, 6.25, 11.871, 11.749], "texture": "#4"}
			}
		},
		{
			"from": [18.875, 22.375, -5.61458],
			"to": [19.375, 23.75, 10.38542],
			"rotation": {"angle": 0, "axis": "x", "origin": [7.125, 1.125, 13.38542]},
			"faces": {
				"north": {"uv": [6.188, 6.25, 11.871, 11.749], "texture": "#4"},
				"east": {"uv": [6.188, 6.25, 11.871, 11.749], "texture": "#4"},
				"south": {"uv": [6.188, 6.25, 11.871, 11.749], "texture": "#4"},
				"west": {"uv": [6.188, 6.25, 11.871, 11.749], "texture": "#4"},
				"up": {"uv": [6.188, 6.25, 11.871, 11.749], "texture": "#4"},
				"down": {"uv": [6.188, 6.25, 11.871, 11.749], "texture": "#4"}
			}
		},
		{
			"from": [18.875, 22.375, -5.61458],
			"to": [19.375, 23.75, 10.38542],
			"rotation": {"angle": 0, "axis": "x", "origin": [7.125, 1.125, 13.38542]},
			"faces": {
				"north": {"uv": [6.188, 6.25, 11.871, 11.749], "texture": "#4"},
				"east": {"uv": [6.188, 6.25, 11.871, 11.749], "texture": "#4"},
				"south": {"uv": [6.188, 6.25, 11.871, 11.749], "texture": "#4"},
				"west": {"uv": [6.188, 6.25, 11.871, 11.749], "texture": "#4"},
				"up": {"uv": [6.188, 6.25, 11.871, 11.749], "texture": "#4"},
				"down": {"uv": [6.188, 6.25, 11.871, 11.749], "texture": "#4"}
			}
		},
		{
			"from": [18.875, 1.875, 11.13542],
			"to": [19.375, 19, 21.76042],
			"rotation": {"angle": 0, "axis": "x", "origin": [7.125, -5.625, 24.76042]},
			"faces": {
				"north": {"uv": [6.188, 6.25, 11.871, 11.749], "texture": "#4"},
				"east": {"uv": [6.188, 6.25, 11.871, 11.749], "texture": "#4"},
				"south": {"uv": [6.188, 6.25, 11.871, 11.749], "texture": "#4"},
				"west": {"uv": [6.188, 6.25, 11.871, 11.749], "texture": "#4"},
				"up": {"uv": [6.188, 6.25, 11.871, 11.749], "texture": "#4"},
				"down": {"uv": [6.188, 6.25, 11.871, 11.749], "texture": "#4"}
			}
		},
		{
			"from": [18.875, 19, 8.76042],
			"to": [19.375, 20.25, 19.38542],
			"rotation": {"angle": 0, "axis": "x", "origin": [7.125, -4.375, 22.38542]},
			"faces": {
				"north": {"uv": [6.188, 6.25, 11.871, 11.749], "texture": "#4"},
				"east": {"uv": [6.188, 6.25, 11.871, 11.749], "texture": "#4"},
				"south": {"uv": [6.188, 6.25, 11.871, 11.749], "texture": "#4"},
				"west": {"uv": [6.188, 6.25, 11.871, 11.749], "texture": "#4"},
				"up": {"uv": [6.188, 6.25, 11.871, 11.749], "texture": "#4"},
				"down": {"uv": [6.188, 6.25, 11.871, 11.749], "texture": "#4"}
			}
		},
		{
			"from": [18.875, 20.25, 11.13542],
			"to": [19.375, 22.375, 13.63542],
			"rotation": {"angle": 0, "axis": "x", "origin": [7.125, -4.375, 22.38542]},
			"faces": {
				"north": {"uv": [6.188, 6.25, 11.871, 11.749], "texture": "#4"},
				"east": {"uv": [6.188, 6.25, 11.871, 11.749], "texture": "#4"},
				"south": {"uv": [6.188, 6.25, 11.871, 11.749], "texture": "#4"},
				"west": {"uv": [6.188, 6.25, 11.871, 11.749], "texture": "#4"},
				"up": {"uv": [6.188, 6.25, 11.871, 11.749], "texture": "#4"},
				"down": {"uv": [6.188, 6.25, 11.871, 11.749], "texture": "#4"}
			}
		},
		{
			"from": [18.875, 20.25, 13.26042],
			"to": [19.375, 21.5, 15.76042],
			"rotation": {"angle": 0, "axis": "x", "origin": [7.125, -4.375, 24.51042]},
			"faces": {
				"north": {"uv": [6.188, 6.25, 11.871, 11.749], "texture": "#4"},
				"east": {"uv": [6.188, 6.25, 11.871, 11.749], "texture": "#4"},
				"south": {"uv": [6.188, 6.25, 11.871, 11.749], "texture": "#4"},
				"west": {"uv": [6.188, 6.25, 11.871, 11.749], "texture": "#4"},
				"up": {"uv": [6.188, 6.25, 11.871, 11.749], "texture": "#4"},
				"down": {"uv": [6.188, 6.25, 11.871, 11.749], "texture": "#4"}
			}
		},
		{
			"from": [19.125, 2.625, 21.26042],
			"to": [20.125, 25.5, 22.26042],
			"rotation": {"angle": -22.5, "axis": "x", "origin": [27.125, 8, 29.26042]},
			"faces": {
				"north": {"uv": [6.188, 6.25, 11.871, 11.749], "texture": "#4"},
				"east": {"uv": [6.188, 6.25, 11.871, 11.749], "texture": "#4"},
				"south": {"uv": [6.188, 6.25, 11.871, 11.749], "texture": "#4"},
				"west": {"uv": [6.188, 6.25, 11.871, 11.749], "texture": "#4"},
				"up": {"uv": [6.188, 6.25, 11.871, 11.749], "texture": "#4"},
				"down": {"uv": [6.188, 6.25, 11.871, 11.749], "texture": "#4"}
			}
		},
		{
			"from": [19.125, 0, -7.98958],
			"to": [20.125, 30.5, -6.98958],
			"rotation": {"angle": 0, "axis": "y", "origin": [27.125, 8, 0.01042]},
			"faces": {
				"north": {"uv": [6.188, 6.25, 11.871, 11.749], "texture": "#4"},
				"east": {"uv": [6.188, 6.25, 11.871, 11.749], "texture": "#4"},
				"south": {"uv": [6.188, 6.25, 11.871, 11.749], "texture": "#4"},
				"west": {"uv": [6.188, 6.25, 11.871, 11.749], "texture": "#4"},
				"up": {"uv": [6.188, 6.25, 11.871, 11.749], "texture": "#4"},
				"down": {"uv": [6.188, 6.25, 11.871, 11.749], "texture": "#4"}
			}
		},
		{
			"from": [19.375, 4.5, -6.875],
			"to": [20, 6, -6.5],
			"rotation": {"angle": 0, "axis": "y", "origin": [27.375, 12.5, 1.125]},
			"faces": {
				"north": {"uv": [0.719, 6.813, 4.157, 11.063], "texture": "#5"},
				"east": {"uv": [0.719, 6.813, 4.157, 11.063], "texture": "#5"},
				"south": {"uv": [0.719, 6.813, 4.157, 11.063], "texture": "#5"},
				"west": {"uv": [0.719, 6.813, 4.157, 11.063], "texture": "#5"},
				"up": {"uv": [0.719, 6.813, 4.157, 11.063], "texture": "#5"},
				"down": {"uv": [0.719, 6.813, 4.157, 11.063], "texture": "#5"}
			}
		},
		{
			"from": [19.375, 4.5, 11.375],
			"to": [20, 6, 11.75],
			"rotation": {"angle": 0, "axis": "y", "origin": [27.375, 12.5, 19.375]},
			"faces": {
				"north": {"uv": [0.719, 6.813, 4.157, 11.063], "texture": "#5"},
				"east": {"uv": [0.719, 6.813, 4.157, 11.063], "texture": "#5"},
				"south": {"uv": [0.719, 6.813, 4.157, 11.063], "texture": "#5"},
				"west": {"uv": [0.719, 6.813, 4.157, 11.063], "texture": "#5"},
				"up": {"uv": [0.719, 6.813, 4.157, 11.063], "texture": "#5"},
				"down": {"uv": [0.719, 6.813, 4.157, 11.063], "texture": "#5"}
			}
		},
		{
			"from": [19.375, 10.25, 1.5],
			"to": [20, 11.75, 1.875],
			"rotation": {"angle": 0, "axis": "y", "origin": [27.375, 18.25, 9.5]},
			"faces": {
				"north": {"uv": [0.719, 6.813, 4.157, 11.063], "texture": "#5"},
				"east": {"uv": [0.719, 6.813, 4.157, 11.063], "texture": "#5"},
				"south": {"uv": [0.719, 6.813, 4.157, 11.063], "texture": "#5"},
				"west": {"uv": [0.719, 6.813, 4.157, 11.063], "texture": "#5"},
				"up": {"uv": [0.719, 6.813, 4.157, 11.063], "texture": "#5"},
				"down": {"uv": [0.719, 6.813, 4.157, 11.063], "texture": "#5"}
			}
		},
		{
			"from": [19.375, 10.25, 2.75],
			"to": [20, 11.75, 3.125],
			"rotation": {"angle": 0, "axis": "y", "origin": [27.375, 18.25, 10.75]},
			"faces": {
				"north": {"uv": [0.719, 6.813, 4.157, 11.063], "texture": "#5"},
				"east": {"uv": [0.719, 6.813, 4.157, 11.063], "texture": "#5"},
				"south": {"uv": [0.719, 6.813, 4.157, 11.063], "texture": "#5"},
				"west": {"uv": [0.719, 6.813, 4.157, 11.063], "texture": "#5"},
				"up": {"uv": [0.719, 6.813, 4.157, 11.063], "texture": "#5"},
				"down": {"uv": [0.719, 6.813, 4.157, 11.063], "texture": "#5"}
			}
		},
		{
			"from": [19.375, 20.125, 2.75],
			"to": [20, 21.625, 3.125],
			"rotation": {"angle": 0, "axis": "y", "origin": [27.375, 28.125, 10.75]},
			"faces": {
				"north": {"uv": [0.719, 6.813, 4.157, 11.063], "texture": "#5"},
				"east": {"uv": [0.719, 6.813, 4.157, 11.063], "texture": "#5"},
				"south": {"uv": [0.719, 6.813, 4.157, 11.063], "texture": "#5"},
				"west": {"uv": [0.719, 6.813, 4.157, 11.063], "texture": "#5"},
				"up": {"uv": [0.719, 6.813, 4.157, 11.063], "texture": "#5"},
				"down": {"uv": [0.719, 6.813, 4.157, 11.063], "texture": "#5"}
			}
		},
		{
			"from": [19.375, 10.25, 13.625],
			"to": [20, 11.75, 14],
			"rotation": {"angle": 0, "axis": "y", "origin": [27.375, 18.25, 21.625]},
			"faces": {
				"north": {"uv": [0.719, 6.813, 4.157, 11.063], "texture": "#5"},
				"east": {"uv": [0.719, 6.813, 4.157, 11.063], "texture": "#5"},
				"south": {"uv": [0.719, 6.813, 4.157, 11.063], "texture": "#5"},
				"west": {"uv": [0.719, 6.813, 4.157, 11.063], "texture": "#5"},
				"up": {"uv": [0.719, 6.813, 4.157, 11.063], "texture": "#5"},
				"down": {"uv": [0.719, 6.813, 4.157, 11.063], "texture": "#5"}
			}
		}
	],
	"display": {
		"thirdperson_righthand": {
			"rotation": [90, 90, 0],
			"translation": [-3.25, 0, -2.75]
		},
		"thirdperson_lefthand": {
			"rotation": [90, 90, 0],
			"translation": [-3.25, 0, -2.75]
		},
		"firstperson_righthand": {
			"scale": [0, 0, 0]
		},
		"firstperson_lefthand": {
			"scale": [0, 0, 0]
		},
		"ground": {
			"scale": [0.3, 0.3, 0.3]
		},
		"gui": {
			"rotation": [17, -132, 0],
			"translation": [0.5, -2.5, 0],
			"scale": [0.38, 0.38, 0.38]
		},
		"head": {
			"translation": [0, -27, 0],
			"scale": [2, 1.5, 2]
		},
		"fixed": {
			"rotation": [-90, -90, 0],
			"translation": [0, -3, -15],
			"scale": [2, 2, 2]
		}
	},
	"groups": [
		{
			"name": "group",
			"origin": [8, 25.875, 39],
			"color": 0,
			"children": [
				0,
				1,
				2,
				3,
				4,
				5,
				6,
				7,
				8,
				9,
				10,
				11,
				12,
				13,
				14,
				15,
				16,
				17,
				18,
				19,
				20,
				21,
				22,
				23,
				24,
				25,
				26,
				27,
				28,
				29,
				30,
				31,
				32,
				33,
				34,
				35,
				36,
				37,
				{
					"name": "group",
					"origin": [8, 8, 8],
					"color": 0,
					"children": [
						38,
						39,
						{
							"name": "group",
							"origin": [27.75, 23, 1.125],
							"color": 0,
							"children": [40, 41, 42, 43]
						}
					]
				}
			]
		}
	]
}