{
"__comment": "Designed by Tachibana",
"textures": {
    "particle": "#particle",
    "top": "#top",
    "side": "#side"
},
"elements": [ 
{
    "from": [ 6, 13, 0 ],
    "to": [ 10, 15, 5 ],
    "faces": {
        "down":  { "uv": [ 10, 5, 6, 0 ], "texture": "#top" },
        "up":    { "uv": [ 6, 0, 10, 5 ], "texture": "#top" },
        "west":  { "uv": [ 0, 1, 5, 3 ], "texture": "#side" },
        "east":  { "uv": [ 11, 1, 16, 3 ], "texture": "#side" }
    }
},
{
    "from": [ 6.5, 7, 0 ],
    "to": [ 9.5, 10, 5 ],
    "faces": {
        "down":  { "uv": [ 9.5, 5, 6.5, 0 ], "texture": "#top" },
        "up":    { "uv": [ 6.5, 0, 9.5, 5 ], "texture": "#top" },
        "west":  { "uv": [ 0, 6, 5, 9 ], "texture": "#side" },
        "east":  { "uv": [ 11, 6, 16, 9 ], "texture": "#side" }
    }
},
{
    "from": [ 6, 0, 0 ],
    "to": [ 10, 3, 5 ],
    "faces": {
        "down":  { "uv": [ 10, 5, 6, 0 ], "texture": "#top" },
        "up":    { "uv": [ 6, 0, 10, 5 ], "texture": "#top" },
        "west":  { "uv": [ 0, 13, 5, 16 ], "texture": "#side" },
        "east":  { "uv": [ 11, 13, 16, 16 ], "texture": "#side" }
    }
}
]
}