{
"__comment": "Designed by Tachibana",
"textures": {
    "particle": "#particle",
    "top": "#top",
    "side": "#side"
},
"elements": [ 
{
    "from": [ 11, 13, 6 ],
    "to": [ 16, 15, 10 ],
    "faces": {
        "down":  { "uv": [ 5, 10, 0, 6 ], "texture": "#side" },
        "up":    { "uv": [ 11, 6, 16, 10 ], "texture": "#side" },
        "north": { "uv": [ 0, 1, 5, 3 ], "texture": "#side" },
        "south": { "uv": [ 11, 1, 16, 3 ], "texture": "#side" }
    }
},
{
    "from": [ 11, 7, 6.5 ],
    "to": [ 16, 10, 9.5 ],
    "faces": {
        "down":  { "uv": [ 5, 9.5, 0, 6.5 ], "texture": "#side" },
        "up":    { "uv": [ 11, 6.5, 16, 9.5 ], "texture": "#side" },
        "north": { "uv": [ 0, 6, 5, 9 ], "texture": "#side" },
        "south": { "uv": [ 11, 6, 16, 9 ], "texture": "#side" }
    }
},
{
    "from": [ 11, 0, 6 ],
    "to": [ 16, 3, 10 ],
    "faces": {
        "down":  { "uv": [ 5, 10, 0, 6 ], "texture": "#side" },
        "up":    { "uv": [ 11, 6, 16, 10 ], "texture": "#side" },
        "north": { "uv": [ 0, 13, 5, 16 ], "texture": "#side" },
        "south": { "uv": [ 11, 13, 16, 16 ], "texture": "#side" }
    }
}
]
}