{
"__comment": "Designed by Tachibana",
"textures": {
    "particle": "#particle",
    "side": "#side"
},
"elements": [ 
{
    "from": [ 4, 14, 4 ],
    "to": [ 12, 16, 12 ],
    "faces": {
        "down":  { "uv": [ 12, 12, 4, 4 ], "texture": "#side" },
        "up":    { "uv": [ 4, 4, 12, 12 ], "texture": "#side" },
        "north": { "uv": [ 4, 0, 12, 2 ], "texture": "#side" },
        "south": { "uv": [ 4, 0, 12, 2 ], "texture": "#side" },
        "west":  { "uv": [ 4, 0, 12, 2 ], "texture": "#side" },
        "east":  { "uv": [ 4, 0, 12, 2 ], "texture": "#side" }
    }
},
{
    "from": [ 4, 0, 4 ],
    "to": [ 12, 1.5, 12 ],
    "faces": {
        "down":  { "uv": [ 12, 12, 4, 4 ], "texture": "#side" },
        "up":    { "uv": [ 4, 4, 12, 12 ], "texture": "#side" },
        "north": { "uv": [ 4, 14.5, 12, 16 ], "texture": "#side" },
        "south": { "uv": [ 4, 14.5, 12, 16 ], "texture": "#side" },
        "west":  { "uv": [ 4, 14.5, 12, 16 ], "texture": "#side" },
        "east":  { "uv": [ 4, 14.5, 12, 16 ], "texture": "#side" }
    }
}
]
}