{
	"credit": "ALTA Official CONTENT -- Do not use without credits !",
	"textures": {
		"0": "block/black_glazed_terracotta",
		"1": "block/dirt",
		"2": "block/3d_objects/meubles_t1_props",
		"particle": "block/black_glazed_terracotta"
	},
	"elements": [
		{
			"from": [-14.875, 18, -0.875],
			"to": [28.375, 18.5, -0.375],
			"rotation": {"angle": 0, "axis": "y", "origin": [23.5, 8, -8.375]},
			"faces": {
				"north": {"uv": [0, 0, 16, 1.25], "texture": "#0"},
				"east": {"uv": [0, 0, 16, 1.25], "texture": "#0"},
				"south": {"uv": [0, 0, 16, 1.25], "texture": "#0"},
				"west": {"uv": [0, 0, 16, 1.25], "texture": "#0"},
				"up": {"uv": [0, 0, 16, 1.25], "texture": "#0"},
				"down": {"uv": [0, 0, 16, 1.25], "texture": "#0"}
			}
		},
		{
			"from": [-15.125, 0, -1.125],
			"to": [0.875, 18, 16],
			"rotation": {"angle": 0, "axis": "y", "origin": [10.375, 8, 8]},
			"faces": {
				"north": {"uv": [0, 16, 16, 0], "rotation": 90, "texture": "#0"},
				"east": {"uv": [0, 16, 16, 0], "rotation": 90, "texture": "#0"},
				"south": {"uv": [0, 16, 16, 0], "rotation": 90, "texture": "#0"},
				"west": {"uv": [0, 16, 16, 0], "rotation": 90, "texture": "#0"},
				"up": {"uv": [16, 0, 0, 16], "rotation": 90, "texture": "#1"},
				"down": {"uv": [16, 0, 0, 16], "rotation": 90, "texture": "#0"}
			}
		},
		{
			"from": [0.875, 0, -1.125],
			"to": [16.875, 18, 16],
			"rotation": {"angle": 0, "axis": "y", "origin": [26.375, 8, 8]},
			"faces": {
				"north": {"uv": [0, 16, 16, 0], "rotation": 90, "texture": "#0"},
				"east": {"uv": [0, 16, 16, 0], "rotation": 90, "texture": "#0"},
				"south": {"uv": [0, 16, 16, 0], "rotation": 90, "texture": "#0"},
				"west": {"uv": [0, 16, 16, 0], "rotation": 90, "texture": "#0"},
				"up": {"uv": [16, 0, 0, 16], "rotation": 90, "texture": "#1"},
				"down": {"uv": [16, 0, 0, 16], "rotation": 90, "texture": "#0"}
			}
		},
		{
			"from": [16.875, 0, -1.125],
			"to": [28.875, 18, 16],
			"rotation": {"angle": 0, "axis": "y", "origin": [38.375, 8, 8]},
			"faces": {
				"north": {"uv": [0, 16, 16, 0], "rotation": 90, "texture": "#0"},
				"east": {"uv": [0, 16, 16, 0], "rotation": 90, "texture": "#0"},
				"south": {"uv": [0, 16, 16, 0], "rotation": 90, "texture": "#0"},
				"west": {"uv": [0, 16, 16, 0], "rotation": 90, "texture": "#0"},
				"up": {"uv": [16, 0, 0, 10.75], "rotation": 90, "texture": "#1"},
				"down": {"uv": [16, 0, 0, 16], "rotation": 90, "texture": "#0"}
			}
		},
		{
			"from": [-15.375, 0, 16],
			"to": [-13.25, 19.375, 16.625],
			"rotation": {"angle": 0, "axis": "y", "origin": [-7.375, 8, 8]},
			"faces": {
				"north": {"uv": [10.125, 6.25, 11.907, 11.938], "texture": "#2"},
				"east": {"uv": [10.125, 6.25, 11.907, 11.938], "texture": "#2"},
				"south": {"uv": [10.125, 6.25, 11.907, 11.938], "texture": "#2"},
				"west": {"uv": [10.125, 6.25, 11.907, 11.938], "texture": "#2"},
				"up": {"uv": [10.125, 6.25, 11.907, 11.938], "texture": "#2"},
				"down": {"uv": [10.125, 6.25, 11.907, 11.938], "texture": "#2"}
			}
		},
		{
			"from": [-13, 0, 16],
			"to": [-10.875, 19.375, 16.625],
			"rotation": {"angle": 0, "axis": "y", "origin": [-5, 8, 8]},
			"faces": {
				"north": {"uv": [10.125, 6.25, 11.907, 11.938], "texture": "#2"},
				"east": {"uv": [10.125, 6.25, 11.907, 11.938], "texture": "#2"},
				"south": {"uv": [10.125, 6.25, 11.907, 11.938], "texture": "#2"},
				"west": {"uv": [10.125, 6.25, 11.907, 11.938], "texture": "#2"},
				"up": {"uv": [10.125, 6.25, 11.907, 11.938], "texture": "#2"},
				"down": {"uv": [10.125, 6.25, 11.907, 11.938], "texture": "#2"}
			}
		},
		{
			"from": [-13, 0, -1.5],
			"to": [-10.875, 19.375, -0.875],
			"rotation": {"angle": 0, "axis": "y", "origin": [-5, 8, -9.5]},
			"faces": {
				"north": {"uv": [10.125, 6.25, 11.907, 11.938], "texture": "#2"},
				"east": {"uv": [10.125, 6.25, 11.907, 11.938], "texture": "#2"},
				"south": {"uv": [10.125, 6.25, 11.907, 11.938], "texture": "#2"},
				"west": {"uv": [10.125, 6.25, 11.907, 11.938], "texture": "#2"},
				"up": {"uv": [10.125, 6.25, 11.907, 11.938], "texture": "#2"},
				"down": {"uv": [10.125, 6.25, 11.907, 11.938], "texture": "#2"}
			}
		},
		{
			"from": [-3.5, 0, 16],
			"to": [-1.375, 19.375, 16.625],
			"rotation": {"angle": 0, "axis": "y", "origin": [4.5, 8, 8]},
			"faces": {
				"north": {"uv": [10.125, 6.25, 11.907, 11.938], "texture": "#2"},
				"east": {"uv": [10.125, 6.25, 11.907, 11.938], "texture": "#2"},
				"south": {"uv": [10.125, 6.25, 11.907, 11.938], "texture": "#2"},
				"west": {"uv": [10.125, 6.25, 11.907, 11.938], "texture": "#2"},
				"up": {"uv": [10.125, 6.25, 11.907, 11.938], "texture": "#2"},
				"down": {"uv": [10.125, 6.25, 11.907, 11.938], "texture": "#2"}
			}
		},
		{
			"from": [-3.5, 0, -1.5],
			"to": [-1.375, 19.375, -0.875],
			"rotation": {"angle": 0, "axis": "y", "origin": [4.5, 8, -9.5]},
			"faces": {
				"north": {"uv": [10.125, 6.25, 11.907, 11.938], "texture": "#2"},
				"east": {"uv": [10.125, 6.25, 11.907, 11.938], "texture": "#2"},
				"south": {"uv": [10.125, 6.25, 11.907, 11.938], "texture": "#2"},
				"west": {"uv": [10.125, 6.25, 11.907, 11.938], "texture": "#2"},
				"up": {"uv": [10.125, 6.25, 11.907, 11.938], "texture": "#2"},
				"down": {"uv": [10.125, 6.25, 11.907, 11.938], "texture": "#2"}
			}
		},
		{
			"from": [6, 0, 16],
			"to": [8.125, 19.375, 16.625],
			"rotation": {"angle": 0, "axis": "y", "origin": [14, 8, 8]},
			"faces": {
				"north": {"uv": [10.125, 6.25, 11.907, 11.938], "texture": "#2"},
				"east": {"uv": [10.125, 6.25, 11.907, 11.938], "texture": "#2"},
				"south": {"uv": [10.125, 6.25, 11.907, 11.938], "texture": "#2"},
				"west": {"uv": [10.125, 6.25, 11.907, 11.938], "texture": "#2"},
				"up": {"uv": [10.125, 6.25, 11.907, 11.938], "texture": "#2"},
				"down": {"uv": [10.125, 6.25, 11.907, 11.938], "texture": "#2"}
			}
		},
		{
			"from": [6, 0, -1.5],
			"to": [8.125, 19.375, -0.875],
			"rotation": {"angle": 0, "axis": "y", "origin": [14, 8, -9.5]},
			"faces": {
				"north": {"uv": [10.125, 6.25, 11.907, 11.938], "texture": "#2"},
				"east": {"uv": [10.125, 6.25, 11.907, 11.938], "texture": "#2"},
				"south": {"uv": [10.125, 6.25, 11.907, 11.938], "texture": "#2"},
				"west": {"uv": [10.125, 6.25, 11.907, 11.938], "texture": "#2"},
				"up": {"uv": [10.125, 6.25, 11.907, 11.938], "texture": "#2"},
				"down": {"uv": [10.125, 6.25, 11.907, 11.938], "texture": "#2"}
			}
		},
		{
			"from": [13.125, 0, 16],
			"to": [15.25, 19.375, 16.625],
			"rotation": {"angle": 0, "axis": "y", "origin": [21.125, 8, 8]},
			"faces": {
				"north": {"uv": [10.125, 6.25, 11.907, 11.938], "texture": "#2"},
				"east": {"uv": [10.125, 6.25, 11.907, 11.938], "texture": "#2"},
				"south": {"uv": [10.125, 6.25, 11.907, 11.938], "texture": "#2"},
				"west": {"uv": [10.125, 6.25, 11.907, 11.938], "texture": "#2"},
				"up": {"uv": [10.125, 6.25, 11.907, 11.938], "texture": "#2"},
				"down": {"uv": [10.125, 6.25, 11.907, 11.938], "texture": "#2"}
			}
		},
		{
			"from": [13.125, 0, -1.5],
			"to": [15.25, 19.375, -0.875],
			"rotation": {"angle": 0, "axis": "y", "origin": [21.125, 8, -9.5]},
			"faces": {
				"north": {"uv": [10.125, 6.25, 11.907, 11.938], "texture": "#2"},
				"east": {"uv": [10.125, 6.25, 11.907, 11.938], "texture": "#2"},
				"south": {"uv": [10.125, 6.25, 11.907, 11.938], "texture": "#2"},
				"west": {"uv": [10.125, 6.25, 11.907, 11.938], "texture": "#2"},
				"up": {"uv": [10.125, 6.25, 11.907, 11.938], "texture": "#2"},
				"down": {"uv": [10.125, 6.25, 11.907, 11.938], "texture": "#2"}
			}
		},
		{
			"from": [28.875, 0, 1.5],
			"to": [29.5, 19.375, 3.625],
			"rotation": {"angle": 0, "axis": "y", "origin": [20.875, 8, 9.5]},
			"faces": {
				"north": {"uv": [11.907, 6.25, 10.125, 11.938], "texture": "#2"},
				"east": {"uv": [11.907, 6.25, 10.125, 11.938], "texture": "#2"},
				"south": {"uv": [11.907, 6.25, 10.125, 11.938], "texture": "#2"},
				"west": {"uv": [11.907, 6.25, 10.125, 11.938], "texture": "#2"},
				"up": {"uv": [10.125, 11.938, 11.907, 6.25], "rotation": 90, "texture": "#2"},
				"down": {"uv": [10.125, 11.938, 11.907, 6.25], "rotation": 270, "texture": "#2"}
			}
		},
		{
			"from": [-16, 0, 1.5],
			"to": [-15.375, 19.375, 3.625],
			"rotation": {"angle": 0, "axis": "y", "origin": [-24, 8, 9.5]},
			"faces": {
				"north": {"uv": [11.907, 6.25, 10.125, 11.938], "texture": "#2"},
				"east": {"uv": [11.907, 6.25, 10.125, 11.938], "texture": "#2"},
				"south": {"uv": [11.907, 6.25, 10.125, 11.938], "texture": "#2"},
				"west": {"uv": [11.907, 6.25, 10.125, 11.938], "texture": "#2"},
				"up": {"uv": [10.125, 11.938, 11.907, 6.25], "rotation": 90, "texture": "#2"},
				"down": {"uv": [10.125, 11.938, 11.907, 6.25], "rotation": 270, "texture": "#2"}
			}
		},
		{
			"from": [28.875, 0, 11.5],
			"to": [29.5, 19.375, 13.625],
			"rotation": {"angle": 0, "axis": "y", "origin": [20.875, 8, 19.5]},
			"faces": {
				"north": {"uv": [11.907, 6.25, 10.125, 11.938], "texture": "#2"},
				"east": {"uv": [11.907, 6.25, 10.125, 11.938], "texture": "#2"},
				"south": {"uv": [11.907, 6.25, 10.125, 11.938], "texture": "#2"},
				"west": {"uv": [11.907, 6.25, 10.125, 11.938], "texture": "#2"},
				"up": {"uv": [10.125, 11.938, 11.907, 6.25], "rotation": 90, "texture": "#2"},
				"down": {"uv": [10.125, 11.938, 11.907, 6.25], "rotation": 270, "texture": "#2"}
			}
		},
		{
			"from": [-16, 0, 11.5],
			"to": [-15.375, 19.375, 13.625],
			"rotation": {"angle": 0, "axis": "y", "origin": [-24, 8, 19.5]},
			"faces": {
				"north": {"uv": [11.907, 6.25, 10.125, 11.938], "texture": "#2"},
				"east": {"uv": [11.907, 6.25, 10.125, 11.938], "texture": "#2"},
				"south": {"uv": [11.907, 6.25, 10.125, 11.938], "texture": "#2"},
				"west": {"uv": [11.907, 6.25, 10.125, 11.938], "texture": "#2"},
				"up": {"uv": [10.125, 11.938, 11.907, 6.25], "rotation": 90, "texture": "#2"},
				"down": {"uv": [10.125, 11.938, 11.907, 6.25], "rotation": 270, "texture": "#2"}
			}
		},
		{
			"from": [-5.875, 0, 16],
			"to": [-3.75, 19.375, 16.625],
			"rotation": {"angle": 0, "axis": "y", "origin": [2.125, 8, 8]},
			"faces": {
				"north": {"uv": [10.125, 6.25, 11.907, 11.938], "texture": "#2"},
				"east": {"uv": [10.125, 6.25, 11.907, 11.938], "texture": "#2"},
				"south": {"uv": [10.125, 6.25, 11.907, 11.938], "texture": "#2"},
				"west": {"uv": [10.125, 6.25, 11.907, 11.938], "texture": "#2"},
				"up": {"uv": [10.125, 6.25, 11.907, 11.938], "texture": "#2"},
				"down": {"uv": [10.125, 6.25, 11.907, 11.938], "texture": "#2"}
			}
		},
		{
			"from": [-5.875, 0, -1.5],
			"to": [-3.75, 19.375, -0.875],
			"rotation": {"angle": 0, "axis": "y", "origin": [2.125, 8, -9.5]},
			"faces": {
				"north": {"uv": [10.125, 6.25, 11.907, 11.938], "texture": "#2"},
				"east": {"uv": [10.125, 6.25, 11.907, 11.938], "texture": "#2"},
				"south": {"uv": [10.125, 6.25, 11.907, 11.938], "texture": "#2"},
				"west": {"uv": [10.125, 6.25, 11.907, 11.938], "texture": "#2"},
				"up": {"uv": [10.125, 6.25, 11.907, 11.938], "texture": "#2"},
				"down": {"uv": [10.125, 6.25, 11.907, 11.938], "texture": "#2"}
			}
		},
		{
			"from": [3.625, 0, 16],
			"to": [5.75, 19.375, 16.625],
			"rotation": {"angle": 0, "axis": "y", "origin": [11.625, 8, 8]},
			"faces": {
				"north": {"uv": [10.125, 6.25, 11.907, 11.938], "texture": "#2"},
				"east": {"uv": [10.125, 6.25, 11.907, 11.938], "texture": "#2"},
				"south": {"uv": [10.125, 6.25, 11.907, 11.938], "texture": "#2"},
				"west": {"uv": [10.125, 6.25, 11.907, 11.938], "texture": "#2"},
				"up": {"uv": [10.125, 6.25, 11.907, 11.938], "texture": "#2"},
				"down": {"uv": [10.125, 6.25, 11.907, 11.938], "texture": "#2"}
			}
		},
		{
			"from": [3.625, 0, -1.5],
			"to": [5.75, 19.375, -0.875],
			"rotation": {"angle": 0, "axis": "y", "origin": [11.625, 8, -9.5]},
			"faces": {
				"north": {"uv": [10.125, 6.25, 11.907, 11.938], "texture": "#2"},
				"east": {"uv": [10.125, 6.25, 11.907, 11.938], "texture": "#2"},
				"south": {"uv": [10.125, 6.25, 11.907, 11.938], "texture": "#2"},
				"west": {"uv": [10.125, 6.25, 11.907, 11.938], "texture": "#2"},
				"up": {"uv": [10.125, 6.25, 11.907, 11.938], "texture": "#2"},
				"down": {"uv": [10.125, 6.25, 11.907, 11.938], "texture": "#2"}
			}
		},
		{
			"from": [27.375, 0, 16],
			"to": [29.5, 19.375, 16.625],
			"rotation": {"angle": 0, "axis": "y", "origin": [35.375, 8, 8]},
			"faces": {
				"north": {"uv": [10.125, 6.25, 11.907, 11.938], "texture": "#2"},
				"east": {"uv": [10.125, 6.25, 11.907, 11.938], "texture": "#2"},
				"south": {"uv": [10.125, 6.25, 11.907, 11.938], "texture": "#2"},
				"west": {"uv": [10.125, 6.25, 11.907, 11.938], "texture": "#2"},
				"up": {"uv": [10.125, 6.25, 11.907, 11.938], "texture": "#2"},
				"down": {"uv": [10.125, 6.25, 11.907, 11.938], "texture": "#2"}
			}
		},
		{
			"from": [20.25, 0, 16],
			"to": [22.375, 19.375, 16.625],
			"rotation": {"angle": 0, "axis": "y", "origin": [28.25, 8, 8]},
			"faces": {
				"north": {"uv": [10.125, 6.25, 11.907, 11.938], "texture": "#2"},
				"east": {"uv": [10.125, 6.25, 11.907, 11.938], "texture": "#2"},
				"south": {"uv": [10.125, 6.25, 11.907, 11.938], "texture": "#2"},
				"west": {"uv": [10.125, 6.25, 11.907, 11.938], "texture": "#2"},
				"up": {"uv": [10.125, 6.25, 11.907, 11.938], "texture": "#2"},
				"down": {"uv": [10.125, 6.25, 11.907, 11.938], "texture": "#2"}
			}
		},
		{
			"from": [20.25, 0, -1.5],
			"to": [22.375, 19.375, -0.875],
			"rotation": {"angle": 0, "axis": "y", "origin": [28.25, 8, -9.5]},
			"faces": {
				"north": {"uv": [10.125, 6.25, 11.907, 11.938], "texture": "#2"},
				"east": {"uv": [10.125, 6.25, 11.907, 11.938], "texture": "#2"},
				"south": {"uv": [10.125, 6.25, 11.907, 11.938], "texture": "#2"},
				"west": {"uv": [10.125, 6.25, 11.907, 11.938], "texture": "#2"},
				"up": {"uv": [10.125, 6.25, 11.907, 11.938], "texture": "#2"},
				"down": {"uv": [10.125, 6.25, 11.907, 11.938], "texture": "#2"}
			}
		},
		{
			"from": [28.875, 0, 9],
			"to": [29.5, 19.375, 11.125],
			"rotation": {"angle": 0, "axis": "y", "origin": [20.875, 8, 17]},
			"faces": {
				"north": {"uv": [11.907, 6.25, 10.125, 11.938], "texture": "#2"},
				"east": {"uv": [11.907, 6.25, 10.125, 11.938], "texture": "#2"},
				"south": {"uv": [11.907, 6.25, 10.125, 11.938], "texture": "#2"},
				"west": {"uv": [11.907, 6.25, 10.125, 11.938], "texture": "#2"},
				"up": {"uv": [10.125, 11.938, 11.907, 6.25], "rotation": 90, "texture": "#2"},
				"down": {"uv": [10.125, 11.938, 11.907, 6.25], "rotation": 270, "texture": "#2"}
			}
		},
		{
			"from": [-16, 0, 9],
			"to": [-15.375, 19.375, 11.125],
			"rotation": {"angle": 0, "axis": "y", "origin": [-24, 8, 17]},
			"faces": {
				"north": {"uv": [11.907, 6.25, 10.125, 11.938], "texture": "#2"},
				"east": {"uv": [11.907, 6.25, 10.125, 11.938], "texture": "#2"},
				"south": {"uv": [11.907, 6.25, 10.125, 11.938], "texture": "#2"},
				"west": {"uv": [11.907, 6.25, 10.125, 11.938], "texture": "#2"},
				"up": {"uv": [10.125, 11.938, 11.907, 6.25], "rotation": 90, "texture": "#2"},
				"down": {"uv": [10.125, 11.938, 11.907, 6.25], "rotation": 270, "texture": "#2"}
			}
		},
		{
			"from": [-10.625, 0, 16],
			"to": [-8.5, 19.375, 16.625],
			"rotation": {"angle": 0, "axis": "y", "origin": [-2.625, 8, 8]},
			"faces": {
				"north": {"uv": [10.125, 6.25, 11.907, 11.938], "texture": "#2"},
				"east": {"uv": [10.125, 6.25, 11.907, 11.938], "texture": "#2"},
				"south": {"uv": [10.125, 6.25, 11.907, 11.938], "texture": "#2"},
				"west": {"uv": [10.125, 6.25, 11.907, 11.938], "texture": "#2"},
				"up": {"uv": [10.125, 6.25, 11.907, 11.938], "texture": "#2"},
				"down": {"uv": [10.125, 6.25, 11.907, 11.938], "texture": "#2"}
			}
		},
		{
			"from": [-10.625, 0, -1.5],
			"to": [-8.5, 19.375, -0.875],
			"rotation": {"angle": 0, "axis": "y", "origin": [-2.625, 8, -9.5]},
			"faces": {
				"north": {"uv": [10.125, 6.25, 11.907, 11.938], "texture": "#2"},
				"east": {"uv": [10.125, 6.25, 11.907, 11.938], "texture": "#2"},
				"south": {"uv": [10.125, 6.25, 11.907, 11.938], "texture": "#2"},
				"west": {"uv": [10.125, 6.25, 11.907, 11.938], "texture": "#2"},
				"up": {"uv": [10.125, 6.25, 11.907, 11.938], "texture": "#2"},
				"down": {"uv": [10.125, 6.25, 11.907, 11.938], "texture": "#2"}
			}
		},
		{
			"from": [-1.125, 0, 16],
			"to": [1, 19.375, 16.625],
			"rotation": {"angle": 0, "axis": "y", "origin": [6.875, 8, 8]},
			"faces": {
				"north": {"uv": [10.125, 6.25, 11.907, 11.938], "texture": "#2"},
				"east": {"uv": [10.125, 6.25, 11.907, 11.938], "texture": "#2"},
				"south": {"uv": [10.125, 6.25, 11.907, 11.938], "texture": "#2"},
				"west": {"uv": [10.125, 6.25, 11.907, 11.938], "texture": "#2"},
				"up": {"uv": [10.125, 6.25, 11.907, 11.938], "texture": "#2"},
				"down": {"uv": [10.125, 6.25, 11.907, 11.938], "texture": "#2"}
			}
		},
		{
			"from": [-1.125, 0, -1.5],
			"to": [1, 19.375, -0.875],
			"rotation": {"angle": 0, "axis": "y", "origin": [6.875, 8, -9.5]},
			"faces": {
				"north": {"uv": [10.125, 6.25, 11.907, 11.938], "texture": "#2"},
				"east": {"uv": [10.125, 6.25, 11.907, 11.938], "texture": "#2"},
				"south": {"uv": [10.125, 6.25, 11.907, 11.938], "texture": "#2"},
				"west": {"uv": [10.125, 6.25, 11.907, 11.938], "texture": "#2"},
				"up": {"uv": [10.125, 6.25, 11.907, 11.938], "texture": "#2"},
				"down": {"uv": [10.125, 6.25, 11.907, 11.938], "texture": "#2"}
			}
		},
		{
			"from": [8.375, 0, 16],
			"to": [10.5, 19.375, 16.625],
			"rotation": {"angle": 0, "axis": "y", "origin": [16.375, 8, 8]},
			"faces": {
				"north": {"uv": [10.125, 6.25, 11.907, 11.938], "texture": "#2"},
				"east": {"uv": [10.125, 6.25, 11.907, 11.938], "texture": "#2"},
				"south": {"uv": [10.125, 6.25, 11.907, 11.938], "texture": "#2"},
				"west": {"uv": [10.125, 6.25, 11.907, 11.938], "texture": "#2"},
				"up": {"uv": [10.125, 6.25, 11.907, 11.938], "texture": "#2"},
				"down": {"uv": [10.125, 6.25, 11.907, 11.938], "texture": "#2"}
			}
		},
		{
			"from": [8.375, 0, -1.5],
			"to": [10.5, 19.375, -0.875],
			"rotation": {"angle": 0, "axis": "y", "origin": [16.375, 8, -9.5]},
			"faces": {
				"north": {"uv": [10.125, 6.25, 11.907, 11.938], "texture": "#2"},
				"east": {"uv": [10.125, 6.25, 11.907, 11.938], "texture": "#2"},
				"south": {"uv": [10.125, 6.25, 11.907, 11.938], "texture": "#2"},
				"west": {"uv": [10.125, 6.25, 11.907, 11.938], "texture": "#2"},
				"up": {"uv": [10.125, 6.25, 11.907, 11.938], "texture": "#2"},
				"down": {"uv": [10.125, 6.25, 11.907, 11.938], "texture": "#2"}
			}
		},
		{
			"from": [15.5, 0, 16],
			"to": [17.625, 19.375, 16.625],
			"rotation": {"angle": 0, "axis": "y", "origin": [23.5, 8, 8]},
			"faces": {
				"north": {"uv": [10.125, 6.25, 11.907, 11.938], "texture": "#2"},
				"east": {"uv": [10.125, 6.25, 11.907, 11.938], "texture": "#2"},
				"south": {"uv": [10.125, 6.25, 11.907, 11.938], "texture": "#2"},
				"west": {"uv": [10.125, 6.25, 11.907, 11.938], "texture": "#2"},
				"up": {"uv": [10.125, 6.25, 11.907, 11.938], "texture": "#2"},
				"down": {"uv": [10.125, 6.25, 11.907, 11.938], "texture": "#2"}
			}
		},
		{
			"from": [15.5, 0, -1.5],
			"to": [17.625, 19.375, -0.875],
			"rotation": {"angle": 0, "axis": "y", "origin": [23.5, 8, -9.5]},
			"faces": {
				"north": {"uv": [10.125, 6.25, 11.907, 11.938], "texture": "#2"},
				"east": {"uv": [10.125, 6.25, 11.907, 11.938], "texture": "#2"},
				"south": {"uv": [10.125, 6.25, 11.907, 11.938], "texture": "#2"},
				"west": {"uv": [10.125, 6.25, 11.907, 11.938], "texture": "#2"},
				"up": {"uv": [10.125, 6.25, 11.907, 11.938], "texture": "#2"},
				"down": {"uv": [10.125, 6.25, 11.907, 11.938], "texture": "#2"}
			}
		},
		{
			"from": [28.875, 0, 4],
			"to": [29.5, 19.375, 6.125],
			"rotation": {"angle": 0, "axis": "y", "origin": [20.875, 8, 12]},
			"faces": {
				"north": {"uv": [11.907, 6.25, 10.125, 11.938], "texture": "#2"},
				"east": {"uv": [11.907, 6.25, 10.125, 11.938], "texture": "#2"},
				"south": {"uv": [11.907, 6.25, 10.125, 11.938], "texture": "#2"},
				"west": {"uv": [11.907, 6.25, 10.125, 11.938], "texture": "#2"},
				"up": {"uv": [10.125, 11.938, 11.907, 6.25], "rotation": 90, "texture": "#2"},
				"down": {"uv": [10.125, 11.938, 11.907, 6.25], "rotation": 270, "texture": "#2"}
			}
		},
		{
			"from": [-16, 0, 4],
			"to": [-15.375, 19.375, 6.125],
			"rotation": {"angle": 0, "axis": "y", "origin": [-24, 8, 12]},
			"faces": {
				"north": {"uv": [11.907, 6.25, 10.125, 11.938], "texture": "#2"},
				"east": {"uv": [11.907, 6.25, 10.125, 11.938], "texture": "#2"},
				"south": {"uv": [11.907, 6.25, 10.125, 11.938], "texture": "#2"},
				"west": {"uv": [11.907, 6.25, 10.125, 11.938], "texture": "#2"},
				"up": {"uv": [10.125, 11.938, 11.907, 6.25], "rotation": 90, "texture": "#2"},
				"down": {"uv": [10.125, 11.938, 11.907, 6.25], "rotation": 270, "texture": "#2"}
			}
		},
		{
			"from": [-8.25, 0, 16],
			"to": [-6.125, 19.375, 16.625],
			"rotation": {"angle": 0, "axis": "y", "origin": [-0.25, 8, 8]},
			"faces": {
				"north": {"uv": [10.125, 6.25, 11.907, 11.938], "texture": "#2"},
				"east": {"uv": [10.125, 6.25, 11.907, 11.938], "texture": "#2"},
				"south": {"uv": [10.125, 6.25, 11.907, 11.938], "texture": "#2"},
				"west": {"uv": [10.125, 6.25, 11.907, 11.938], "texture": "#2"},
				"up": {"uv": [10.125, 6.25, 11.907, 11.938], "texture": "#2"},
				"down": {"uv": [10.125, 6.25, 11.907, 11.938], "texture": "#2"}
			}
		},
		{
			"from": [-8.25, 0, -1.5],
			"to": [-6.125, 19.375, -0.875],
			"rotation": {"angle": 0, "axis": "y", "origin": [-0.25, 8, -9.5]},
			"faces": {
				"north": {"uv": [10.125, 6.25, 11.907, 11.938], "texture": "#2"},
				"east": {"uv": [10.125, 6.25, 11.907, 11.938], "texture": "#2"},
				"south": {"uv": [10.125, 6.25, 11.907, 11.938], "texture": "#2"},
				"west": {"uv": [10.125, 6.25, 11.907, 11.938], "texture": "#2"},
				"up": {"uv": [10.125, 6.25, 11.907, 11.938], "texture": "#2"},
				"down": {"uv": [10.125, 6.25, 11.907, 11.938], "texture": "#2"}
			}
		},
		{
			"from": [1.25, 0, 16],
			"to": [3.375, 19.375, 16.625],
			"rotation": {"angle": 0, "axis": "y", "origin": [9.25, 8, 8]},
			"faces": {
				"north": {"uv": [10.125, 6.25, 11.907, 11.938], "texture": "#2"},
				"east": {"uv": [10.125, 6.25, 11.907, 11.938], "texture": "#2"},
				"south": {"uv": [10.125, 6.25, 11.907, 11.938], "texture": "#2"},
				"west": {"uv": [10.125, 6.25, 11.907, 11.938], "texture": "#2"},
				"up": {"uv": [10.125, 6.25, 11.907, 11.938], "texture": "#2"},
				"down": {"uv": [10.125, 6.25, 11.907, 11.938], "texture": "#2"}
			}
		},
		{
			"from": [1.25, 0, -1.5],
			"to": [3.375, 19.375, -0.875],
			"rotation": {"angle": 0, "axis": "y", "origin": [9.25, 8, -9.5]},
			"faces": {
				"north": {"uv": [10.125, 6.25, 11.907, 11.938], "texture": "#2"},
				"east": {"uv": [10.125, 6.25, 11.907, 11.938], "texture": "#2"},
				"south": {"uv": [10.125, 6.25, 11.907, 11.938], "texture": "#2"},
				"west": {"uv": [10.125, 6.25, 11.907, 11.938], "texture": "#2"},
				"up": {"uv": [10.125, 6.25, 11.907, 11.938], "texture": "#2"},
				"down": {"uv": [10.125, 6.25, 11.907, 11.938], "texture": "#2"}
			}
		},
		{
			"from": [10.75, 0, 16],
			"to": [12.875, 19.375, 16.625],
			"rotation": {"angle": 0, "axis": "y", "origin": [18.75, 8, 8]},
			"faces": {
				"north": {"uv": [10.125, 6.25, 11.907, 11.938], "texture": "#2"},
				"east": {"uv": [10.125, 6.25, 11.907, 11.938], "texture": "#2"},
				"south": {"uv": [10.125, 6.25, 11.907, 11.938], "texture": "#2"},
				"west": {"uv": [10.125, 6.25, 11.907, 11.938], "texture": "#2"},
				"up": {"uv": [10.125, 6.25, 11.907, 11.938], "texture": "#2"},
				"down": {"uv": [10.125, 6.25, 11.907, 11.938], "texture": "#2"}
			}
		},
		{
			"from": [10.75, 0, -1.5],
			"to": [12.875, 19.375, -0.875],
			"rotation": {"angle": 0, "axis": "y", "origin": [18.75, 8, -9.5]},
			"faces": {
				"north": {"uv": [10.125, 6.25, 11.907, 11.938], "texture": "#2"},
				"east": {"uv": [10.125, 6.25, 11.907, 11.938], "texture": "#2"},
				"south": {"uv": [10.125, 6.25, 11.907, 11.938], "texture": "#2"},
				"west": {"uv": [10.125, 6.25, 11.907, 11.938], "texture": "#2"},
				"up": {"uv": [10.125, 6.25, 11.907, 11.938], "texture": "#2"},
				"down": {"uv": [10.125, 6.25, 11.907, 11.938], "texture": "#2"}
			}
		},
		{
			"from": [17.875, 0, 16],
			"to": [20, 19.375, 16.625],
			"rotation": {"angle": 0, "axis": "y", "origin": [25.875, 8, 8]},
			"faces": {
				"north": {"uv": [10.125, 6.25, 11.907, 11.938], "texture": "#2"},
				"east": {"uv": [10.125, 6.25, 11.907, 11.938], "texture": "#2"},
				"south": {"uv": [10.125, 6.25, 11.907, 11.938], "texture": "#2"},
				"west": {"uv": [10.125, 6.25, 11.907, 11.938], "texture": "#2"},
				"up": {"uv": [10.125, 6.25, 11.907, 11.938], "texture": "#2"},
				"down": {"uv": [10.125, 6.25, 11.907, 11.938], "texture": "#2"}
			}
		},
		{
			"from": [17.875, 0, -1.5],
			"to": [20, 19.375, -0.875],
			"rotation": {"angle": 0, "axis": "y", "origin": [25.875, 8, -9.5]},
			"faces": {
				"north": {"uv": [10.125, 6.25, 11.907, 11.938], "texture": "#2"},
				"east": {"uv": [10.125, 6.25, 11.907, 11.938], "texture": "#2"},
				"south": {"uv": [10.125, 6.25, 11.907, 11.938], "texture": "#2"},
				"west": {"uv": [10.125, 6.25, 11.907, 11.938], "texture": "#2"},
				"up": {"uv": [10.125, 6.25, 11.907, 11.938], "texture": "#2"},
				"down": {"uv": [10.125, 6.25, 11.907, 11.938], "texture": "#2"}
			}
		},
		{
			"from": [22.625, 0, 16],
			"to": [24.75, 19.375, 16.625],
			"rotation": {"angle": 0, "axis": "y", "origin": [30.625, 8, 8]},
			"faces": {
				"north": {"uv": [10.125, 6.25, 11.907, 11.938], "texture": "#2"},
				"east": {"uv": [10.125, 6.25, 11.907, 11.938], "texture": "#2"},
				"south": {"uv": [10.125, 6.25, 11.907, 11.938], "texture": "#2"},
				"west": {"uv": [10.125, 6.25, 11.907, 11.938], "texture": "#2"},
				"up": {"uv": [10.125, 6.25, 11.907, 11.938], "texture": "#2"},
				"down": {"uv": [10.125, 6.25, 11.907, 11.938], "texture": "#2"}
			}
		},
		{
			"from": [22.625, 0, -1.5],
			"to": [24.75, 19.375, -0.875],
			"rotation": {"angle": 0, "axis": "y", "origin": [30.625, 8, -9.5]},
			"faces": {
				"north": {"uv": [10.125, 6.25, 11.907, 11.938], "texture": "#2"},
				"east": {"uv": [10.125, 6.25, 11.907, 11.938], "texture": "#2"},
				"south": {"uv": [10.125, 6.25, 11.907, 11.938], "texture": "#2"},
				"west": {"uv": [10.125, 6.25, 11.907, 11.938], "texture": "#2"},
				"up": {"uv": [10.125, 6.25, 11.907, 11.938], "texture": "#2"},
				"down": {"uv": [10.125, 6.25, 11.907, 11.938], "texture": "#2"}
			}
		},
		{
			"from": [28.875, 0, 6.5],
			"to": [29.5, 19.375, 8.625],
			"rotation": {"angle": 0, "axis": "y", "origin": [20.875, 8, 14.5]},
			"faces": {
				"north": {"uv": [11.907, 6.25, 10.125, 11.938], "texture": "#2"},
				"east": {"uv": [11.907, 6.25, 10.125, 11.938], "texture": "#2"},
				"south": {"uv": [11.907, 6.25, 10.125, 11.938], "texture": "#2"},
				"west": {"uv": [11.907, 6.25, 10.125, 11.938], "texture": "#2"},
				"up": {"uv": [10.125, 11.938, 11.907, 6.25], "rotation": 90, "texture": "#2"},
				"down": {"uv": [10.125, 11.938, 11.907, 6.25], "rotation": 270, "texture": "#2"}
			}
		},
		{
			"from": [-16, 0, 6.5],
			"to": [-15.375, 19.375, 8.625],
			"rotation": {"angle": 0, "axis": "y", "origin": [-24, 8, 14.5]},
			"faces": {
				"north": {"uv": [11.907, 6.25, 10.125, 11.938], "texture": "#2"},
				"east": {"uv": [11.907, 6.25, 10.125, 11.938], "texture": "#2"},
				"south": {"uv": [11.907, 6.25, 10.125, 11.938], "texture": "#2"},
				"west": {"uv": [11.907, 6.25, 10.125, 11.938], "texture": "#2"},
				"up": {"uv": [10.125, 11.938, 11.907, 6.25], "rotation": 90, "texture": "#2"},
				"down": {"uv": [10.125, 11.938, 11.907, 6.25], "rotation": 270, "texture": "#2"}
			}
		},
		{
			"from": [-15.375, 0, -1.5],
			"to": [-13.25, 19.375, -0.875],
			"rotation": {"angle": 0, "axis": "y", "origin": [-7.375, 8, 7.125]},
			"faces": {
				"north": {"uv": [11.907, 6.25, 10.125, 11.938], "texture": "#2"},
				"east": {"uv": [11.907, 6.25, 10.125, 11.938], "texture": "#2"},
				"south": {"uv": [11.907, 6.25, 10.125, 11.938], "texture": "#2"},
				"west": {"uv": [11.907, 6.25, 10.125, 11.938], "texture": "#2"},
				"up": {"uv": [10.125, 11.938, 11.907, 6.25], "texture": "#2"},
				"down": {"uv": [10.125, 11.938, 11.907, 6.25], "texture": "#2"}
			}
		},
		{
			"from": [27.375, 0, -1.5],
			"to": [28.875, 19.375, -0.875],
			"rotation": {"angle": 0, "axis": "y", "origin": [20.875, 8, 7.125]},
			"faces": {
				"north": {"uv": [10.125, 6.25, 11.907, 11.938], "texture": "#2"},
				"east": {"uv": [10.125, 6.25, 11.907, 11.938], "texture": "#2"},
				"south": {"uv": [10.125, 6.25, 11.907, 11.938], "texture": "#2"},
				"west": {"uv": [10.125, 6.25, 11.907, 11.938], "texture": "#2"},
				"up": {"uv": [11.907, 11.938, 10.125, 6.25], "texture": "#2"},
				"down": {"uv": [11.907, 11.938, 10.125, 6.25], "texture": "#2"}
			}
		},
		{
			"from": [25, 0, 16],
			"to": [27.125, 19.375, 16.625],
			"rotation": {"angle": 0, "axis": "y", "origin": [19.125, 8, 8]},
			"faces": {
				"north": {"uv": [11.907, 6.25, 10.125, 11.938], "texture": "#2"},
				"east": {"uv": [11.907, 6.25, 10.125, 11.938], "texture": "#2"},
				"south": {"uv": [11.907, 6.25, 10.125, 11.938], "texture": "#2"},
				"west": {"uv": [11.907, 6.25, 10.125, 11.938], "texture": "#2"},
				"up": {"uv": [11.907, 6.25, 10.125, 11.938], "texture": "#2"},
				"down": {"uv": [11.907, 6.25, 10.125, 11.938], "texture": "#2"}
			}
		},
		{
			"from": [25, 0, -1.5],
			"to": [27.125, 19.375, -0.875],
			"rotation": {"angle": 0, "axis": "y", "origin": [19.125, 8, -9.5]},
			"faces": {
				"north": {"uv": [11.907, 6.25, 10.125, 11.938], "texture": "#2"},
				"east": {"uv": [11.907, 6.25, 10.125, 11.938], "texture": "#2"},
				"south": {"uv": [11.907, 6.25, 10.125, 11.938], "texture": "#2"},
				"west": {"uv": [11.907, 6.25, 10.125, 11.938], "texture": "#2"},
				"up": {"uv": [11.907, 6.25, 10.125, 11.938], "texture": "#2"},
				"down": {"uv": [11.907, 6.25, 10.125, 11.938], "texture": "#2"}
			}
		},
		{
			"from": [-16, 0, 13.875],
			"to": [-15.375, 19.375, 16.625],
			"rotation": {"angle": 0, "axis": "y", "origin": [-7.375, 8, 21.875]},
			"faces": {
				"north": {"uv": [10.125, 6.25, 11.907, 11.938], "texture": "#2"},
				"east": {"uv": [10.125, 6.25, 11.907, 11.938], "texture": "#2"},
				"south": {"uv": [10.125, 6.25, 11.907, 11.938], "texture": "#2"},
				"west": {"uv": [10.125, 6.25, 11.907, 11.938], "texture": "#2"},
				"up": {"uv": [10.125, 6.25, 11.907, 11.938], "rotation": 90, "texture": "#2"},
				"down": {"uv": [10.125, 6.25, 11.907, 11.938], "rotation": 270, "texture": "#2"}
			}
		},
		{
			"from": [-16, 0, -1.5],
			"to": [-15.375, 19.375, 1.25],
			"rotation": {"angle": 0, "axis": "y", "origin": [-7.375, 8, -6.75]},
			"faces": {
				"north": {"uv": [11.907, 6.25, 10.125, 11.938], "texture": "#2"},
				"east": {"uv": [11.907, 6.25, 10.125, 11.938], "texture": "#2"},
				"south": {"uv": [11.907, 6.25, 10.125, 11.938], "texture": "#2"},
				"west": {"uv": [11.907, 6.25, 10.125, 11.938], "texture": "#2"},
				"up": {"uv": [11.907, 6.25, 10.125, 11.938], "rotation": 90, "texture": "#2"},
				"down": {"uv": [11.907, 6.25, 10.125, 11.938], "rotation": 270, "texture": "#2"}
			}
		},
		{
			"from": [28.875, 0, -1.5],
			"to": [29.5, 19.375, 1.25],
			"rotation": {"angle": 0, "axis": "y", "origin": [20.875, 8, -6.75]},
			"faces": {
				"north": {"uv": [10.125, 6.25, 11.907, 11.938], "texture": "#2"},
				"east": {"uv": [10.125, 6.25, 11.907, 11.938], "texture": "#2"},
				"south": {"uv": [10.125, 6.25, 11.907, 11.938], "texture": "#2"},
				"west": {"uv": [10.125, 6.25, 11.907, 11.938], "texture": "#2"},
				"up": {"uv": [11.907, 11.938, 10.125, 6.25], "rotation": 90, "texture": "#2"},
				"down": {"uv": [11.907, 11.938, 10.125, 6.25], "rotation": 270, "texture": "#2"}
			}
		},
		{
			"from": [28.875, 0, 13.875],
			"to": [29.5, 19.375, 16.625],
			"rotation": {"angle": 0, "axis": "y", "origin": [20.875, 8, 21.875]},
			"faces": {
				"north": {"uv": [11.907, 6.25, 10.125, 11.938], "texture": "#2"},
				"east": {"uv": [11.907, 6.25, 10.125, 11.938], "texture": "#2"},
				"south": {"uv": [11.907, 6.25, 10.125, 11.938], "texture": "#2"},
				"west": {"uv": [11.907, 6.25, 10.125, 11.938], "texture": "#2"},
				"up": {"uv": [10.125, 11.938, 11.907, 6.25], "rotation": 90, "texture": "#2"},
				"down": {"uv": [10.125, 11.938, 11.907, 6.25], "rotation": 270, "texture": "#2"}
			}
		},
		{
			"from": [-15.25, 18, -0.875],
			"to": [-14.75, 18.5, 16],
			"rotation": {"angle": 0, "axis": "y", "origin": [-7.25, 8, 8]},
			"faces": {
				"north": {"uv": [0, 0, 16, 1.25], "rotation": 90, "texture": "#0"},
				"east": {"uv": [0, 0, 16, 1.25], "rotation": 90, "texture": "#0"},
				"south": {"uv": [0, 0, 16, 1.25], "rotation": 90, "texture": "#0"},
				"west": {"uv": [0, 0, 16, 1.25], "rotation": 90, "texture": "#0"},
				"up": {"uv": [0, 0, 16, 1.25], "rotation": 90, "texture": "#0"},
				"down": {"uv": [0, 0, 16, 1.25], "rotation": 90, "texture": "#0"}
			}
		},
		{
			"from": [28.375, 18, -0.875],
			"to": [28.875, 18.5, 16],
			"rotation": {"angle": 0, "axis": "y", "origin": [36.375, 8, 8]},
			"faces": {
				"north": {"uv": [0, 0, 16, 1.25], "rotation": 90, "texture": "#0"},
				"east": {"uv": [0, 0, 16, 1.25], "rotation": 90, "texture": "#0"},
				"south": {"uv": [0, 0, 16, 1.25], "rotation": 90, "texture": "#0"},
				"west": {"uv": [0, 0, 16, 1.25], "rotation": 90, "texture": "#0"},
				"up": {"uv": [0, 0, 16, 1.25], "rotation": 90, "texture": "#0"},
				"down": {"uv": [0, 0, 16, 1.25], "rotation": 90, "texture": "#0"}
			}
		},
		{
			"from": [-14.875, 18, 15.5],
			"to": [28.5, 18.5, 16],
			"rotation": {"angle": 0, "axis": "y", "origin": [23.5, 8, 8]},
			"faces": {
				"north": {"uv": [0, 0, 16, 1.25], "texture": "#0"},
				"east": {"uv": [0, 0, 16, 1.25], "texture": "#0"},
				"south": {"uv": [0, 0, 16, 1.25], "texture": "#0"},
				"west": {"uv": [0, 0, 16, 1.25], "texture": "#0"},
				"up": {"uv": [0, 0, 16, 1.25], "texture": "#0"},
				"down": {"uv": [0, 0, 16, 1.25], "texture": "#0"}
			}
		}
	],
	"display": {
		"thirdperson_righthand": {
			"rotation": [90, 0, 0],
			"translation": [-6.565, -0.5, 7],
			"scale": [0.6, 0.6, 0.6]
		},
		"thirdperson_lefthand": {
			"rotation": [90, 0, 0],
			"translation": [-6.565, -0.5, 7],
			"scale": [0.6, 0.6, 0.6]
		},
		"firstperson_righthand": {
			"translation": [0, 3, 0],
			"scale": [0, 0, 0]
		},
		"firstperson_lefthand": {
			"translation": [0, 3, 0],
			"scale": [0, 0, 0]
		},
		"ground": {
			"translation": [0, 2, 0],
			"scale": [0.4, 0.4, 0.4]
		},
		"gui": {
			"rotation": [17, -45, 0],
			"translation": [0, -2, 0],
			"scale": [0.29, 0.32, 0.3]
		},
		"head": {
			"translation": [0, -13, 0],
			"scale": [1.3, 1.3, 1.3]
		},
		"fixed": {
			"translation": [0, -4, -15],
			"scale": [1.6, 1.6, 1.6]
		}
	},
	"groups": [
		{
			"name": "group",
			"origin": [23.5, 8, 8],
			"children": [0, 1, 2, 3, 4, 5, 6, 7, 8, 9, 10, 11, 12, 13, 14, 15, 16, 17, 18, 19, 20, 21, 22, 23, 24, 25, 26, 27, 28, 29, 30, 31, 32, 33, 34, 35, 36, 37, 38, 39, 40, 41, 42, 43, 44, 45, 46, 47, 48, 49, 50, 51, 52, 53, 54, 55, 56, 57, 58]
		}
	]
}