{
	"__comment": "Designed by Oldfarmer with Cubik Studio - https://cubik.studio",
	"parent": "block/tinted_cross",
	"textures": {
		"particle": "block/flower_pot2",
		"fluff": "block/jungle_sapling",
		"flowerpot": "block/flower_pot2",
		"dirt": "block/coarse_dirt",
		"texture": "block/andesite",
		"texture1": "entity/shulker/shulker_black"
	},
	"elements": [ 	 
		{
			"__comment": "Element",
			"from": [ 5, 4, 5 ],
			"to": [ 11, 3, 11 ],
			"faces": {
				"north": { "uv": [ 9, 9, 15, 8 ], "texture": "#flowerpot" },
				"south": { "uv": [ 9, 9, 15, 8 ], "texture": "#flowerpot" },
				"west": { "uv": [ 9, 9, 15, 8 ], "texture": "#flowerpot" },
				"east": { "uv": [ 9, 9, 15, 8 ], "texture": "#flowerpot" }
			}
		},
		{
			"__comment": "Element",
			"from": [ 5, 0, 5 ],
			"to": [ 11, 3, 11 ],
			"faces": {
				"up": { "uv": [ 5, 5, 11, 11 ], "texture": "#dirt" }
			}
		},
		{
			"__comment": "Box12",
			"from": [ 2, 5, 2.5 ],
			"to": [ 13.5, 5.2, 14 ],
			"faces": {
				"down": { "uv": [ 0, 0, 15.5, 16 ], "texture": "#dirt" },
				"up": { "uv": [ 0, 0, 16, 16 ], "texture": "#dirt" },
				"north": { "uv": [ 6, 8.3, 16, 8.5 ], "texture": "#dirt" },
				"south": { "uv": [ 0, 8.3, 10, 8.5 ], "texture": "#dirt" },
				"west": { "uv": [ 5, 8.3, 16, 8.5 ], "texture": "#texture" },
				"east": { "uv": [ 0, 8.3, 11, 8.5 ], "texture": "#dirt" }
			}
		},
		{
			"__comment": "Box13",
			"from": [ 3, 3.2, 3 ],
			"to": [ 4, 8.2, 4 ],
			"faces": {
				"down": { "uv": [ 2.3, 12.7, 3.3, 13.7 ], "texture": "#texture1" },
				"up": { "uv": [ 5, 3.5, 6, 4 ], "texture": "#texture1" },
				"north": { "uv": [ 12.7, 12.0119, 13.7, 13.2419 ], "texture": "#texture1" },
				"south": { "uv": [ 11.5, 4, 12.5, 6.5 ], "texture": "#texture1" },
				"west": { "uv": [ 2.3, 12.0119, 3.3, 13.2419 ], "texture": "#texture1" },
				"east": { "uv": [ 11.5, 4, 12.5, 6.5 ], "texture": "#texture1" }
			}
		},
		{
			"__comment": "Box13",
			"from": [ 12, 3.2, 12 ],
			"to": [ 13, 8.2, 13 ],
			"faces": {
				"down": { "uv": [ 12.3, 12.7, 13.3, 13.7 ], "texture": "#texture1" },
				"up": { "uv": [ 5.5, 3.5, 6.5, 4 ], "texture": "#texture1" },
				"north": { "uv": [ 11.5, 4, 12.5, 6.5 ], "texture": "#texture1" },
				"south": { "uv": [ 7, 5.5, 7.5, 6 ], "texture": "#texture1" },
				"west": { "uv": [ 11.5, 4, 12.5, 6.5 ], "texture": "#texture1" },
				"east": { "uv": [ 12, 10, 13, 11.23 ], "texture": "#texture1" }
			}
		},
		{
			"__comment": "Box13",
			"from": [ 3, 3.2, 12 ],
			"to": [ 4, 8.2, 13 ],
			"faces": {
				"down": { "uv": [ 2.3, 2.2, 3.3, 3.2 ], "texture": "#texture1" },
				"up": { "uv": [ 5, 3.5, 5.5, 4 ], "texture": "#texture1" },
				"north": { "uv": [ 11.5, 4, 12.5, 6.5 ], "texture": "#texture1" },
				"south": { "uv": [ 2.3, 12.0119, 3.3, 13.2419 ], "texture": "#texture1" },
				"west": { "uv": [ 12, 10.5, 13, 11.73 ], "texture": "#texture1" },
				"east": { "uv": [ 11, 4, 12, 6.5 ], "texture": "#texture1" }
			}
		},
		{
			"__comment": "Box13",
			"from": [ 12, 3.2, 3 ],
			"to": [ 13, 8.2, 4 ],
			"faces": {
				"down": { "uv": [ 12.3, 12.7, 13.3, 13.7 ], "texture": "#texture1" },
				"up": { "uv": [ 5, 3.5, 5.5, 4 ], "texture": "#texture1" },
				"north": { "uv": [ 2.7, 12.0119, 3.7, 13.2419 ], "texture": "#texture1" },
				"south": { "uv": [ 11.5, 4, 12.5, 6.5 ], "texture": "#texture1" },
				"west": { "uv": [ 11, 4, 12, 6.5 ], "texture": "#texture1" },
				"east": { "uv": [ 12.7, 12.0119, 13.7, 13.2419 ], "texture": "#texture1" }
			}
		},
		{
			"__comment": "Element",
			"from": [ 8, 3.9, -5.5 ],
			"to": [ 8.001, 31.9, 21.5 ],
			"shade": false,
			"faces": {
				"west": { "uv": [ 0, 0, 16, 16 ], "texture": "#fluff", "tintindex": 0 },
				"east": { "uv": [ 0, 0, 16, 16 ], "texture": "#fluff", "tintindex": 0 }
			}
		},
		{
			"__comment": "Element",
			"from": [ -5.5, 3.9, 8 ],
			"to": [ 21.5, 31.9, 8.001 ],
			"shade": false,
			"faces": {
				"north": { "uv": [ 0, 0, 16, 16 ], "texture": "#fluff", "tintindex": 0 },
				"south": { "uv": [ 0, 0, 16, 16 ], "texture": "#fluff", "tintindex": 0 }
			}
		},
		{
			"__comment": "Box12",
			"from": [ 1.5, 0, 1.5 ],
			"to": [ 14.5, 0.2, 14.5 ],
			"faces": {
				"down": { "uv": [ 8, 0, 16, 8 ], "texture": "#flowerpot" },
				"up": { "uv": [ 0, 0, 16, 16 ], "texture": "#dirt" },
				"north": { "uv": [ 0, 5, 4, 5 ], "texture": "#texture1" },
				"south": { "uv": [ 0, 6.5, 4, 6.699999 ], "texture": "#texture1" },
				"west": { "uv": [ 0, 5.5, 4.5, 6 ], "texture": "#texture1" },
				"east": { "uv": [ 1, 6, 4.5, 6.2 ], "texture": "#texture1" }
			}
		},
		{
			"__comment": "Box13",
			"from": [ 13, 0.2, 1.5 ],
			"to": [ 14.5, 8.2, 14.5 ],
			"faces": {
				"down": { "uv": [ 2, 1.5, 2, 2.5 ], "texture": "#texture1" },
				"up": { "uv": [ 4, 3.5, 8, 4 ], "texture": "#texture1", "rotation": 90 },
				"north": { "uv": [ 11.5, 4, 12.5, 6.5 ], "texture": "#texture1" },
				"south": { "uv": [ 11.5, 4, 12.5, 6.5 ], "texture": "#texture1" },
				"west": { "uv": [ 0, 6.5, 4, 4 ], "texture": "#texture1" },
				"east": { "uv": [ 8, 4, 11.5, 6.5 ], "texture": "#texture1" }
			}
		},
		{
			"__comment": "Box13",
			"from": [ 3, 0.2, 13 ],
			"to": [ 13, 8.2, 14.5 ],
			"faces": {
				"down": { "uv": [ 2, 1.5, 3, 2.5 ], "texture": "#texture1", "rotation": 270 },
				"up": { "uv": [ 4, 3.5, 7.5, 4 ], "texture": "#texture1", "rotation": 180 },
				"north": { "uv": [ 7.5, 4, 12, 6.5 ], "texture": "#texture1" },
				"south": { "uv": [ 0, 4, 4, 6.5 ], "texture": "#texture1" },
				"west": { "uv": [ 2, 12.024, 2.3, 13.244 ], "texture": "#texture1" },
				"east": { "uv": [ 13.7, 12.024, 14, 13.244 ], "texture": "#texture1" }
			}
		},
		{
			"__comment": "Box13",
			"from": [ 1.5, 0.2, 1.5 ],
			"to": [ 3, 8.2, 14.5 ],
			"faces": {
				"down": { "uv": [ 2, 1.5, 2, 2.5 ], "texture": "#texture1" },
				"up": { "uv": [ 4, 3.5, 8, 4 ], "texture": "#texture1", "rotation": 90 },
				"north": { "uv": [ 11.5, 4, 12.5, 6.5 ], "texture": "#texture1" },
				"south": { "uv": [ 11.5, 4, 12.5, 6.5 ], "texture": "#texture1" },
				"west": { "uv": [ 0, 4, 4.5, 6.5 ], "texture": "#texture1" },
				"east": { "uv": [ 8, 4, 12, 6.5 ], "texture": "#texture1" }
			}
		},
		{
			"__comment": "Box13",
			"from": [ 3, 0.2, 1.5 ],
			"to": [ 13, 8.2, 3 ],
			"faces": {
				"down": { "uv": [ 2, 1.5, 3, 2.5 ], "texture": "#texture1", "rotation": 270 },
				"up": { "uv": [ 4, 3.5, 7.5, 4 ], "texture": "#texture1", "rotation": 180 },
				"north": { "uv": [ 7.5, 4, 12, 6.5 ], "texture": "#texture1" },
				"south": { "uv": [ 0, 4, 4, 6.5 ], "texture": "#texture1" },
				"west": { "uv": [ 2, 12.024, 2.3, 13.244 ], "texture": "#texture1" },
				"east": { "uv": [ 13.7, 12.024, 14, 13.244 ], "texture": "#texture1" }
			}
		}
	]
}