{
"__comment": "Designed by Tachibana with BDcraft Cubik PRO 0.95 Beta - http://bdcraft.net",
"textures": {
    "particle": "block/3d/flower1",
    "flower-pot": "block/orange_concrete",
    "flower-pot-in": "block/water_flow"
},
"elements": [ 
{
    "from": [ 6.5, 0.25, 6.5 ],
    "to": [ 9.5, 0.5, 9.5 ],
    "faces": {
        "north": { "uv": [ 5, 15, 11, 15.5 ], "texture": "#flower-pot" },
        "south": { "uv": [ 5, 15, 11, 15.5 ], "texture": "#flower-pot" },
        "west":  { "uv": [ 5, 15, 11, 15.5 ], "texture": "#flower-pot" },
        "east":  { "uv": [ 5, 15, 11, 15.5 ], "texture": "#flower-pot" }
    }
},
{
    "from": [ 6, 0.75, 6 ],
    "to": [ 10.2, 1, 10 ],
    "faces": {
        "down":  { "uv": [ 12, 12, 3.6, 4 ], "texture": "#flower-pot" },
        "north": { "uv": [ 3.6, 14, 12, 14.5 ], "texture": "#flower-pot" },
        "south": { "uv": [ 4, 14, 12.4, 14.5 ], "texture": "#flower-pot" },
        "west":  { "uv": [ 4, 14, 12, 14.5 ], "texture": "#flower-pot" },
        "east":  { "uv": [ 4, 14, 12, 14.5 ], "texture": "#flower-pot" }
    }
},
{
    "from": [ 6.25, 0, 6.25 ],
    "to": [ 9.75, 0.25, 9.75 ],
    "faces": {
        "up":    { "uv": [ 4.5, 4.5, 11.5, 11.5 ], "texture": "#flower-pot" },
        "north": { "uv": [ 4.5, 15.5, 11.5, 16 ], "texture": "#flower-pot" },
        "south": { "uv": [ 4.5, 15.5, 11.5, 16 ], "texture": "#flower-pot" },
        "west":  { "uv": [ 4.5, 15.5, 11.5, 16 ], "texture": "#flower-pot" },
        "east":  { "uv": [ 4.5, 15.5, 11.5, 16 ], "texture": "#flower-pot" }
    }
},
{
    "from": [ 6.25, 3, 6.25 ],
    "to": [ 9.75, 3.5, 9.75 ],
    "faces": {
        "up":    { "uv": [ 4.5, 4.5, 11.5, 11.5 ], "texture": "#flower-pot" },
        "north": { "uv": [ 4.5, 9, 11.5, 10 ], "texture": "#flower-pot" },
        "south": { "uv": [ 4.5, 9, 11.5, 10 ], "texture": "#flower-pot" },
        "west":  { "uv": [ 4.5, 9, 11.5, 10 ], "texture": "#flower-pot" },
        "east":  { "uv": [ 4.5, 9, 11.5, 10 ], "texture": "#flower-pot" }
    }
},
{
    "from": [ 5.75, 1, 5.75 ],
    "to": [ 10.3, 2.5, 10.25 ],
    "faces": {
        "down":  { "uv": [ 12.5, 12.5, 3.4, 3.5 ], "texture": "#flower-pot" },
        "up":    { "uv": [ 3.5, 3.5, 12.6, 12.5 ], "texture": "#flower-pot" },
        "north": { "uv": [ 3.4, 11, 12.5, 14 ], "texture": "#flower-pot" },
        "south": { "uv": [ 3.5, 11, 12.6, 14 ], "texture": "#flower-pot" },
        "west":  { "uv": [ 3.5, 11, 12.5, 14 ], "texture": "#flower-pot" },
        "east":  { "uv": [ 3.5, 11, 12.5, 14 ], "texture": "#flower-pot" }
    }
},
{
    "from": [ 6.75, 7.5, 9 ],
    "to": [ 9.25, 7.75, 9.25 ],
    "faces": {
        "down":  { "uv": [ 10.5, 10.5, 5.5, 10 ], "texture": "#flower-pot" },
        "up":    { "uv": [ 5.5, 10, 10.5, 10.5 ], "texture": "#flower-pot" },
        "north": { "uv": [ 5.5, 0.5, 10.5, 1 ], "texture": "#flower-pot" },
        "south": { "uv": [ 5.5, 0.5, 10.5, 1 ], "texture": "#flower-pot" },
        "west":  { "uv": [ 10, 0.5, 10.5, 1 ], "texture": "#flower-pot" },
        "east":  { "uv": [ 5.5, 0.5, 6, 1 ], "texture": "#flower-pot" }
    }
},
{
    "from": [ 7, 5.25, 7 ],
    "to": [ 9, 7.5, 9 ],
    "faces": {
        "north": { "uv": [ 6, 1, 10, 5.5 ], "texture": "#flower-pot" },
        "south": { "uv": [ 6, 1, 10, 5.5 ], "texture": "#flower-pot" },
        "west":  { "uv": [ 6, 1, 10, 5.5 ], "texture": "#flower-pot" },
        "east":  { "uv": [ 6, 1, 10, 5.5 ], "texture": "#flower-pot" }
    }
},
{
    "from": [ 6.75, 7.5, 7 ],
    "to": [ 7, 7.75, 9 ],
    "faces": {
        "down":  { "uv": [ 10.5, 10, 10, 6 ], "texture": "#flower-pot" },
        "up":    { "uv": [ 5.5, 6, 6, 10 ], "texture": "#flower-pot" },
        "west":  { "uv": [ 6, 0.5, 10, 1 ], "texture": "#flower-pot" },
        "east":  { "uv": [ 6, 0.5, 10, 1 ], "texture": "#flower-pot" }
    }
},
{
    "from": [ 6.75, 7.5, 6.75 ],
    "to": [ 9, 7.75, 7 ],
    "faces": {
        "down":  { "uv": [ 10.5, 6, 6, 5.5 ], "texture": "#flower-pot" },
        "up":    { "uv": [ 5.5, 5.5, 10, 6 ], "texture": "#flower-pot" },
        "north": { "uv": [ 6, 0.5, 10.5, 1 ], "texture": "#flower-pot" },
        "south": { "uv": [ 5.5, 0.5, 10, 1 ], "texture": "#flower-pot" },
        "west":  { "uv": [ 5.5, 0.5, 6, 1 ], "texture": "#flower-pot" }
    }
},
{
    "from": [ 9, 7.5, 6.75 ],
    "to": [ 9.25, 7.75, 9.25 ],
    "faces": {
        "down":  { "uv": [ 6, 10.5, 5.5, 5.5 ], "texture": "#flower-pot" },
        "up":    { "uv": [ 10, 5.5, 10.5, 10.5 ], "texture": "#flower-pot" },
        "north": { "uv": [ 5.5, 0.5, 6, 1 ], "texture": "#flower-pot" },
        "south": { "uv": [ 10, 0.5, 10.5, 1 ], "texture": "#flower-pot" },
        "west":  { "uv": [ 5.5, 0.5, 10.5, 1 ], "texture": "#flower-pot" },
        "east":  { "uv": [ 5.5, 0.5, 10.5, 1 ], "texture": "#flower-pot" }
    }
},
{
    "from": [ 6.5, 7.75, 9.25 ],
    "to": [ 9.5, 8, 9.5 ],
    "faces": {
        "down":  { "uv": [ 11, 11, 5, 10.5 ], "texture": "#flower-pot" },
        "up":    { "uv": [ 5, 10.5, 11, 11 ], "texture": "#flower-pot" },
        "north": { "uv": [ 5, 0, 11, 0.5 ], "texture": "#flower-pot" },
        "south": { "uv": [ 5, 0, 11, 0.5 ], "texture": "#flower-pot" },
        "west":  { "uv": [ 10.5, 0, 11, 0.5 ], "texture": "#flower-pot" },
        "east":  { "uv": [ 5, 0, 5.5, 0.5 ], "texture": "#flower-pot" }
    }
},
{
    "from": [ 6.5, 7.75, 6.75 ],
    "to": [ 6.75, 8, 9.25 ],
    "faces": {
        "down":  { "uv": [ 11, 10.5, 10.5, 5.5 ], "texture": "#flower-pot" },
        "up":    { "uv": [ 5, 5.5, 5.5, 10.5 ], "texture": "#flower-pot" },
        "west":  { "uv": [ 5.5, 0, 10.5, 0.5 ], "texture": "#flower-pot" },
        "east":  { "uv": [ 5.5, 0, 10.5, 0.5 ], "texture": "#flower-pot" }
    }
},
{
    "from": [ 6.5, 7.75, 6.5 ],
    "to": [ 9.5, 8, 6.75 ],
    "faces": {
        "down":  { "uv": [ 11, 5.5, 5, 5 ], "texture": "#flower-pot" },
        "up":    { "uv": [ 5, 5, 11, 5.5 ], "texture": "#flower-pot" },
        "north": { "uv": [ 5, 0, 11, 0.5 ], "texture": "#flower-pot" },
        "south": { "uv": [ 5, 0, 11, 0.5 ], "texture": "#flower-pot" },
        "west":  { "uv": [ 5, 0, 5.5, 0.5 ], "texture": "#flower-pot" },
        "east":  { "uv": [ 10.5, 0, 11, 0.5 ], "texture": "#flower-pot" }
    }
},
{
    "from": [ 9.25, 7.75, 6.75 ],
    "to": [ 9.5, 8, 9.25 ],
    "faces": {
        "down":  { "uv": [ 5.5, 10.5, 5, 5.5 ], "texture": "#flower-pot" },
        "up":    { "uv": [ 10.5, 5.5, 11, 10.5 ], "texture": "#flower-pot" },
        "west":  { "uv": [ 5.5, 0, 10.5, 0.5 ], "texture": "#flower-pot" },
        "east":  { "uv": [ 5.5, 0, 10.5, 0.5 ], "texture": "#flower-pot" }
    }
},
{
    "from": [ 6.75, 4.25, 6.75 ],
    "to": [ 9.25, 5.25, 9.25 ],
    "faces": {
        "up":    { "uv": [ 5.5, 5.5, 10.5, 10.5 ], "texture": "#flower-pot" },
        "north": { "uv": [ 5.5, 5.5, 10.5, 7.5 ], "texture": "#flower-pot" },
        "south": { "uv": [ 5.5, 5.5, 10.5, 7.5 ], "texture": "#flower-pot" },
        "west":  { "uv": [ 5.5, 5.5, 10.5, 7.5 ], "texture": "#flower-pot" },
        "east":  { "uv": [ 5.5, 5.5, 10.5, 7.5 ], "texture": "#flower-pot" }
    }
},
{
    "from": [ 6.5, 3.5, 6.5 ],
    "to": [ 9.5, 4.25, 9.5 ],
    "faces": {
        "up":    { "uv": [ 5, 5, 11, 11 ], "texture": "#flower-pot" },
        "north": { "uv": [ 5, 7.5, 11, 9 ], "texture": "#flower-pot" },
        "south": { "uv": [ 5, 7.5, 11, 9 ], "texture": "#flower-pot" },
        "west":  { "uv": [ 5, 7.5, 11, 9 ], "texture": "#flower-pot" },
        "east":  { "uv": [ 5, 7.5, 11, 9 ], "texture": "#flower-pot" }
    }
},
{
    "from": [ 6, 2.5, 6 ],
    "to": [ 10, 3, 10 ],
    "faces": {
        "up":    { "uv": [ 4, 4, 12, 12 ], "texture": "#flower-pot" },
        "north": { "uv": [ 4, 10, 12, 11 ], "texture": "#flower-pot" },
        "south": { "uv": [ 4, 10, 12, 11 ], "texture": "#flower-pot" },
        "west":  { "uv": [ 4, 10, 12, 11 ], "texture": "#flower-pot" },
        "east":  { "uv": [ 4, 10, 12, 11 ], "texture": "#flower-pot" }
    }
},
{
    "from": [ 6.25, 0.5, 6.25 ],
    "to": [ 9.75, 0.75, 9.75 ],
    "faces": {
        "down":  { "uv": [ 11.5, 11.5, 4.5, 4.5 ], "texture": "#flower-pot" },
        "north": { "uv": [ 4.5, 14.5, 11.5, 15 ], "texture": "#flower-pot" },
        "south": { "uv": [ 4.5, 14.5, 11.5, 15 ], "texture": "#flower-pot" },
        "west":  { "uv": [ 4.5, 14.5, 11.5, 15 ], "texture": "#flower-pot" },
        "east":  { "uv": [ 4.5, 14.5, 11.5, 15 ], "texture": "#flower-pot" }
    }
},
{
    "from": [ 0.72, 7.51, 0.72 ],
    "to": [ 0.785, 27.27, 21.52 ],
    "rotation": { "origin": [ 0.72, 7.51, 0.72 ], "axis": "y", "angle": 45 },
    "faces": {
        "west":  { "uv": [ 0, 0, 16, 16 ], "texture": "#particle" },
        "east":  { "uv": [ 0, 0, 16, 16 ], "texture": "#particle" }
    }
},
{
    "from": [ 0.72, 7.51, 15.28 ],
    "to": [ 21.52, 27.27, 15.345 ],
    "rotation": { "origin": [ 0.72, 7.51, 15.28 ], "axis": "y", "angle": 45 },
    "faces": {
        "north": { "uv": [ 0, 0, 16, 16 ], "texture": "#particle" },
        "south": { "uv": [ 0, 0, 16, 16 ], "texture": "#particle" }
    }
},
{
    "from": [ 7, 7.5625, 7.03125 ],
    "to": [ 9, 7.625, 9.03125 ],
    "faces": {
        "up":    { "uv": [ 6, 6.0625, 10, 10.0625 ], "texture": "#flower-pot-in" }
    }
}
]
}