{
"__comment": "Designed by Tachibana",
"textures": {
    "particle": "block/3d/flower4",
    "texture": "block/3d/bois_noir",
    "water": "block/water_flow"
},
"elements": [ 
{
    "from": [ -4, 5, 19.9463 ],
    "to": [ 29.6, 29, 20.0213 ],
    "rotation": { "origin": [ -4, 5, 19.9463 ], "axis": "y", "angle": 45 },
    "faces": {
        "north": { "uv": [ 0, 0, 16, 16 ], "texture": "#particle" },
        "south": { "uv": [ 0, 0, 16, 16 ], "texture": "#particle" }
    }
},
{
    "from": [ -4, 5, -3.8125 ],
    "to": [ 29.6, 29, -3.7375 ],
    "rotation": { "origin": [ -4, 5, -3.8125 ], "axis": "y", "angle": -45 },
    "faces": {
        "north": { "uv": [ 0, 0, 16, 16 ], "texture": "#particle" },
        "south": { "uv": [ 0, 0, 16, 16 ], "texture": "#particle" }
    }
},
{
    "from": [ 6, 0, 7 ],
    "to": [ 10, 0.5, 9 ],
    "faces": {
        "north": { "uv": [ 6, 15.5, 10, 16 ], "texture": "#texture" },
        "south": { "uv": [ 6, 15.5, 10, 16 ], "texture": "#texture" },
        "west":  { "uv": [ 7, 15.5, 9, 16 ], "texture": "#texture" },
        "east":  { "uv": [ 7, 15.5, 9, 16 ], "texture": "#texture" }
    }
},
{
    "from": [ 7, 0, 6 ],
    "to": [ 9, 0.5, 10 ],
    "faces": {
        "north": { "uv": [ 7, 15.5, 9, 16 ], "texture": "#texture" },
        "south": { "uv": [ 7, 15.5, 9, 16 ], "texture": "#texture" },
        "west":  { "uv": [ 6, 15.5, 10, 16 ], "texture": "#texture" },
        "east":  { "uv": [ 6, 15.5, 10, 16 ], "texture": "#texture" }
    }
},
{
    "from": [ 6.5, 0, 6.5 ],
    "to": [ 9.5, 0.5, 9.5 ],
    "faces": {
        "north": { "uv": [ 6.5, 15.5, 9.5, 16 ], "texture": "#texture" },
        "south": { "uv": [ 6.5, 15.5, 9.5, 16 ], "texture": "#texture" },
        "west":  { "uv": [ 6.5, 15.5, 9.5, 16 ], "texture": "#texture" },
        "east":  { "uv": [ 6.5, 15.5, 9.5, 16 ], "texture": "#texture" }
    }
},
{
    "from": [ 6, 0.5, 6 ],
    "to": [ 10, 1, 10 ],
    "faces": {
        "down":  { "uv": [ 10, 10, 6, 6 ], "texture": "#texture" },
        "north": { "uv": [ 6, 15, 10, 15.5 ], "texture": "#texture" },
        "south": { "uv": [ 6, 15, 10, 15.5 ], "texture": "#texture" },
        "west":  { "uv": [ 6, 15, 10, 15.5 ], "texture": "#texture" },
        "east":  { "uv": [ 6, 15, 10, 15.5 ], "texture": "#texture" }
    }
},
{
    "from": [ 5.5, 0.5, 6.5 ],
    "to": [ 10.5, 1, 9.5 ],
    "faces": {
        "down":  { "uv": [ 10.5, 9.5, 5.5, 6.5 ], "texture": "#texture" },
        "north": { "uv": [ 5.5, 15, 10.5, 15.5 ], "texture": "#texture" },
        "south": { "uv": [ 5.5, 15, 10.5, 15.5 ], "texture": "#texture" },
        "west":  { "uv": [ 6.5, 15, 9.5, 15.5 ], "texture": "#texture" },
        "east":  { "uv": [ 6.5, 15, 9.5, 15.5 ], "texture": "#texture" }
    }
},
{
    "from": [ 6.5, 0.5, 5.5 ],
    "to": [ 9.5, 1, 10.5 ],
    "faces": {
        "down":  { "uv": [ 9.5, 10.5, 6.5, 5.5 ], "texture": "#texture" },
        "north": { "uv": [ 6.5, 15, 9.5, 15.5 ], "texture": "#texture" },
        "south": { "uv": [ 6.5, 15, 9.5, 15.5 ], "texture": "#texture" },
        "west":  { "uv": [ 5.5, 15, 10.5, 15.5 ], "texture": "#texture" },
        "east":  { "uv": [ 5.5, 15, 10.5, 15.5 ], "texture": "#texture" }
    }
},
{
    "from": [ 5, 1, 6.5 ],
    "to": [ 11, 2, 9.5 ],
    "faces": {
        "down":  { "uv": [ 11, 9.5, 5, 6.5 ], "texture": "#texture" },
        "north": { "uv": [ 5, 14, 11, 15 ], "texture": "#texture" },
        "south": { "uv": [ 5, 14, 11, 15 ], "texture": "#texture" },
        "west":  { "uv": [ 6.5, 14, 9.5, 15 ], "texture": "#texture" },
        "east":  { "uv": [ 6.5, 14, 9.5, 15 ], "texture": "#texture" }
    }
},
{
    "from": [ 5.5, 1, 6 ],
    "to": [ 10.5, 2, 10 ],
    "faces": {
        "down":  { "uv": [ 10.5, 10, 5.5, 6 ], "texture": "#texture" },
        "north": { "uv": [ 5.5, 14, 10.5, 15 ], "texture": "#texture" },
        "south": { "uv": [ 5.5, 14, 10.5, 15 ], "texture": "#texture" },
        "west":  { "uv": [ 6, 14, 10, 15 ], "texture": "#texture" },
        "east":  { "uv": [ 6, 14, 10, 15 ], "texture": "#texture" }
    }
},
{
    "from": [ 6, 1, 5.5 ],
    "to": [ 10, 2, 10.5 ],
    "faces": {
        "down":  { "uv": [ 10, 10.5, 6, 5.5 ], "texture": "#texture" },
        "north": { "uv": [ 6, 14, 10, 15 ], "texture": "#texture" },
        "south": { "uv": [ 6, 14, 10, 15 ], "texture": "#texture" },
        "west":  { "uv": [ 5.5, 14, 10.5, 15 ], "texture": "#texture" },
        "east":  { "uv": [ 5.5, 14, 10.5, 15 ], "texture": "#texture" }
    }
},
{
    "from": [ 6.5, 1, 5 ],
    "to": [ 9.5, 2, 11 ],
    "faces": {
        "down":  { "uv": [ 9.5, 11, 6.5, 5 ], "texture": "#texture" },
        "north": { "uv": [ 6.5, 14, 9.5, 15 ], "texture": "#texture" },
        "south": { "uv": [ 6.5, 14, 9.5, 15 ], "texture": "#texture" },
        "west":  { "uv": [ 5, 14, 11, 15 ], "texture": "#texture" },
        "east":  { "uv": [ 5, 14, 11, 15 ], "texture": "#texture" }
    }
},
{
    "from": [ 4.5, 2, 6.5 ],
    "to": [ 11.5, 4, 9.5 ],
    "faces": {
        "down":  { "uv": [ 11.5, 9.5, 4.5, 6.5 ], "texture": "#texture" },
        "up":    { "uv": [ 4.5, 6.5, 11.5, 9.5 ], "texture": "#texture" },
        "north": { "uv": [ 4.5, 12, 11.5, 14 ], "texture": "#texture" },
        "south": { "uv": [ 4.5, 12, 11.5, 14 ], "texture": "#texture" },
        "west":  { "uv": [ 6.5, 12, 9.5, 14 ], "texture": "#texture" },
        "east":  { "uv": [ 6.5, 12, 9.5, 14 ], "texture": "#texture" }
    }
},
{
    "from": [ 5, 2, 5.5 ],
    "to": [ 11, 4, 10.5 ],
    "faces": {
        "down":  { "uv": [ 11, 10.5, 5, 5.5 ], "texture": "#texture" },
        "up":    { "uv": [ 5, 5.5, 11, 10.5 ], "texture": "#texture" },
        "north": { "uv": [ 5, 12, 11, 14 ], "texture": "#texture" },
        "south": { "uv": [ 5, 12, 11, 14 ], "texture": "#texture" },
        "west":  { "uv": [ 5.5, 12, 10.5, 14 ], "texture": "#texture" },
        "east":  { "uv": [ 5.5, 12, 10.5, 14 ], "texture": "#texture" }
    }
},
{
    "from": [ 5.5, 2, 5 ],
    "to": [ 10.5, 4, 11 ],
    "faces": {
        "down":  { "uv": [ 10.5, 11, 5.5, 5 ], "texture": "#texture" },
        "up":    { "uv": [ 5.5, 5, 10.5, 11 ], "texture": "#texture" },
        "north": { "uv": [ 5.5, 12, 10.5, 14 ], "texture": "#texture" },
        "south": { "uv": [ 5.5, 12, 10.5, 14 ], "texture": "#texture" },
        "west":  { "uv": [ 5, 12, 11, 14 ], "texture": "#texture" },
        "east":  { "uv": [ 5, 12, 11, 14 ], "texture": "#texture" }
    }
},
{
    "from": [ 6.5, 2, 4.5 ],
    "to": [ 9.5, 4, 11.5 ],
    "faces": {
        "down":  { "uv": [ 9.5, 11.5, 6.5, 4.5 ], "texture": "#texture" },
        "up":    { "uv": [ 6.5, 4.5, 9.5, 11.5 ], "texture": "#texture" },
        "north": { "uv": [ 6.5, 12, 9.5, 14 ], "texture": "#texture" },
        "south": { "uv": [ 6.5, 12, 9.5, 14 ], "texture": "#texture" },
        "west":  { "uv": [ 4.5, 12, 11.5, 14 ], "texture": "#texture" },
        "east":  { "uv": [ 4.5, 12, 11.5, 14 ], "texture": "#texture" }
    }
},
{
    "from": [ 5, 4, 6.5 ],
    "to": [ 11, 4.5, 9.5 ],
    "faces": {
        "up":    { "uv": [ 5, 6.5, 11, 9.5 ], "texture": "#texture" },
        "north": { "uv": [ 5, 11.5, 11, 12 ], "texture": "#texture" },
        "south": { "uv": [ 5, 11.5, 11, 12 ], "texture": "#texture" },
        "west":  { "uv": [ 6.5, 11.5, 9.5, 12 ], "texture": "#texture" },
        "east":  { "uv": [ 6.5, 11.5, 9.5, 12 ], "texture": "#texture" }
    }
},
{
    "from": [ 6.5, 4, 5 ],
    "to": [ 9.5, 4.5, 11 ],
    "faces": {
        "up":    { "uv": [ 6.5, 5, 9.5, 11 ], "texture": "#texture" },
        "north": { "uv": [ 6.5, 11.5, 9.5, 12 ], "texture": "#texture" },
        "south": { "uv": [ 6.5, 11.5, 9.5, 12 ], "texture": "#texture" },
        "west":  { "uv": [ 5, 11.5, 11, 12 ], "texture": "#texture" },
        "east":  { "uv": [ 5, 11.5, 11, 12 ], "texture": "#texture" }
    }
},
{
    "from": [ 5.5, 4, 5.5 ],
    "to": [ 10.5, 4.5, 10.5 ],
    "faces": {
        "up":    { "uv": [ 5.5, 5.5, 10.5, 10.5 ], "texture": "#texture" },
        "north": { "uv": [ 5.5, 11.5, 10.5, 12 ], "texture": "#texture" },
        "south": { "uv": [ 5.5, 11.5, 10.5, 12 ], "texture": "#texture" },
        "west":  { "uv": [ 5.5, 11.5, 10.5, 12 ], "texture": "#texture" },
        "east":  { "uv": [ 5.5, 11.5, 10.5, 12 ], "texture": "#texture" }
    }
},
{
    "from": [ 5.5, 4.5, 7 ],
    "to": [ 10.5, 5, 9 ],
    "faces": {
        "up":    { "uv": [ 5.5, 7, 10.5, 9 ], "texture": "#texture" },
        "north": { "uv": [ 5.5, 11, 10.5, 11.5 ], "texture": "#texture" },
        "south": { "uv": [ 5.5, 11, 10.5, 11.5 ], "texture": "#texture" },
        "west":  { "uv": [ 7, 11, 9, 11.5 ], "texture": "#texture" },
        "east":  { "uv": [ 7, 11, 9, 11.5 ], "texture": "#texture" }
    }
},
{
    "from": [ 7, 4.5, 5.5 ],
    "to": [ 9, 5, 10.5 ],
    "faces": {
        "up":    { "uv": [ 7, 5.5, 9, 10.5 ], "texture": "#texture" },
        "north": { "uv": [ 7, 11, 9, 11.5 ], "texture": "#texture" },
        "south": { "uv": [ 7, 11, 9, 11.5 ], "texture": "#texture" },
        "west":  { "uv": [ 5.5, 11, 10.5, 11.5 ], "texture": "#texture" },
        "east":  { "uv": [ 5.5, 11, 10.5, 11.5 ], "texture": "#texture" }
    }
},
{
    "from": [ 6, 4.5, 6 ],
    "to": [ 10, 5, 10 ],
    "faces": {
        "up":    { "uv": [ 6, 6, 10, 10 ], "texture": "#texture" },
        "north": { "uv": [ 6, 11, 10, 11.5 ], "texture": "#texture" },
        "south": { "uv": [ 6, 11, 10, 11.5 ], "texture": "#texture" },
        "west":  { "uv": [ 6, 11, 10, 11.5 ], "texture": "#texture" },
        "east":  { "uv": [ 6, 11, 10, 11.5 ], "texture": "#texture" }
    }
},
{
    "from": [ 6, 5, 7 ],
    "to": [ 6.5, 5.5, 9 ],
    "faces": {
        "up":    { "uv": [ 6, 7, 6.5, 9 ], "texture": "#texture" },
        "north": { "uv": [ 9.5, 10.5, 10, 11 ], "texture": "#texture" },
        "south": { "uv": [ 6, 10.5, 6.5, 11 ], "texture": "#texture" },
        "west":  { "uv": [ 7, 10.5, 9, 11 ], "texture": "#texture" },
        "east":  { "uv": [ 7, 10.5, 9, 11 ], "texture": "#texture" }
    }
},
{
    "from": [ 6.5, 5, 6.5 ],
    "to": [ 7, 5.5, 7 ],
    "faces": {
        "up":    { "uv": [ 6.5, 6.5, 7, 7 ], "texture": "#texture" },
        "north": { "uv": [ 9, 10.5, 9.5, 11 ], "texture": "#texture" },
        "south": { "uv": [ 6.5, 10.5, 7, 11 ], "texture": "#texture" },
        "west":  { "uv": [ 6.5, 10.5, 7, 11 ], "texture": "#texture" },
        "east":  { "uv": [ 9, 10.5, 9.5, 11 ], "texture": "#texture" }
    }
},
{
    "from": [ 7, 5, 6 ],
    "to": [ 9, 5.5, 6.5 ],
    "faces": {
        "up":    { "uv": [ 6, 7, 6.5, 9 ], "rotation": 90, "texture": "#texture" },
        "north": { "uv": [ 7, 10.5, 9, 11 ], "texture": "#texture" },
        "south": { "uv": [ 7, 10.5, 9, 11 ], "texture": "#texture" },
        "west":  { "uv": [ 6, 10.5, 6.5, 11 ], "texture": "#texture" },
        "east":  { "uv": [ 9.5, 10.5, 10, 11 ], "texture": "#texture" }
    }
},
{
    "from": [ 9, 5, 6.5 ],
    "to": [ 9.5, 5.5, 7 ],
    "faces": {
        "up":    { "uv": [ 6.5, 6.5, 7, 7 ], "rotation": 90, "texture": "#texture" },
        "north": { "uv": [ 6.5, 10.5, 7, 11 ], "texture": "#texture" },
        "south": { "uv": [ 9, 10.5, 9.5, 11 ], "texture": "#texture" },
        "west":  { "uv": [ 6.5, 10.5, 7, 11 ], "texture": "#texture" },
        "east":  { "uv": [ 9, 10.5, 9.5, 11 ], "texture": "#texture" }
    }
},
{
    "from": [ 9.5, 5, 7 ],
    "to": [ 10, 5.5, 9 ],
    "faces": {
        "up":    { "uv": [ 6, 7, 6.5, 9 ], "rotation": 180, "texture": "#texture" },
        "north": { "uv": [ 6, 10.5, 6.5, 11 ], "texture": "#texture" },
        "south": { "uv": [ 9.5, 10.5, 10, 11 ], "texture": "#texture" },
        "west":  { "uv": [ 7, 10.5, 9, 11 ], "texture": "#texture" },
        "east":  { "uv": [ 7, 10.5, 9, 11 ], "texture": "#texture" }
    }
},
{
    "from": [ 9, 5, 9 ],
    "to": [ 9.5, 5.5, 9.5 ],
    "faces": {
        "up":    { "uv": [ 6.5, 6.5, 7, 7 ], "rotation": 180, "texture": "#texture" },
        "north": { "uv": [ 6.5, 10.5, 7, 11 ], "texture": "#texture" },
        "south": { "uv": [ 9, 10.5, 9.5, 11 ], "texture": "#texture" },
        "west":  { "uv": [ 9, 10.5, 9.5, 11 ], "texture": "#texture" },
        "east":  { "uv": [ 6.5, 10.5, 7, 11 ], "texture": "#texture" }
    }
},
{
    "from": [ 7, 5, 9.5 ],
    "to": [ 9, 5.5, 10 ],
    "faces": {
        "up":    { "uv": [ 6, 7, 6.5, 9 ], "rotation": 270, "texture": "#texture" },
        "north": { "uv": [ 7, 10.5, 9, 11 ], "texture": "#texture" },
        "south": { "uv": [ 7, 10.5, 9, 11 ], "texture": "#texture" },
        "west":  { "uv": [ 9.5, 10.5, 10, 11 ], "texture": "#texture" },
        "east":  { "uv": [ 6, 10.5, 6.5, 11 ], "texture": "#texture" }
    }
},
{
    "from": [ 6.5, 5, 9 ],
    "to": [ 7, 5.5, 9.5 ],
    "faces": {
        "up":    { "uv": [ 6.5, 6.5, 7, 7 ], "rotation": 270, "texture": "#texture" },
        "north": { "uv": [ 9, 10.5, 9.5, 11 ], "texture": "#texture" },
        "south": { "uv": [ 6.5, 10.5, 7, 11 ], "texture": "#texture" },
        "west":  { "uv": [ 9, 10.5, 9.5, 11 ], "texture": "#texture" },
        "east":  { "uv": [ 6.5, 10.5, 7, 11 ], "texture": "#texture" }
    }
},
{
    "from": [ 5.5, 5.5, 6.5 ],
    "to": [ 6, 6, 9.5 ],
    "faces": {
        "down":  { "uv": [ 10.5, 9.5, 10, 6.5 ], "texture": "#texture" },
        "up":    { "uv": [ 5.5, 6.5, 6, 9.5 ], "texture": "#texture" },
        "north": { "uv": [ 10, 10, 10.5, 10.5 ], "texture": "#texture" },
        "south": { "uv": [ 5.5, 10, 6, 10.5 ], "texture": "#texture" },
        "west":  { "uv": [ 6.5, 10, 9.5, 10.5 ], "texture": "#texture" },
        "east":  { "uv": [ 6.5, 10, 9.5, 10.5 ], "texture": "#texture" }
    }
},
{
    "from": [ 6, 5.5, 6.5 ],
    "to": [ 6.5, 6, 7 ],
    "faces": {
        "down":  { "uv": [ 10, 7, 9.5, 6.5 ], "texture": "#texture" },
        "up":    { "uv": [ 6, 6.5, 6.5, 7 ], "texture": "#texture" },
        "south": { "uv": [ 6, 10, 6.5, 10.5 ], "texture": "#texture" },
        "east":  { "uv": [ 9, 10, 9.5, 10.5 ], "texture": "#texture" }
    }
},
{
    "from": [ 6, 5.5, 6 ],
    "to": [ 7, 6, 6.5 ],
    "faces": {
        "down":  { "uv": [ 10, 6.5, 9, 6 ], "texture": "#texture" },
        "up":    { "uv": [ 6, 6, 7, 6.5 ], "texture": "#texture" },
        "north": { "uv": [ 9, 10, 10, 10.5 ], "texture": "#texture" },
        "south": { "uv": [ 6, 10, 7, 10.5 ], "texture": "#texture" },
        "west":  { "uv": [ 6, 10, 6.5, 10.5 ], "texture": "#texture" },
        "east":  { "uv": [ 9.5, 10, 10, 10.5 ], "texture": "#texture" }
    }
},
{
    "from": [ 6.5, 5.5, 5.5 ],
    "to": [ 9.5, 6, 6 ],
    "faces": {
        "down":  { "uv": [ 10.5, 9.5, 10, 6.5 ], "rotation": 270, "texture": "#texture" },
        "up":    { "uv": [ 5.5, 6.5, 6, 9.5 ], "rotation": 90, "texture": "#texture" },
        "north": { "uv": [ 6.5, 10, 9.5, 10.5 ], "texture": "#texture" },
        "south": { "uv": [ 6.5, 10, 9.5, 10.5 ], "texture": "#texture" },
        "west":  { "uv": [ 5.5, 10, 6, 10.5 ], "texture": "#texture" },
        "east":  { "uv": [ 10, 10, 10.5, 10.5 ], "texture": "#texture" }
    }
},
{
    "from": [ 9, 5.5, 6 ],
    "to": [ 9.5, 6, 6.5 ],
    "faces": {
        "down":  { "uv": [ 10, 7, 9.5, 6.5 ], "rotation": 270, "texture": "#texture" },
        "up":    { "uv": [ 6, 6.5, 6.5, 7 ], "rotation": 90, "texture": "#texture" },
        "south": { "uv": [ 9, 10, 9.5, 10.5 ], "texture": "#texture" },
        "west":  { "uv": [ 6, 10, 6.5, 10.5 ], "texture": "#texture" }
    }
},
{
    "from": [ 9.5, 5.5, 6 ],
    "to": [ 10, 6, 7 ],
    "faces": {
        "down":  { "uv": [ 10, 6.5, 9, 6 ], "rotation": 270, "texture": "#texture" },
        "up":    { "uv": [ 6, 6, 7, 6.5 ], "rotation": 90, "texture": "#texture" },
        "north": { "uv": [ 6, 10, 6.5, 10.5 ], "texture": "#texture" },
        "south": { "uv": [ 9.5, 10, 10, 10.5 ], "texture": "#texture" },
        "west":  { "uv": [ 6, 10, 7, 10.5 ], "texture": "#texture" },
        "east":  { "uv": [ 9, 10, 10, 10.5 ], "texture": "#texture" }
    }
},
{
    "from": [ 10, 5.5, 6.5 ],
    "to": [ 10.5, 6, 9.5 ],
    "faces": {
        "down":  { "uv": [ 10.5, 9.5, 10, 6.5 ], "rotation": 180, "texture": "#texture" },
        "up":    { "uv": [ 5.5, 6.5, 6, 9.5 ], "rotation": 180, "texture": "#texture" },
        "north": { "uv": [ 5.5, 10, 6, 10.5 ], "texture": "#texture" },
        "south": { "uv": [ 10, 10, 10.5, 10.5 ], "texture": "#texture" },
        "west":  { "uv": [ 6.5, 10, 9.5, 10.5 ], "texture": "#texture" },
        "east":  { "uv": [ 6.5, 10, 9.5, 10.5 ], "texture": "#texture" }
    }
},
{
    "from": [ 9.5, 5.5, 9 ],
    "to": [ 10, 6, 9.5 ],
    "faces": {
        "down":  { "uv": [ 10, 7, 9.5, 6.5 ], "rotation": 180, "texture": "#texture" },
        "up":    { "uv": [ 6, 6.5, 6.5, 7 ], "rotation": 180, "texture": "#texture" },
        "north": { "uv": [ 6, 10, 6.5, 10.5 ], "texture": "#texture" },
        "west":  { "uv": [ 9, 10, 9.5, 10.5 ], "texture": "#texture" }
    }
},
{
    "from": [ 9, 5.5, 9.5 ],
    "to": [ 10, 6, 10 ],
    "faces": {
        "down":  { "uv": [ 10, 6.5, 9, 6 ], "rotation": 180, "texture": "#texture" },
        "up":    { "uv": [ 6, 6, 7, 6.5 ], "rotation": 180, "texture": "#texture" },
        "north": { "uv": [ 6, 10, 7, 10.5 ], "texture": "#texture" },
        "south": { "uv": [ 9, 10, 10, 10.5 ], "texture": "#texture" },
        "west":  { "uv": [ 9.5, 10, 10, 10.5 ], "texture": "#texture" },
        "east":  { "uv": [ 6, 10, 6.5, 10.5 ], "texture": "#texture" }
    }
},
{
    "from": [ 6.5, 5.5, 10 ],
    "to": [ 9.5, 6, 10.5 ],
    "faces": {
        "down":  { "uv": [ 10.5, 9.5, 10, 6.5 ], "rotation": 90, "texture": "#texture" },
        "up":    { "uv": [ 5.5, 6.5, 6, 9.5 ], "rotation": 270, "texture": "#texture" },
        "north": { "uv": [ 6.5, 10, 9.5, 10.5 ], "texture": "#texture" },
        "south": { "uv": [ 6.5, 10, 9.5, 10.5 ], "texture": "#texture" },
        "west":  { "uv": [ 10, 10, 10.5, 10.5 ], "texture": "#texture" },
        "east":  { "uv": [ 5.5, 10, 6, 10.5 ], "texture": "#texture" }
    }
},
{
    "from": [ 6.5, 5.5, 9.5 ],
    "to": [ 7, 6, 10 ],
    "faces": {
        "down":  { "uv": [ 10, 7, 9.5, 6.5 ], "rotation": 90, "texture": "#texture" },
        "up":    { "uv": [ 6, 6.5, 6.5, 7 ], "rotation": 270, "texture": "#texture" },
        "north": { "uv": [ 9, 10, 9.5, 10.5 ], "texture": "#texture" },
        "east":  { "uv": [ 6, 10, 6.5, 10.5 ], "texture": "#texture" }
    }
},
{
    "from": [ 6, 5.5, 9 ],
    "to": [ 6.5, 6, 10 ],
    "faces": {
        "down":  { "uv": [ 10, 6.5, 9, 6 ], "rotation": 90, "texture": "#texture" },
        "up":    { "uv": [ 6, 6, 7, 6.5 ], "rotation": 270, "texture": "#texture" },
        "north": { "uv": [ 9.5, 10, 10, 10.5 ], "texture": "#texture" },
        "south": { "uv": [ 6, 10, 6.5, 10.5 ], "texture": "#texture" },
        "west":  { "uv": [ 9, 10, 10, 10.5 ], "texture": "#texture" },
        "east":  { "uv": [ 6, 10, 7, 10.5 ], "texture": "#texture" }
    }
},
{
    "from": [ 6.5, 5.1875, 6.5 ],
    "to": [ 9.5, 5.25, 9.5 ],
    "faces": {
        "up":    { "uv": [ 6.5, 6.5, 9.5, 9.5 ], "texture": "#water" }
    }
}
]
}