{
	"credit": "ALTA Official CONTENT -- Do not use without credits !",
	"textures": {
		"5": "block/acacia_planks",
		"7": "block/3d/stone",
		"1_0": "block/3d/metal",
		"particle": "block/3d/metal"
	},
	"elements": [
		{
			"from": [6.5, 14, 1.07021],
			"to": [9.5, 16, 9.69521],
			"rotation": {"angle": -45, "axis": "z", "origin": [8, 8, 8.07021]},
			"faces": {
				"north": {"uv": [0, 0, 16, 16], "rotation": 180, "texture": "#7"},
				"east": {"uv": [0, 0, 16, 16], "rotation": 180, "texture": "#7"},
				"south": {"uv": [0, 0, 16, 16], "rotation": 180, "texture": "#7"},
				"west": {"uv": [0, 0, 16, 16], "rotation": 180, "texture": "#7"},
				"up": {"uv": [0, 0, 16, 16], "rotation": 180, "texture": "#7"},
				"down": {"uv": [0, 0, 16, 16], "rotation": 180, "texture": "#7"}
			}
		},
		{
			"from": [6.5, 14, 1.07021],
			"to": [9.5, 16, 9.69521],
			"rotation": {"angle": 0, "axis": "y", "origin": [8, 8, 8.07021]},
			"faces": {
				"north": {"uv": [0, 0, 16, 16], "rotation": 180, "texture": "#7"},
				"east": {"uv": [0, 0, 16, 16], "rotation": 180, "texture": "#7"},
				"south": {"uv": [0, 0, 16, 16], "rotation": 180, "texture": "#7"},
				"west": {"uv": [0, 0, 16, 16], "rotation": 180, "texture": "#7"},
				"up": {"uv": [0, 0, 16, 16], "rotation": 180, "texture": "#7"},
				"down": {"uv": [0, 0, 16, 16], "rotation": 180, "texture": "#7"}
			}
		},
		{
			"from": [6.5, 14, 1.07021],
			"to": [9.5, 16, 9.69521],
			"rotation": {"angle": -22.5, "axis": "z", "origin": [8, 8, 8.07021]},
			"faces": {
				"north": {"uv": [0, 0, 16, 16], "rotation": 180, "texture": "#7"},
				"east": {"uv": [0, 0, 16, 16], "rotation": 180, "texture": "#7"},
				"south": {"uv": [0, 0, 16, 16], "rotation": 180, "texture": "#7"},
				"west": {"uv": [0, 0, 16, 16], "rotation": 180, "texture": "#7"},
				"up": {"uv": [0, 0, 16, 16], "rotation": 180, "texture": "#7"},
				"down": {"uv": [0, 0, 16, 16], "rotation": 180, "texture": "#7"}
			}
		},
		{
			"from": [14, 6.5, 1.07021],
			"to": [16, 9.5, 9.69521],
			"rotation": {"angle": 22.5, "axis": "z", "origin": [8, 8, 8.07021]},
			"faces": {
				"north": {"uv": [0, 0, 16, 16], "rotation": 90, "texture": "#7"},
				"east": {"uv": [0, 0, 16, 16], "rotation": 90, "texture": "#7"},
				"south": {"uv": [0, 0, 16, 16], "rotation": 90, "texture": "#7"},
				"west": {"uv": [0, 0, 16, 16], "rotation": 90, "texture": "#7"},
				"up": {"uv": [0, 0, 16, 16], "rotation": 90, "texture": "#7"},
				"down": {"uv": [0, 0, 16, 16], "rotation": 90, "texture": "#7"}
			}
		},
		{
			"from": [6.5, 0, 1.07021],
			"to": [9.5, 2, 9.69521],
			"rotation": {"angle": 0, "axis": "y", "origin": [8, 8, 8.07021]},
			"faces": {
				"north": {"uv": [0, 0, 16, 16], "texture": "#7"},
				"east": {"uv": [0, 0, 16, 16], "texture": "#7"},
				"south": {"uv": [0, 0, 16, 16], "texture": "#7"},
				"west": {"uv": [0, 0, 16, 16], "texture": "#7"},
				"up": {"uv": [0, 0, 16, 16], "texture": "#7"},
				"down": {"uv": [0, 0, 16, 16], "texture": "#7"}
			}
		},
		{
			"from": [6.5, 0, 1.07021],
			"to": [9.5, 2, 9.69521],
			"rotation": {"angle": 22.5, "axis": "z", "origin": [8, 8, 8.07021]},
			"faces": {
				"north": {"uv": [0, 0, 16, 16], "texture": "#7"},
				"east": {"uv": [0, 0, 16, 16], "texture": "#7"},
				"south": {"uv": [0, 0, 16, 16], "texture": "#7"},
				"west": {"uv": [0, 0, 16, 16], "texture": "#7"},
				"up": {"uv": [0, 0, 16, 16], "texture": "#7"},
				"down": {"uv": [0, 0, 16, 16], "texture": "#7"}
			}
		},
		{
			"from": [14, 6.5, 1.07021],
			"to": [16, 9.5, 9.69521],
			"rotation": {"angle": -22.5, "axis": "z", "origin": [8, 8, 8.07021]},
			"faces": {
				"north": {"uv": [0, 0, 16, 16], "rotation": 90, "texture": "#7"},
				"east": {"uv": [0, 0, 16, 16], "rotation": 90, "texture": "#7"},
				"south": {"uv": [0, 0, 16, 16], "rotation": 90, "texture": "#7"},
				"west": {"uv": [0, 0, 16, 16], "rotation": 90, "texture": "#7"},
				"up": {"uv": [0, 0, 16, 16], "rotation": 90, "texture": "#7"},
				"down": {"uv": [0, 0, 16, 16], "rotation": 90, "texture": "#7"}
			}
		},
		{
			"from": [14, 6.5, 1.07021],
			"to": [16, 9.5, 9.69521],
			"rotation": {"angle": -45, "axis": "z", "origin": [8, 8, 8.07021]},
			"faces": {
				"north": {"uv": [0, 0, 16, 16], "rotation": 90, "texture": "#7"},
				"east": {"uv": [0, 0, 16, 16], "rotation": 90, "texture": "#7"},
				"south": {"uv": [0, 0, 16, 16], "rotation": 90, "texture": "#7"},
				"west": {"uv": [0, 0, 16, 16], "rotation": 90, "texture": "#7"},
				"up": {"uv": [0, 0, 16, 16], "rotation": 90, "texture": "#7"},
				"down": {"uv": [0, 0, 16, 16], "rotation": 90, "texture": "#7"}
			}
		},
		{
			"from": [14, 6.5, 1.07021],
			"to": [16, 9.5, 9.69521],
			"rotation": {"angle": 0, "axis": "y", "origin": [8, 8, 8.07021]},
			"faces": {
				"north": {"uv": [0, 0, 16, 16], "rotation": 90, "texture": "#7"},
				"east": {"uv": [0, 0, 16, 16], "rotation": 90, "texture": "#7"},
				"south": {"uv": [0, 0, 16, 16], "rotation": 90, "texture": "#7"},
				"west": {"uv": [0, 0, 16, 16], "rotation": 90, "texture": "#7"},
				"up": {"uv": [0, 0, 16, 16], "rotation": 90, "texture": "#7"},
				"down": {"uv": [0, 0, 16, 16], "rotation": 90, "texture": "#7"}
			}
		},
		{
			"from": [6.5, 0, 1.07021],
			"to": [9.5, 2, 9.69521],
			"rotation": {"angle": -45, "axis": "z", "origin": [8, 8, 8.07021]},
			"faces": {
				"north": {"uv": [0, 0, 16, 16], "texture": "#7"},
				"east": {"uv": [0, 0, 16, 16], "texture": "#7"},
				"south": {"uv": [0, 0, 16, 16], "texture": "#7"},
				"west": {"uv": [0, 0, 16, 16], "texture": "#7"},
				"up": {"uv": [0, 0, 16, 16], "texture": "#7"},
				"down": {"uv": [0, 0, 16, 16], "texture": "#7"}
			}
		},
		{
			"from": [6.5, 0, 1.07021],
			"to": [9.5, 2, 9.69521],
			"rotation": {"angle": -22.5, "axis": "z", "origin": [8, 8, 8.07021]},
			"faces": {
				"north": {"uv": [0, 0, 16, 16], "texture": "#7"},
				"east": {"uv": [0, 0, 16, 16], "texture": "#7"},
				"south": {"uv": [0, 0, 16, 16], "texture": "#7"},
				"west": {"uv": [0, 0, 16, 16], "texture": "#7"},
				"up": {"uv": [0, 0, 16, 16], "texture": "#7"},
				"down": {"uv": [0, 0, 16, 16], "texture": "#7"}
			}
		},
		{
			"from": [0, 6.5, 1.07021],
			"to": [2, 9.5, 9.69521],
			"rotation": {"angle": 22.5, "axis": "z", "origin": [8, 8, 8.07021]},
			"faces": {
				"north": {"uv": [0, 0, 16, 16], "rotation": 270, "texture": "#7"},
				"east": {"uv": [0, 0, 16, 16], "rotation": 270, "texture": "#7"},
				"south": {"uv": [0, 0, 16, 16], "rotation": 270, "texture": "#7"},
				"west": {"uv": [0, 0, 16, 16], "rotation": 270, "texture": "#7"},
				"up": {"uv": [0, 0, 16, 16], "rotation": 270, "texture": "#7"},
				"down": {"uv": [0, 0, 16, 16], "rotation": 270, "texture": "#7"}
			}
		},
		{
			"from": [6.5, 14, 1.07021],
			"to": [9.5, 16, 9.69521],
			"rotation": {"angle": 22.5, "axis": "z", "origin": [8, 8, 8.07021]},
			"faces": {
				"north": {"uv": [0, 0, 16, 16], "rotation": 180, "texture": "#7"},
				"east": {"uv": [0, 0, 16, 16], "rotation": 180, "texture": "#7"},
				"south": {"uv": [0, 0, 16, 16], "rotation": 180, "texture": "#7"},
				"west": {"uv": [0, 0, 16, 16], "rotation": 180, "texture": "#7"},
				"up": {"uv": [0, 0, 16, 16], "rotation": 180, "texture": "#7"},
				"down": {"uv": [0, 0, 16, 16], "rotation": 180, "texture": "#7"}
			}
		},
		{
			"from": [0, 6.5, 1.07021],
			"to": [2, 9.5, 9.69521],
			"rotation": {"angle": -22.5, "axis": "z", "origin": [8, 8, 8.07021]},
			"faces": {
				"north": {"uv": [0, 0, 16, 16], "rotation": 270, "texture": "#7"},
				"east": {"uv": [0, 0, 16, 16], "rotation": 270, "texture": "#7"},
				"south": {"uv": [0, 0, 16, 16], "rotation": 270, "texture": "#7"},
				"west": {"uv": [0, 0, 16, 16], "rotation": 270, "texture": "#7"},
				"up": {"uv": [0, 0, 16, 16], "rotation": 270, "texture": "#7"},
				"down": {"uv": [0, 0, 16, 16], "rotation": 270, "texture": "#7"}
			}
		},
		{
			"from": [6.5, 14, 1.07021],
			"to": [9.5, 16, 9.69521],
			"rotation": {"angle": 45, "axis": "z", "origin": [8, 8, 8.07021]},
			"faces": {
				"north": {"uv": [0, 0, 16, 16], "rotation": 180, "texture": "#7"},
				"east": {"uv": [0, 0, 16, 16], "rotation": 180, "texture": "#7"},
				"south": {"uv": [0, 0, 16, 16], "rotation": 180, "texture": "#7"},
				"west": {"uv": [0, 0, 16, 16], "rotation": 180, "texture": "#7"},
				"up": {"uv": [0, 0, 16, 16], "rotation": 180, "texture": "#7"},
				"down": {"uv": [0, 0, 16, 16], "rotation": 180, "texture": "#7"}
			}
		},
		{
			"from": [0, 6.5, 1.07021],
			"to": [2, 9.5, 9.69521],
			"rotation": {"angle": 0, "axis": "y", "origin": [8, 8, 8.07021]},
			"faces": {
				"north": {"uv": [0, 0, 16, 16], "rotation": 270, "texture": "#7"},
				"east": {"uv": [0, 0, 16, 16], "rotation": 270, "texture": "#7"},
				"south": {"uv": [0, 0, 16, 16], "rotation": 270, "texture": "#7"},
				"west": {"uv": [0, 0, 16, 16], "rotation": 270, "texture": "#7"},
				"up": {"uv": [0, 0, 16, 16], "rotation": 270, "texture": "#7"},
				"down": {"uv": [0, 0, 16, 16], "rotation": 270, "texture": "#7"}
			}
		},
		{
			"from": [8.67, 0.028, 1.07021],
			"to": [9.67, 1.028, 9.69521],
			"rotation": {"angle": -22.5, "axis": "z", "origin": [8, 8, 8.07021]},
			"faces": {
				"north": {"uv": [0, 0, 16, 16], "texture": "#7"},
				"east": {"uv": [0, 0, 16, 16], "texture": "#7"},
				"south": {"uv": [0, 0, 16, 16], "texture": "#7"},
				"west": {"uv": [0, 0, 16, 16], "texture": "#7"},
				"up": {"uv": [0, 0, 16, 16], "texture": "#7"},
				"down": {"uv": [0, 0, 16, 16], "texture": "#7"}
			}
		},
		{
			"from": [0.028, 6.33, 1.07021],
			"to": [1.028, 7.33, 9.69521],
			"rotation": {"angle": 0, "axis": "y", "origin": [8, 8, 8.07021]},
			"faces": {
				"north": {"uv": [0, 0, 16, 16], "rotation": 270, "texture": "#7"},
				"east": {"uv": [0, 0, 16, 16], "rotation": 270, "texture": "#7"},
				"south": {"uv": [0, 0, 16, 16], "rotation": 270, "texture": "#7"},
				"west": {"uv": [0, 0, 16, 16], "rotation": 270, "texture": "#7"},
				"up": {"uv": [0, 0, 16, 16], "rotation": 270, "texture": "#7"},
				"down": {"uv": [0, 0, 16, 16], "rotation": 270, "texture": "#7"}
			}
		},
		{
			"from": [0.028, 6.33, 1.07021],
			"to": [1.028, 7.33, 9.69521],
			"rotation": {"angle": 22.5, "axis": "z", "origin": [8, 8, 8.07021]},
			"faces": {
				"north": {"uv": [0, 0, 16, 16], "rotation": 270, "texture": "#7"},
				"east": {"uv": [0, 0, 16, 16], "rotation": 270, "texture": "#7"},
				"south": {"uv": [0, 0, 16, 16], "rotation": 270, "texture": "#7"},
				"west": {"uv": [0, 0, 16, 16], "rotation": 270, "texture": "#7"},
				"up": {"uv": [0, 0, 16, 16], "rotation": 270, "texture": "#7"},
				"down": {"uv": [0, 0, 16, 16], "rotation": 270, "texture": "#7"}
			}
		},
		{
			"from": [0.028, 6.33, 1.07021],
			"to": [1.028, 7.33, 9.69521],
			"rotation": {"angle": -45, "axis": "z", "origin": [8, 8, 8.07021]},
			"faces": {
				"north": {"uv": [0, 0, 16, 16], "rotation": 270, "texture": "#7"},
				"east": {"uv": [0, 0, 16, 16], "rotation": 270, "texture": "#7"},
				"south": {"uv": [0, 0, 16, 16], "rotation": 270, "texture": "#7"},
				"west": {"uv": [0, 0, 16, 16], "rotation": 270, "texture": "#7"},
				"up": {"uv": [0, 0, 16, 16], "rotation": 270, "texture": "#7"},
				"down": {"uv": [0, 0, 16, 16], "rotation": 270, "texture": "#7"}
			}
		},
		{
			"from": [6.33, 14.972, 1.07021],
			"to": [7.33, 15.972, 9.69521],
			"rotation": {"angle": 22.5, "axis": "z", "origin": [8, 8, 8.07021]},
			"faces": {
				"north": {"uv": [0, 0, 16, 16], "rotation": 180, "texture": "#7"},
				"east": {"uv": [0, 0, 16, 16], "rotation": 180, "texture": "#7"},
				"south": {"uv": [0, 0, 16, 16], "rotation": 180, "texture": "#7"},
				"west": {"uv": [0, 0, 16, 16], "rotation": 180, "texture": "#7"},
				"up": {"uv": [0, 0, 16, 16], "rotation": 180, "texture": "#7"},
				"down": {"uv": [0, 0, 16, 16], "rotation": 180, "texture": "#7"}
			}
		},
		{
			"from": [6.33, 14.972, 1.07021],
			"to": [7.33, 15.972, 9.69521],
			"rotation": {"angle": 0, "axis": "y", "origin": [8, 8, 8.07021]},
			"faces": {
				"north": {"uv": [0, 0, 16, 16], "rotation": 180, "texture": "#7"},
				"east": {"uv": [0, 0, 16, 16], "rotation": 180, "texture": "#7"},
				"south": {"uv": [0, 0, 16, 16], "rotation": 180, "texture": "#7"},
				"west": {"uv": [0, 0, 16, 16], "rotation": 180, "texture": "#7"},
				"up": {"uv": [0, 0, 16, 16], "rotation": 180, "texture": "#7"},
				"down": {"uv": [0, 0, 16, 16], "rotation": 180, "texture": "#7"}
			}
		},
		{
			"from": [0.028, 6.33, 1.07021],
			"to": [1.028, 7.33, 9.69521],
			"rotation": {"angle": -22.5, "axis": "z", "origin": [8, 8, 8.07021]},
			"faces": {
				"north": {"uv": [0, 0, 16, 16], "rotation": 270, "texture": "#7"},
				"east": {"uv": [0, 0, 16, 16], "rotation": 270, "texture": "#7"},
				"south": {"uv": [0, 0, 16, 16], "rotation": 270, "texture": "#7"},
				"west": {"uv": [0, 0, 16, 16], "rotation": 270, "texture": "#7"},
				"up": {"uv": [0, 0, 16, 16], "rotation": 270, "texture": "#7"},
				"down": {"uv": [0, 0, 16, 16], "rotation": 270, "texture": "#7"}
			}
		},
		{
			"from": [6.33, 14.972, 1.07021],
			"to": [7.33, 15.972, 9.69521],
			"rotation": {"angle": -22.5, "axis": "z", "origin": [8, 8, 8.07021]},
			"faces": {
				"north": {"uv": [0, 0, 16, 16], "rotation": 180, "texture": "#7"},
				"east": {"uv": [0, 0, 16, 16], "rotation": 180, "texture": "#7"},
				"south": {"uv": [0, 0, 16, 16], "rotation": 180, "texture": "#7"},
				"west": {"uv": [0, 0, 16, 16], "rotation": 180, "texture": "#7"},
				"up": {"uv": [0, 0, 16, 16], "rotation": 180, "texture": "#7"},
				"down": {"uv": [0, 0, 16, 16], "rotation": 180, "texture": "#7"}
			}
		},
		{
			"from": [6.33, 14.972, 1.07021],
			"to": [7.33, 15.972, 9.69521],
			"rotation": {"angle": -45, "axis": "z", "origin": [8, 8, 8.07021]},
			"faces": {
				"north": {"uv": [0, 0, 16, 16], "rotation": 180, "texture": "#7"},
				"east": {"uv": [0, 0, 16, 16], "rotation": 180, "texture": "#7"},
				"south": {"uv": [0, 0, 16, 16], "rotation": 180, "texture": "#7"},
				"west": {"uv": [0, 0, 16, 16], "rotation": 180, "texture": "#7"},
				"up": {"uv": [0, 0, 16, 16], "rotation": 180, "texture": "#7"},
				"down": {"uv": [0, 0, 16, 16], "rotation": 180, "texture": "#7"}
			}
		},
		{
			"from": [14.972, 8.67, 1.07021],
			"to": [15.972, 9.67, 9.69521],
			"rotation": {"angle": 22.5, "axis": "z", "origin": [8, 8, 8.07021]},
			"faces": {
				"north": {"uv": [0, 0, 16, 16], "rotation": 90, "texture": "#7"},
				"east": {"uv": [0, 0, 16, 16], "rotation": 90, "texture": "#7"},
				"south": {"uv": [0, 0, 16, 16], "rotation": 90, "texture": "#7"},
				"west": {"uv": [0, 0, 16, 16], "rotation": 90, "texture": "#7"},
				"up": {"uv": [0, 0, 16, 16], "rotation": 90, "texture": "#7"},
				"down": {"uv": [0, 0, 16, 16], "rotation": 90, "texture": "#7"}
			}
		},
		{
			"from": [14.972, 8.67, 1.07021],
			"to": [15.972, 9.67, 9.69521],
			"rotation": {"angle": 0, "axis": "y", "origin": [8, 8, 8.07021]},
			"faces": {
				"north": {"uv": [0, 0, 16, 16], "rotation": 90, "texture": "#7"},
				"east": {"uv": [0, 0, 16, 16], "rotation": 90, "texture": "#7"},
				"south": {"uv": [0, 0, 16, 16], "rotation": 90, "texture": "#7"},
				"west": {"uv": [0, 0, 16, 16], "rotation": 90, "texture": "#7"},
				"up": {"uv": [0, 0, 16, 16], "rotation": 90, "texture": "#7"},
				"down": {"uv": [0, 0, 16, 16], "rotation": 90, "texture": "#7"}
			}
		},
		{
			"from": [14.972, 8.67, 1.07021],
			"to": [15.972, 9.67, 9.69521],
			"rotation": {"angle": -22.5, "axis": "z", "origin": [8, 8, 8.07021]},
			"faces": {
				"north": {"uv": [0, 0, 16, 16], "rotation": 90, "texture": "#7"},
				"east": {"uv": [0, 0, 16, 16], "rotation": 90, "texture": "#7"},
				"south": {"uv": [0, 0, 16, 16], "rotation": 90, "texture": "#7"},
				"west": {"uv": [0, 0, 16, 16], "rotation": 90, "texture": "#7"},
				"up": {"uv": [0, 0, 16, 16], "rotation": 90, "texture": "#7"},
				"down": {"uv": [0, 0, 16, 16], "rotation": 90, "texture": "#7"}
			}
		},
		{
			"from": [14.972, 8.67, 1.07021],
			"to": [15.972, 9.67, 9.69521],
			"rotation": {"angle": -45, "axis": "z", "origin": [8, 8, 8.07021]},
			"faces": {
				"north": {"uv": [0, 0, 16, 16], "rotation": 90, "texture": "#7"},
				"east": {"uv": [0, 0, 16, 16], "rotation": 90, "texture": "#7"},
				"south": {"uv": [0, 0, 16, 16], "rotation": 90, "texture": "#7"},
				"west": {"uv": [0, 0, 16, 16], "rotation": 90, "texture": "#7"},
				"up": {"uv": [0, 0, 16, 16], "rotation": 90, "texture": "#7"},
				"down": {"uv": [0, 0, 16, 16], "rotation": 90, "texture": "#7"}
			}
		},
		{
			"from": [8.67, 0.028, 1.07021],
			"to": [9.67, 1.028, 9.69521],
			"rotation": {"angle": 22.5, "axis": "z", "origin": [8, 8, 8.07021]},
			"faces": {
				"north": {"uv": [0, 0, 16, 16], "texture": "#7"},
				"east": {"uv": [0, 0, 16, 16], "texture": "#7"},
				"south": {"uv": [0, 0, 16, 16], "texture": "#7"},
				"west": {"uv": [0, 0, 16, 16], "texture": "#7"},
				"up": {"uv": [0, 0, 16, 16], "texture": "#7"},
				"down": {"uv": [0, 0, 16, 16], "texture": "#7"}
			}
		},
		{
			"from": [8.67, 0.028, 1.07021],
			"to": [9.67, 1.028, 9.69521],
			"rotation": {"angle": -45, "axis": "z", "origin": [8, 8, 8.07021]},
			"faces": {
				"north": {"uv": [0, 0, 16, 16], "texture": "#7"},
				"east": {"uv": [0, 0, 16, 16], "texture": "#7"},
				"south": {"uv": [0, 0, 16, 16], "texture": "#7"},
				"west": {"uv": [0, 0, 16, 16], "texture": "#7"},
				"up": {"uv": [0, 0, 16, 16], "texture": "#7"},
				"down": {"uv": [0, 0, 16, 16], "texture": "#7"}
			}
		},
		{
			"from": [8.67, 0.028, 1.07021],
			"to": [9.67, 1.028, 9.69521],
			"rotation": {"angle": 0, "axis": "y", "origin": [8, 8, 8.07021]},
			"faces": {
				"north": {"uv": [0, 0, 16, 16], "texture": "#7"},
				"east": {"uv": [0, 0, 16, 16], "texture": "#7"},
				"south": {"uv": [0, 0, 16, 16], "texture": "#7"},
				"west": {"uv": [0, 0, 16, 16], "texture": "#7"},
				"up": {"uv": [0, 0, 16, 16], "texture": "#7"},
				"down": {"uv": [0, 0, 16, 16], "texture": "#7"}
			}
		},
		{
			"from": [2, 6, 1.31021],
			"to": [2.5, 10.25, 9.68521],
			"rotation": {"angle": 22.5, "axis": "z", "origin": [8, 8, 8.07021]},
			"faces": {
				"north": {"uv": [0, 0, 16, 16], "rotation": 270, "texture": "#1_0"},
				"east": {"uv": [0, 0, 16, 16], "rotation": 270, "texture": "#1_0"},
				"south": {"uv": [0, 0, 16, 16], "rotation": 270, "texture": "#1_0"},
				"west": {"uv": [0, 0, 16, 16], "rotation": 270, "texture": "#1_0"},
				"up": {"uv": [0, 0, 16, 16], "rotation": 270, "texture": "#1_0"},
				"down": {"uv": [0, 0, 16, 16], "rotation": 270, "texture": "#1_0"}
			}
		},
		{
			"from": [5.75, 2, 1.31021],
			"to": [10, 2.5, 9.68521],
			"rotation": {"angle": 0, "axis": "y", "origin": [8, 8, 8.07021]},
			"faces": {
				"north": {"uv": [0, 0, 16, 16], "texture": "#1_0"},
				"east": {"uv": [0, 0, 16, 16], "texture": "#1_0"},
				"south": {"uv": [0, 0, 16, 16], "texture": "#1_0"},
				"west": {"uv": [0, 0, 16, 16], "texture": "#1_0"},
				"up": {"uv": [0, 0, 16, 16], "texture": "#1_0"},
				"down": {"uv": [0, 0, 16, 16], "texture": "#1_0"}
			}
		},
		{
			"from": [2, 6, 1.31021],
			"to": [2.5, 10.25, 9.68521],
			"rotation": {"angle": -45, "axis": "z", "origin": [8, 8, 8.07021]},
			"faces": {
				"north": {"uv": [0, 0, 16, 16], "rotation": 270, "texture": "#1_0"},
				"east": {"uv": [0, 0, 16, 16], "rotation": 270, "texture": "#1_0"},
				"south": {"uv": [0, 0, 16, 16], "rotation": 270, "texture": "#1_0"},
				"west": {"uv": [0, 0, 16, 16], "rotation": 270, "texture": "#1_0"},
				"up": {"uv": [0, 0, 16, 16], "rotation": 270, "texture": "#1_0"},
				"down": {"uv": [0, 0, 16, 16], "rotation": 270, "texture": "#1_0"}
			}
		},
		{
			"from": [5.75, 2, 1.31021],
			"to": [10, 2.5, 9.68521],
			"rotation": {"angle": 22.5, "axis": "z", "origin": [8, 8, 8.07021]},
			"faces": {
				"north": {"uv": [0, 0, 16, 16], "texture": "#1_0"},
				"east": {"uv": [0, 0, 16, 16], "texture": "#1_0"},
				"south": {"uv": [0, 0, 16, 16], "texture": "#1_0"},
				"west": {"uv": [0, 0, 16, 16], "texture": "#1_0"},
				"up": {"uv": [0, 0, 16, 16], "texture": "#1_0"},
				"down": {"uv": [0, 0, 16, 16], "texture": "#1_0"}
			}
		},
		{
			"from": [13.5, 5.75, 1.31021],
			"to": [14, 10, 9.68521],
			"rotation": {"angle": -45, "axis": "z", "origin": [8, 8, 8.07021]},
			"faces": {
				"north": {"uv": [0, 0, 16, 16], "rotation": 90, "texture": "#1_0"},
				"east": {"uv": [0, 0, 16, 16], "rotation": 90, "texture": "#1_0"},
				"south": {"uv": [0, 0, 16, 16], "rotation": 90, "texture": "#1_0"},
				"west": {"uv": [0, 0, 16, 16], "rotation": 90, "texture": "#1_0"},
				"up": {"uv": [0, 0, 16, 16], "rotation": 90, "texture": "#1_0"},
				"down": {"uv": [0, 0, 16, 16], "rotation": 90, "texture": "#1_0"}
			}
		},
		{
			"from": [13.5, 5.75, 1.31021],
			"to": [14, 10, 9.68521],
			"rotation": {"angle": -22.5, "axis": "z", "origin": [8, 8, 8.07021]},
			"faces": {
				"north": {"uv": [0, 0, 16, 16], "rotation": 90, "texture": "#1_0"},
				"east": {"uv": [0, 0, 16, 16], "rotation": 90, "texture": "#1_0"},
				"south": {"uv": [0, 0, 16, 16], "rotation": 90, "texture": "#1_0"},
				"west": {"uv": [0, 0, 16, 16], "rotation": 90, "texture": "#1_0"},
				"up": {"uv": [0, 0, 16, 16], "rotation": 90, "texture": "#1_0"},
				"down": {"uv": [0, 0, 16, 16], "rotation": 90, "texture": "#1_0"}
			}
		},
		{
			"from": [13.5, 5.75, 1.31021],
			"to": [14, 10, 9.68521],
			"rotation": {"angle": 0, "axis": "y", "origin": [8, 8, 8.07021]},
			"faces": {
				"north": {"uv": [0, 0, 16, 16], "rotation": 90, "texture": "#1_0"},
				"east": {"uv": [0, 0, 16, 16], "rotation": 90, "texture": "#1_0"},
				"south": {"uv": [0, 0, 16, 16], "rotation": 90, "texture": "#1_0"},
				"west": {"uv": [0, 0, 16, 16], "rotation": 90, "texture": "#1_0"},
				"up": {"uv": [0, 0, 16, 16], "rotation": 90, "texture": "#1_0"},
				"down": {"uv": [0, 0, 16, 16], "rotation": 90, "texture": "#1_0"}
			}
		},
		{
			"from": [6, 13.5, 1.31021],
			"to": [10.25, 14, 9.68521],
			"rotation": {"angle": -45, "axis": "z", "origin": [8, 8, 8.07021]},
			"faces": {
				"north": {"uv": [0, 0, 16, 16], "rotation": 180, "texture": "#1_0"},
				"east": {"uv": [0, 0, 16, 16], "rotation": 180, "texture": "#1_0"},
				"south": {"uv": [0, 0, 16, 16], "rotation": 180, "texture": "#1_0"},
				"west": {"uv": [0, 0, 16, 16], "rotation": 180, "texture": "#1_0"},
				"up": {"uv": [0, 0, 16, 16], "rotation": 180, "texture": "#1_0"},
				"down": {"uv": [0, 0, 16, 16], "rotation": 180, "texture": "#1_0"}
			}
		},
		{
			"from": [6, 13.5, 1.31021],
			"to": [10.25, 14, 9.68521],
			"rotation": {"angle": -22.5, "axis": "z", "origin": [8, 8, 8.07021]},
			"faces": {
				"north": {"uv": [0, 0, 16, 16], "rotation": 180, "texture": "#1_0"},
				"east": {"uv": [0, 0, 16, 16], "rotation": 180, "texture": "#1_0"},
				"south": {"uv": [0, 0, 16, 16], "rotation": 180, "texture": "#1_0"},
				"west": {"uv": [0, 0, 16, 16], "rotation": 180, "texture": "#1_0"},
				"up": {"uv": [0, 0, 16, 16], "rotation": 180, "texture": "#1_0"},
				"down": {"uv": [0, 0, 16, 16], "rotation": 180, "texture": "#1_0"}
			}
		},
		{
			"from": [13.5, 5.75, 1.31021],
			"to": [14, 10, 9.68521],
			"rotation": {"angle": 22.5, "axis": "z", "origin": [8, 8, 8.07021]},
			"faces": {
				"north": {"uv": [0, 0, 16, 16], "rotation": 90, "texture": "#1_0"},
				"east": {"uv": [0, 0, 16, 16], "rotation": 90, "texture": "#1_0"},
				"south": {"uv": [0, 0, 16, 16], "rotation": 90, "texture": "#1_0"},
				"west": {"uv": [0, 0, 16, 16], "rotation": 90, "texture": "#1_0"},
				"up": {"uv": [0, 0, 16, 16], "rotation": 90, "texture": "#1_0"},
				"down": {"uv": [0, 0, 16, 16], "rotation": 90, "texture": "#1_0"}
			}
		},
		{
			"from": [6, 13.5, 1.31021],
			"to": [10.25, 14, 9.68521],
			"rotation": {"angle": 22.5, "axis": "z", "origin": [8, 8, 8.07021]},
			"faces": {
				"north": {"uv": [0, 0, 16, 16], "rotation": 180, "texture": "#1_0"},
				"east": {"uv": [0, 0, 16, 16], "rotation": 180, "texture": "#1_0"},
				"south": {"uv": [0, 0, 16, 16], "rotation": 180, "texture": "#1_0"},
				"west": {"uv": [0, 0, 16, 16], "rotation": 180, "texture": "#1_0"},
				"up": {"uv": [0, 0, 16, 16], "rotation": 180, "texture": "#1_0"},
				"down": {"uv": [0, 0, 16, 16], "rotation": 180, "texture": "#1_0"}
			}
		},
		{
			"from": [2, 6, 1.31021],
			"to": [2.5, 10.25, 9.68521],
			"rotation": {"angle": 0, "axis": "y", "origin": [8, 8, 8.07021]},
			"faces": {
				"north": {"uv": [0, 0, 16, 16], "rotation": 270, "texture": "#1_0"},
				"east": {"uv": [0, 0, 16, 16], "rotation": 270, "texture": "#1_0"},
				"south": {"uv": [0, 0, 16, 16], "rotation": 270, "texture": "#1_0"},
				"west": {"uv": [0, 0, 16, 16], "rotation": 270, "texture": "#1_0"},
				"up": {"uv": [0, 0, 16, 16], "rotation": 270, "texture": "#1_0"},
				"down": {"uv": [0, 0, 16, 16], "rotation": 270, "texture": "#1_0"}
			}
		},
		{
			"from": [2, 6, 1.31021],
			"to": [2.5, 10.25, 9.68521],
			"rotation": {"angle": -22.5, "axis": "z", "origin": [8, 8, 8.07021]},
			"faces": {
				"north": {"uv": [0, 0, 16, 16], "rotation": 270, "texture": "#1_0"},
				"east": {"uv": [0, 0, 16, 16], "rotation": 270, "texture": "#1_0"},
				"south": {"uv": [0, 0, 16, 16], "rotation": 270, "texture": "#1_0"},
				"west": {"uv": [0, 0, 16, 16], "rotation": 270, "texture": "#1_0"},
				"up": {"uv": [0, 0, 16, 16], "rotation": 270, "texture": "#1_0"},
				"down": {"uv": [0, 0, 16, 16], "rotation": 270, "texture": "#1_0"}
			}
		},
		{
			"from": [5.75, 2, 1.31021],
			"to": [10, 2.5, 9.68521],
			"rotation": {"angle": -22.5, "axis": "z", "origin": [8, 8, 8.07021]},
			"faces": {
				"north": {"uv": [0, 0, 16, 16], "texture": "#1_0"},
				"east": {"uv": [0, 0, 16, 16], "texture": "#1_0"},
				"south": {"uv": [0, 0, 16, 16], "texture": "#1_0"},
				"west": {"uv": [0, 0, 16, 16], "texture": "#1_0"},
				"up": {"uv": [0, 0, 16, 16], "texture": "#1_0"},
				"down": {"uv": [0, 0, 16, 16], "texture": "#1_0"}
			}
		},
		{
			"from": [5.75, 2, 1.31021],
			"to": [10, 2.5, 9.68521],
			"rotation": {"angle": -45, "axis": "z", "origin": [8, 8, 8.07021]},
			"faces": {
				"north": {"uv": [0, 0, 16, 16], "texture": "#1_0"},
				"east": {"uv": [0, 0, 16, 16], "texture": "#1_0"},
				"south": {"uv": [0, 0, 16, 16], "texture": "#1_0"},
				"west": {"uv": [0, 0, 16, 16], "texture": "#1_0"},
				"up": {"uv": [0, 0, 16, 16], "texture": "#1_0"},
				"down": {"uv": [0, 0, 16, 16], "texture": "#1_0"}
			}
		},
		{
			"from": [6, 13.5, 1.31021],
			"to": [10.25, 14, 9.68521],
			"rotation": {"angle": 0, "axis": "y", "origin": [8, 8, 8.07021]},
			"faces": {
				"north": {"uv": [0, 0, 16, 16], "rotation": 180, "texture": "#1_0"},
				"east": {"uv": [0, 0, 16, 16], "rotation": 180, "texture": "#1_0"},
				"south": {"uv": [0, 0, 16, 16], "rotation": 180, "texture": "#1_0"},
				"west": {"uv": [0, 0, 16, 16], "rotation": 180, "texture": "#1_0"},
				"up": {"uv": [0, 0, 16, 16], "rotation": 180, "texture": "#1_0"},
				"down": {"uv": [0, 0, 16, 16], "rotation": 180, "texture": "#1_0"}
			}
		},
		{
			"from": [7.5, 7, 1.07021],
			"to": [8.5, 7.5, 3.19521],
			"rotation": {"angle": 0, "axis": "y", "origin": [8, 8, 8.07021]},
			"faces": {
				"north": {"uv": [0, 0, 16, 16], "texture": "#1_0"},
				"east": {"uv": [0, 0, 16, 16], "texture": "#1_0"},
				"south": {"uv": [0, 0, 16, 16], "texture": "#1_0"},
				"west": {"uv": [0, 0, 16, 16], "texture": "#1_0"},
				"up": {"uv": [0, 0, 16, 16], "texture": "#1_0"},
				"down": {"uv": [0, 0, 16, 16], "texture": "#1_0"}
			}
		},
		{
			"from": [7, 7.5, 1.07021],
			"to": [7.5, 8.5, 3.19521],
			"rotation": {"angle": 0, "axis": "y", "origin": [8, 8, 8.07021]},
			"faces": {
				"north": {"uv": [0, 0, 16, 16], "texture": "#1_0"},
				"east": {"uv": [0, 0, 16, 16], "texture": "#1_0"},
				"south": {"uv": [0, 0, 16, 16], "texture": "#1_0"},
				"west": {"uv": [0, 0, 16, 16], "texture": "#1_0"},
				"up": {"uv": [0, 0, 16, 16], "texture": "#1_0"},
				"down": {"uv": [0, 0, 16, 16], "texture": "#1_0"}
			}
		},
		{
			"from": [7.5, 7.5, 1.07021],
			"to": [8.5, 8.5, 3.19521],
			"rotation": {"angle": 0, "axis": "y", "origin": [8, 8, 8.07021]},
			"faces": {
				"north": {"uv": [0, 0, 16, 16], "texture": "#1_0"},
				"east": {"uv": [0, 0, 16, 16], "texture": "#1_0"},
				"south": {"uv": [0, 0, 16, 16], "texture": "#1_0"},
				"west": {"uv": [0, 0, 16, 16], "texture": "#1_0"},
				"up": {"uv": [0, 0, 16, 16], "texture": "#1_0"},
				"down": {"uv": [0, 0, 16, 16], "texture": "#1_0"}
			}
		},
		{
			"from": [8.565, 7.65, 1.07021],
			"to": [9.065, 8.35, 3.19521],
			"rotation": {"angle": 45, "axis": "z", "origin": [8, 8, 8.07021]},
			"faces": {
				"north": {"uv": [0, 0, 16, 16], "rotation": 270, "texture": "#1_0"},
				"east": {"uv": [0, 0, 16, 16], "rotation": 270, "texture": "#1_0"},
				"south": {"uv": [0, 0, 16, 16], "rotation": 270, "texture": "#1_0"},
				"west": {"uv": [0, 0, 16, 16], "rotation": 270, "texture": "#1_0"},
				"up": {"uv": [0, 0, 16, 16], "rotation": 270, "texture": "#1_0"},
				"down": {"uv": [0, 0, 16, 16], "rotation": 270, "texture": "#1_0"}
			}
		},
		{
			"from": [7.65, 8.565, 1.07021],
			"to": [8.35, 9.065, 3.19521],
			"rotation": {"angle": 45, "axis": "z", "origin": [8, 8, 8.07021]},
			"faces": {
				"north": {"uv": [0, 0, 16, 16], "texture": "#1_0"},
				"east": {"uv": [0, 0, 16, 16], "texture": "#1_0"},
				"south": {"uv": [0, 0, 16, 16], "texture": "#1_0"},
				"west": {"uv": [0, 0, 16, 16], "texture": "#1_0"},
				"up": {"uv": [0, 0, 16, 16], "texture": "#1_0"},
				"down": {"uv": [0, 0, 16, 16], "texture": "#1_0"}
			}
		},
		{
			"from": [7.5, 8.5, 1.07021],
			"to": [8.5, 9, 3.19521],
			"rotation": {"angle": 0, "axis": "y", "origin": [8, 8, 8.07021]},
			"faces": {
				"north": {"uv": [0, 0, 16, 16], "texture": "#1_0"},
				"east": {"uv": [0, 0, 16, 16], "texture": "#1_0"},
				"south": {"uv": [0, 0, 16, 16], "texture": "#1_0"},
				"west": {"uv": [0, 0, 16, 16], "texture": "#1_0"},
				"up": {"uv": [0, 0, 16, 16], "texture": "#1_0"},
				"down": {"uv": [0, 0, 16, 16], "texture": "#1_0"}
			}
		},
		{
			"from": [8.565, 7.65, 1.07021],
			"to": [9.065, 8.35, 3.19521],
			"rotation": {"angle": -45, "axis": "z", "origin": [8, 8, 8.07021]},
			"faces": {
				"north": {"uv": [0, 0, 16, 16], "rotation": 270, "texture": "#1_0"},
				"east": {"uv": [0, 0, 16, 16], "rotation": 270, "texture": "#1_0"},
				"south": {"uv": [0, 0, 16, 16], "rotation": 270, "texture": "#1_0"},
				"west": {"uv": [0, 0, 16, 16], "rotation": 270, "texture": "#1_0"},
				"up": {"uv": [0, 0, 16, 16], "rotation": 270, "texture": "#1_0"},
				"down": {"uv": [0, 0, 16, 16], "rotation": 270, "texture": "#1_0"}
			}
		},
		{
			"from": [6.935, 7.65, 1.07021],
			"to": [7.435, 8.35, 3.19521],
			"rotation": {"angle": 45, "axis": "z", "origin": [8, 8, 8.07021]},
			"faces": {
				"north": {"uv": [0, 0, 16, 16], "rotation": 90, "texture": "#1_0"},
				"east": {"uv": [0, 0, 16, 16], "rotation": 90, "texture": "#1_0"},
				"south": {"uv": [0, 0, 16, 16], "rotation": 90, "texture": "#1_0"},
				"west": {"uv": [0, 0, 16, 16], "rotation": 90, "texture": "#1_0"},
				"up": {"uv": [0, 0, 16, 16], "rotation": 90, "texture": "#1_0"},
				"down": {"uv": [0, 0, 16, 16], "rotation": 90, "texture": "#1_0"}
			}
		},
		{
			"from": [8.5, 7.5, 1.07021],
			"to": [9, 8.5, 3.19521],
			"rotation": {"angle": 0, "axis": "y", "origin": [8, 8, 8.07021]},
			"faces": {
				"north": {"uv": [0, 0, 16, 16], "texture": "#1_0"},
				"east": {"uv": [0, 0, 16, 16], "texture": "#1_0"},
				"south": {"uv": [0, 0, 16, 16], "texture": "#1_0"},
				"west": {"uv": [0, 0, 16, 16], "texture": "#1_0"},
				"up": {"uv": [0, 0, 16, 16], "texture": "#1_0"},
				"down": {"uv": [0, 0, 16, 16], "texture": "#1_0"}
			}
		},
		{
			"from": [7.051, 6.102, 1.55521],
			"to": [8.949, 7.051, 5.99921],
			"rotation": {"angle": 0, "axis": "y", "origin": [8, 8, 8.07021]},
			"faces": {
				"north": {"uv": [0, 0, 16, 16], "texture": "#1_0"},
				"east": {"uv": [0, 0, 16, 16], "texture": "#1_0"},
				"south": {"uv": [0, 0, 16, 16], "texture": "#1_0"},
				"west": {"uv": [0, 0, 16, 16], "texture": "#1_0"},
				"up": {"uv": [0, 0, 16, 16], "texture": "#1_0"},
				"down": {"uv": [0, 0, 16, 16], "texture": "#1_0"}
			}
		},
		{
			"from": [6.102, 7.051, 1.55521],
			"to": [7.051, 8.949, 5.99921],
			"rotation": {"angle": 0, "axis": "y", "origin": [8, 8, 8.07021]},
			"faces": {
				"north": {"uv": [0, 0, 16, 16], "texture": "#1_0"},
				"east": {"uv": [0, 0, 16, 16], "texture": "#1_0"},
				"south": {"uv": [0, 0, 16, 16], "texture": "#1_0"},
				"west": {"uv": [0, 0, 16, 16], "texture": "#1_0"},
				"up": {"uv": [0, 0, 16, 16], "texture": "#1_0"},
				"down": {"uv": [0, 0, 16, 16], "texture": "#1_0"}
			}
		},
		{
			"from": [7.051, 7.051, 1.55521],
			"to": [8.949, 8.949, 5.99921],
			"rotation": {"angle": 0, "axis": "y", "origin": [8, 8, 8.07021]},
			"faces": {
				"north": {"uv": [0, 0, 16, 16], "texture": "#1_0"},
				"east": {"uv": [0, 0, 16, 16], "texture": "#1_0"},
				"south": {"uv": [0, 0, 16, 16], "texture": "#1_0"},
				"west": {"uv": [0, 0, 16, 16], "texture": "#1_0"},
				"up": {"uv": [0, 0, 16, 16], "texture": "#1_0"},
				"down": {"uv": [0, 0, 16, 16], "texture": "#1_0"}
			}
		},
		{
			"from": [9.07237, 7.3357, 1.55521],
			"to": [10.02137, 8.6643, 5.99921],
			"rotation": {"angle": 45, "axis": "z", "origin": [8, 8, 15.27021]},
			"faces": {
				"north": {"uv": [0, 0, 16, 16], "rotation": 270, "texture": "#1_0"},
				"east": {"uv": [0, 0, 16, 16], "rotation": 270, "texture": "#1_0"},
				"south": {"uv": [0, 0, 16, 16], "rotation": 270, "texture": "#1_0"},
				"west": {"uv": [0, 0, 16, 16], "rotation": 270, "texture": "#1_0"},
				"up": {"uv": [0, 0, 16, 16], "rotation": 270, "texture": "#1_0"},
				"down": {"uv": [0, 0, 16, 16], "rotation": 270, "texture": "#1_0"}
			}
		},
		{
			"from": [7.3357, 9.07237, 1.55521],
			"to": [8.6643, 10.02137, 5.99921],
			"rotation": {"angle": 45, "axis": "z", "origin": [8, 8, 15.27021]},
			"faces": {
				"north": {"uv": [0, 0, 16, 16], "texture": "#1_0"},
				"east": {"uv": [0, 0, 16, 16], "texture": "#1_0"},
				"south": {"uv": [0, 0, 16, 16], "texture": "#1_0"},
				"west": {"uv": [0, 0, 16, 16], "texture": "#1_0"},
				"up": {"uv": [0, 0, 16, 16], "texture": "#1_0"},
				"down": {"uv": [0, 0, 16, 16], "texture": "#1_0"}
			}
		},
		{
			"from": [7.051, 8.949, 1.55521],
			"to": [8.949, 9.898, 5.99921],
			"rotation": {"angle": 0, "axis": "y", "origin": [8, 8, 8.07021]},
			"faces": {
				"north": {"uv": [0, 0, 16, 16], "texture": "#1_0"},
				"east": {"uv": [0, 0, 16, 16], "texture": "#1_0"},
				"south": {"uv": [0, 0, 16, 16], "texture": "#1_0"},
				"west": {"uv": [0, 0, 16, 16], "texture": "#1_0"},
				"up": {"uv": [0, 0, 16, 16], "texture": "#1_0"},
				"down": {"uv": [0, 0, 16, 16], "texture": "#1_0"}
			}
		},
		{
			"from": [9.07237, 7.3357, 1.55521],
			"to": [10.02137, 8.6643, 5.99921],
			"rotation": {"angle": -45, "axis": "z", "origin": [8, 8, 15.27021]},
			"faces": {
				"north": {"uv": [0, 0, 16, 16], "rotation": 270, "texture": "#1_0"},
				"east": {"uv": [0, 0, 16, 16], "rotation": 270, "texture": "#1_0"},
				"south": {"uv": [0, 0, 16, 16], "rotation": 270, "texture": "#1_0"},
				"west": {"uv": [0, 0, 16, 16], "rotation": 270, "texture": "#1_0"},
				"up": {"uv": [0, 0, 16, 16], "rotation": 270, "texture": "#1_0"},
				"down": {"uv": [0, 0, 16, 16], "rotation": 270, "texture": "#1_0"}
			}
		},
		{
			"from": [5.97863, 7.3357, 1.55521],
			"to": [6.92763, 8.6643, 5.99921],
			"rotation": {"angle": 45, "axis": "z", "origin": [8, 8, 15.27021]},
			"faces": {
				"north": {"uv": [0, 0, 16, 16], "rotation": 90, "texture": "#1_0"},
				"east": {"uv": [0, 0, 16, 16], "rotation": 90, "texture": "#1_0"},
				"south": {"uv": [0, 0, 16, 16], "rotation": 90, "texture": "#1_0"},
				"west": {"uv": [0, 0, 16, 16], "rotation": 90, "texture": "#1_0"},
				"up": {"uv": [0, 0, 16, 16], "rotation": 90, "texture": "#1_0"},
				"down": {"uv": [0, 0, 16, 16], "rotation": 90, "texture": "#1_0"}
			}
		},
		{
			"from": [8.949, 7.051, 1.55521],
			"to": [9.898, 8.949, 5.99921],
			"rotation": {"angle": 0, "axis": "y", "origin": [8, 8, 8.07021]},
			"faces": {
				"north": {"uv": [0, 0, 16, 16], "texture": "#1_0"},
				"east": {"uv": [0, 0, 16, 16], "texture": "#1_0"},
				"south": {"uv": [0, 0, 16, 16], "texture": "#1_0"},
				"west": {"uv": [0, 0, 16, 16], "texture": "#1_0"},
				"up": {"uv": [0, 0, 16, 16], "texture": "#1_0"},
				"down": {"uv": [0, 0, 16, 16], "texture": "#1_0"}
			}
		},
		{
			"from": [2, 7.5, 2.57021],
			"to": [14, 7.85, 5.57021],
			"rotation": {"angle": 0, "axis": "y", "origin": [8, 8, 8.07021]},
			"faces": {
				"north": {"uv": [0, 0, 16, 16], "rotation": 90, "texture": "#1_0"},
				"east": {"uv": [0, 0, 16, 16], "rotation": 90, "texture": "#1_0"},
				"south": {"uv": [0, 0, 16, 16], "rotation": 90, "texture": "#1_0"},
				"west": {"uv": [0, 0, 16, 16], "rotation": 90, "texture": "#1_0"},
				"up": {"uv": [0, 0, 16, 16], "rotation": 90, "texture": "#1_0"},
				"down": {"uv": [0, 0, 16, 16], "rotation": 90, "texture": "#1_0"}
			}
		},
		{
			"from": [2, 7.5, 2.57021],
			"to": [8, 7.85, 5.57021],
			"rotation": {"angle": 45, "axis": "z", "origin": [8, 8, 8.07021]},
			"faces": {
				"north": {"uv": [0, 0, 16, 16], "rotation": 90, "texture": "#1_0"},
				"east": {"uv": [0, 0, 16, 16], "rotation": 90, "texture": "#1_0"},
				"south": {"uv": [0, 0, 16, 16], "rotation": 90, "texture": "#1_0"},
				"west": {"uv": [0, 0, 16, 16], "rotation": 90, "texture": "#1_0"},
				"up": {"uv": [0, 0, 16, 16], "rotation": 90, "texture": "#1_0"},
				"down": {"uv": [0, 0, 16, 16], "rotation": 90, "texture": "#1_0"}
			}
		},
		{
			"from": [8.15, 8, 2.57021],
			"to": [8.5, 14, 5.57021],
			"rotation": {"angle": -45, "axis": "z", "origin": [8, 8, 8.07021]},
			"faces": {
				"north": {"uv": [0, 0, 16, 16], "texture": "#1_0"},
				"east": {"uv": [0, 0, 16, 16], "texture": "#1_0"},
				"south": {"uv": [0, 0, 16, 16], "texture": "#1_0"},
				"west": {"uv": [0, 0, 16, 16], "texture": "#1_0"},
				"up": {"uv": [0, 0, 16, 16], "texture": "#1_0"},
				"down": {"uv": [0, 0, 16, 16], "texture": "#1_0"}
			}
		},
		{
			"from": [8, 7.5, 2.57021],
			"to": [14, 7.85, 5.57021],
			"rotation": {"angle": -45, "axis": "z", "origin": [8, 8, 8.07021]},
			"faces": {
				"north": {"uv": [0, 0, 16, 16], "rotation": 270, "texture": "#1_0"},
				"east": {"uv": [0, 0, 16, 16], "rotation": 270, "texture": "#1_0"},
				"south": {"uv": [0, 0, 16, 16], "rotation": 270, "texture": "#1_0"},
				"west": {"uv": [0, 0, 16, 16], "rotation": 270, "texture": "#1_0"},
				"up": {"uv": [0, 0, 16, 16], "rotation": 270, "texture": "#1_0"},
				"down": {"uv": [0, 0, 16, 16], "rotation": 270, "texture": "#1_0"}
			}
		},
		{
			"from": [7.5, 2, 2.57021],
			"to": [7.85, 14, 5.57021],
			"rotation": {"angle": 0, "axis": "y", "origin": [8, 8, 8.07021]},
			"faces": {
				"north": {"uv": [0, 0, 16, 16], "texture": "#1_0"},
				"east": {"uv": [0, 0, 16, 16], "texture": "#1_0"},
				"south": {"uv": [0, 0, 16, 16], "texture": "#1_0"},
				"west": {"uv": [0, 0, 16, 16], "texture": "#1_0"},
				"up": {"uv": [0, 0, 16, 16], "texture": "#1_0"},
				"down": {"uv": [0, 0, 16, 16], "texture": "#1_0"}
			}
		},
		{
			"from": [7.5, 8, 2.57021],
			"to": [7.85, 14, 5.57021],
			"rotation": {"angle": 45, "axis": "z", "origin": [8, 8, 8.07021]},
			"faces": {
				"north": {"uv": [0, 0, 16, 16], "texture": "#1_0"},
				"east": {"uv": [0, 0, 16, 16], "texture": "#1_0"},
				"south": {"uv": [0, 0, 16, 16], "texture": "#1_0"},
				"west": {"uv": [0, 0, 16, 16], "texture": "#1_0"},
				"up": {"uv": [0, 0, 16, 16], "texture": "#1_0"},
				"down": {"uv": [0, 0, 16, 16], "texture": "#1_0"}
			}
		},
		{
			"from": [8.15, 2, 2.57021],
			"to": [8.5, 14, 5.57021],
			"rotation": {"angle": 0, "axis": "y", "origin": [8, 8, 8.07021]},
			"faces": {
				"north": {"uv": [0, 0, 16, 16], "texture": "#1_0"},
				"east": {"uv": [0, 0, 16, 16], "texture": "#1_0"},
				"south": {"uv": [0, 0, 16, 16], "texture": "#1_0"},
				"west": {"uv": [0, 0, 16, 16], "texture": "#1_0"},
				"up": {"uv": [0, 0, 16, 16], "texture": "#1_0"},
				"down": {"uv": [0, 0, 16, 16], "texture": "#1_0"}
			}
		},
		{
			"from": [7.5, 1, 2.57021],
			"to": [7.85, 14, 5.57021],
			"rotation": {"angle": -45, "axis": "z", "origin": [8, 8, 8.07021]},
			"faces": {
				"north": {"uv": [0, 0, 16, 16], "texture": "#1_0"},
				"east": {"uv": [0, 0, 16, 16], "texture": "#1_0"},
				"south": {"uv": [0, 0, 16, 16], "texture": "#1_0"},
				"west": {"uv": [0, 0, 16, 16], "texture": "#1_0"},
				"up": {"uv": [0, 0, 16, 16], "texture": "#1_0"},
				"down": {"uv": [0, 0, 16, 16], "texture": "#1_0"}
			}
		},
		{
			"from": [8.1, 2, 2.57021],
			"to": [8.45, 14, 5.57021],
			"rotation": {"angle": 45, "axis": "z", "origin": [8, 8, 8.07021]},
			"faces": {
				"north": {"uv": [0, 0, 16, 16], "texture": "#1_0"},
				"east": {"uv": [0, 0, 16, 16], "texture": "#1_0"},
				"south": {"uv": [0, 0, 16, 16], "texture": "#1_0"},
				"west": {"uv": [0, 0, 16, 16], "texture": "#1_0"},
				"up": {"uv": [0, 0, 16, 16], "texture": "#1_0"},
				"down": {"uv": [0, 0, 16, 16], "texture": "#1_0"}
			}
		},
		{
			"from": [2, 8.1, 2.57021],
			"to": [14, 8.45, 5.57021],
			"rotation": {"angle": 0, "axis": "y", "origin": [8, 8, 8.07021]},
			"faces": {
				"north": {"uv": [0, 0, 16, 16], "rotation": 90, "texture": "#1_0"},
				"east": {"uv": [0, 0, 16, 16], "rotation": 90, "texture": "#1_0"},
				"south": {"uv": [0, 0, 16, 16], "rotation": 90, "texture": "#1_0"},
				"west": {"uv": [0, 0, 16, 16], "rotation": 90, "texture": "#1_0"},
				"up": {"uv": [0, 0, 16, 16], "rotation": 90, "texture": "#1_0"},
				"down": {"uv": [0, 0, 16, 16], "rotation": 90, "texture": "#1_0"}
			}
		},
		{
			"from": [2, 6, 3.18521],
			"to": [13.5, 10.25, 7.18521],
			"rotation": {"angle": 22.5, "axis": "z", "origin": [8, 8, 5.94521]},
			"faces": {
				"north": {"uv": [0, 0, 16, 16], "rotation": 270, "texture": "#5"},
				"east": {"uv": [0, 0, 16, 16], "rotation": 270, "texture": "#5"},
				"south": {"uv": [0, 0, 16, 16], "rotation": 270, "texture": "#5"},
				"west": {"uv": [0, 0, 16, 16], "rotation": 270, "texture": "#5"},
				"up": {"uv": [0, 0, 16, 16], "rotation": 270, "texture": "#5"},
				"down": {"uv": [0, 0, 16, 16], "rotation": 270, "texture": "#5"}
			}
		},
		{
			"from": [5.75, 2, 3.18521],
			"to": [10, 2.5, 7.18521],
			"rotation": {"angle": 0, "axis": "y", "origin": [8, 8, 5.94521]},
			"faces": {
				"north": {"uv": [0, 0, 16, 16], "texture": "#5"},
				"east": {"uv": [0, 0, 16, 16], "texture": "#5"},
				"south": {"uv": [0, 0, 16, 16], "texture": "#5"},
				"west": {"uv": [0, 0, 16, 16], "texture": "#5"},
				"up": {"uv": [0, 0, 16, 16], "texture": "#5"},
				"down": {"uv": [0, 0, 16, 16], "texture": "#5"}
			}
		},
		{
			"from": [2, 6, 3.18521],
			"to": [13.5, 10.25, 7.18521],
			"rotation": {"angle": -45, "axis": "z", "origin": [8, 8, 5.94521]},
			"faces": {
				"north": {"uv": [0, 0, 16, 16], "rotation": 270, "texture": "#5"},
				"east": {"uv": [0, 0, 16, 16], "rotation": 270, "texture": "#5"},
				"south": {"uv": [0, 0, 16, 16], "rotation": 270, "texture": "#5"},
				"west": {"uv": [0, 0, 16, 16], "rotation": 270, "texture": "#5"},
				"up": {"uv": [0, 0, 16, 16], "rotation": 270, "texture": "#5"},
				"down": {"uv": [0, 0, 16, 16], "rotation": 270, "texture": "#5"}
			}
		},
		{
			"from": [5.75, 2, 3.18521],
			"to": [10, 2.5, 7.18521],
			"rotation": {"angle": 22.5, "axis": "z", "origin": [8, 8, 5.94521]},
			"faces": {
				"north": {"uv": [0, 0, 16, 16], "texture": "#5"},
				"east": {"uv": [0, 0, 16, 16], "texture": "#5"},
				"south": {"uv": [0, 0, 16, 16], "texture": "#5"},
				"west": {"uv": [0, 0, 16, 16], "texture": "#5"},
				"up": {"uv": [0, 0, 16, 16], "texture": "#5"},
				"down": {"uv": [0, 0, 16, 16], "texture": "#5"}
			}
		},
		{
			"from": [13.5, 5.75, 3.18521],
			"to": [14, 10, 7.18521],
			"rotation": {"angle": -45, "axis": "z", "origin": [8, 8, 5.94521]},
			"faces": {
				"north": {"uv": [0, 0, 16, 16], "rotation": 90, "texture": "#5"},
				"east": {"uv": [0, 0, 16, 16], "rotation": 90, "texture": "#5"},
				"south": {"uv": [0, 0, 16, 16], "rotation": 90, "texture": "#5"},
				"west": {"uv": [0, 0, 16, 16], "rotation": 90, "texture": "#5"},
				"up": {"uv": [0, 0, 16, 16], "rotation": 90, "texture": "#5"},
				"down": {"uv": [0, 0, 16, 16], "rotation": 90, "texture": "#5"}
			}
		},
		{
			"from": [2.5, 5.75, 3.18521],
			"to": [14, 10, 7.18521],
			"rotation": {"angle": -22.5, "axis": "z", "origin": [8, 8, 5.94521]},
			"faces": {
				"north": {"uv": [0, 0, 16, 16], "rotation": 90, "texture": "#5"},
				"east": {"uv": [0, 0, 16, 16], "rotation": 90, "texture": "#5"},
				"south": {"uv": [0, 0, 16, 16], "rotation": 90, "texture": "#5"},
				"west": {"uv": [0, 0, 16, 16], "rotation": 90, "texture": "#5"},
				"up": {"uv": [0, 0, 16, 16], "rotation": 90, "texture": "#5"},
				"down": {"uv": [0, 0, 16, 16], "rotation": 90, "texture": "#5"}
			}
		},
		{
			"from": [2.5, 5.75, 3.18521],
			"to": [14, 10, 7.18521],
			"rotation": {"angle": 0, "axis": "y", "origin": [8, 8, 5.94521]},
			"faces": {
				"north": {"uv": [0, 0, 16, 16], "rotation": 90, "texture": "#5"},
				"east": {"uv": [0, 0, 16, 16], "rotation": 90, "texture": "#5"},
				"south": {"uv": [0, 0, 16, 16], "rotation": 90, "texture": "#5"},
				"west": {"uv": [0, 0, 16, 16], "rotation": 90, "texture": "#5"},
				"up": {"uv": [0, 0, 16, 16], "rotation": 90, "texture": "#5"},
				"down": {"uv": [0, 0, 16, 16], "rotation": 90, "texture": "#5"}
			}
		},
		{
			"from": [6, 13.5, 3.18521],
			"to": [10.25, 14, 7.18521],
			"rotation": {"angle": -45, "axis": "z", "origin": [8, 8, 5.94521]},
			"faces": {
				"north": {"uv": [0, 0, 16, 16], "rotation": 180, "texture": "#5"},
				"east": {"uv": [0, 0, 16, 16], "rotation": 180, "texture": "#5"},
				"south": {"uv": [0, 0, 16, 16], "rotation": 180, "texture": "#5"},
				"west": {"uv": [0, 0, 16, 16], "rotation": 180, "texture": "#5"},
				"up": {"uv": [0, 0, 16, 16], "rotation": 180, "texture": "#5"},
				"down": {"uv": [0, 0, 16, 16], "rotation": 180, "texture": "#5"}
			}
		},
		{
			"from": [6, 2.5, 3.18521],
			"to": [10.25, 14, 7.18521],
			"rotation": {"angle": -22.5, "axis": "z", "origin": [8, 8, 5.94521]},
			"faces": {
				"north": {"uv": [0, 0, 16, 16], "rotation": 180, "texture": "#5"},
				"east": {"uv": [0, 0, 16, 16], "rotation": 180, "texture": "#5"},
				"south": {"uv": [0, 0, 16, 16], "rotation": 180, "texture": "#5"},
				"west": {"uv": [0, 0, 16, 16], "rotation": 180, "texture": "#5"},
				"up": {"uv": [0, 0, 16, 16], "rotation": 180, "texture": "#5"},
				"down": {"uv": [0, 0, 16, 16], "rotation": 180, "texture": "#5"}
			}
		},
		{
			"from": [13.5, 5.75, 3.18521],
			"to": [14, 10, 7.18521],
			"rotation": {"angle": 22.5, "axis": "z", "origin": [8, 8, 5.94521]},
			"faces": {
				"north": {"uv": [0, 0, 16, 16], "rotation": 90, "texture": "#5"},
				"east": {"uv": [0, 0, 16, 16], "rotation": 90, "texture": "#5"},
				"south": {"uv": [0, 0, 16, 16], "rotation": 90, "texture": "#5"},
				"west": {"uv": [0, 0, 16, 16], "rotation": 90, "texture": "#5"},
				"up": {"uv": [0, 0, 16, 16], "rotation": 90, "texture": "#5"},
				"down": {"uv": [0, 0, 16, 16], "rotation": 90, "texture": "#5"}
			}
		},
		{
			"from": [6, 2.5, 3.18521],
			"to": [10.25, 14, 7.18521],
			"rotation": {"angle": 22.5, "axis": "z", "origin": [8, 8, 5.94521]},
			"faces": {
				"north": {"uv": [0, 0, 16, 16], "rotation": 180, "texture": "#5"},
				"east": {"uv": [0, 0, 16, 16], "rotation": 180, "texture": "#5"},
				"south": {"uv": [0, 0, 16, 16], "rotation": 180, "texture": "#5"},
				"west": {"uv": [0, 0, 16, 16], "rotation": 180, "texture": "#5"},
				"up": {"uv": [0, 0, 16, 16], "rotation": 180, "texture": "#5"},
				"down": {"uv": [0, 0, 16, 16], "rotation": 180, "texture": "#5"}
			}
		},
		{
			"from": [2, 6, 3.18521],
			"to": [2.5, 10.25, 7.18521],
			"rotation": {"angle": 0, "axis": "y", "origin": [8, 8, 5.94521]},
			"faces": {
				"north": {"uv": [0, 0, 16, 16], "rotation": 270, "texture": "#5"},
				"east": {"uv": [0, 0, 16, 16], "rotation": 270, "texture": "#5"},
				"south": {"uv": [0, 0, 16, 16], "rotation": 270, "texture": "#5"},
				"west": {"uv": [0, 0, 16, 16], "rotation": 270, "texture": "#5"},
				"up": {"uv": [0, 0, 16, 16], "rotation": 270, "texture": "#5"},
				"down": {"uv": [0, 0, 16, 16], "rotation": 270, "texture": "#5"}
			}
		},
		{
			"from": [2, 6, 3.18521],
			"to": [2.5, 10.25, 7.18521],
			"rotation": {"angle": -22.5, "axis": "z", "origin": [8, 8, 5.94521]},
			"faces": {
				"north": {"uv": [0, 0, 16, 16], "rotation": 270, "texture": "#5"},
				"east": {"uv": [0, 0, 16, 16], "rotation": 270, "texture": "#5"},
				"south": {"uv": [0, 0, 16, 16], "rotation": 270, "texture": "#5"},
				"west": {"uv": [0, 0, 16, 16], "rotation": 270, "texture": "#5"},
				"up": {"uv": [0, 0, 16, 16], "rotation": 270, "texture": "#5"},
				"down": {"uv": [0, 0, 16, 16], "rotation": 270, "texture": "#5"}
			}
		},
		{
			"from": [5.75, 2, 3.18521],
			"to": [10, 2.5, 7.18521],
			"rotation": {"angle": -22.5, "axis": "z", "origin": [8, 8, 5.94521]},
			"faces": {
				"north": {"uv": [0, 0, 16, 16], "texture": "#5"},
				"east": {"uv": [0, 0, 16, 16], "texture": "#5"},
				"south": {"uv": [0, 0, 16, 16], "texture": "#5"},
				"west": {"uv": [0, 0, 16, 16], "texture": "#5"},
				"up": {"uv": [0, 0, 16, 16], "texture": "#5"},
				"down": {"uv": [0, 0, 16, 16], "texture": "#5"}
			}
		},
		{
			"from": [5.75, 2, 3.18521],
			"to": [10, 2.5, 7.18521],
			"rotation": {"angle": -45, "axis": "z", "origin": [8, 8, 5.94521]},
			"faces": {
				"north": {"uv": [0, 0, 16, 16], "texture": "#5"},
				"east": {"uv": [0, 0, 16, 16], "texture": "#5"},
				"south": {"uv": [0, 0, 16, 16], "texture": "#5"},
				"west": {"uv": [0, 0, 16, 16], "texture": "#5"},
				"up": {"uv": [0, 0, 16, 16], "texture": "#5"},
				"down": {"uv": [0, 0, 16, 16], "texture": "#5"}
			}
		},
		{
			"from": [6, 13.5, 3.18521],
			"to": [10.25, 14, 7.18521],
			"rotation": {"angle": 0, "axis": "y", "origin": [8, 8, 5.94521]},
			"faces": {
				"north": {"uv": [0, 0, 16, 16], "rotation": 180, "texture": "#5"},
				"east": {"uv": [0, 0, 16, 16], "rotation": 180, "texture": "#5"},
				"south": {"uv": [0, 0, 16, 16], "rotation": 180, "texture": "#5"},
				"west": {"uv": [0, 0, 16, 16], "rotation": 180, "texture": "#5"},
				"up": {"uv": [0, 0, 16, 16], "rotation": 180, "texture": "#5"},
				"down": {"uv": [0, 0, 16, 16], "rotation": 180, "texture": "#5"}
			}
		},
		{
			"from": [2.5, 6, 2.31021],
			"to": [3.15, 10.25, 9.56021],
			"rotation": {"angle": 22.5, "axis": "z", "origin": [8, 8, 8.07021]},
			"faces": {
				"north": {"uv": [0, 0, 16, 16], "rotation": 270, "texture": "#1_0"},
				"east": {"uv": [0, 0, 16, 16], "rotation": 270, "texture": "#1_0"},
				"south": {"uv": [0, 0, 16, 16], "rotation": 270, "texture": "#1_0"},
				"west": {"uv": [0, 0, 16, 16], "rotation": 270, "texture": "#1_0"},
				"up": {"uv": [0, 0, 16, 16], "rotation": 270, "texture": "#1_0"},
				"down": {"uv": [0, 0, 16, 16], "rotation": 270, "texture": "#1_0"}
			}
		},
		{
			"from": [5.75, 2.5, 2.31021],
			"to": [10, 3.15, 9.56021],
			"rotation": {"angle": -22.5, "axis": "z", "origin": [8, 8, 8.07021]},
			"faces": {
				"north": {"uv": [0, 0, 16, 16], "texture": "#1_0"},
				"east": {"uv": [0, 0, 16, 16], "texture": "#1_0"},
				"south": {"uv": [0, 0, 16, 16], "texture": "#1_0"},
				"west": {"uv": [0, 0, 16, 16], "texture": "#1_0"},
				"up": {"uv": [0, 0, 16, 16], "texture": "#1_0"},
				"down": {"uv": [0, 0, 16, 16], "texture": "#1_0"}
			}
		},
		{
			"from": [12.85, 5.75, 2.31021],
			"to": [13.5, 10, 9.56021],
			"rotation": {"angle": 22.5, "axis": "z", "origin": [8, 8, 8.07021]},
			"faces": {
				"north": {"uv": [0, 0, 16, 16], "rotation": 270, "texture": "#1_0"},
				"east": {"uv": [0, 0, 16, 16], "rotation": 270, "texture": "#1_0"},
				"south": {"uv": [0, 0, 16, 16], "rotation": 270, "texture": "#1_0"},
				"west": {"uv": [0, 0, 16, 16], "rotation": 270, "texture": "#1_0"},
				"up": {"uv": [0, 0, 16, 16], "rotation": 270, "texture": "#1_0"},
				"down": {"uv": [0, 0, 16, 16], "rotation": 270, "texture": "#1_0"}
			}
		},
		{
			"from": [5.75, 2.5, 2.31021],
			"to": [10, 3.15, 9.56021],
			"rotation": {"angle": -45, "axis": "z", "origin": [8, 8, 8.07021]},
			"faces": {
				"north": {"uv": [0, 0, 16, 16], "texture": "#1_0"},
				"east": {"uv": [0, 0, 16, 16], "texture": "#1_0"},
				"south": {"uv": [0, 0, 16, 16], "texture": "#1_0"},
				"west": {"uv": [0, 0, 16, 16], "texture": "#1_0"},
				"up": {"uv": [0, 0, 16, 16], "texture": "#1_0"},
				"down": {"uv": [0, 0, 16, 16], "texture": "#1_0"}
			}
		},
		{
			"from": [6, 12.85, 2.31021],
			"to": [10.25, 13.5, 9.56021],
			"rotation": {"angle": 22.5, "axis": "z", "origin": [8, 8, 8.07021]},
			"faces": {
				"north": {"uv": [0, 0, 16, 16], "texture": "#1_0"},
				"east": {"uv": [0, 0, 16, 16], "texture": "#1_0"},
				"south": {"uv": [0, 0, 16, 16], "texture": "#1_0"},
				"west": {"uv": [0, 0, 16, 16], "texture": "#1_0"},
				"up": {"uv": [0, 0, 16, 16], "texture": "#1_0"},
				"down": {"uv": [0, 0, 16, 16], "texture": "#1_0"}
			}
		},
		{
			"from": [6, 12.85, 2.31021],
			"to": [10.25, 13.5, 9.56021],
			"rotation": {"angle": -22.5, "axis": "z", "origin": [8, 8, 8.07021]},
			"faces": {
				"north": {"uv": [0, 0, 16, 16], "texture": "#1_0"},
				"east": {"uv": [0, 0, 16, 16], "texture": "#1_0"},
				"south": {"uv": [0, 0, 16, 16], "texture": "#1_0"},
				"west": {"uv": [0, 0, 16, 16], "texture": "#1_0"},
				"up": {"uv": [0, 0, 16, 16], "texture": "#1_0"},
				"down": {"uv": [0, 0, 16, 16], "texture": "#1_0"}
			}
		},
		{
			"from": [2.5, 6, 2.31021],
			"to": [3.15, 10.25, 9.56021],
			"rotation": {"angle": -22.5, "axis": "z", "origin": [8, 8, 8.07021]},
			"faces": {
				"north": {"uv": [0, 0, 16, 16], "rotation": 270, "texture": "#1_0"},
				"east": {"uv": [0, 0, 16, 16], "rotation": 270, "texture": "#1_0"},
				"south": {"uv": [0, 0, 16, 16], "rotation": 270, "texture": "#1_0"},
				"west": {"uv": [0, 0, 16, 16], "rotation": 270, "texture": "#1_0"},
				"up": {"uv": [0, 0, 16, 16], "rotation": 270, "texture": "#1_0"},
				"down": {"uv": [0, 0, 16, 16], "rotation": 270, "texture": "#1_0"}
			}
		},
		{
			"from": [12.85, 5.75, 2.31021],
			"to": [13.5, 10, 9.56021],
			"rotation": {"angle": -45, "axis": "z", "origin": [8, 8, 8.07021]},
			"faces": {
				"north": {"uv": [0, 0, 16, 16], "rotation": 270, "texture": "#1_0"},
				"east": {"uv": [0, 0, 16, 16], "rotation": 270, "texture": "#1_0"},
				"south": {"uv": [0, 0, 16, 16], "rotation": 270, "texture": "#1_0"},
				"west": {"uv": [0, 0, 16, 16], "rotation": 270, "texture": "#1_0"},
				"up": {"uv": [0, 0, 16, 16], "rotation": 270, "texture": "#1_0"},
				"down": {"uv": [0, 0, 16, 16], "rotation": 270, "texture": "#1_0"}
			}
		},
		{
			"from": [12.85, 5.75, 2.31021],
			"to": [13.5, 10, 9.56021],
			"rotation": {"angle": -22.5, "axis": "z", "origin": [8, 8, 8.07021]},
			"faces": {
				"north": {"uv": [0, 0, 16, 16], "rotation": 270, "texture": "#1_0"},
				"east": {"uv": [0, 0, 16, 16], "rotation": 270, "texture": "#1_0"},
				"south": {"uv": [0, 0, 16, 16], "rotation": 270, "texture": "#1_0"},
				"west": {"uv": [0, 0, 16, 16], "rotation": 270, "texture": "#1_0"},
				"up": {"uv": [0, 0, 16, 16], "rotation": 270, "texture": "#1_0"},
				"down": {"uv": [0, 0, 16, 16], "rotation": 270, "texture": "#1_0"}
			}
		},
		{
			"from": [12.85, 5.75, 2.31021],
			"to": [13.5, 10, 9.56021],
			"rotation": {"angle": 45, "axis": "z", "origin": [8, 8, 8.07021]},
			"faces": {
				"north": {"uv": [0, 0, 16, 16], "rotation": 270, "texture": "#1_0"},
				"east": {"uv": [0, 0, 16, 16], "rotation": 270, "texture": "#1_0"},
				"south": {"uv": [0, 0, 16, 16], "rotation": 270, "texture": "#1_0"},
				"west": {"uv": [0, 0, 16, 16], "rotation": 270, "texture": "#1_0"},
				"up": {"uv": [0, 0, 16, 16], "rotation": 270, "texture": "#1_0"},
				"down": {"uv": [0, 0, 16, 16], "rotation": 270, "texture": "#1_0"}
			}
		},
		{
			"from": [5.75, 2.5, 2.31021],
			"to": [10, 3.15, 9.56021],
			"rotation": {"angle": 22.5, "axis": "z", "origin": [8, 8, 8.07021]},
			"faces": {
				"north": {"uv": [0, 0, 16, 16], "rotation": 180, "texture": "#1_0"},
				"east": {"uv": [0, 0, 16, 16], "rotation": 180, "texture": "#1_0"},
				"south": {"uv": [0, 0, 16, 16], "rotation": 180, "texture": "#1_0"},
				"west": {"uv": [0, 0, 16, 16], "rotation": 180, "texture": "#1_0"},
				"up": {"uv": [0, 0, 16, 16], "rotation": 180, "texture": "#1_0"},
				"down": {"uv": [0, 0, 16, 16], "rotation": 180, "texture": "#1_0"}
			}
		},
		{
			"from": [6, 12.85, 2.31021],
			"to": [10.25, 13.5, 9.56021],
			"rotation": {"angle": -22.5, "axis": "z", "origin": [8, 8, 8.07021]},
			"faces": {
				"north": {"uv": [0, 0, 16, 16], "texture": "#1_0"},
				"east": {"uv": [0, 0, 16, 16], "texture": "#1_0"},
				"south": {"uv": [0, 0, 16, 16], "texture": "#1_0"},
				"west": {"uv": [0, 0, 16, 16], "texture": "#1_0"},
				"up": {"uv": [0, 0, 16, 16], "texture": "#1_0"},
				"down": {"uv": [0, 0, 16, 16], "texture": "#1_0"}
			}
		},
		{
			"from": [2.5, 6, 2.31021],
			"to": [3.15, 10.25, 9.56021],
			"rotation": {"angle": -45, "axis": "z", "origin": [8, 8, 8.07021]},
			"faces": {
				"north": {"uv": [0, 0, 16, 16], "rotation": 270, "texture": "#1_0"},
				"east": {"uv": [0, 0, 16, 16], "rotation": 270, "texture": "#1_0"},
				"south": {"uv": [0, 0, 16, 16], "rotation": 270, "texture": "#1_0"},
				"west": {"uv": [0, 0, 16, 16], "rotation": 270, "texture": "#1_0"},
				"up": {"uv": [0, 0, 16, 16], "rotation": 270, "texture": "#1_0"},
				"down": {"uv": [0, 0, 16, 16], "rotation": 270, "texture": "#1_0"}
			}
		},
		{
			"from": [7.75, 7.5, 0.57021],
			"to": [8.25, 7.75, 2.07021],
			"rotation": {"angle": 0, "axis": "y", "origin": [8, 8, 8.07021]},
			"faces": {
				"north": {"uv": [0, 0, 16, 16], "texture": "#1_0"},
				"east": {"uv": [0, 0, 16, 16], "texture": "#1_0"},
				"south": {"uv": [0, 0, 16, 16], "texture": "#1_0"},
				"west": {"uv": [0, 0, 16, 16], "texture": "#1_0"},
				"up": {"uv": [0, 0, 16, 16], "texture": "#1_0"},
				"down": {"uv": [0, 0, 16, 16], "texture": "#1_0"}
			}
		},
		{
			"from": [7.5, 7.75, 0.57021],
			"to": [7.75, 8.25, 2.07021],
			"rotation": {"angle": 0, "axis": "y", "origin": [8, 8, 8.07021]},
			"faces": {
				"north": {"uv": [0, 0, 16, 16], "texture": "#1_0"},
				"east": {"uv": [0, 0, 16, 16], "texture": "#1_0"},
				"south": {"uv": [0, 0, 16, 16], "texture": "#1_0"},
				"west": {"uv": [0, 0, 16, 16], "texture": "#1_0"},
				"up": {"uv": [0, 0, 16, 16], "texture": "#1_0"},
				"down": {"uv": [0, 0, 16, 16], "texture": "#1_0"}
			}
		},
		{
			"from": [7.75, 7.75, 0.57021],
			"to": [8.25, 8.25, 2.07021],
			"rotation": {"angle": 0, "axis": "y", "origin": [8, 8, 8.07021]},
			"faces": {
				"north": {"uv": [0, 0, 16, 16], "texture": "#1_0"},
				"east": {"uv": [0, 0, 16, 16], "texture": "#1_0"},
				"south": {"uv": [0, 0, 16, 16], "texture": "#1_0"},
				"west": {"uv": [0, 0, 16, 16], "texture": "#1_0"},
				"up": {"uv": [0, 0, 16, 16], "texture": "#1_0"},
				"down": {"uv": [0, 0, 16, 16], "texture": "#1_0"}
			}
		},
		{
			"from": [8.2825, 7.825, 0.57021],
			"to": [8.5325, 8.175, 2.07021],
			"rotation": {"angle": 45, "axis": "z", "origin": [8, 8, 4.07021]},
			"faces": {
				"north": {"uv": [0, 0, 16, 16], "rotation": 270, "texture": "#1_0"},
				"east": {"uv": [0, 0, 16, 16], "rotation": 270, "texture": "#1_0"},
				"south": {"uv": [0, 0, 16, 16], "rotation": 270, "texture": "#1_0"},
				"west": {"uv": [0, 0, 16, 16], "rotation": 270, "texture": "#1_0"},
				"up": {"uv": [0, 0, 16, 16], "rotation": 270, "texture": "#1_0"},
				"down": {"uv": [0, 0, 16, 16], "rotation": 270, "texture": "#1_0"}
			}
		},
		{
			"from": [7.825, 8.2825, 0.57021],
			"to": [8.175, 8.5325, 2.07021],
			"rotation": {"angle": 45, "axis": "z", "origin": [8, 8, 4.07021]},
			"faces": {
				"north": {"uv": [0, 0, 16, 16], "texture": "#1_0"},
				"east": {"uv": [0, 0, 16, 16], "texture": "#1_0"},
				"south": {"uv": [0, 0, 16, 16], "texture": "#1_0"},
				"west": {"uv": [0, 0, 16, 16], "texture": "#1_0"},
				"up": {"uv": [0, 0, 16, 16], "texture": "#1_0"},
				"down": {"uv": [0, 0, 16, 16], "texture": "#1_0"}
			}
		},
		{
			"from": [7.75, 8.25, 0.57021],
			"to": [8.25, 8.5, 2.07021],
			"rotation": {"angle": 0, "axis": "y", "origin": [8, 8, 8.07021]},
			"faces": {
				"north": {"uv": [0, 0, 16, 16], "texture": "#1_0"},
				"east": {"uv": [0, 0, 16, 16], "texture": "#1_0"},
				"south": {"uv": [0, 0, 16, 16], "texture": "#1_0"},
				"west": {"uv": [0, 0, 16, 16], "texture": "#1_0"},
				"up": {"uv": [0, 0, 16, 16], "texture": "#1_0"},
				"down": {"uv": [0, 0, 16, 16], "texture": "#1_0"}
			}
		},
		{
			"from": [8.2825, 7.825, 0.57021],
			"to": [8.5325, 8.175, 2.07021],
			"rotation": {"angle": -45, "axis": "z", "origin": [8, 8, 4.07021]},
			"faces": {
				"north": {"uv": [0, 0, 16, 16], "rotation": 270, "texture": "#1_0"},
				"east": {"uv": [0, 0, 16, 16], "rotation": 270, "texture": "#1_0"},
				"south": {"uv": [0, 0, 16, 16], "rotation": 270, "texture": "#1_0"},
				"west": {"uv": [0, 0, 16, 16], "rotation": 270, "texture": "#1_0"},
				"up": {"uv": [0, 0, 16, 16], "rotation": 270, "texture": "#1_0"},
				"down": {"uv": [0, 0, 16, 16], "rotation": 270, "texture": "#1_0"}
			}
		},
		{
			"from": [7.4675, 7.825, 0.57021],
			"to": [7.7175, 8.175, 2.07021],
			"rotation": {"angle": 45, "axis": "z", "origin": [8, 8, 4.07021]},
			"faces": {
				"north": {"uv": [0, 0, 16, 16], "rotation": 90, "texture": "#1_0"},
				"east": {"uv": [0, 0, 16, 16], "rotation": 90, "texture": "#1_0"},
				"south": {"uv": [0, 0, 16, 16], "rotation": 90, "texture": "#1_0"},
				"west": {"uv": [0, 0, 16, 16], "rotation": 90, "texture": "#1_0"},
				"up": {"uv": [0, 0, 16, 16], "rotation": 90, "texture": "#1_0"},
				"down": {"uv": [0, 0, 16, 16], "rotation": 90, "texture": "#1_0"}
			}
		},
		{
			"from": [8.25, 7.75, 0.57021],
			"to": [8.5, 8.25, 2.07021],
			"rotation": {"angle": 0, "axis": "y", "origin": [8, 8, 8.07021]},
			"faces": {
				"north": {"uv": [0, 0, 16, 16], "texture": "#1_0"},
				"east": {"uv": [0, 0, 16, 16], "texture": "#1_0"},
				"south": {"uv": [0, 0, 16, 16], "texture": "#1_0"},
				"west": {"uv": [0, 0, 16, 16], "texture": "#1_0"},
				"up": {"uv": [0, 0, 16, 16], "texture": "#1_0"},
				"down": {"uv": [0, 0, 16, 16], "texture": "#1_0"}
			}
		},
		{
			"from": [7.625, 7.625, 0.52021],
			"to": [8.375, 8.375, 0.52021],
			"rotation": {"angle": 0, "axis": "y", "origin": [8, 8, 8.07021]},
			"faces": {
				"north": {"uv": [2.6875, 2.5625, 13.37504, 13.1875], "texture": "#1_0"},
				"east": {"uv": [2.6875, 2.5625, 13.37504, 13.1875], "texture": "#1_0"},
				"south": {"uv": [2.6875, 2.5625, 13.37504, 13.1875], "texture": "#1_0"},
				"west": {"uv": [2.6875, 2.5625, 13.37504, 13.1875], "texture": "#1_0"},
				"up": {"uv": [2.6875, 2.5625, 13.37504, 13.1875], "texture": "#1_0"},
				"down": {"uv": [2.6875, 2.5625, 13.37504, 13.1875], "texture": "#1_0"}
			}
		}
	],
	"display": {
		"firstperson_righthand": {
			"scale": [0, 0, 0]
		},
		"firstperson_lefthand": {
			"scale": [0, 0, 0]
		},
		"gui": {
			"rotation": [-8, 172, 0],
			"translation": [0.25, -0.25, 0],
			"scale": [0.91, 0.89, 0.87]
		},
		"head": {
			"scale": [1.02, 1, 1]
		},
		"fixed": {
			"rotation": [90, 0, 0],
			"translation": [0, 0, -15],
			"scale": [2, 2, 2]
		}
	},
	"groups": [
		{
			"name": "grindstone",
			"origin": [8, 8, 8],
			"children": [
				{
					"name": "pneu",
					"origin": [8, 8, 8],
					"children": [0, 1, 2, 3, 4, 5, 6, 7, 8,
						{
							"name": "group2",
							"origin": [8, 8, 8],
							"children": [9, 10, 11, 12, 13, 14, 15]
						}, 16, 17, 18, 19, 20, 21, 22, 23, 24, 25, 26, 27, 28, 29, 30, 31]
				},
				{
					"name": "cadre sup jante",
					"origin": [8, 8, 8],
					"children": [32, 33, 34, 35, 36, 37, 38, 39, 40, 41, 42, 43, 44, 45, 46, 47]
				},
				{
					"name": "point central",
					"origin": [8, 8, 8],
					"children": [48, 49, 50, 51, 52, 53, 54, 55, 56]
				},
				{
					"name": "point central 2",
					"origin": [8, 8, 8],
					"children": [57, 58, 59, 60, 61, 62, 63, 64, 65]
				},
				{
					"name": "branches",
					"origin": [8, 8, 8],
					"children": [66, 67, 68, 69, 70, 71, 72, 73, 74, 75]
				},
				{
					"name": "fond",
					"origin": [8, 8, 8],
					"children": [76, 77, 78, 79, 80, 81, 82, 83, 84, 85, 86, 87, 88, 89, 90, 91]
				},
				{
					"name": "contour jante",
					"origin": [8, 8, 8],
					"children": [92, 93, 94, 95, 96, 97, 98, 99, 100, 101, 102, 103, 104]
				},
				{
					"name": "logo rond",
					"origin": [8, 8, 8],
					"children": [105, 106, 107, 108, 109, 110, 111, 112, 113, 114]
				}
			]
		}
	]
}