{
	"credit": "Made with Blockbench",
	"textures": {
		"0": "block/dead_bush",
		"particle": "block/dead_bush"
	},
	"elements": [
		{
			"from": [0, 8, 8],
			"to": [16, 16, 8],
			"rotation": {"angle": 0, "axis": "y", "origin": [0, 0, 7]},
			"faces": {
				"north": {"uv": [0, 5.25, 16, 16], "rotation": 180, "texture": "#0"},
				"east": {"uv": [0, 5.25, 16, 16], "rotation": 180, "texture": "#0"},
				"south": {"uv": [0, 5.25, 16, 16], "rotation": 180, "texture": "#0"},
				"west": {"uv": [0, 5.25, 16, 16], "rotation": 180, "texture": "#0"},
				"up": {"uv": [0, 5.25, 16, 16], "rotation": 180, "texture": "#0"},
				"down": {"uv": [0, 5.25, 16, 16], "rotation": 180, "texture": "#0"}
			}
		},
		{
			"from": [3, 8, 3],
			"to": [19, 16, 3],
			"rotation": {"angle": -45, "axis": "y", "origin": [3, 0, 2]},
			"faces": {
				"north": {"uv": [0, 5.25, 16, 16], "rotation": 180, "texture": "#0"},
				"east": {"uv": [0, 5.25, 16, 16], "rotation": 180, "texture": "#0"},
				"south": {"uv": [0, 5.25, 16, 16], "rotation": 180, "texture": "#0"},
				"west": {"uv": [0, 5.25, 16, 16], "rotation": 180, "texture": "#0"},
				"up": {"uv": [0, 5.25, 16, 16], "rotation": 180, "texture": "#0"},
				"down": {"uv": [0, 5.25, 16, 16], "rotation": 180, "texture": "#0"}
			}
		},
		{
			"from": [13, 8, 3],
			"to": [13, 16, 19],
			"rotation": {"angle": -45, "axis": "y", "origin": [14, 0, 3]},
			"faces": {
				"north": {"uv": [0, 5.25, 16, 16], "rotation": 180, "texture": "#0"},
				"east": {"uv": [0, 5.25, 16, 16], "rotation": 180, "texture": "#0"},
				"south": {"uv": [0, 5.25, 16, 16], "rotation": 180, "texture": "#0"},
				"west": {"uv": [0, 5.25, 16, 16], "rotation": 180, "texture": "#0"},
				"up": {"uv": [0, 5.25, 16, 16], "rotation": 270, "texture": "#0"},
				"down": {"uv": [0, 5.25, 16, 16], "rotation": 90, "texture": "#0"}
			}
		},
		{
			"from": [8, 8, 0],
			"to": [8, 16, 16],
			"rotation": {"angle": 0, "axis": "y", "origin": [9, 0, 0]},
			"faces": {
				"north": {"uv": [0, 5.25, 16, 16], "rotation": 180, "texture": "#0"},
				"east": {"uv": [0, 5.25, 16, 16], "rotation": 180, "texture": "#0"},
				"south": {"uv": [0, 5.25, 16, 16], "rotation": 180, "texture": "#0"},
				"west": {"uv": [0, 5.25, 16, 16], "rotation": 180, "texture": "#0"},
				"up": {"uv": [0, 5.25, 16, 16], "rotation": 270, "texture": "#0"},
				"down": {"uv": [0, 5.25, 16, 16], "rotation": 90, "texture": "#0"}
			}
		}
	],
	"display": {
		"thirdperson_righthand": {
			"scale": [0.26, 0.25, 0.24]
		},
		"thirdperson_lefthand": {
			"scale": [0.26, 0.25, 0.24]
		},
		"firstperson_righthand": {
			"scale": [0.26, 0.25, 0.24]
		},
		"firstperson_lefthand": {
			"scale": [0.26, 0.25, 0.24]
		},
		"gui": {
			"rotation": [-26, 22, 0],
			"translation": [0, -4, 0]
		}
	}
}