{
	"__comment": "Designed by Oldfarmer for www.amberstonedream.com with Cubik Studio ",
	"ambientocclusion": false,
	"textures": {
		"0": "block/jungle_planks",
		"particle": "block/jungle_planks"
	},
	"elements": [ 	 
		{
			"__comment": "Element",
			"from": [ 0, 0, 0 ],
			"to": [ 3, 16, 16 ],
			"faces": {
				"down": { "uv": [ 0, 0, 0, 0 ], "texture": "#0" },
				"up": { "uv": [ 13, 0, 16, 16 ], "texture": "#0", "cullface": "up" },
				"north": { "uv": [ 3, 0, 0, 16 ], "texture": "#0", "cullface": "north" },
				"south": { "uv": [ 0, 0, 3, 16 ], "texture": "#0", "cullface": "south" },
				"west": { "uv": [ 16, 0, 0, 16 ], "texture": "#0", "cullface": "west" },
				"east": { "uv": [ 0, 0, 16, 16 ], "texture": "#0" }
			}
		}
	],
	"display": {
		"thirdperson_righthand": {
			"rotation":  [ 59, 35, 0 ],
			"translation":  [ 0, 2.5, 1 ],
			"scale":  [ 0.4, 0.4, 0.4 ]
		},
		"thirdperson_lefthand": {
			"rotation":  [ 59, 35, 0 ],
			"translation":  [ 0, 2.5, 1 ],
			"scale":  [ 0.4, 0.4, 0.4 ]
		},
		"firstperson_righthand": {
			"rotation":  [ 1, 16, 0 ],
			"translation":  [ 0, 4, 0 ],
			"scale":  [ 0.4, 0.4, 0.4 ]
		},
		"firstperson_lefthand": {
			"rotation":  [ 1, 16, 0 ],
			"translation":  [ 0, 4, 0 ],
			"scale":  [ 0.4, 0.4, 0.4 ]
		},
		"gui": {
			"rotation":  [ 28, 51, 0 ],
			"translation":  [ 0, 4, 0 ],
			"scale":  [ 0.7, 0.7, 0.7 ]
		},
		"ground": {
			"scale":  [ 0.4, 0.4, 0.4 ]
		}
	}
}