{
	"credit": "ALTA Commons - All right reserved (c)",
	"textures": {
		"1": "block/cauldron_inner",
		"particle": "block/cauldron_inner"
	},
	"elements": [
		{
			"from": [6.625, 0, 17.5],
			"to": [7.375, 16, 18.25],
			"rotation": {"angle": 0, "axis": "y", "origin": [-1.25, 8, 10.25]},
			"faces": {
				"north": {"uv": [16, 0, 0, 16], "texture": "#1"},
				"east": {"uv": [16, 0, 0, 16], "texture": "#1"},
				"south": {"uv": [16, 0, 0, 16], "texture": "#1"},
				"west": {"uv": [16, 0, 0, 16], "texture": "#1"},
				"up": {"uv": [16, 0, 0, 16], "rotation": 180, "texture": "#1"},
				"down": {"uv": [16, 0, 0, 16], "rotation": 180, "texture": "#1"}
			}
		},
		{
			"from": [11.125, 0, 17.5],
			"to": [11.875, 16, 18.25],
			"rotation": {"angle": 0, "axis": "y", "origin": [3.25, 8, 10.25]},
			"faces": {
				"north": {"uv": [16, 0, 0, 16], "texture": "#1"},
				"east": {"uv": [16, 0, 0, 16], "texture": "#1"},
				"south": {"uv": [16, 0, 0, 16], "texture": "#1"},
				"west": {"uv": [16, 0, 0, 16], "texture": "#1"},
				"up": {"uv": [16, 0, 0, 16], "rotation": 180, "texture": "#1"},
				"down": {"uv": [16, 0, 0, 16], "rotation": 180, "texture": "#1"}
			}
		},
		{
			"from": [13.375, 0, 17.5],
			"to": [14.125, 16, 18.25],
			"rotation": {"angle": 0, "axis": "y", "origin": [5.5, 8, 10.25]},
			"faces": {
				"north": {"uv": [16, 0, 0, 16], "texture": "#1"},
				"east": {"uv": [16, 0, 0, 16], "texture": "#1"},
				"south": {"uv": [16, 0, 0, 16], "texture": "#1"},
				"west": {"uv": [16, 0, 0, 16], "texture": "#1"},
				"up": {"uv": [16, 0, 0, 16], "rotation": 180, "texture": "#1"},
				"down": {"uv": [16, 0, 0, 16], "rotation": 180, "texture": "#1"}
			}
		},
		{
			"from": [8.875, 0, 17.5],
			"to": [9.625, 16, 18.25],
			"rotation": {"angle": 0, "axis": "y", "origin": [1, 8, 10.25]},
			"faces": {
				"north": {"uv": [16, 0, 0, 16], "texture": "#1"},
				"east": {"uv": [16, 0, 0, 16], "texture": "#1"},
				"south": {"uv": [16, 0, 0, 16], "texture": "#1"},
				"west": {"uv": [16, 0, 0, 16], "texture": "#1"},
				"up": {"uv": [16, 0, 0, 16], "rotation": 180, "texture": "#1"},
				"down": {"uv": [16, 0, 0, 16], "rotation": 180, "texture": "#1"}
			}
		},
		{
			"from": [17.125, 7.1875, 17.625],
			"to": [17.5, 12.8125, 18.125],
			"rotation": {"angle": -22.5, "axis": "z", "origin": [9.25, 15.1875, 10.25]},
			"faces": {
				"north": {"uv": [16, 0, 0, 16], "texture": "#1"},
				"east": {"uv": [16, 0, 0, 16], "texture": "#1"},
				"south": {"uv": [16, 0, 0, 16], "texture": "#1"},
				"west": {"uv": [16, 0, 0, 16], "texture": "#1"},
				"up": {"uv": [16, 0, 0, 16], "rotation": 180, "texture": "#1"},
				"down": {"uv": [16, 0, 0, 16], "rotation": 180, "texture": "#1"}
			}
		},
		{
			"from": [12.25, 7.1875, 17.625],
			"to": [12.625, 12.8125, 18.125],
			"rotation": {"angle": 22.5, "axis": "z", "origin": [20.5, 15.1875, 10.25]},
			"faces": {
				"north": {"uv": [16, 0, 0, 16], "texture": "#1"},
				"east": {"uv": [16, 0, 0, 16], "texture": "#1"},
				"south": {"uv": [16, 0, 0, 16], "texture": "#1"},
				"west": {"uv": [16, 0, 0, 16], "texture": "#1"},
				"up": {"uv": [16, 0, 0, 16], "rotation": 180, "texture": "#1"},
				"down": {"uv": [16, 0, 0, 16], "rotation": 180, "texture": "#1"}
			}
		},
		{
			"from": [14.875, 7.1875, 17.625],
			"to": [15.25, 12.8125, 18.125],
			"rotation": {"angle": -22.5, "axis": "z", "origin": [7, 15.1875, 10.25]},
			"faces": {
				"north": {"uv": [16, 0, 0, 16], "texture": "#1"},
				"east": {"uv": [16, 0, 0, 16], "texture": "#1"},
				"south": {"uv": [16, 0, 0, 16], "texture": "#1"},
				"west": {"uv": [16, 0, 0, 16], "texture": "#1"},
				"up": {"uv": [16, 0, 0, 16], "rotation": 180, "texture": "#1"},
				"down": {"uv": [16, 0, 0, 16], "rotation": 180, "texture": "#1"}
			}
		},
		{
			"from": [10, 7.1875, 17.625],
			"to": [10.375, 12.8125, 18.125],
			"rotation": {"angle": 22.5, "axis": "z", "origin": [18.25, 15.1875, 10.25]},
			"faces": {
				"north": {"uv": [16, 0, 0, 16], "texture": "#1"},
				"east": {"uv": [16, 0, 0, 16], "texture": "#1"},
				"south": {"uv": [16, 0, 0, 16], "texture": "#1"},
				"west": {"uv": [16, 0, 0, 16], "texture": "#1"},
				"up": {"uv": [16, 0, 0, 16], "rotation": 180, "texture": "#1"},
				"down": {"uv": [16, 0, 0, 16], "rotation": 180, "texture": "#1"}
			}
		},
		{
			"from": [12.625, 7.1875, 17.625],
			"to": [13, 12.8125, 18.125],
			"rotation": {"angle": -22.5, "axis": "z", "origin": [4.75, 15.1875, 10.25]},
			"faces": {
				"north": {"uv": [16, 0, 0, 16], "texture": "#1"},
				"east": {"uv": [16, 0, 0, 16], "texture": "#1"},
				"south": {"uv": [16, 0, 0, 16], "texture": "#1"},
				"west": {"uv": [16, 0, 0, 16], "texture": "#1"},
				"up": {"uv": [16, 0, 0, 16], "rotation": 180, "texture": "#1"},
				"down": {"uv": [16, 0, 0, 16], "rotation": 180, "texture": "#1"}
			}
		},
		{
			"from": [10.375, 7.1875, 17.625],
			"to": [10.75, 12.8125, 18.125],
			"rotation": {"angle": -22.5, "axis": "z", "origin": [2.5, 15.1875, 10.25]},
			"faces": {
				"north": {"uv": [16, 0, 0, 16], "texture": "#1"},
				"east": {"uv": [16, 0, 0, 16], "texture": "#1"},
				"south": {"uv": [16, 0, 0, 16], "texture": "#1"},
				"west": {"uv": [16, 0, 0, 16], "texture": "#1"},
				"up": {"uv": [16, 0, 0, 16], "rotation": 180, "texture": "#1"},
				"down": {"uv": [16, 0, 0, 16], "rotation": 180, "texture": "#1"}
			}
		},
		{
			"from": [7.75, 7.1875, 17.625],
			"to": [8.125, 12.8125, 18.125],
			"rotation": {"angle": 22.5, "axis": "z", "origin": [16, 15.1875, 10.25]},
			"faces": {
				"north": {"uv": [16, 0, 0, 16], "texture": "#1"},
				"east": {"uv": [16, 0, 0, 16], "texture": "#1"},
				"south": {"uv": [16, 0, 0, 16], "texture": "#1"},
				"west": {"uv": [16, 0, 0, 16], "texture": "#1"},
				"up": {"uv": [16, 0, 0, 16], "rotation": 180, "texture": "#1"},
				"down": {"uv": [16, 0, 0, 16], "rotation": 180, "texture": "#1"}
			}
		},
		{
			"from": [5.5, 7.1875, 17.625],
			"to": [5.875, 12.8125, 18.125],
			"rotation": {"angle": 22.5, "axis": "z", "origin": [13.75, 15.1875, 10.25]},
			"faces": {
				"north": {"uv": [16, 0, 0, 16], "texture": "#1"},
				"east": {"uv": [16, 0, 0, 16], "texture": "#1"},
				"south": {"uv": [16, 0, 0, 16], "texture": "#1"},
				"west": {"uv": [16, 0, 0, 16], "texture": "#1"},
				"up": {"uv": [16, 0, 0, 16], "rotation": 180, "texture": "#1"},
				"down": {"uv": [16, 0, 0, 16], "rotation": 180, "texture": "#1"}
			}
		},
		{
			"from": [3.25, 7.1875, 17.625],
			"to": [3.625, 12.8125, 18.125],
			"rotation": {"angle": 22.5, "axis": "z", "origin": [11.5, 15.1875, 10.25]},
			"faces": {
				"north": {"uv": [16, 0, 0, 16], "texture": "#1"},
				"east": {"uv": [16, 0, 0, 16], "texture": "#1"},
				"south": {"uv": [16, 0, 0, 16], "texture": "#1"},
				"west": {"uv": [16, 0, 0, 16], "texture": "#1"},
				"up": {"uv": [16, 0, 0, 16], "rotation": 180, "texture": "#1"},
				"down": {"uv": [16, 0, 0, 16], "rotation": 180, "texture": "#1"}
			}
		},
		{
			"from": [8.125, 7.1875, 17.625],
			"to": [8.5, 12.8125, 18.125],
			"rotation": {"angle": -22.5, "axis": "z", "origin": [0.25, 15.1875, 10.25]},
			"faces": {
				"north": {"uv": [16, 0, 0, 16], "texture": "#1"},
				"east": {"uv": [16, 0, 0, 16], "texture": "#1"},
				"south": {"uv": [16, 0, 0, 16], "texture": "#1"},
				"west": {"uv": [16, 0, 0, 16], "texture": "#1"},
				"up": {"uv": [16, 0, 0, 16], "rotation": 180, "texture": "#1"},
				"down": {"uv": [16, 0, 0, 16], "rotation": 180, "texture": "#1"}
			}
		},
		{
			"from": [4.375, 0, 17.5],
			"to": [5.125, 16, 18.25],
			"rotation": {"angle": 0, "axis": "y", "origin": [-3.5, 8, 10.25]},
			"faces": {
				"north": {"uv": [16, 0, 0, 16], "texture": "#1"},
				"east": {"uv": [16, 0, 0, 16], "texture": "#1"},
				"south": {"uv": [16, 0, 0, 16], "texture": "#1"},
				"west": {"uv": [16, 0, 0, 16], "texture": "#1"},
				"up": {"uv": [16, 0, 0, 16], "rotation": 180, "texture": "#1"},
				"down": {"uv": [16, 0, 0, 16], "rotation": 180, "texture": "#1"}
			}
		},
		{
			"from": [6.625, 0, 17.5],
			"to": [7.375, 16, 18.25],
			"rotation": {"angle": 0, "axis": "y", "origin": [-1.25, 8, 10.25]},
			"faces": {
				"north": {"uv": [16, 0, 0, 16], "texture": "#1"},
				"east": {"uv": [16, 0, 0, 16], "texture": "#1"},
				"south": {"uv": [16, 0, 0, 16], "texture": "#1"},
				"west": {"uv": [16, 0, 0, 16], "texture": "#1"},
				"up": {"uv": [16, 0, 0, 16], "rotation": 180, "texture": "#1"},
				"down": {"uv": [16, 0, 0, 16], "rotation": 180, "texture": "#1"}
			}
		},
		{
			"from": [-1.25, 7.1875, 17.625],
			"to": [-0.875, 12.8125, 18.125],
			"rotation": {"angle": 22.5, "axis": "z", "origin": [7, 15.1875, 10.25]},
			"faces": {
				"north": {"uv": [16, 0, 0, 16], "texture": "#1"},
				"east": {"uv": [16, 0, 0, 16], "texture": "#1"},
				"south": {"uv": [16, 0, 0, 16], "texture": "#1"},
				"west": {"uv": [16, 0, 0, 16], "texture": "#1"},
				"up": {"uv": [16, 0, 0, 16], "rotation": 180, "texture": "#1"},
				"down": {"uv": [16, 0, 0, 16], "rotation": 180, "texture": "#1"}
			}
		},
		{
			"from": [3.625, 7.1875, 17.625],
			"to": [4, 12.8125, 18.125],
			"rotation": {"angle": -22.5, "axis": "z", "origin": [-4.25, 15.1875, 10.25]},
			"faces": {
				"north": {"uv": [16, 0, 0, 16], "texture": "#1"},
				"east": {"uv": [16, 0, 0, 16], "texture": "#1"},
				"south": {"uv": [16, 0, 0, 16], "texture": "#1"},
				"west": {"uv": [16, 0, 0, 16], "texture": "#1"},
				"up": {"uv": [16, 0, 0, 16], "rotation": 180, "texture": "#1"},
				"down": {"uv": [16, 0, 0, 16], "rotation": 180, "texture": "#1"}
			}
		},
		{
			"from": [-0.125, 0, 17.5],
			"to": [0.625, 16, 18.25],
			"rotation": {"angle": 0, "axis": "y", "origin": [-8, 8, 10.25]},
			"faces": {
				"north": {"uv": [16, 0, 0, 16], "texture": "#1"},
				"east": {"uv": [16, 0, 0, 16], "texture": "#1"},
				"south": {"uv": [16, 0, 0, 16], "texture": "#1"},
				"west": {"uv": [16, 0, 0, 16], "texture": "#1"},
				"up": {"uv": [16, 0, 0, 16], "rotation": 180, "texture": "#1"},
				"down": {"uv": [16, 0, 0, 16], "rotation": 180, "texture": "#1"}
			}
		},
		{
			"from": [15.5, 0, 17.5],
			"to": [16.25, 16, 18.25],
			"rotation": {"angle": 0, "axis": "y", "origin": [7.625, 8, 10.25]},
			"faces": {
				"north": {"uv": [16, 0, 0, 16], "texture": "#1"},
				"east": {"uv": [16, 0, 0, 16], "texture": "#1"},
				"south": {"uv": [16, 0, 0, 16], "texture": "#1"},
				"west": {"uv": [16, 0, 0, 16], "texture": "#1"},
				"up": {"uv": [16, 0, 0, 16], "rotation": 180, "texture": "#1"},
				"down": {"uv": [16, 0, 0, 16], "rotation": 180, "texture": "#1"}
			}
		},
		{
			"from": [2.125, 0, 17.5],
			"to": [2.875, 16, 18.25],
			"rotation": {"angle": 0, "axis": "y", "origin": [-5.75, 8, 10.25]},
			"faces": {
				"north": {"uv": [16, 0, 0, 16], "texture": "#1"},
				"east": {"uv": [16, 0, 0, 16], "texture": "#1"},
				"south": {"uv": [16, 0, 0, 16], "texture": "#1"},
				"west": {"uv": [16, 0, 0, 16], "texture": "#1"},
				"up": {"uv": [16, 0, 0, 16], "rotation": 180, "texture": "#1"},
				"down": {"uv": [16, 0, 0, 16], "rotation": 180, "texture": "#1"}
			}
		},
		{
			"from": [1, 7.1875, 17.625],
			"to": [1.375, 12.8125, 18.125],
			"rotation": {"angle": 22.5, "axis": "z", "origin": [9.25, 15.1875, 10.25]},
			"faces": {
				"north": {"uv": [16, 0, 0, 16], "texture": "#1"},
				"east": {"uv": [16, 0, 0, 16], "texture": "#1"},
				"south": {"uv": [16, 0, 0, 16], "texture": "#1"},
				"west": {"uv": [16, 0, 0, 16], "texture": "#1"},
				"up": {"uv": [16, 0, 0, 16], "rotation": 180, "texture": "#1"},
				"down": {"uv": [16, 0, 0, 16], "rotation": 180, "texture": "#1"}
			}
		},
		{
			"from": [5.875, 7.1875, 17.625],
			"to": [6.25, 12.8125, 18.125],
			"rotation": {"angle": -22.5, "axis": "z", "origin": [-2, 15.1875, 10.25]},
			"faces": {
				"north": {"uv": [16, 0, 0, 16], "texture": "#1"},
				"east": {"uv": [16, 0, 0, 16], "texture": "#1"},
				"south": {"uv": [16, 0, 0, 16], "texture": "#1"},
				"west": {"uv": [16, 0, 0, 16], "texture": "#1"},
				"up": {"uv": [16, 0, 0, 16], "rotation": 180, "texture": "#1"},
				"down": {"uv": [16, 0, 0, 16], "rotation": 180, "texture": "#1"}
			}
		},
		{
			"from": [2.125, 0, 17.5],
			"to": [2.875, 16, 18.25],
			"rotation": {"angle": 0, "axis": "y", "origin": [-5.75, 8, 10.25]},
			"faces": {
				"north": {"uv": [16, 0, 0, 16], "texture": "#1"},
				"east": {"uv": [16, 0, 0, 16], "texture": "#1"},
				"south": {"uv": [16, 0, 0, 16], "texture": "#1"},
				"west": {"uv": [16, 0, 0, 16], "texture": "#1"},
				"up": {"uv": [16, 0, 0, 16], "rotation": 180, "texture": "#1"},
				"down": {"uv": [16, 0, 0, 16], "rotation": 180, "texture": "#1"}
			}
		},
		{
			"from": [4.375, 0, 17.5],
			"to": [5.125, 16, 18.25],
			"rotation": {"angle": 0, "axis": "y", "origin": [-3.5, 8, 10.25]},
			"faces": {
				"north": {"uv": [16, 0, 0, 16], "texture": "#1"},
				"east": {"uv": [16, 0, 0, 16], "texture": "#1"},
				"south": {"uv": [16, 0, 0, 16], "texture": "#1"},
				"west": {"uv": [16, 0, 0, 16], "texture": "#1"},
				"up": {"uv": [16, 0, 0, 16], "rotation": 180, "texture": "#1"},
				"down": {"uv": [16, 0, 0, 16], "rotation": 180, "texture": "#1"}
			}
		}
	],
	"display": {
		"thirdperson_righthand": {
			"scale": [0.3, 0.26, 0.22]
		},
		"thirdperson_lefthand": {
			"scale": [0.35, 0.31, 0.31]
		},
		"firstperson_righthand": {
			"scale": [0, 0, 0]
		},
		"firstperson_lefthand": {
			"scale": [0, 0, 0]
		},
		"gui": {
			"rotation": [23, -113, 0],
			"translation": [0, 0.25, 0],
			"scale": [0.65, 0.74, 0.66]
		}
	},
	"groups": [
		{
			"name": "group",
			"origin": [8, 8, 8],
			"color": 0,
			"children": [
				{
					"name": "group",
					"origin": [8, 8, 8],
					"color": 0,
					"children": [0, 1, 2, 3]
				},
				{
					"name": "group",
					"origin": [8, 8, 8],
					"color": 0,
					"children": [
						{
							"name": "group",
							"origin": [-3.25, 16.375, 15.625],
							"color": 0,
							"children": []
						},
						{
							"name": "group",
							"origin": [-3.25, 16.375, 15.625],
							"color": 0,
							"children": []
						},
						{
							"name": "group",
							"origin": [-3.25, 16.375, 15.625],
							"color": 0,
							"children": [4, 5]
						},
						{
							"name": "group",
							"origin": [-3.25, 16.375, 15.625],
							"color": 0,
							"children": []
						},
						{
							"name": "group",
							"origin": [-3.25, 16.375, 15.625],
							"color": 0,
							"children": [6, 7]
						},
						{
							"name": "group",
							"origin": [-3.25, 16.375, 15.625],
							"color": 0,
							"children": [8, 9, 10, 11]
						}
					]
				},
				{
					"name": "group",
					"origin": [8, 8, 8],
					"color": 0,
					"children": [12, 13, 14, 15]
				},
				{
					"name": "group",
					"origin": [8, 8, 8],
					"color": 0,
					"children": [16, 17, 18, 19, 20]
				},
				{
					"name": "group",
					"origin": [8, 8, 8],
					"color": 0,
					"children": [21, 22, 23, 24]
				}
			]
		}
	]
}