{
	"credit": "Made with Blockbench",
	"textures": {
		"0": "block/acacia_planks",
		"3": "block/jungle_planks",
		"4": "block/light_gray_wool",
		"5": "block/sea_lantern",
		"particle": "block/acacia_planks"
	},
	"elements": [
		{
			"from": [13, 14, 3],
			"to": [15, 15, 13],
			"faces": {
				"north": {"uv": [0, 0, 16, 16], "texture": "#4"},
				"east": {"uv": [0, 0, 16, 16], "texture": "#4"},
				"south": {"uv": [0, 0, 16, 16], "texture": "#4"},
				"west": {"uv": [0, 0, 16, 16], "texture": "#4"},
				"up": {"uv": [0, 0, 16, 16], "texture": "#4"},
				"down": {"uv": [0, 0, 16, 16], "texture": "#4"}
			}
		},
		{
			"from": [3, 15, 3],
			"to": [13, 16, 13],
			"faces": {
				"north": {"uv": [0, 0, 16, 16], "texture": "#0"},
				"east": {"uv": [0, 0, 16, 16], "texture": "#0"},
				"south": {"uv": [0, 0, 16, 16], "texture": "#0"},
				"west": {"uv": [0, 0, 16, 16], "texture": "#0"},
				"up": {"uv": [0, 0, 16, 16], "texture": "#0"},
				"down": {"uv": [0, 0, 16, 16], "texture": "#5"}
			}
		},
		{
			"from": [1, 14, 3],
			"to": [3, 15, 13],
			"faces": {
				"north": {"uv": [0, 0, 2, 10], "texture": "#4"},
				"east": {"uv": [0, 0, 2, 10], "texture": "#4"},
				"south": {"uv": [0, 0, 2, 10], "texture": "#4"},
				"west": {"uv": [0, 0, 2, 10], "texture": "#4"},
				"up": {"uv": [0, 0, 2, 10], "texture": "#4"},
				"down": {"uv": [0, 0, 2, 10], "texture": "#4"}
			}
		},
		{
			"from": [0, 16, 0],
			"to": [16, 17, 16],
			"faces": {
				"north": {"uv": [0, 0, 16, 16], "texture": "#3"},
				"east": {"uv": [0, 0, 16, 16], "texture": "#3"},
				"south": {"uv": [0, 0, 16, 16], "texture": "#3"},
				"west": {"uv": [0, 0, 16, 16], "texture": "#3"},
				"up": {"uv": [0, 0, 16, 16], "texture": "#3"},
				"down": {"uv": [0, 0, 16, 16], "texture": "#3"}
			}
		},
		{
			"from": [1, 14, 13],
			"to": [15, 15, 15],
			"faces": {
				"north": {"uv": [0, 0, 16, 16], "texture": "#4"},
				"east": {"uv": [0, 0, 16, 16], "texture": "#4"},
				"south": {"uv": [0, 0, 16, 16], "texture": "#4"},
				"west": {"uv": [0, 0, 16, 16], "texture": "#4"},
				"up": {"uv": [0, 0, 16, 16], "texture": "#4"},
				"down": {"uv": [0, 0, 16, 16], "texture": "#4"}
			}
		},
		{
			"from": [1, 14, 1],
			"to": [15, 15, 3],
			"faces": {
				"north": {"uv": [0, 0, 16, 16], "texture": "#4"},
				"east": {"uv": [0, 0, 16, 16], "texture": "#4"},
				"south": {"uv": [0, 0, 16, 16], "texture": "#4"},
				"west": {"uv": [0, 0, 16, 16], "texture": "#4"},
				"up": {"uv": [0, 0, 16, 16], "texture": "#4"},
				"down": {"uv": [0, 0, 16, 16], "texture": "#4"}
			}
		}
	],
	"display": {
		"thirdperson_righthand": {
			"translation": [0, -4.25, 0],
			"scale": [0.62, 0.62, 0.64]
		},
		"thirdperson_lefthand": {
			"translation": [0, -3.5, 0],
			"scale": [0.51, 0.53, 0.55]
		},
		"firstperson_righthand": {
			"scale": [0, 0, 0]
		},
		"firstperson_lefthand": {
			"scale": [0, 0, 0]
		},
		"gui": {
			"rotation": [-40, -45, 0],
			"translation": [0, -4.25, 0],
			"scale": [0.6, 0.6, 0.57]
		}
	},
	"groups": [
		{
			"name": "group",
			"children": [0, 1, 2, 3, 4, 5]
		}
	]
}