{
	"credit": "Made with Blockbench",
	"ambientocclusion": false,
	"textures": {
		"3_0": "block/piston_top_sticky",
		"3_1": "block/piston_bottom",
		"3_2": "block/piston_side",
		"3_3": "block/piston_side",
		"4_0": "block/piston_top",
		"particle": "block/piston_top",
		"4_1": "block/piston_bottom",
		"4_2": "block/piston_inner",
		"4_3": "block/piston_side",
		"4_4": "block/piston_side"
	},
	"elements": [
		{
			"name": "Main",
			"from": [-1.6, -15.2, 3.2],
			"to": [17.6, 4, 17.6],
			"faces": {
				"north": {"uv": [0, 0, 16, 16], "texture": "#4_0"},
				"east": {"uv": [0, 0, 12, 16], "texture": "#4_1"},
				"south": {"uv": [0, 0, 16, 16], "texture": "#4_2"},
				"west": {"uv": [4, 0, 16, 16], "texture": "#4_1"},
				"up": {"uv": [0, 4, 16, 16], "texture": "#4_3"},
				"down": {"uv": [0, 0, 16, 12], "texture": "#4_3"}
			}
		},
		{
			"name": "Door",
			"from": [-1.6, -14, 0.8],
			"to": [17.6, 3.4, 3.2],
			"faces": {
				"north": {"uv": [0, 0.5, 16, 15], "texture": "#4_0"},
				"east": {"uv": [12, 1, 14, 15.5], "texture": "#4_1"},
				"south": {"uv": [0, 0, 16, 14.5], "texture": "#4_4"},
				"west": {"uv": [2, 1, 4, 15.5], "texture": "#4_1"},
				"up": {"uv": [0, 0, 13, 1], "texture": "#4_0"},
				"down": {"uv": [0, 16, 16, 14], "rotation": 180, "texture": "#4_0"}
			}
		},
		{
			"name": "Handle Left",
			"from": [9.2, -14, -1],
			"to": [10.4, 4, 0.2],
			"faces": {
				"north": {"uv": [6, 0, 7, 15], "texture": "#4_0"},
				"east": {"uv": [6, 0, 7, 15], "texture": "#4_0"},
				"south": {"uv": [6, 0, 7, 15], "texture": "#4_0"},
				"west": {"uv": [6, 0, 7, 15], "texture": "#4_0"},
				"up": {"uv": [7, 0, 8, 1], "texture": "#4_0"},
				"down": {"uv": [7, 13.6, 8, 14.6], "texture": "#4_0"}
			}
		},
		{
			"name": "Handle Right",
			"from": [7.4, -14, -1],
			"to": [8.6, 4, 0.2],
			"faces": {
				"north": {"uv": [7.3, 0, 8.3, 15], "texture": "#4_0"},
				"east": {"uv": [7.3, 0, 8.3, 15], "texture": "#4_0"},
				"south": {"uv": [7.3, 0, 8.3, 15], "rotation": 180, "texture": "#4_0"},
				"west": {"uv": [7.3, 0, 8.3, 15], "texture": "#4_0"},
				"up": {"uv": [7.3, 0, 8.3, 1], "rotation": 180, "texture": "#4_0"},
				"down": {"uv": [7.3, 0, 8.3, 1], "rotation": 180, "texture": "#4_0"}
			}
		},
		{
			"name": "Handle",
			"from": [7.4, -8, 0.2],
			"to": [8.6, -6.8, 0.8],
			"faces": {
				"north": {"uv": [6, 0, 7, 1], "texture": "#4_0"},
				"east": {"uv": [6, 0, 6.5, 1], "texture": "#4_0"},
				"south": {"uv": [6, 0, 7, 1], "texture": "#4_0"},
				"west": {"uv": [6, 0, 6.5, 1], "texture": "#4_0"},
				"up": {"uv": [6, 0, 7, 0.5], "texture": "#4_0"},
				"down": {"uv": [6, 0, 7, 0.5], "texture": "#4_0"}
			}
		},
		{
			"name": "Handle",
			"from": [9.2, -8, 0.2],
			"to": [10.4, -6.8, 0.8],
			"faces": {
				"north": {"uv": [6, 0, 7, 1], "texture": "#4_0"},
				"east": {"uv": [6, 0, 6.5, 1], "texture": "#4_0"},
				"south": {"uv": [6, 0, 7, 1], "texture": "#4_0"},
				"west": {"uv": [6, 0, 6.5, 1], "texture": "#4_0"},
				"up": {"uv": [6, 0, 7, 0.5], "texture": "#4_0"},
				"down": {"uv": [6, 0, 7, 0.5], "texture": "#4_0"}
			}
		},
		{
			"name": "Cube",
			"from": [-1.6, 2.8, 0.8],
			"to": [-0.4, 4, 3.2],
			"faces": {
				"north": {"uv": [15, 0, 16, 1], "texture": "#4_0"},
				"east": {"uv": [0, 11, 2, 12], "texture": "#4_0"},
				"south": {"uv": [0, 0, 1, 1], "texture": "#4_4"},
				"west": {"uv": [2, 0, 4, 1], "texture": "#4_1"},
				"up": {"uv": [15, 13, 16, 15], "rotation": 180, "texture": "#4_3"},
				"down": {"uv": [0, 0, 1, 2], "texture": "#4_4"}
			}
		},
		{
			"name": "Cube",
			"from": [16.4, 2.8, 0.8],
			"to": [17.6, 4, 3.2],
			"faces": {
				"north": {"uv": [0, 0, 1, 1], "texture": "#4_0"},
				"east": {"uv": [12, 0, 14, 1], "texture": "#4_1"},
				"south": {"uv": [0, 0, 1, 1], "texture": "#4_4"},
				"west": {"uv": [0, 11, 2, 12], "texture": "#4_0"},
				"up": {"uv": [0, 2, 1, 4], "texture": "#4_3"},
				"down": {"uv": [0, 0, 1, 2], "texture": "#4_4"}
			}
		},
		{
			"name": "Cube",
			"from": [6.8, 2.8, 0.8],
			"to": [10.4, 4, 3.2],
			"faces": {
				"north": {"uv": [6, 0, 9, 1], "texture": "#4_0"},
				"east": {"uv": [0, 11, 2, 12], "rotation": 180, "texture": "#4_0"},
				"south": {"uv": [0, 0, 3, 1], "texture": "#4_4"},
				"west": {"uv": [0, 11, 2, 12], "texture": "#4_0"},
				"up": {"uv": [7, 4, 10, 2], "rotation": 180, "texture": "#4_3"},
				"down": {"uv": [0, 0, 3, 2], "texture": "#4_4"}
			}
		},
		{
			"name": "Cube",
			"from": [-0.4, 2.8, 2],
			"to": [6.8, 4, 3.2],
			"faces": {
				"north": {"uv": [9, 0, 15, 1], "texture": "#4_0"},
				"east": {"uv": [0, 0, 1, 1], "texture": "#4_4"},
				"south": {"uv": [0, 0, 6, 1], "texture": "#4_4"},
				"west": {"uv": [0, 0, 1, 1], "texture": "#4_4"},
				"up": {"uv": [9, 3, 15, 4], "texture": "#4_3"},
				"down": {"uv": [0, 0, 6, 1], "texture": "#4_4"}
			}
		},
		{
			"name": "Bottom",
			"from": [-1.6, -15.2, 2],
			"to": [17.6, -14, 3.2],
			"faces": {
				"north": {"uv": [0, 15, 16, 16], "texture": "#4_0"},
				"east": {"uv": [12, 15, 13, 16], "texture": "#4_1"},
				"south": {"uv": [0, 0, 16, 1], "texture": "#4_4"},
				"west": {"uv": [3, 15, 4, 16], "texture": "#4_1"},
				"up": {"uv": [0, 0, 16, 1], "texture": "#4_4"},
				"down": {"uv": [0, 4, 16, 5], "texture": "#4_3"}
			}
		},
		{
			"name": "Main",
			"from": [-1.6, 4, 3.2],
			"to": [17.6, 23.2, 17.6],
			"faces": {
				"north": {"uv": [0, 0, 16, 16], "texture": "#3_0"},
				"east": {"uv": [0, 0, 12, 16], "texture": "#3_1"},
				"south": {"uv": [0, 0, 16, 16], "texture": "#3_1"},
				"west": {"uv": [4, 0, 16, 16], "texture": "#3_1"},
				"up": {"uv": [0, 4, 16, 16], "texture": "#3_2"},
				"down": {"uv": [0, 0, 16, 12], "texture": "#3_2"}
			}
		},
		{
			"name": "Right Side",
			"from": [-1.6, 4, 0.8],
			"to": [-0.4, 12.4, 3.2],
			"faces": {
				"north": {"uv": [15, 9, 16, 16], "texture": "#3_0"},
				"east": {"uv": [14, 0, 16, 7], "texture": "#3_0"},
				"south": {"uv": [0, 0, 1, 7], "texture": "#3_3"},
				"west": {"uv": [2, 9, 4, 16], "texture": "#3_1"},
				"up": {"uv": [0, 0, 1, 2], "texture": "#3_3"},
				"down": {"uv": [0, 4, 1, 6], "texture": "#3_2"}
			}
		},
		{
			"name": "Left Side",
			"from": [16.4, 4, 0.8],
			"to": [17.6, 12.4, 3.2],
			"faces": {
				"north": {"uv": [0, 9, 1, 16], "texture": "#3_0"},
				"east": {"uv": [12, 9, 14, 16], "texture": "#3_1"},
				"south": {"uv": [0, 0, 1, 7], "texture": "#3_3"},
				"west": {"uv": [14, 0, 16, 7], "texture": "#3_0"},
				"up": {"uv": [0, 0, 1, 2], "texture": "#3_3"},
				"down": {"uv": [0, 12, 1, 14], "texture": "#3_2"}
			}
		},
		{
			"name": "Front Upper",
			"from": [-1.6, 12.4, 0.8],
			"to": [17.6, 23.2, 3.2],
			"faces": {
				"north": {"uv": [0, 0, 16, 9], "texture": "#3_0"},
				"east": {"uv": [12, 0, 14, 9], "texture": "#3_1"},
				"south": {"uv": [0, 0, 16, 9], "texture": "#3_3"},
				"west": {"uv": [2, 0, 4, 9], "texture": "#3_1"},
				"up": {"uv": [0, 2, 16, 4], "texture": "#3_2"},
				"down": {"uv": [16, 0, 8, 2], "texture": "#3_0"}
			}
		},
		{
			"name": "Handle Right",
			"from": [7.4, 4, -1],
			"to": [8.6, 23.2, 0.2],
			"faces": {
				"north": {"uv": [7.3, 0, 8.3, 16], "texture": "#3_0"},
				"east": {"uv": [7.3, 0, 8.3, 16], "texture": "#3_0"},
				"south": {"uv": [7.3, 0, 8.3, 16], "texture": "#3_0"},
				"west": {"uv": [7.3, 0, 8.3, 16], "texture": "#3_0"},
				"up": {"uv": [0, 0, 1, 1], "texture": "#3_0"},
				"down": {"uv": [0, 0, 1, 1], "texture": "#3_0"}
			}
		},
		{
			"name": "Handle Left",
			"from": [9.2, 4, -1],
			"to": [10.4, 23.2, 0.2],
			"faces": {
				"north": {"uv": [6, 0, 7, 16], "texture": "#3_0"},
				"east": {"uv": [6, 0, 7, 16], "texture": "#3_0"},
				"south": {"uv": [6, 0, 7, 16], "texture": "#3_0"},
				"west": {"uv": [6, 0, 7, 16], "texture": "#3_0"},
				"up": {"uv": [0, 0, 1, 1], "texture": "#3_0"},
				"down": {"uv": [0, 0, 1, 1], "texture": "#3_0"}
			}
		},
		{
			"name": "Front Lower",
			"from": [6.8, 4, 0.8],
			"to": [10.4, 12.4, 3.2],
			"faces": {
				"north": {"uv": [6, 9, 9, 16], "texture": "#3_0"},
				"east": {"uv": [14, 0, 16, 7], "texture": "#3_0"},
				"south": {"uv": [0, 0, 3, 7], "texture": "#3_3"},
				"west": {"uv": [14, 0, 16, 7], "texture": "#3_0"},
				"up": {"uv": [0, 0, 3, 2], "texture": "#3_3"},
				"down": {"uv": [6, 11, 9, 13], "texture": "#3_2"}
			}
		},
		{
			"name": "Ice Top",
			"from": [10.4, 10, 2],
			"to": [16.4, 12.4, 3.2],
			"faces": {
				"north": {"uv": [1, 9, 6, 11], "texture": "#3_0"},
				"east": {"uv": [0, 0, 1, 2], "texture": "#3_3"},
				"south": {"uv": [0, 0, 5, 2], "texture": "#3_3"},
				"west": {"uv": [0, 0, 1, 2], "texture": "#3_3"},
				"up": {"uv": [0, 0, 5, 1], "texture": "#3_3"},
				"down": {"uv": [0.8, 10.5, 5.8, 11.5], "texture": "#3_0"}
			}
		},
		{
			"name": "Tray",
			"from": [-0.4, 4, 1.28],
			"to": [6.8, 12.4, 2.48],
			"faces": {
				"north": {"uv": [9, 9, 15, 16], "texture": "#3_0"},
				"east": {"uv": [0, 0, 1, 7], "texture": "#3_3"},
				"south": {"uv": [0, 0, 6, 7], "texture": "#3_3"},
				"west": {"uv": [0, 0, 1, 7], "texture": "#3_3"},
				"up": {"uv": [0, 0, 6, 1], "texture": "#3_3"},
				"down": {"uv": [9, 12, 15, 13], "texture": "#3_2"}
			}
		},
		{
			"name": "Tray Handle",
			"from": [2.24, 10.6, 0.8],
			"to": [4.64, 11.8, 2],
			"faces": {
				"north": {"uv": [10.7, 9.3, 12.7, 10.3], "texture": "#3_0"},
				"east": {"uv": [0, 0, 1, 1], "texture": "#3_0"},
				"south": {"uv": [0, 0, 2, 1], "texture": "#3_3"},
				"west": {"uv": [0, 0, 1, 1], "texture": "#3_0"},
				"up": {"uv": [0, 0, 2, 1], "texture": "#3_0"},
				"down": {"uv": [0, 0, 2, 1], "texture": "#3_0"}
			}
		},
		{
			"name": "Handle",
			"from": [7.4, 16, 0.2],
			"to": [8.6, 17.2, 0.8],
			"faces": {
				"north": {"uv": [0, 0, 1, 1], "texture": "#3_0"},
				"east": {"uv": [0, 0, 0.5, 1], "texture": "#3_0"},
				"south": {"uv": [0, 0, 1, 1], "texture": "#3_0"},
				"west": {"uv": [0, 0, 0.5, 1], "texture": "#3_0"},
				"up": {"uv": [0, 0, 1, 1], "texture": "#3_0"},
				"down": {"uv": [0, 0, 4, 2], "texture": "#3_0"}
			}
		},
		{
			"name": "Handle",
			"from": [9.2, 16, 0.2],
			"to": [10.4, 17.2, 0.8],
			"faces": {
				"north": {"uv": [0, 0, 1, 1], "texture": "#3_0"},
				"east": {"uv": [0, 0, 0.5, 1], "texture": "#3_0"},
				"south": {"uv": [0, 0, 1, 1], "texture": "#3_0"},
				"west": {"uv": [0, 0, 1, 1], "texture": "#3_0"},
				"up": {"uv": [0, 0, 1, 0.5], "texture": "#3_0"},
				"down": {"uv": [0, 0, 1, 0.5], "texture": "#3_0"}
			}
		}
	],
	"display": {
		"thirdperson_righthand": {
			"translation": [-5.25, 0, 0],
			"scale": [0, 0, 0]
		},
		"thirdperson_lefthand": {
			"scale": [0, 0, 0]
		},
		"firstperson_righthand": {
			"scale": [0, 0, 0]
		},
		"firstperson_lefthand": {
			"scale": [0, 0, 0]
		},
		"gui": {
			"rotation": [5, 146, 0],
			"translation": [3.5, 1, 0],
			"scale": [0.34, 0.34, 0.3]
		},
		"fixed": {
			"rotation": [-90, 0, 0],
			"translation": [0, 0, -15],
			"scale": [2.7, 2.7, 2]
		}
	},
	"groups": [
		{
			"name": "group",
			"children": [
				{
					"name": "piston_normal",
					"children": [0, 1, 2, 3, 4, 5, 6, 7, 8, 9, 10]
				},
				{
					"name": "sticky_piston",
					"children": [11, 12, 13, 14, 15, 16, 17, 18, 19, 20, 21, 22]
				}
			]
		}
	]
}