{
	"credit": "Made with Blockbench",
	"textures": {
		"0": "block/mossy_cobblestone",
		"particle": "block/mossy_cobblestone"
	},
	"elements": [
		{
			"from": [0, 0, 0],
			"to": [16, 4, 5],
			"faces": {
				"north": {"uv": [0.75, 0.75, 15.375, 5.25], "texture": "#0"},
				"east": {"uv": [4.375, 6, 9.625, 10.125], "texture": "#0"},
				"south": {"uv": [0.75, 0.75, 15.375, 5.25], "texture": "#0"},
				"west": {"uv": [0.75, 0.75, 5.25, 4.25], "texture": "#0"},
				"up": {"uv": [0.75, 0.75, 15.375, 5.25], "texture": "#0"},
				"down": {"uv": [0.75, 0.75, 15.375, 5.25], "texture": "#0"}
			}
		}
	]
}