{
	"credit": "Made with Blockbench",
	"textures": {
		"0": "block/beetroots_stage1",
		"particle": "block/beetroots_stage1"
	},
	"elements": [
		{
			"from": [0, 0, 6],
			"to": [14, 4, 6],
			"rotation": {"angle": 22.5, "axis": "y", "origin": [0, 0, 1]},
			"faces": {
				"north": {"uv": [0, 7.25, 16, 13.5], "texture": "#0"},
				"east": {"uv": [0, 7.25, 16, 13.5], "texture": "#0"},
				"south": {"uv": [0, 7.25, 16, 13.5], "texture": "#0"},
				"west": {"uv": [0, 7.25, 16, 13.5], "texture": "#0"},
				"up": {"uv": [0, 7.25, 16, 13.5], "texture": "#0"},
				"down": {"uv": [0, 7.25, 16, 13.5], "texture": "#0"}
			}
		},
		{
			"from": [-8, 0, 6],
			"to": [6, 4, 6],
			"rotation": {"angle": 22.5, "axis": "y", "origin": [-8, 0, 1]},
			"faces": {
				"north": {"uv": [0, 7.25, 16, 13.5], "texture": "#0"},
				"east": {"uv": [0, 7.25, 16, 13.5], "texture": "#0"},
				"south": {"uv": [0, 7.25, 16, 13.5], "texture": "#0"},
				"west": {"uv": [0, 7.25, 16, 13.5], "texture": "#0"},
				"up": {"uv": [0, 7.25, 16, 13.5], "texture": "#0"},
				"down": {"uv": [0, 7.25, 16, 13.5], "texture": "#0"}
			}
		},
		{
			"from": [-8, 0, 12],
			"to": [6, 4, 12],
			"rotation": {"angle": 22.5, "axis": "y", "origin": [-8, 0, 7]},
			"faces": {
				"north": {"uv": [0, 7.25, 16, 13.5], "texture": "#0"},
				"east": {"uv": [0, 7.25, 16, 13.5], "texture": "#0"},
				"south": {"uv": [0, 7.25, 16, 13.5], "texture": "#0"},
				"west": {"uv": [0, 7.25, 16, 13.5], "texture": "#0"},
				"up": {"uv": [0, 7.25, 16, 13.5], "texture": "#0"},
				"down": {"uv": [0, 7.25, 16, 13.5], "texture": "#0"}
			}
		},
		{
			"from": [5, 0, 12],
			"to": [19, 4, 12],
			"rotation": {"angle": 22.5, "axis": "y", "origin": [5, 0, 7]},
			"faces": {
				"north": {"uv": [0, 7.25, 16, 13.5], "texture": "#0"},
				"east": {"uv": [0, 7.25, 16, 13.5], "texture": "#0"},
				"south": {"uv": [0, 7.25, 16, 13.5], "texture": "#0"},
				"west": {"uv": [0, 7.25, 16, 13.5], "texture": "#0"},
				"up": {"uv": [0, 7.25, 16, 13.5], "texture": "#0"},
				"down": {"uv": [0, 7.25, 16, 13.5], "texture": "#0"}
			}
		},
		{
			"from": [5, 0, 6],
			"to": [19, 4, 6],
			"rotation": {"angle": 22.5, "axis": "y", "origin": [5, 0, 1]},
			"faces": {
				"north": {"uv": [0, 7.25, 16, 13.5], "texture": "#0"},
				"east": {"uv": [0, 7.25, 16, 13.5], "texture": "#0"},
				"south": {"uv": [0, 7.25, 16, 13.5], "texture": "#0"},
				"west": {"uv": [0, 7.25, 16, 13.5], "texture": "#0"},
				"up": {"uv": [0, 7.25, 16, 13.5], "texture": "#0"},
				"down": {"uv": [0, 7.25, 16, 13.5], "texture": "#0"}
			}
		},
		{
			"from": [0, 0, 11],
			"to": [14, 4, 11],
			"rotation": {"angle": 22.5, "axis": "y", "origin": [0, 0, 6]},
			"faces": {
				"north": {"uv": [0, 7.25, 16, 13.5], "texture": "#0"},
				"east": {"uv": [0, 7.25, 16, 13.5], "texture": "#0"},
				"south": {"uv": [0, 7.25, 16, 13.5], "texture": "#0"},
				"west": {"uv": [0, 7.25, 16, 13.5], "texture": "#0"},
				"up": {"uv": [0, 7.25, 16, 13.5], "texture": "#0"},
				"down": {"uv": [0, 7.25, 16, 13.5], "texture": "#0"}
			}
		},
		{
			"from": [0, 0, 16],
			"to": [14, 4, 16],
			"rotation": {"angle": 22.5, "axis": "y", "origin": [0, 0, 11]},
			"faces": {
				"north": {"uv": [0, 7.25, 16, 13.5], "texture": "#0"},
				"east": {"uv": [0, 7.25, 16, 13.5], "texture": "#0"},
				"south": {"uv": [0, 7.25, 16, 13.5], "texture": "#0"},
				"west": {"uv": [0, 7.25, 16, 13.5], "texture": "#0"},
				"up": {"uv": [0, 7.25, 16, 13.5], "texture": "#0"},
				"down": {"uv": [0, 7.25, 16, 13.5], "texture": "#0"}
			}
		},
		{
			"from": [4, 0, 11],
			"to": [18, 4, 11],
			"rotation": {"angle": -22.5, "axis": "y", "origin": [4, 0, 6]},
			"faces": {
				"north": {"uv": [0, 7.25, 16, 13.5], "texture": "#0"},
				"east": {"uv": [0, 7.25, 16, 13.5], "texture": "#0"},
				"south": {"uv": [0, 7.25, 16, 13.5], "texture": "#0"},
				"west": {"uv": [0, 7.25, 16, 13.5], "texture": "#0"},
				"up": {"uv": [0, 7.25, 16, 13.5], "texture": "#0"},
				"down": {"uv": [0, 7.25, 16, 13.5], "texture": "#0"}
			}
		},
		{
			"from": [4, 0, 6],
			"to": [18, 4, 6],
			"rotation": {"angle": -22.5, "axis": "y", "origin": [4, 0, 1]},
			"faces": {
				"north": {"uv": [0, 7.25, 16, 13.5], "texture": "#0"},
				"east": {"uv": [0, 7.25, 16, 13.5], "texture": "#0"},
				"south": {"uv": [0, 7.25, 16, 13.5], "texture": "#0"},
				"west": {"uv": [0, 7.25, 16, 13.5], "texture": "#0"},
				"up": {"uv": [0, 7.25, 16, 13.5], "texture": "#0"},
				"down": {"uv": [0, 7.25, 16, 13.5], "texture": "#0"}
			}
		},
		{
			"from": [4, 0, 1],
			"to": [18, 4, 1],
			"rotation": {"angle": -22.5, "axis": "y", "origin": [4, 0, -4]},
			"faces": {
				"north": {"uv": [0, 7.25, 16, 13.5], "texture": "#0"},
				"east": {"uv": [0, 7.25, 16, 13.5], "texture": "#0"},
				"south": {"uv": [0, 7.25, 16, 13.5], "texture": "#0"},
				"west": {"uv": [0, 7.25, 16, 13.5], "texture": "#0"},
				"up": {"uv": [0, 7.25, 16, 13.5], "texture": "#0"},
				"down": {"uv": [0, 7.25, 16, 13.5], "texture": "#0"}
			}
		},
		{
			"from": [-3, 0, 1],
			"to": [11, 4, 1],
			"rotation": {"angle": -22.5, "axis": "y", "origin": [-3, 0, -4]},
			"faces": {
				"north": {"uv": [0, 7.25, 16, 13.5], "texture": "#0"},
				"east": {"uv": [0, 7.25, 16, 13.5], "texture": "#0"},
				"south": {"uv": [0, 7.25, 16, 13.5], "texture": "#0"},
				"west": {"uv": [0, 7.25, 16, 13.5], "texture": "#0"},
				"up": {"uv": [0, 7.25, 16, 13.5], "texture": "#0"},
				"down": {"uv": [0, 7.25, 16, 13.5], "texture": "#0"}
			}
		},
		{
			"from": [-3, 0, 9],
			"to": [11, 4, 9],
			"rotation": {"angle": -22.5, "axis": "y", "origin": [-3, 0, 4]},
			"faces": {
				"north": {"uv": [0, 7.25, 16, 13.5], "texture": "#0"},
				"east": {"uv": [0, 7.25, 16, 13.5], "texture": "#0"},
				"south": {"uv": [0, 7.25, 16, 13.5], "texture": "#0"},
				"west": {"uv": [0, 7.25, 16, 13.5], "texture": "#0"},
				"up": {"uv": [0, 7.25, 16, 13.5], "texture": "#0"},
				"down": {"uv": [0, 7.25, 16, 13.5], "texture": "#0"}
			}
		},
		{
			"from": [-3, 0, 5],
			"to": [11, 4, 5],
			"rotation": {"angle": -22.5, "axis": "y", "origin": [-3, 0, 0]},
			"faces": {
				"north": {"uv": [0, 7.25, 16, 13.5], "texture": "#0"},
				"east": {"uv": [0, 7.25, 16, 13.5], "texture": "#0"},
				"south": {"uv": [0, 7.25, 16, 13.5], "texture": "#0"},
				"west": {"uv": [0, 7.25, 16, 13.5], "texture": "#0"},
				"up": {"uv": [0, 7.25, 16, 13.5], "texture": "#0"},
				"down": {"uv": [0, 7.25, 16, 13.5], "texture": "#0"}
			}
		},
		{
			"from": [9, 0, 5],
			"to": [23, 4, 5],
			"rotation": {"angle": -22.5, "axis": "y", "origin": [9, 0, 0]},
			"faces": {
				"north": {"uv": [0, 7.25, 16, 13.5], "texture": "#0"},
				"east": {"uv": [0, 7.25, 16, 13.5], "texture": "#0"},
				"south": {"uv": [0, 7.25, 16, 13.5], "texture": "#0"},
				"west": {"uv": [0, 7.25, 16, 13.5], "texture": "#0"},
				"up": {"uv": [0, 7.25, 16, 13.5], "texture": "#0"},
				"down": {"uv": [0, 7.25, 16, 13.5], "texture": "#0"}
			}
		},
		{
			"from": [9, 0, 0],
			"to": [23, 4, 0],
			"rotation": {"angle": -22.5, "axis": "y", "origin": [9, 0, -5]},
			"faces": {
				"north": {"uv": [0, 7.25, 16, 13.5], "texture": "#0"},
				"east": {"uv": [0, 7.25, 16, 13.5], "texture": "#0"},
				"south": {"uv": [0, 7.25, 16, 13.5], "texture": "#0"},
				"west": {"uv": [0, 7.25, 16, 13.5], "texture": "#0"},
				"up": {"uv": [0, 7.25, 16, 13.5], "texture": "#0"},
				"down": {"uv": [0, 7.25, 16, 13.5], "texture": "#0"}
			}
		},
		{
			"from": [9, 0, 11],
			"to": [23, 4, 11],
			"rotation": {"angle": -22.5, "axis": "y", "origin": [9, 0, 6]},
			"faces": {
				"north": {"uv": [0, 7.25, 16, 13.5], "texture": "#0"},
				"east": {"uv": [0, 7.25, 16, 13.5], "texture": "#0"},
				"south": {"uv": [0, 7.25, 16, 13.5], "texture": "#0"},
				"west": {"uv": [0, 7.25, 16, 13.5], "texture": "#0"},
				"up": {"uv": [0, 7.25, 16, 13.5], "texture": "#0"},
				"down": {"uv": [0, 7.25, 16, 13.5], "texture": "#0"}
			}
		},
		{
			"from": [0, 0, 13],
			"to": [14, 4, 13],
			"rotation": {"angle": -22.5, "axis": "y", "origin": [0, 0, 8]},
			"faces": {
				"north": {"uv": [0, 7.25, 16, 13.5], "texture": "#0"},
				"east": {"uv": [0, 7.25, 16, 13.5], "texture": "#0"},
				"south": {"uv": [0, 7.25, 16, 13.5], "texture": "#0"},
				"west": {"uv": [0, 7.25, 16, 13.5], "texture": "#0"},
				"up": {"uv": [0, 7.25, 16, 13.5], "texture": "#0"},
				"down": {"uv": [0, 7.25, 16, 13.5], "texture": "#0"}
			}
		},
		{
			"from": [0, 0, -2],
			"to": [14, 4, -2],
			"rotation": {"angle": -22.5, "axis": "y", "origin": [0, 0, -7]},
			"faces": {
				"north": {"uv": [0, 7.25, 16, 13.5], "texture": "#0"},
				"east": {"uv": [0, 7.25, 16, 13.5], "texture": "#0"},
				"south": {"uv": [0, 7.25, 16, 13.5], "texture": "#0"},
				"west": {"uv": [0, 7.25, 16, 13.5], "texture": "#0"},
				"up": {"uv": [0, 7.25, 16, 13.5], "texture": "#0"},
				"down": {"uv": [0, 7.25, 16, 13.5], "texture": "#0"}
			}
		}
	],
	"display": {
		"thirdperson_righthand": {
			"scale": [0.23, 0.23, 0.23]
		},
		"thirdperson_lefthand": {
			"scale": [0.23, 0.23, 0.23]
		},
		"firstperson_righthand": {
			"scale": [0.23, 0.23, 0.23]
		},
		"firstperson_lefthand": {
			"scale": [0.23, 0.23, 0.23]
		},
		"gui": {
			"rotation": [43, 0, 0],
			"translation": [1, 2.75, 0],
			"scale": [0.64, 0.65, 0.65]
		}
	}
}