{
	"credit": "Made with Blockbench",
	"textures": {
		"0": "block/jungle_planks",
		"particle": "block/jungle_planks"
	},
	"elements": [
		{
			"from": [6, 0, 6],
			"to": [10, 16, 10],
			"rotation": {"angle": 0, "axis": "x", "origin": [-5, 15, 14]},
			"faces": {
				"north": {"uv": [0, 0, 16, 16], "rotation": 270, "texture": "#0"},
				"east": {"uv": [0, 0, 16, 16], "rotation": 180, "texture": "#0"},
				"south": {"uv": [0, 0, 16, 16], "rotation": 90, "texture": "#0"},
				"west": {"uv": [0, 0, 16, 16], "texture": "#0"},
				"up": {"uv": [0, 0, 16, 16], "rotation": 90, "texture": "#0"},
				"down": {"uv": [0, 0, 16, 16], "rotation": 270, "texture": "#0"}
			}
		}
	],
	"display": {
		"thirdperson_righthand": {
			"scale": [0.13, 0.12, 0.13]
		},
		"thirdperson_lefthand": {
			"scale": [0.13, 0.12, 0.13]
		},
		"firstperson_righthand": {
			"scale": [0.13, 0.12, 0.13]
		},
		"firstperson_lefthand": {
			"scale": [0.13, 0.12, 0.13]
		},
		"ground": {
			"scale": [0.13, 0.12, 0.13]
		},
		"gui": {
			"rotation": [37, 142, 90],
			"scale": [0.9, 0.9, 0.9]
		},
		"head": {
			"scale": [0.13, 0.12, 0.13]
		},
		"fixed": {
			"translation": [0, 0, -15],
			"scale": [2, 2, 2]
		}
	}
}