{
	"credit": "Made with Blockbench",
	"textures": {
		"0": "block/mossy_cobblestone",
		"particle": "block/mossy_cobblestone"
	},
	"elements": [
		{
			"from": [0, 0, 0],
			"to": [5, 4, 16],
			"faces": {
				"north": {"uv": [0.75, 11.25, 5.125, 14.75], "texture": "#0"},
				"east": {"uv": [0.75, 0.75, 13.5, 4], "texture": "#0"},
				"south": {"uv": [0.75, 0.75, 5.125, 5.875], "texture": "#0"},
				"west": {"uv": [0.75, 0.75, 13.75, 4], "texture": "#0"},
				"up": {"uv": [0.75, 0.75, 5.125, 14.75], "texture": "#0"},
				"down": {"uv": [0.75, 0.75, 5.125, 14.75], "texture": "#0"}
			}
		}
	]
}