{
	"credit": "Made with Blockbench",
	"textures": {
		"15": "block/oak_trapdoor",
		"21": "block/orange_wool",
		"particle": "block/mossy_cobblestone"
	},
	"elements": [
		{
			"from": [6, 1, 0],
			"to": [9.52, 4.88, 0.88],
			"rotation": {"angle": 0, "axis": "y", "origin": [3.36, 1, 0]},
			"faces": {
				"north": {"uv": [0, 0, 16, 16], "texture": "#21"},
				"east": {"uv": [0, 0, 16, 16], "texture": "#21"},
				"south": {"uv": [0, 0, 16, 16], "texture": "#21"},
				"west": {"uv": [0, 0, 16, 16], "texture": "#21"},
				"up": {"uv": [0, 0, 16, 16], "texture": "#21"},
				"down": {"uv": [0, 0, 16, 16], "texture": "#21"}
			}
		},
		{
			"from": [-0.6, 1, 6.6],
			"to": [0.28, 4.88, 10.12],
			"rotation": {"angle": 0, "axis": "y", "origin": [0.72, 1, 4.4]},
			"faces": {
				"north": {"uv": [0, 0, 16, 16], "rotation": 90, "texture": "#21"},
				"east": {"uv": [0, 0, 16, 16], "rotation": 90, "texture": "#21"},
				"south": {"uv": [0, 0, 16, 16], "rotation": 90, "texture": "#21"},
				"west": {"uv": [0, 0, 16, 16], "rotation": 90, "texture": "#21"},
				"up": {"uv": [0, 0, 16, 16], "rotation": 90, "texture": "#21"},
				"down": {"uv": [0, 0, 16, 16], "rotation": 90, "texture": "#21"}
			}
		},
		{
			"from": [15.24, 1, 6.6],
			"to": [16.12, 4.88, 10.12],
			"rotation": {"angle": 0, "axis": "y", "origin": [16.56, 1, 4.4]},
			"faces": {
				"north": {"uv": [0, 0, 16, 16], "rotation": 90, "texture": "#21"},
				"east": {"uv": [0, 0, 16, 16], "rotation": 90, "texture": "#21"},
				"south": {"uv": [0, 0, 16, 16], "rotation": 90, "texture": "#21"},
				"west": {"uv": [0, 0, 16, 16], "rotation": 90, "texture": "#21"},
				"up": {"uv": [0, 0, 16, 16], "rotation": 90, "texture": "#21"},
				"down": {"uv": [0, 0, 16, 16], "rotation": 90, "texture": "#21"}
			}
		},
		{
			"from": [9.52, 1, 0],
			"to": [13.04, 4.88, 0.88],
			"rotation": {"angle": -22.5, "axis": "y", "origin": [9.52, 1, 0]},
			"faces": {
				"north": {"uv": [0, 0, 16, 16], "texture": "#21"},
				"east": {"uv": [0, 0, 16, 16], "texture": "#21"},
				"south": {"uv": [0, 0, 16, 16], "texture": "#21"},
				"west": {"uv": [0, 0, 16, 16], "texture": "#21"},
				"up": {"uv": [0, 0, 16, 16], "texture": "#21"},
				"down": {"uv": [0, 0, 16, 16], "texture": "#21"}
			}
		},
		{
			"from": [13.04, 1, 0.88],
			"to": [16.56, 4.88, 1.76],
			"rotation": {"angle": -45, "axis": "y", "origin": [12.16, 1, 0.88]},
			"faces": {
				"north": {"uv": [0, 0, 16, 16], "texture": "#21"},
				"east": {"uv": [0, 0, 16, 16], "texture": "#21"},
				"south": {"uv": [0, 0, 16, 16], "texture": "#21"},
				"west": {"uv": [0, 0, 16, 16], "texture": "#21"},
				"up": {"uv": [0, 0, 16, 16], "texture": "#21"},
				"down": {"uv": [0, 0, 16, 16], "texture": "#21"}
			}
		},
		{
			"from": [13.92, 1, 3.52],
			"to": [14.8, 4.88, 7.04],
			"rotation": {"angle": 22.5, "axis": "y", "origin": [14.8, 1, 3.52]},
			"faces": {
				"north": {"uv": [0, 0, 16, 16], "rotation": 90, "texture": "#21"},
				"east": {"uv": [0, 0, 16, 16], "rotation": 90, "texture": "#21"},
				"south": {"uv": [0, 0, 16, 16], "rotation": 90, "texture": "#21"},
				"west": {"uv": [0, 0, 16, 16], "rotation": 90, "texture": "#21"},
				"up": {"uv": [0, 0, 16, 16], "rotation": 90, "texture": "#21"},
				"down": {"uv": [0, 0, 16, 16], "rotation": 90, "texture": "#21"}
			}
		},
		{
			"from": [-1.04, 1, 0.88],
			"to": [2.48, 4.88, 1.76],
			"rotation": {"angle": 45, "axis": "y", "origin": [3.36, 1, 0.88]},
			"faces": {
				"north": {"uv": [0, 0, 16, 16], "texture": "#21"},
				"east": {"uv": [0, 0, 16, 16], "texture": "#21"},
				"south": {"uv": [0, 0, 16, 16], "texture": "#21"},
				"west": {"uv": [0, 0, 16, 16], "texture": "#21"},
				"up": {"uv": [0, 0, 16, 16], "texture": "#21"},
				"down": {"uv": [0, 0, 16, 16], "texture": "#21"}
			}
		},
		{
			"from": [0.72, 1, 3.52],
			"to": [1.6, 4.88, 7.04],
			"rotation": {"angle": -22.5, "axis": "y", "origin": [0.72, 1, 3.52]},
			"faces": {
				"north": {"uv": [0, 0, 16, 16], "rotation": 90, "texture": "#21"},
				"east": {"uv": [0, 0, 16, 16], "rotation": 90, "texture": "#21"},
				"south": {"uv": [0, 0, 16, 16], "rotation": 90, "texture": "#21"},
				"west": {"uv": [0, 0, 16, 16], "rotation": 90, "texture": "#21"},
				"up": {"uv": [0, 0, 16, 16], "rotation": 90, "texture": "#21"},
				"down": {"uv": [0, 0, 16, 16], "rotation": 90, "texture": "#21"}
			}
		},
		{
			"from": [6, 1, 0],
			"to": [9.52, 4.88, 0.88],
			"rotation": {"angle": 0, "axis": "y", "origin": [12.16, 1, 0]},
			"faces": {
				"north": {"uv": [0, 0, 16, 16], "texture": "#21"},
				"east": {"uv": [0, 0, 16, 16], "texture": "#21"},
				"south": {"uv": [0, 0, 16, 16], "texture": "#21"},
				"west": {"uv": [0, 0, 16, 16], "texture": "#21"},
				"up": {"uv": [0, 0, 16, 16], "texture": "#21"},
				"down": {"uv": [0, 0, 16, 16], "texture": "#21"}
			}
		},
		{
			"from": [2.48, 1, 0],
			"to": [6, 4.88, 0.88],
			"rotation": {"angle": 22.5, "axis": "y", "origin": [6, 1, 0]},
			"faces": {
				"north": {"uv": [0, 0, 16, 16], "texture": "#21"},
				"east": {"uv": [0, 0, 16, 16], "texture": "#21"},
				"south": {"uv": [0, 0, 16, 16], "texture": "#21"},
				"west": {"uv": [0, 0, 16, 16], "texture": "#21"},
				"up": {"uv": [0, 0, 16, 16], "texture": "#21"},
				"down": {"uv": [0, 0, 16, 16], "texture": "#21"}
			}
		},
		{
			"from": [13.92, 1, 9.68],
			"to": [14.8, 4.88, 13.2],
			"rotation": {"angle": -22.5, "axis": "y", "origin": [14.8, 1, 13.2]},
			"faces": {
				"north": {"uv": [0, 0, 16, 16], "rotation": 90, "texture": "#21"},
				"east": {"uv": [0, 0, 16, 16], "rotation": 90, "texture": "#21"},
				"south": {"uv": [0, 0, 16, 16], "rotation": 90, "texture": "#21"},
				"west": {"uv": [0, 0, 16, 16], "rotation": 90, "texture": "#21"},
				"up": {"uv": [0, 0, 16, 16], "rotation": 90, "texture": "#21"},
				"down": {"uv": [0, 0, 16, 16], "rotation": 90, "texture": "#21"}
			}
		},
		{
			"from": [13.04, 1, 14.96],
			"to": [16.56, 4.88, 15.84],
			"rotation": {"angle": 45, "axis": "y", "origin": [12.16, 1, 15.84]},
			"faces": {
				"north": {"uv": [0, 0, 16, 16], "texture": "#21"},
				"east": {"uv": [0, 0, 16, 16], "texture": "#21"},
				"south": {"uv": [0, 0, 16, 16], "texture": "#21"},
				"west": {"uv": [0, 0, 16, 16], "texture": "#21"},
				"up": {"uv": [0, 0, 16, 16], "texture": "#21"},
				"down": {"uv": [0, 0, 16, 16], "texture": "#21"}
			}
		},
		{
			"from": [9.52, 1, 15.84],
			"to": [13.04, 4.88, 16.72],
			"rotation": {"angle": 22.5, "axis": "y", "origin": [9.52, 1, 16.72]},
			"faces": {
				"north": {"uv": [0, 0, 16, 16], "texture": "#21"},
				"east": {"uv": [0, 0, 16, 16], "texture": "#21"},
				"south": {"uv": [0, 0, 16, 16], "texture": "#21"},
				"west": {"uv": [0, 0, 16, 16], "texture": "#21"},
				"up": {"uv": [0, 0, 16, 16], "texture": "#21"},
				"down": {"uv": [0, 0, 16, 16], "texture": "#21"}
			}
		},
		{
			"from": [6, 1, 15.84],
			"to": [9.52, 4.88, 16.72],
			"rotation": {"angle": 0, "axis": "y", "origin": [3.36, 1, 16.72]},
			"faces": {
				"north": {"uv": [0, 0, 16, 16], "texture": "#21"},
				"east": {"uv": [0, 0, 16, 16], "texture": "#21"},
				"south": {"uv": [0, 0, 16, 16], "texture": "#21"},
				"west": {"uv": [0, 0, 16, 16], "texture": "#21"},
				"up": {"uv": [0, 0, 16, 16], "texture": "#21"},
				"down": {"uv": [0, 0, 16, 16], "texture": "#21"}
			}
		},
		{
			"from": [2.48, 1, 15.84],
			"to": [6, 4.88, 16.72],
			"rotation": {"angle": -22.5, "axis": "y", "origin": [6, 1, 16.72]},
			"faces": {
				"north": {"uv": [0, 0, 16, 16], "texture": "#21"},
				"east": {"uv": [0, 0, 16, 16], "texture": "#21"},
				"south": {"uv": [0, 0, 16, 16], "texture": "#21"},
				"west": {"uv": [0, 0, 16, 16], "texture": "#21"},
				"up": {"uv": [0, 0, 16, 16], "texture": "#21"},
				"down": {"uv": [0, 0, 16, 16], "texture": "#21"}
			}
		},
		{
			"from": [-1.04, 1, 14.96],
			"to": [2.48, 4.88, 15.84],
			"rotation": {"angle": -45, "axis": "y", "origin": [3.36, 1, 15.84]},
			"faces": {
				"north": {"uv": [0, 0, 16, 16], "texture": "#21"},
				"east": {"uv": [0, 0, 16, 16], "texture": "#21"},
				"south": {"uv": [0, 0, 16, 16], "texture": "#21"},
				"west": {"uv": [0, 0, 16, 16], "texture": "#21"},
				"up": {"uv": [0, 0, 16, 16], "texture": "#21"},
				"down": {"uv": [0, 0, 16, 16], "texture": "#21"}
			}
		},
		{
			"from": [0.72, 1, 9.68],
			"to": [1.6, 4.88, 13.2],
			"rotation": {"angle": 22.5, "axis": "y", "origin": [0.72, 1, 13.2]},
			"faces": {
				"north": {"uv": [0, 0, 16, 16], "rotation": 90, "texture": "#21"},
				"east": {"uv": [0, 0, 16, 16], "rotation": 90, "texture": "#21"},
				"south": {"uv": [0, 0, 16, 16], "rotation": 90, "texture": "#21"},
				"west": {"uv": [0, 0, 16, 16], "rotation": 90, "texture": "#21"},
				"up": {"uv": [0, 0, 16, 16], "rotation": 90, "texture": "#21"},
				"down": {"uv": [0, 0, 16, 16], "rotation": 90, "texture": "#21"}
			}
		},
		{
			"from": [-1.04, 1, 0.88],
			"to": [2.48, 4.88, 1.76],
			"rotation": {"angle": 45, "axis": "y", "origin": [3.36, 1, 0.88]},
			"faces": {
				"north": {"uv": [0, 0, 16, 16], "texture": "#21"},
				"east": {"uv": [0, 0, 16, 16], "texture": "#21"},
				"south": {"uv": [0, 0, 16, 16], "texture": "#21"},
				"west": {"uv": [0, 0, 16, 16], "texture": "#21"},
				"up": {"uv": [0, 0, 16, 16], "texture": "#21"},
				"down": {"uv": [0, 0, 16, 16], "texture": "#21"}
			}
		},
		{
			"from": [0.72, 1, 3.52],
			"to": [1.6, 4.88, 7.04],
			"rotation": {"angle": -22.5, "axis": "y", "origin": [0.72, 1, 3.52]},
			"faces": {
				"north": {"uv": [0, 0, 16, 16], "rotation": 90, "texture": "#21"},
				"east": {"uv": [0, 0, 16, 16], "rotation": 90, "texture": "#21"},
				"south": {"uv": [0, 0, 16, 16], "rotation": 90, "texture": "#21"},
				"west": {"uv": [0, 0, 16, 16], "rotation": 90, "texture": "#21"},
				"up": {"uv": [0, 0, 16, 16], "rotation": 90, "texture": "#21"},
				"down": {"uv": [0, 0, 16, 16], "rotation": 90, "texture": "#21"}
			}
		},
		{
			"from": [6, 1, 0],
			"to": [9.52, 4.88, 0.88],
			"rotation": {"angle": 0, "axis": "y", "origin": [12.16, 1, 0]},
			"faces": {
				"north": {"uv": [0, 0, 16, 16], "texture": "#21"},
				"east": {"uv": [0, 0, 16, 16], "texture": "#21"},
				"south": {"uv": [0, 0, 16, 16], "texture": "#21"},
				"west": {"uv": [0, 0, 16, 16], "texture": "#21"},
				"up": {"uv": [0, 0, 16, 16], "texture": "#21"},
				"down": {"uv": [0, 0, 16, 16], "texture": "#21"}
			}
		},
		{
			"from": [2.48, 1, 0],
			"to": [6, 4.88, 0.88],
			"rotation": {"angle": 22.5, "axis": "y", "origin": [6, 1, 0]},
			"faces": {
				"north": {"uv": [0, 0, 16, 16], "texture": "#21"},
				"east": {"uv": [0, 0, 16, 16], "texture": "#21"},
				"south": {"uv": [0, 0, 16, 16], "texture": "#21"},
				"west": {"uv": [0, 0, 16, 16], "texture": "#21"},
				"up": {"uv": [0, 0, 16, 16], "texture": "#21"},
				"down": {"uv": [0, 0, 16, 16], "texture": "#21"}
			}
		},
		{
			"from": [6, 20.88, 0],
			"to": [9.52, 21.88, 0.88],
			"rotation": {"angle": 0, "axis": "y", "origin": [3.36, -1, 0]},
			"faces": {
				"north": {"uv": [0, 0, 16, 16], "texture": "#15"},
				"east": {"uv": [0, 0, 16, 16], "texture": "#15"},
				"south": {"uv": [0, 0, 16, 16], "texture": "#15"},
				"west": {"uv": [0, 0, 16, 16], "texture": "#15"},
				"up": {"uv": [0, 0, 16, 16], "texture": "#15"},
				"down": {"uv": [0, 0, 16, 16], "texture": "#15"}
			}
		},
		{
			"from": [-0.6, 20.88, 6.6],
			"to": [15.28, 21.88, 10.12],
			"rotation": {"angle": 0, "axis": "y", "origin": [0.72, -1, 4.4]},
			"faces": {
				"north": {"uv": [0, 0, 16, 16], "rotation": 90, "texture": "#15"},
				"east": {"uv": [0, 0, 16, 16], "rotation": 90, "texture": "#15"},
				"south": {"uv": [0, 0, 16, 16], "rotation": 90, "texture": "#15"},
				"west": {"uv": [0, 0, 16, 16], "rotation": 90, "texture": "#15"},
				"up": {"uv": [0, 0, 16, 16], "rotation": 90, "texture": "#15"},
				"down": {"uv": [0, 0, 16, 16], "rotation": 90, "texture": "#15"}
			}
		},
		{
			"from": [15.24, 20.88, 6.6],
			"to": [16.12, 21.88, 10.12],
			"rotation": {"angle": 0, "axis": "y", "origin": [16.56, -1, 4.4]},
			"faces": {
				"north": {"uv": [0, 0, 16, 16], "rotation": 90, "texture": "#15"},
				"east": {"uv": [0, 0, 16, 16], "rotation": 90, "texture": "#15"},
				"south": {"uv": [0, 0, 16, 16], "rotation": 90, "texture": "#15"},
				"west": {"uv": [0, 0, 16, 16], "rotation": 90, "texture": "#15"},
				"up": {"uv": [0, 0, 16, 16], "rotation": 90, "texture": "#15"},
				"down": {"uv": [0, 0, 16, 16], "rotation": 90, "texture": "#15"}
			}
		},
		{
			"from": [9.52, 20.88, 0],
			"to": [13.04, 21.88, 15.88],
			"rotation": {"angle": -22.5, "axis": "y", "origin": [9.52, -1, 0]},
			"faces": {
				"north": {"uv": [0, 0, 16, 16], "texture": "#15"},
				"east": {"uv": [0, 0, 16, 16], "texture": "#15"},
				"south": {"uv": [0, 0, 16, 16], "texture": "#15"},
				"west": {"uv": [0, 0, 16, 16], "texture": "#15"},
				"up": {"uv": [0, 0, 16, 16], "texture": "#15"},
				"down": {"uv": [0, 0, 16, 16], "texture": "#15"}
			}
		},
		{
			"from": [13.04, 20.88, 0.88],
			"to": [16.56, 21.88, 16.76],
			"rotation": {"angle": -45, "axis": "y", "origin": [12.16, -1, 0.88]},
			"faces": {
				"north": {"uv": [0, 0, 16, 16], "texture": "#15"},
				"east": {"uv": [0, 0, 16, 16], "texture": "#15"},
				"south": {"uv": [0, 0, 16, 16], "texture": "#15"},
				"west": {"uv": [0, 0, 16, 16], "texture": "#15"},
				"up": {"uv": [0, 0, 16, 16], "texture": "#15"},
				"down": {"uv": [0, 0, 16, 16], "texture": "#15"}
			}
		},
		{
			"from": [13.92, 20.88, 3.52],
			"to": [14.8, 21.88, 7.04],
			"rotation": {"angle": 22.5, "axis": "y", "origin": [14.8, -1, 3.52]},
			"faces": {
				"north": {"uv": [0, 0, 16, 16], "rotation": 90, "texture": "#15"},
				"east": {"uv": [0, 0, 16, 16], "rotation": 90, "texture": "#15"},
				"south": {"uv": [0, 0, 16, 16], "rotation": 90, "texture": "#15"},
				"west": {"uv": [0, 0, 16, 16], "rotation": 90, "texture": "#15"},
				"up": {"uv": [0, 0, 16, 16], "rotation": 90, "texture": "#15"},
				"down": {"uv": [0, 0, 16, 16], "rotation": 90, "texture": "#15"}
			}
		},
		{
			"from": [-1.04, 20.88, 0.88],
			"to": [2.48, 21.88, 16.76],
			"rotation": {"angle": 45, "axis": "y", "origin": [3.36, -1, 0.88]},
			"faces": {
				"north": {"uv": [0, 0, 16, 16], "texture": "#15"},
				"east": {"uv": [0, 0, 16, 16], "texture": "#15"},
				"south": {"uv": [0, 0, 16, 16], "texture": "#15"},
				"west": {"uv": [0, 0, 16, 16], "texture": "#15"},
				"up": {"uv": [0, 0, 16, 16], "texture": "#15"},
				"down": {"uv": [0, 0, 16, 16], "texture": "#15"}
			}
		},
		{
			"from": [0.72, 20.88, 3.52],
			"to": [1.6, 21.88, 7.04],
			"rotation": {"angle": -22.5, "axis": "y", "origin": [0.72, -1, 3.52]},
			"faces": {
				"north": {"uv": [0, 0, 16, 16], "rotation": 90, "texture": "#15"},
				"east": {"uv": [0, 0, 16, 16], "rotation": 90, "texture": "#15"},
				"south": {"uv": [0, 0, 16, 16], "rotation": 90, "texture": "#15"},
				"west": {"uv": [0, 0, 16, 16], "rotation": 90, "texture": "#15"},
				"up": {"uv": [0, 0, 16, 16], "rotation": 90, "texture": "#15"},
				"down": {"uv": [0, 0, 16, 16], "rotation": 90, "texture": "#15"}
			}
		},
		{
			"from": [6, 20.88, 0],
			"to": [9.52, 21.88, 0.88],
			"rotation": {"angle": 0, "axis": "y", "origin": [12.16, -1, 0]},
			"faces": {
				"north": {"uv": [0, 0, 16, 16], "texture": "#15"},
				"east": {"uv": [0, 0, 16, 16], "texture": "#15"},
				"south": {"uv": [0, 0, 16, 16], "texture": "#15"},
				"west": {"uv": [0, 0, 16, 16], "texture": "#15"},
				"up": {"uv": [0, 0, 16, 16], "texture": "#15"},
				"down": {"uv": [0, 0, 16, 16], "texture": "#15"}
			}
		},
		{
			"from": [2.48, 20.88, 0],
			"to": [6, 21.88, 0.88],
			"rotation": {"angle": 22.5, "axis": "y", "origin": [6, -1, 0]},
			"faces": {
				"north": {"uv": [0, 0, 16, 16], "texture": "#15"},
				"east": {"uv": [0, 0, 16, 16], "texture": "#15"},
				"south": {"uv": [0, 0, 16, 16], "texture": "#15"},
				"west": {"uv": [0, 0, 16, 16], "texture": "#15"},
				"up": {"uv": [0, 0, 16, 16], "texture": "#15"},
				"down": {"uv": [0, 0, 16, 16], "texture": "#15"}
			}
		},
		{
			"from": [-1.08, 20.88, 9.68],
			"to": [14.8, 21.88, 13.2],
			"rotation": {"angle": -22.5, "axis": "y", "origin": [14.8, -1, 13.2]},
			"faces": {
				"north": {"uv": [0, 0, 16, 16], "rotation": 90, "texture": "#15"},
				"east": {"uv": [0, 0, 16, 16], "rotation": 90, "texture": "#15"},
				"south": {"uv": [0, 0, 16, 16], "rotation": 90, "texture": "#15"},
				"west": {"uv": [0, 0, 16, 16], "rotation": 90, "texture": "#15"},
				"up": {"uv": [0, 0, 16, 16], "rotation": 90, "texture": "#15"},
				"down": {"uv": [0, 0, 16, 16], "rotation": 90, "texture": "#15"}
			}
		},
		{
			"from": [13.04, 20.88, 14.96],
			"to": [16.56, 21.88, 15.84],
			"rotation": {"angle": 45, "axis": "y", "origin": [12.16, -1, 15.84]},
			"faces": {
				"north": {"uv": [0, 0, 16, 16], "texture": "#15"},
				"east": {"uv": [0, 0, 16, 16], "texture": "#15"},
				"south": {"uv": [0, 0, 16, 16], "texture": "#15"},
				"west": {"uv": [0, 0, 16, 16], "texture": "#15"},
				"up": {"uv": [0, 0, 16, 16], "texture": "#15"},
				"down": {"uv": [0, 0, 16, 16], "texture": "#15"}
			}
		},
		{
			"from": [9.52, 20.88, 0.84],
			"to": [13.04, 21.88, 16.72],
			"rotation": {"angle": 22.5, "axis": "y", "origin": [9.52, -1, 16.72]},
			"faces": {
				"north": {"uv": [0, 0, 16, 16], "texture": "#15"},
				"east": {"uv": [0, 0, 16, 16], "texture": "#15"},
				"south": {"uv": [0, 0, 16, 16], "texture": "#15"},
				"west": {"uv": [0, 0, 16, 16], "texture": "#15"},
				"up": {"uv": [0, 0, 16, 16], "texture": "#15"},
				"down": {"uv": [0, 0, 16, 16], "texture": "#15"}
			}
		},
		{
			"from": [6, 20.88, 0.84],
			"to": [9.52, 21.88, 16.72],
			"rotation": {"angle": 0, "axis": "y", "origin": [3.36, -1, 16.72]},
			"faces": {
				"north": {"uv": [0, 0, 16, 16], "texture": "#15"},
				"east": {"uv": [0, 0, 16, 16], "texture": "#15"},
				"south": {"uv": [0, 0, 16, 16], "texture": "#15"},
				"west": {"uv": [0, 0, 16, 16], "texture": "#15"},
				"up": {"uv": [0, 0, 16, 16], "texture": "#15"},
				"down": {"uv": [0, 0, 16, 16], "texture": "#15"}
			}
		},
		{
			"from": [2.48, 20.88, 15.84],
			"to": [6, 21.88, 16.72],
			"rotation": {"angle": -22.5, "axis": "y", "origin": [6, -1, 16.72]},
			"faces": {
				"north": {"uv": [0, 0, 16, 16], "texture": "#15"},
				"east": {"uv": [0, 0, 16, 16], "texture": "#15"},
				"south": {"uv": [0, 0, 16, 16], "texture": "#15"},
				"west": {"uv": [0, 0, 16, 16], "texture": "#15"},
				"up": {"uv": [0, 0, 16, 16], "texture": "#15"},
				"down": {"uv": [0, 0, 16, 16], "texture": "#15"}
			}
		},
		{
			"from": [-1.04, 20.88, 14.96],
			"to": [2.48, 21.88, 15.84],
			"rotation": {"angle": -45, "axis": "y", "origin": [3.36, -1, 15.84]},
			"faces": {
				"north": {"uv": [0, 0, 16, 16], "texture": "#15"},
				"east": {"uv": [0, 0, 16, 16], "texture": "#15"},
				"south": {"uv": [0, 0, 16, 16], "texture": "#15"},
				"west": {"uv": [0, 0, 16, 16], "texture": "#15"},
				"up": {"uv": [0, 0, 16, 16], "texture": "#15"},
				"down": {"uv": [0, 0, 16, 16], "texture": "#15"}
			}
		},
		{
			"from": [0.72, 20.88, 9.68],
			"to": [16.6, 21.88, 13.2],
			"rotation": {"angle": 22.5, "axis": "y", "origin": [0.72, -1, 13.2]},
			"faces": {
				"north": {"uv": [0, 0, 16, 16], "rotation": 90, "texture": "#15"},
				"east": {"uv": [0, 0, 16, 16], "rotation": 90, "texture": "#15"},
				"south": {"uv": [0, 0, 16, 16], "rotation": 90, "texture": "#15"},
				"west": {"uv": [0, 0, 16, 16], "rotation": 90, "texture": "#15"},
				"up": {"uv": [0, 0, 16, 16], "rotation": 90, "texture": "#15"},
				"down": {"uv": [0, 0, 16, 16], "rotation": 90, "texture": "#15"}
			}
		},
		{
			"from": [-1.04, 20.88, 0.88],
			"to": [2.48, 21.88, 1.76],
			"rotation": {"angle": 45, "axis": "y", "origin": [3.36, -1, 0.88]},
			"faces": {
				"north": {"uv": [0, 0, 16, 16], "texture": "#15"},
				"east": {"uv": [0, 0, 16, 16], "texture": "#15"},
				"south": {"uv": [0, 0, 16, 16], "texture": "#15"},
				"west": {"uv": [0, 0, 16, 16], "texture": "#15"},
				"up": {"uv": [0, 0, 16, 16], "texture": "#15"},
				"down": {"uv": [0, 0, 16, 16], "texture": "#15"}
			}
		},
		{
			"from": [0.72, 20.88, 3.52],
			"to": [1.6, 21.88, 7.04],
			"rotation": {"angle": -22.5, "axis": "y", "origin": [0.72, -1, 3.52]},
			"faces": {
				"north": {"uv": [0, 0, 16, 16], "rotation": 90, "texture": "#15"},
				"east": {"uv": [0, 0, 16, 16], "rotation": 90, "texture": "#15"},
				"south": {"uv": [0, 0, 16, 16], "rotation": 90, "texture": "#15"},
				"west": {"uv": [0, 0, 16, 16], "rotation": 90, "texture": "#15"},
				"up": {"uv": [0, 0, 16, 16], "rotation": 90, "texture": "#15"},
				"down": {"uv": [0, 0, 16, 16], "rotation": 90, "texture": "#15"}
			}
		},
		{
			"from": [6, 20.88, 0],
			"to": [9.52, 21.88, 0.88],
			"rotation": {"angle": 0, "axis": "y", "origin": [12.16, -1, 0]},
			"faces": {
				"north": {"uv": [0, 0, 16, 16], "texture": "#15"},
				"east": {"uv": [0, 0, 16, 16], "texture": "#15"},
				"south": {"uv": [0, 0, 16, 16], "texture": "#15"},
				"west": {"uv": [0, 0, 16, 16], "texture": "#15"},
				"up": {"uv": [0, 0, 16, 16], "texture": "#15"},
				"down": {"uv": [0, 0, 16, 16], "texture": "#15"}
			}
		},
		{
			"from": [2.48, 20.88, 0],
			"to": [6, 21.88, 0.88],
			"rotation": {"angle": 22.5, "axis": "y", "origin": [6, -1, 0]},
			"faces": {
				"north": {"uv": [0, 0, 16, 16], "texture": "#15"},
				"east": {"uv": [0, 0, 16, 16], "texture": "#15"},
				"south": {"uv": [0, 0, 16, 16], "texture": "#15"},
				"west": {"uv": [0, 0, 16, 16], "texture": "#15"},
				"up": {"uv": [0, 0, 16, 16], "texture": "#15"},
				"down": {"uv": [0, 0, 16, 16], "texture": "#15"}
			}
		},
		{
			"from": [6, -0.12, 0],
			"to": [9.52, 0.88, 0.88],
			"rotation": {"angle": 0, "axis": "y", "origin": [3.36, -22, 0]},
			"faces": {
				"north": {"uv": [0, 0, 16, 16], "texture": "#15"},
				"east": {"uv": [0, 0, 16, 16], "texture": "#15"},
				"south": {"uv": [0, 0, 16, 16], "texture": "#15"},
				"west": {"uv": [0, 0, 16, 16], "texture": "#15"},
				"up": {"uv": [0, 0, 16, 16], "texture": "#15"},
				"down": {"uv": [0, 0, 16, 16], "texture": "#15"}
			}
		},
		{
			"from": [-0.6, -0.12, 6.6],
			"to": [15.28, 0.88, 10.12],
			"rotation": {"angle": 0, "axis": "y", "origin": [0.72, -22, 4.4]},
			"faces": {
				"north": {"uv": [0, 0, 16, 16], "rotation": 90, "texture": "#15"},
				"east": {"uv": [0, 0, 16, 16], "rotation": 90, "texture": "#15"},
				"south": {"uv": [0, 0, 16, 16], "rotation": 90, "texture": "#15"},
				"west": {"uv": [0, 0, 16, 16], "rotation": 90, "texture": "#15"},
				"up": {"uv": [0, 0, 16, 16], "rotation": 90, "texture": "#15"},
				"down": {"uv": [0, 0, 16, 16], "rotation": 90, "texture": "#15"}
			}
		},
		{
			"from": [15.24, -0.12, 6.6],
			"to": [16.12, 0.88, 10.12],
			"rotation": {"angle": 0, "axis": "y", "origin": [16.56, -22, 4.4]},
			"faces": {
				"north": {"uv": [0, 0, 16, 16], "rotation": 90, "texture": "#15"},
				"east": {"uv": [0, 0, 16, 16], "rotation": 90, "texture": "#15"},
				"south": {"uv": [0, 0, 16, 16], "rotation": 90, "texture": "#15"},
				"west": {"uv": [0, 0, 16, 16], "rotation": 90, "texture": "#15"},
				"up": {"uv": [0, 0, 16, 16], "rotation": 90, "texture": "#15"},
				"down": {"uv": [0, 0, 16, 16], "rotation": 90, "texture": "#15"}
			}
		},
		{
			"from": [9.52, -0.12, 0],
			"to": [13.04, 0.88, 15.88],
			"rotation": {"angle": -22.5, "axis": "y", "origin": [9.52, -22, 0]},
			"faces": {
				"north": {"uv": [0, 0, 16, 16], "texture": "#15"},
				"east": {"uv": [0, 0, 16, 16], "texture": "#15"},
				"south": {"uv": [0, 0, 16, 16], "texture": "#15"},
				"west": {"uv": [0, 0, 16, 16], "texture": "#15"},
				"up": {"uv": [0, 0, 16, 16], "texture": "#15"},
				"down": {"uv": [0, 0, 16, 16], "texture": "#15"}
			}
		},
		{
			"from": [13.04, -0.12, 0.88],
			"to": [16.56, 0.88, 16.76],
			"rotation": {"angle": -45, "axis": "y", "origin": [12.16, -22, 0.88]},
			"faces": {
				"north": {"uv": [0, 0, 16, 16], "texture": "#15"},
				"east": {"uv": [0, 0, 16, 16], "texture": "#15"},
				"south": {"uv": [0, 0, 16, 16], "texture": "#15"},
				"west": {"uv": [0, 0, 16, 16], "texture": "#15"},
				"up": {"uv": [0, 0, 16, 16], "texture": "#15"},
				"down": {"uv": [0, 0, 16, 16], "texture": "#15"}
			}
		},
		{
			"from": [13.92, -0.12, 3.52],
			"to": [14.8, 0.88, 7.04],
			"rotation": {"angle": 22.5, "axis": "y", "origin": [14.8, -22, 3.52]},
			"faces": {
				"north": {"uv": [0, 0, 16, 16], "rotation": 90, "texture": "#15"},
				"east": {"uv": [0, 0, 16, 16], "rotation": 90, "texture": "#15"},
				"south": {"uv": [0, 0, 16, 16], "rotation": 90, "texture": "#15"},
				"west": {"uv": [0, 0, 16, 16], "rotation": 90, "texture": "#15"},
				"up": {"uv": [0, 0, 16, 16], "rotation": 90, "texture": "#15"},
				"down": {"uv": [0, 0, 16, 16], "rotation": 90, "texture": "#15"}
			}
		},
		{
			"from": [-1.04, -0.12, 0.88],
			"to": [2.48, 0.88, 16.76],
			"rotation": {"angle": 45, "axis": "y", "origin": [3.36, -22, 0.88]},
			"faces": {
				"north": {"uv": [0, 0, 16, 16], "texture": "#15"},
				"east": {"uv": [0, 0, 16, 16], "texture": "#15"},
				"south": {"uv": [0, 0, 16, 16], "texture": "#15"},
				"west": {"uv": [0, 0, 16, 16], "texture": "#15"},
				"up": {"uv": [0, 0, 16, 16], "texture": "#15"},
				"down": {"uv": [0, 0, 16, 16], "texture": "#15"}
			}
		},
		{
			"from": [0.72, -0.12, 3.52],
			"to": [1.6, 0.88, 7.04],
			"rotation": {"angle": -22.5, "axis": "y", "origin": [0.72, -22, 3.52]},
			"faces": {
				"north": {"uv": [0, 0, 16, 16], "rotation": 90, "texture": "#15"},
				"east": {"uv": [0, 0, 16, 16], "rotation": 90, "texture": "#15"},
				"south": {"uv": [0, 0, 16, 16], "rotation": 90, "texture": "#15"},
				"west": {"uv": [0, 0, 16, 16], "rotation": 90, "texture": "#15"},
				"up": {"uv": [0, 0, 16, 16], "rotation": 90, "texture": "#15"},
				"down": {"uv": [0, 0, 16, 16], "rotation": 90, "texture": "#15"}
			}
		},
		{
			"from": [6, -0.12, 0],
			"to": [9.52, 0.88, 0.88],
			"rotation": {"angle": 0, "axis": "y", "origin": [12.16, -22, 0]},
			"faces": {
				"north": {"uv": [0, 0, 16, 16], "texture": "#15"},
				"east": {"uv": [0, 0, 16, 16], "texture": "#15"},
				"south": {"uv": [0, 0, 16, 16], "texture": "#15"},
				"west": {"uv": [0, 0, 16, 16], "texture": "#15"},
				"up": {"uv": [0, 0, 16, 16], "texture": "#15"},
				"down": {"uv": [0, 0, 16, 16], "texture": "#15"}
			}
		},
		{
			"from": [2.48, -0.12, 0],
			"to": [6, 0.88, 0.88],
			"rotation": {"angle": 22.5, "axis": "y", "origin": [6, -22, 0]},
			"faces": {
				"north": {"uv": [0, 0, 16, 16], "texture": "#15"},
				"east": {"uv": [0, 0, 16, 16], "texture": "#15"},
				"south": {"uv": [0, 0, 16, 16], "texture": "#15"},
				"west": {"uv": [0, 0, 16, 16], "texture": "#15"},
				"up": {"uv": [0, 0, 16, 16], "texture": "#15"},
				"down": {"uv": [0, 0, 16, 16], "texture": "#15"}
			}
		},
		{
			"from": [-1.08, -0.12, 9.68],
			"to": [14.8, 0.88, 13.2],
			"rotation": {"angle": -22.5, "axis": "y", "origin": [14.8, -22, 13.2]},
			"faces": {
				"north": {"uv": [0, 0, 16, 16], "rotation": 90, "texture": "#15"},
				"east": {"uv": [0, 0, 16, 16], "rotation": 90, "texture": "#15"},
				"south": {"uv": [0, 0, 16, 16], "rotation": 90, "texture": "#15"},
				"west": {"uv": [0, 0, 16, 16], "rotation": 90, "texture": "#15"},
				"up": {"uv": [0, 0, 16, 16], "rotation": 90, "texture": "#15"},
				"down": {"uv": [0, 0, 16, 16], "rotation": 90, "texture": "#15"}
			}
		},
		{
			"from": [13.04, -0.12, 14.96],
			"to": [16.56, 0.88, 15.84],
			"rotation": {"angle": 45, "axis": "y", "origin": [12.16, -22, 15.84]},
			"faces": {
				"north": {"uv": [0, 0, 16, 16], "texture": "#15"},
				"east": {"uv": [0, 0, 16, 16], "texture": "#15"},
				"south": {"uv": [0, 0, 16, 16], "texture": "#15"},
				"west": {"uv": [0, 0, 16, 16], "texture": "#15"},
				"up": {"uv": [0, 0, 16, 16], "texture": "#15"},
				"down": {"uv": [0, 0, 16, 16], "texture": "#15"}
			}
		},
		{
			"from": [9.52, -0.12, 0.84],
			"to": [13.04, 0.88, 16.72],
			"rotation": {"angle": 22.5, "axis": "y", "origin": [9.52, -22, 16.72]},
			"faces": {
				"north": {"uv": [0, 0, 16, 16], "texture": "#15"},
				"east": {"uv": [0, 0, 16, 16], "texture": "#15"},
				"south": {"uv": [0, 0, 16, 16], "texture": "#15"},
				"west": {"uv": [0, 0, 16, 16], "texture": "#15"},
				"up": {"uv": [0, 0, 16, 16], "texture": "#15"},
				"down": {"uv": [0, 0, 16, 16], "texture": "#15"}
			}
		},
		{
			"from": [6, -0.12, 0.84],
			"to": [9.52, 0.88, 16.72],
			"rotation": {"angle": 0, "axis": "y", "origin": [3.36, -22, 16.72]},
			"faces": {
				"north": {"uv": [0, 0, 16, 16], "texture": "#15"},
				"east": {"uv": [0, 0, 16, 16], "texture": "#15"},
				"south": {"uv": [0, 0, 16, 16], "texture": "#15"},
				"west": {"uv": [0, 0, 16, 16], "texture": "#15"},
				"up": {"uv": [0, 0, 16, 16], "texture": "#15"},
				"down": {"uv": [0, 0, 16, 16], "texture": "#15"}
			}
		},
		{
			"from": [2.48, -0.12, 15.84],
			"to": [6, 0.88, 16.72],
			"rotation": {"angle": -22.5, "axis": "y", "origin": [6, -22, 16.72]},
			"faces": {
				"north": {"uv": [0, 0, 16, 16], "texture": "#15"},
				"east": {"uv": [0, 0, 16, 16], "texture": "#15"},
				"south": {"uv": [0, 0, 16, 16], "texture": "#15"},
				"west": {"uv": [0, 0, 16, 16], "texture": "#15"},
				"up": {"uv": [0, 0, 16, 16], "texture": "#15"},
				"down": {"uv": [0, 0, 16, 16], "texture": "#15"}
			}
		},
		{
			"from": [-1.04, -0.12, 14.96],
			"to": [2.48, 0.88, 15.84],
			"rotation": {"angle": -45, "axis": "y", "origin": [3.36, -22, 15.84]},
			"faces": {
				"north": {"uv": [0, 0, 16, 16], "texture": "#15"},
				"east": {"uv": [0, 0, 16, 16], "texture": "#15"},
				"south": {"uv": [0, 0, 16, 16], "texture": "#15"},
				"west": {"uv": [0, 0, 16, 16], "texture": "#15"},
				"up": {"uv": [0, 0, 16, 16], "texture": "#15"},
				"down": {"uv": [0, 0, 16, 16], "texture": "#15"}
			}
		},
		{
			"from": [0.72, -0.12, 9.68],
			"to": [16.6, 0.88, 13.2],
			"rotation": {"angle": 22.5, "axis": "y", "origin": [0.72, -22, 13.2]},
			"faces": {
				"north": {"uv": [0, 0, 16, 16], "rotation": 90, "texture": "#15"},
				"east": {"uv": [0, 0, 16, 16], "rotation": 90, "texture": "#15"},
				"south": {"uv": [0, 0, 16, 16], "rotation": 90, "texture": "#15"},
				"west": {"uv": [0, 0, 16, 16], "rotation": 90, "texture": "#15"},
				"up": {"uv": [0, 0, 16, 16], "rotation": 90, "texture": "#15"},
				"down": {"uv": [0, 0, 16, 16], "rotation": 90, "texture": "#15"}
			}
		},
		{
			"from": [-1.04, -0.12, 0.88],
			"to": [2.48, 0.88, 1.76],
			"rotation": {"angle": 45, "axis": "y", "origin": [3.36, -22, 0.88]},
			"faces": {
				"north": {"uv": [0, 0, 16, 16], "texture": "#15"},
				"east": {"uv": [0, 0, 16, 16], "texture": "#15"},
				"south": {"uv": [0, 0, 16, 16], "texture": "#15"},
				"west": {"uv": [0, 0, 16, 16], "texture": "#15"},
				"up": {"uv": [0, 0, 16, 16], "texture": "#15"},
				"down": {"uv": [0, 0, 16, 16], "texture": "#15"}
			}
		},
		{
			"from": [0.72, -0.12, 3.52],
			"to": [1.6, 0.88, 7.04],
			"rotation": {"angle": -22.5, "axis": "y", "origin": [0.72, -22, 3.52]},
			"faces": {
				"north": {"uv": [0, 0, 16, 16], "rotation": 90, "texture": "#15"},
				"east": {"uv": [0, 0, 16, 16], "rotation": 90, "texture": "#15"},
				"south": {"uv": [0, 0, 16, 16], "rotation": 90, "texture": "#15"},
				"west": {"uv": [0, 0, 16, 16], "rotation": 90, "texture": "#15"},
				"up": {"uv": [0, 0, 16, 16], "rotation": 90, "texture": "#15"},
				"down": {"uv": [0, 0, 16, 16], "rotation": 90, "texture": "#15"}
			}
		},
		{
			"from": [6, -0.12, 0],
			"to": [9.52, 0.88, 0.88],
			"rotation": {"angle": 0, "axis": "y", "origin": [12.16, -22, 0]},
			"faces": {
				"north": {"uv": [0, 0, 16, 16], "texture": "#15"},
				"east": {"uv": [0, 0, 16, 16], "texture": "#15"},
				"south": {"uv": [0, 0, 16, 16], "texture": "#15"},
				"west": {"uv": [0, 0, 16, 16], "texture": "#15"},
				"up": {"uv": [0, 0, 16, 16], "texture": "#15"},
				"down": {"uv": [0, 0, 16, 16], "texture": "#15"}
			}
		},
		{
			"from": [2.48, -0.12, 0],
			"to": [6, 0.88, 0.88],
			"rotation": {"angle": 22.5, "axis": "y", "origin": [6, -22, 0]},
			"faces": {
				"north": {"uv": [0, 0, 16, 16], "texture": "#15"},
				"east": {"uv": [0, 0, 16, 16], "texture": "#15"},
				"south": {"uv": [0, 0, 16, 16], "texture": "#15"},
				"west": {"uv": [0, 0, 16, 16], "texture": "#15"},
				"up": {"uv": [0, 0, 16, 16], "texture": "#15"},
				"down": {"uv": [0, 0, 16, 16], "texture": "#15"}
			}
		},
		{
			"from": [6, 5, 0],
			"to": [9.52, 8.88, 0.88],
			"rotation": {"angle": 0, "axis": "y", "origin": [3.36, 5, 0]},
			"faces": {
				"north": {"uv": [0, 0, 16, 16], "texture": "#15"},
				"east": {"uv": [0, 0, 16, 16], "texture": "#15"},
				"south": {"uv": [0, 0, 16, 16], "texture": "#15"},
				"west": {"uv": [0, 0, 16, 16], "texture": "#15"},
				"up": {"uv": [0, 0, 16, 16], "texture": "#15"},
				"down": {"uv": [0, 0, 16, 16], "texture": "#15"}
			}
		},
		{
			"from": [-0.6, 5, 6.6],
			"to": [0.28, 8.88, 10.12],
			"rotation": {"angle": 0, "axis": "y", "origin": [0.72, 5, 4.4]},
			"faces": {
				"north": {"uv": [0, 0, 16, 16], "rotation": 90, "texture": "#15"},
				"east": {"uv": [0, 0, 16, 16], "rotation": 90, "texture": "#15"},
				"south": {"uv": [0, 0, 16, 16], "rotation": 90, "texture": "#15"},
				"west": {"uv": [0, 0, 16, 16], "rotation": 90, "texture": "#15"},
				"up": {"uv": [0, 0, 16, 16], "rotation": 90, "texture": "#15"},
				"down": {"uv": [0, 0, 16, 16], "rotation": 90, "texture": "#15"}
			}
		},
		{
			"from": [15.24, 5, 6.6],
			"to": [16.12, 8.88, 10.12],
			"rotation": {"angle": 0, "axis": "y", "origin": [16.56, 5, 4.4]},
			"faces": {
				"north": {"uv": [0, 0, 16, 16], "rotation": 90, "texture": "#15"},
				"east": {"uv": [0, 0, 16, 16], "rotation": 90, "texture": "#15"},
				"south": {"uv": [0, 0, 16, 16], "rotation": 90, "texture": "#15"},
				"west": {"uv": [0, 0, 16, 16], "rotation": 90, "texture": "#15"},
				"up": {"uv": [0, 0, 16, 16], "rotation": 90, "texture": "#15"},
				"down": {"uv": [0, 0, 16, 16], "rotation": 90, "texture": "#15"}
			}
		},
		{
			"from": [9.52, 5, 0],
			"to": [13.04, 8.88, 0.88],
			"rotation": {"angle": -22.5, "axis": "y", "origin": [9.52, 5, 0]},
			"faces": {
				"north": {"uv": [0, 0, 16, 16], "texture": "#15"},
				"east": {"uv": [0, 0, 16, 16], "texture": "#15"},
				"south": {"uv": [0, 0, 16, 16], "texture": "#15"},
				"west": {"uv": [0, 0, 16, 16], "texture": "#15"},
				"up": {"uv": [0, 0, 16, 16], "texture": "#15"},
				"down": {"uv": [0, 0, 16, 16], "texture": "#15"}
			}
		},
		{
			"from": [13.04, 5, 0.88],
			"to": [16.56, 8.88, 1.76],
			"rotation": {"angle": -45, "axis": "y", "origin": [12.16, 5, 0.88]},
			"faces": {
				"north": {"uv": [0, 0, 16, 16], "texture": "#15"},
				"east": {"uv": [0, 0, 16, 16], "texture": "#15"},
				"south": {"uv": [0, 0, 16, 16], "texture": "#15"},
				"west": {"uv": [0, 0, 16, 16], "texture": "#15"},
				"up": {"uv": [0, 0, 16, 16], "texture": "#15"},
				"down": {"uv": [0, 0, 16, 16], "texture": "#15"}
			}
		},
		{
			"from": [13.92, 5, 3.52],
			"to": [14.8, 8.88, 7.04],
			"rotation": {"angle": 22.5, "axis": "y", "origin": [14.8, 5, 3.52]},
			"faces": {
				"north": {"uv": [0, 0, 16, 16], "rotation": 90, "texture": "#15"},
				"east": {"uv": [0, 0, 16, 16], "rotation": 90, "texture": "#15"},
				"south": {"uv": [0, 0, 16, 16], "rotation": 90, "texture": "#15"},
				"west": {"uv": [0, 0, 16, 16], "rotation": 90, "texture": "#15"},
				"up": {"uv": [0, 0, 16, 16], "rotation": 90, "texture": "#15"},
				"down": {"uv": [0, 0, 16, 16], "rotation": 90, "texture": "#15"}
			}
		},
		{
			"from": [-1.04, 5, 0.88],
			"to": [2.48, 8.88, 1.76],
			"rotation": {"angle": 45, "axis": "y", "origin": [3.36, 5, 0.88]},
			"faces": {
				"north": {"uv": [0, 0, 16, 16], "texture": "#15"},
				"east": {"uv": [0, 0, 16, 16], "texture": "#15"},
				"south": {"uv": [0, 0, 16, 16], "texture": "#15"},
				"west": {"uv": [0, 0, 16, 16], "texture": "#15"},
				"up": {"uv": [0, 0, 16, 16], "texture": "#15"},
				"down": {"uv": [0, 0, 16, 16], "texture": "#15"}
			}
		},
		{
			"from": [0.72, 5, 3.52],
			"to": [1.6, 8.88, 7.04],
			"rotation": {"angle": -22.5, "axis": "y", "origin": [0.72, 5, 3.52]},
			"faces": {
				"north": {"uv": [0, 0, 16, 16], "rotation": 90, "texture": "#15"},
				"east": {"uv": [0, 0, 16, 16], "rotation": 90, "texture": "#15"},
				"south": {"uv": [0, 0, 16, 16], "rotation": 90, "texture": "#15"},
				"west": {"uv": [0, 0, 16, 16], "rotation": 90, "texture": "#15"},
				"up": {"uv": [0, 0, 16, 16], "rotation": 90, "texture": "#15"},
				"down": {"uv": [0, 0, 16, 16], "rotation": 90, "texture": "#15"}
			}
		},
		{
			"from": [6, 5, 0],
			"to": [9.52, 8.88, 0.88],
			"rotation": {"angle": 0, "axis": "y", "origin": [12.16, 5, 0]},
			"faces": {
				"north": {"uv": [0, 0, 16, 16], "texture": "#15"},
				"east": {"uv": [0, 0, 16, 16], "texture": "#15"},
				"south": {"uv": [0, 0, 16, 16], "texture": "#15"},
				"west": {"uv": [0, 0, 16, 16], "texture": "#15"},
				"up": {"uv": [0, 0, 16, 16], "texture": "#15"},
				"down": {"uv": [0, 0, 16, 16], "texture": "#15"}
			}
		},
		{
			"from": [2.48, 5, 0],
			"to": [6, 8.88, 0.88],
			"rotation": {"angle": 22.5, "axis": "y", "origin": [6, 5, 0]},
			"faces": {
				"north": {"uv": [0, 0, 16, 16], "texture": "#15"},
				"east": {"uv": [0, 0, 16, 16], "texture": "#15"},
				"south": {"uv": [0, 0, 16, 16], "texture": "#15"},
				"west": {"uv": [0, 0, 16, 16], "texture": "#15"},
				"up": {"uv": [0, 0, 16, 16], "texture": "#15"},
				"down": {"uv": [0, 0, 16, 16], "texture": "#15"}
			}
		},
		{
			"from": [13.92, 5, 9.68],
			"to": [14.8, 8.88, 13.2],
			"rotation": {"angle": -22.5, "axis": "y", "origin": [14.8, 5, 13.2]},
			"faces": {
				"north": {"uv": [0, 0, 16, 16], "rotation": 90, "texture": "#15"},
				"east": {"uv": [0, 0, 16, 16], "rotation": 90, "texture": "#15"},
				"south": {"uv": [0, 0, 16, 16], "rotation": 90, "texture": "#15"},
				"west": {"uv": [0, 0, 16, 16], "rotation": 90, "texture": "#15"},
				"up": {"uv": [0, 0, 16, 16], "rotation": 90, "texture": "#15"},
				"down": {"uv": [0, 0, 16, 16], "rotation": 90, "texture": "#15"}
			}
		},
		{
			"from": [13.04, 5, 14.96],
			"to": [16.56, 8.88, 15.84],
			"rotation": {"angle": 45, "axis": "y", "origin": [12.16, 5, 15.84]},
			"faces": {
				"north": {"uv": [0, 0, 16, 16], "texture": "#15"},
				"east": {"uv": [0, 0, 16, 16], "texture": "#15"},
				"south": {"uv": [0, 0, 16, 16], "texture": "#15"},
				"west": {"uv": [0, 0, 16, 16], "texture": "#15"},
				"up": {"uv": [0, 0, 16, 16], "texture": "#15"},
				"down": {"uv": [0, 0, 16, 16], "texture": "#15"}
			}
		},
		{
			"from": [9.52, 5, 15.84],
			"to": [13.04, 8.88, 16.72],
			"rotation": {"angle": 22.5, "axis": "y", "origin": [9.52, 5, 16.72]},
			"faces": {
				"north": {"uv": [0, 0, 16, 16], "texture": "#15"},
				"east": {"uv": [0, 0, 16, 16], "texture": "#15"},
				"south": {"uv": [0, 0, 16, 16], "texture": "#15"},
				"west": {"uv": [0, 0, 16, 16], "texture": "#15"},
				"up": {"uv": [0, 0, 16, 16], "texture": "#15"},
				"down": {"uv": [0, 0, 16, 16], "texture": "#15"}
			}
		},
		{
			"from": [6, 5, 15.84],
			"to": [9.52, 8.88, 16.72],
			"rotation": {"angle": 0, "axis": "y", "origin": [3.36, 5, 16.72]},
			"faces": {
				"north": {"uv": [0, 0, 16, 16], "texture": "#15"},
				"east": {"uv": [0, 0, 16, 16], "texture": "#15"},
				"south": {"uv": [0, 0, 16, 16], "texture": "#15"},
				"west": {"uv": [0, 0, 16, 16], "texture": "#15"},
				"up": {"uv": [0, 0, 16, 16], "texture": "#15"},
				"down": {"uv": [0, 0, 16, 16], "texture": "#15"}
			}
		},
		{
			"from": [2.48, 5, 15.84],
			"to": [6, 8.88, 16.72],
			"rotation": {"angle": -22.5, "axis": "y", "origin": [6, 5, 16.72]},
			"faces": {
				"north": {"uv": [0, 0, 16, 16], "texture": "#15"},
				"east": {"uv": [0, 0, 16, 16], "texture": "#15"},
				"south": {"uv": [0, 0, 16, 16], "texture": "#15"},
				"west": {"uv": [0, 0, 16, 16], "texture": "#15"},
				"up": {"uv": [0, 0, 16, 16], "texture": "#15"},
				"down": {"uv": [0, 0, 16, 16], "texture": "#15"}
			}
		},
		{
			"from": [-1.04, 5, 14.96],
			"to": [2.48, 8.88, 15.84],
			"rotation": {"angle": -45, "axis": "y", "origin": [3.36, 5, 15.84]},
			"faces": {
				"north": {"uv": [0, 0, 16, 16], "texture": "#15"},
				"east": {"uv": [0, 0, 16, 16], "texture": "#15"},
				"south": {"uv": [0, 0, 16, 16], "texture": "#15"},
				"west": {"uv": [0, 0, 16, 16], "texture": "#15"},
				"up": {"uv": [0, 0, 16, 16], "texture": "#15"},
				"down": {"uv": [0, 0, 16, 16], "texture": "#15"}
			}
		},
		{
			"from": [0.72, 5, 9.68],
			"to": [1.6, 8.88, 13.2],
			"rotation": {"angle": 22.5, "axis": "y", "origin": [0.72, 5, 13.2]},
			"faces": {
				"north": {"uv": [0, 0, 16, 16], "rotation": 90, "texture": "#15"},
				"east": {"uv": [0, 0, 16, 16], "rotation": 90, "texture": "#15"},
				"south": {"uv": [0, 0, 16, 16], "rotation": 90, "texture": "#15"},
				"west": {"uv": [0, 0, 16, 16], "rotation": 90, "texture": "#15"},
				"up": {"uv": [0, 0, 16, 16], "rotation": 90, "texture": "#15"},
				"down": {"uv": [0, 0, 16, 16], "rotation": 90, "texture": "#15"}
			}
		},
		{
			"from": [-1.04, 5, 0.88],
			"to": [2.48, 8.88, 1.76],
			"rotation": {"angle": 45, "axis": "y", "origin": [3.36, 5, 0.88]},
			"faces": {
				"north": {"uv": [0, 0, 16, 16], "texture": "#15"},
				"east": {"uv": [0, 0, 16, 16], "texture": "#15"},
				"south": {"uv": [0, 0, 16, 16], "texture": "#15"},
				"west": {"uv": [0, 0, 16, 16], "texture": "#15"},
				"up": {"uv": [0, 0, 16, 16], "texture": "#15"},
				"down": {"uv": [0, 0, 16, 16], "texture": "#15"}
			}
		},
		{
			"from": [0.72, 5, 3.52],
			"to": [1.6, 8.88, 7.04],
			"rotation": {"angle": -22.5, "axis": "y", "origin": [0.72, 5, 3.52]},
			"faces": {
				"north": {"uv": [0, 0, 16, 16], "rotation": 90, "texture": "#15"},
				"east": {"uv": [0, 0, 16, 16], "rotation": 90, "texture": "#15"},
				"south": {"uv": [0, 0, 16, 16], "rotation": 90, "texture": "#15"},
				"west": {"uv": [0, 0, 16, 16], "rotation": 90, "texture": "#15"},
				"up": {"uv": [0, 0, 16, 16], "rotation": 90, "texture": "#15"},
				"down": {"uv": [0, 0, 16, 16], "rotation": 90, "texture": "#15"}
			}
		},
		{
			"from": [6, 5, 0],
			"to": [9.52, 8.88, 0.88],
			"rotation": {"angle": 0, "axis": "y", "origin": [12.16, 5, 0]},
			"faces": {
				"north": {"uv": [0, 0, 16, 16], "texture": "#15"},
				"east": {"uv": [0, 0, 16, 16], "texture": "#15"},
				"south": {"uv": [0, 0, 16, 16], "texture": "#15"},
				"west": {"uv": [0, 0, 16, 16], "texture": "#15"},
				"up": {"uv": [0, 0, 16, 16], "texture": "#15"},
				"down": {"uv": [0, 0, 16, 16], "texture": "#15"}
			}
		},
		{
			"from": [2.48, 5, 0],
			"to": [6, 8.88, 0.88],
			"rotation": {"angle": 22.5, "axis": "y", "origin": [6, 5, 0]},
			"faces": {
				"north": {"uv": [0, 0, 16, 16], "texture": "#15"},
				"east": {"uv": [0, 0, 16, 16], "texture": "#15"},
				"south": {"uv": [0, 0, 16, 16], "texture": "#15"},
				"west": {"uv": [0, 0, 16, 16], "texture": "#15"},
				"up": {"uv": [0, 0, 16, 16], "texture": "#15"},
				"down": {"uv": [0, 0, 16, 16], "texture": "#15"}
			}
		},
		{
			"from": [6, 9, 0],
			"to": [9.52, 12.88, 0.88],
			"rotation": {"angle": 0, "axis": "y", "origin": [3.36, 9, 0]},
			"faces": {
				"north": {"uv": [0, 0, 16, 16], "texture": "#21"},
				"east": {"uv": [0, 0, 16, 16], "texture": "#21"},
				"south": {"uv": [0, 0, 16, 16], "texture": "#21"},
				"west": {"uv": [0, 0, 16, 16], "texture": "#21"},
				"up": {"uv": [0, 0, 16, 16], "texture": "#21"},
				"down": {"uv": [0, 0, 16, 16], "texture": "#21"}
			}
		},
		{
			"from": [-0.6, 9, 6.6],
			"to": [0.28, 12.88, 10.12],
			"rotation": {"angle": 0, "axis": "y", "origin": [0.72, 9, 4.4]},
			"faces": {
				"north": {"uv": [0, 0, 16, 16], "rotation": 90, "texture": "#21"},
				"east": {"uv": [0, 0, 16, 16], "rotation": 90, "texture": "#21"},
				"south": {"uv": [0, 0, 16, 16], "rotation": 90, "texture": "#21"},
				"west": {"uv": [0, 0, 16, 16], "rotation": 90, "texture": "#21"},
				"up": {"uv": [0, 0, 16, 16], "rotation": 90, "texture": "#21"},
				"down": {"uv": [0, 0, 16, 16], "rotation": 90, "texture": "#21"}
			}
		},
		{
			"from": [15.24, 9, 6.6],
			"to": [16.12, 12.88, 10.12],
			"rotation": {"angle": 0, "axis": "y", "origin": [16.56, 9, 4.4]},
			"faces": {
				"north": {"uv": [0, 0, 16, 16], "rotation": 90, "texture": "#21"},
				"east": {"uv": [0, 0, 16, 16], "rotation": 90, "texture": "#21"},
				"south": {"uv": [0, 0, 16, 16], "rotation": 90, "texture": "#21"},
				"west": {"uv": [0, 0, 16, 16], "rotation": 90, "texture": "#21"},
				"up": {"uv": [0, 0, 16, 16], "rotation": 90, "texture": "#21"},
				"down": {"uv": [0, 0, 16, 16], "rotation": 90, "texture": "#21"}
			}
		},
		{
			"from": [9.52, 9, 0],
			"to": [13.04, 12.88, 0.88],
			"rotation": {"angle": -22.5, "axis": "y", "origin": [9.52, 9, 0]},
			"faces": {
				"north": {"uv": [0, 0, 16, 16], "texture": "#21"},
				"east": {"uv": [0, 0, 16, 16], "texture": "#21"},
				"south": {"uv": [0, 0, 16, 16], "texture": "#21"},
				"west": {"uv": [0, 0, 16, 16], "texture": "#21"},
				"up": {"uv": [0, 0, 16, 16], "texture": "#21"},
				"down": {"uv": [0, 0, 16, 16], "texture": "#21"}
			}
		},
		{
			"from": [13.04, 9, 0.88],
			"to": [16.56, 12.88, 1.76],
			"rotation": {"angle": -45, "axis": "y", "origin": [12.16, 9, 0.88]},
			"faces": {
				"north": {"uv": [0, 0, 16, 16], "texture": "#21"},
				"east": {"uv": [0, 0, 16, 16], "texture": "#21"},
				"south": {"uv": [0, 0, 16, 16], "texture": "#21"},
				"west": {"uv": [0, 0, 16, 16], "texture": "#21"},
				"up": {"uv": [0, 0, 16, 16], "texture": "#21"},
				"down": {"uv": [0, 0, 16, 16], "texture": "#21"}
			}
		},
		{
			"from": [13.92, 9, 3.52],
			"to": [14.8, 12.88, 7.04],
			"rotation": {"angle": 22.5, "axis": "y", "origin": [14.8, 9, 3.52]},
			"faces": {
				"north": {"uv": [0, 0, 16, 16], "rotation": 90, "texture": "#21"},
				"east": {"uv": [0, 0, 16, 16], "rotation": 90, "texture": "#21"},
				"south": {"uv": [0, 0, 16, 16], "rotation": 90, "texture": "#21"},
				"west": {"uv": [0, 0, 16, 16], "rotation": 90, "texture": "#21"},
				"up": {"uv": [0, 0, 16, 16], "rotation": 90, "texture": "#21"},
				"down": {"uv": [0, 0, 16, 16], "rotation": 90, "texture": "#21"}
			}
		},
		{
			"from": [-1.04, 9, 0.88],
			"to": [2.48, 12.88, 1.76],
			"rotation": {"angle": 45, "axis": "y", "origin": [3.36, 9, 0.88]},
			"faces": {
				"north": {"uv": [0, 0, 16, 16], "texture": "#21"},
				"east": {"uv": [0, 0, 16, 16], "texture": "#21"},
				"south": {"uv": [0, 0, 16, 16], "texture": "#21"},
				"west": {"uv": [0, 0, 16, 16], "texture": "#21"},
				"up": {"uv": [0, 0, 16, 16], "texture": "#21"},
				"down": {"uv": [0, 0, 16, 16], "texture": "#21"}
			}
		},
		{
			"from": [0.72, 9, 3.52],
			"to": [1.6, 12.88, 7.04],
			"rotation": {"angle": -22.5, "axis": "y", "origin": [0.72, 9, 3.52]},
			"faces": {
				"north": {"uv": [0, 0, 16, 16], "rotation": 90, "texture": "#21"},
				"east": {"uv": [0, 0, 16, 16], "rotation": 90, "texture": "#21"},
				"south": {"uv": [0, 0, 16, 16], "rotation": 90, "texture": "#21"},
				"west": {"uv": [0, 0, 16, 16], "rotation": 90, "texture": "#21"},
				"up": {"uv": [0, 0, 16, 16], "rotation": 90, "texture": "#21"},
				"down": {"uv": [0, 0, 16, 16], "rotation": 90, "texture": "#21"}
			}
		},
		{
			"from": [6, 9, 0],
			"to": [9.52, 12.88, 0.88],
			"rotation": {"angle": 0, "axis": "y", "origin": [12.16, 9, 0]},
			"faces": {
				"north": {"uv": [0, 0, 16, 16], "texture": "#21"},
				"east": {"uv": [0, 0, 16, 16], "texture": "#21"},
				"south": {"uv": [0, 0, 16, 16], "texture": "#21"},
				"west": {"uv": [0, 0, 16, 16], "texture": "#21"},
				"up": {"uv": [0, 0, 16, 16], "texture": "#21"},
				"down": {"uv": [0, 0, 16, 16], "texture": "#21"}
			}
		},
		{
			"from": [2.48, 9, 0],
			"to": [6, 12.88, 0.88],
			"rotation": {"angle": 22.5, "axis": "y", "origin": [6, 9, 0]},
			"faces": {
				"north": {"uv": [0, 0, 16, 16], "texture": "#21"},
				"east": {"uv": [0, 0, 16, 16], "texture": "#21"},
				"south": {"uv": [0, 0, 16, 16], "texture": "#21"},
				"west": {"uv": [0, 0, 16, 16], "texture": "#21"},
				"up": {"uv": [0, 0, 16, 16], "texture": "#21"},
				"down": {"uv": [0, 0, 16, 16], "texture": "#21"}
			}
		},
		{
			"from": [13.92, 9, 9.68],
			"to": [14.8, 12.88, 13.2],
			"rotation": {"angle": -22.5, "axis": "y", "origin": [14.8, 9, 13.2]},
			"faces": {
				"north": {"uv": [0, 0, 16, 16], "rotation": 90, "texture": "#21"},
				"east": {"uv": [0, 0, 16, 16], "rotation": 90, "texture": "#21"},
				"south": {"uv": [0, 0, 16, 16], "rotation": 90, "texture": "#21"},
				"west": {"uv": [0, 0, 16, 16], "rotation": 90, "texture": "#21"},
				"up": {"uv": [0, 0, 16, 16], "rotation": 90, "texture": "#21"},
				"down": {"uv": [0, 0, 16, 16], "rotation": 90, "texture": "#21"}
			}
		},
		{
			"from": [13.04, 9, 14.96],
			"to": [16.56, 12.88, 15.84],
			"rotation": {"angle": 45, "axis": "y", "origin": [12.16, 9, 15.84]},
			"faces": {
				"north": {"uv": [0, 0, 16, 16], "texture": "#21"},
				"east": {"uv": [0, 0, 16, 16], "texture": "#21"},
				"south": {"uv": [0, 0, 16, 16], "texture": "#21"},
				"west": {"uv": [0, 0, 16, 16], "texture": "#21"},
				"up": {"uv": [0, 0, 16, 16], "texture": "#21"},
				"down": {"uv": [0, 0, 16, 16], "texture": "#21"}
			}
		},
		{
			"from": [9.52, 9, 15.84],
			"to": [13.04, 12.88, 16.72],
			"rotation": {"angle": 22.5, "axis": "y", "origin": [9.52, 9, 16.72]},
			"faces": {
				"north": {"uv": [0, 0, 16, 16], "texture": "#21"},
				"east": {"uv": [0, 0, 16, 16], "texture": "#21"},
				"south": {"uv": [0, 0, 16, 16], "texture": "#21"},
				"west": {"uv": [0, 0, 16, 16], "texture": "#21"},
				"up": {"uv": [0, 0, 16, 16], "texture": "#21"},
				"down": {"uv": [0, 0, 16, 16], "texture": "#21"}
			}
		},
		{
			"from": [6, 9, 15.84],
			"to": [9.52, 12.88, 16.72],
			"rotation": {"angle": 0, "axis": "y", "origin": [3.36, 9, 16.72]},
			"faces": {
				"north": {"uv": [0, 0, 16, 16], "texture": "#21"},
				"east": {"uv": [0, 0, 16, 16], "texture": "#21"},
				"south": {"uv": [0, 0, 16, 16], "texture": "#21"},
				"west": {"uv": [0, 0, 16, 16], "texture": "#21"},
				"up": {"uv": [0, 0, 16, 16], "texture": "#21"},
				"down": {"uv": [0, 0, 16, 16], "texture": "#21"}
			}
		},
		{
			"from": [2.48, 9, 15.84],
			"to": [6, 12.88, 16.72],
			"rotation": {"angle": -22.5, "axis": "y", "origin": [6, 9, 16.72]},
			"faces": {
				"north": {"uv": [0, 0, 16, 16], "texture": "#21"},
				"east": {"uv": [0, 0, 16, 16], "texture": "#21"},
				"south": {"uv": [0, 0, 16, 16], "texture": "#21"},
				"west": {"uv": [0, 0, 16, 16], "texture": "#21"},
				"up": {"uv": [0, 0, 16, 16], "texture": "#21"},
				"down": {"uv": [0, 0, 16, 16], "texture": "#21"}
			}
		},
		{
			"from": [-1.04, 9, 14.96],
			"to": [2.48, 12.88, 15.84],
			"rotation": {"angle": -45, "axis": "y", "origin": [3.36, 9, 15.84]},
			"faces": {
				"north": {"uv": [0, 0, 16, 16], "texture": "#21"},
				"east": {"uv": [0, 0, 16, 16], "texture": "#21"},
				"south": {"uv": [0, 0, 16, 16], "texture": "#21"},
				"west": {"uv": [0, 0, 16, 16], "texture": "#21"},
				"up": {"uv": [0, 0, 16, 16], "texture": "#21"},
				"down": {"uv": [0, 0, 16, 16], "texture": "#21"}
			}
		},
		{
			"from": [0.72, 9, 9.68],
			"to": [1.6, 12.88, 13.2],
			"rotation": {"angle": 22.5, "axis": "y", "origin": [0.72, 9, 13.2]},
			"faces": {
				"north": {"uv": [0, 0, 16, 16], "rotation": 90, "texture": "#21"},
				"east": {"uv": [0, 0, 16, 16], "rotation": 90, "texture": "#21"},
				"south": {"uv": [0, 0, 16, 16], "rotation": 90, "texture": "#21"},
				"west": {"uv": [0, 0, 16, 16], "rotation": 90, "texture": "#21"},
				"up": {"uv": [0, 0, 16, 16], "rotation": 90, "texture": "#21"},
				"down": {"uv": [0, 0, 16, 16], "rotation": 90, "texture": "#21"}
			}
		},
		{
			"from": [-1.04, 9, 0.88],
			"to": [2.48, 12.88, 1.76],
			"rotation": {"angle": 45, "axis": "y", "origin": [3.36, 9, 0.88]},
			"faces": {
				"north": {"uv": [0, 0, 16, 16], "texture": "#21"},
				"east": {"uv": [0, 0, 16, 16], "texture": "#21"},
				"south": {"uv": [0, 0, 16, 16], "texture": "#21"},
				"west": {"uv": [0, 0, 16, 16], "texture": "#21"},
				"up": {"uv": [0, 0, 16, 16], "texture": "#21"},
				"down": {"uv": [0, 0, 16, 16], "texture": "#21"}
			}
		},
		{
			"from": [0.72, 9, 3.52],
			"to": [1.6, 12.88, 7.04],
			"rotation": {"angle": -22.5, "axis": "y", "origin": [0.72, 9, 3.52]},
			"faces": {
				"north": {"uv": [0, 0, 16, 16], "rotation": 90, "texture": "#21"},
				"east": {"uv": [0, 0, 16, 16], "rotation": 90, "texture": "#21"},
				"south": {"uv": [0, 0, 16, 16], "rotation": 90, "texture": "#21"},
				"west": {"uv": [0, 0, 16, 16], "rotation": 90, "texture": "#21"},
				"up": {"uv": [0, 0, 16, 16], "rotation": 90, "texture": "#21"},
				"down": {"uv": [0, 0, 16, 16], "rotation": 90, "texture": "#21"}
			}
		},
		{
			"from": [6, 9, 0],
			"to": [9.52, 12.88, 0.88],
			"rotation": {"angle": 0, "axis": "y", "origin": [12.16, 9, 0]},
			"faces": {
				"north": {"uv": [0, 0, 16, 16], "texture": "#21"},
				"east": {"uv": [0, 0, 16, 16], "texture": "#21"},
				"south": {"uv": [0, 0, 16, 16], "texture": "#21"},
				"west": {"uv": [0, 0, 16, 16], "texture": "#21"},
				"up": {"uv": [0, 0, 16, 16], "texture": "#21"},
				"down": {"uv": [0, 0, 16, 16], "texture": "#21"}
			}
		},
		{
			"from": [2.48, 9, 0],
			"to": [6, 12.88, 0.88],
			"rotation": {"angle": 22.5, "axis": "y", "origin": [6, 9, 0]},
			"faces": {
				"north": {"uv": [0, 0, 16, 16], "texture": "#21"},
				"east": {"uv": [0, 0, 16, 16], "texture": "#21"},
				"south": {"uv": [0, 0, 16, 16], "texture": "#21"},
				"west": {"uv": [0, 0, 16, 16], "texture": "#21"},
				"up": {"uv": [0, 0, 16, 16], "texture": "#21"},
				"down": {"uv": [0, 0, 16, 16], "texture": "#21"}
			}
		},
		{
			"from": [6, 13, 0],
			"to": [9.52, 16.88, 0.88],
			"rotation": {"angle": 0, "axis": "y", "origin": [3.36, 13, 0]},
			"faces": {
				"north": {"uv": [0, 0, 16, 16], "texture": "#15"},
				"east": {"uv": [0, 0, 16, 16], "texture": "#15"},
				"south": {"uv": [0, 0, 16, 16], "texture": "#15"},
				"west": {"uv": [0, 0, 16, 16], "texture": "#15"},
				"up": {"uv": [0, 0, 16, 16], "texture": "#15"},
				"down": {"uv": [0, 0, 16, 16], "texture": "#15"}
			}
		},
		{
			"from": [-0.6, 13, 6.6],
			"to": [0.28, 16.88, 10.12],
			"rotation": {"angle": 0, "axis": "y", "origin": [0.72, 13, 4.4]},
			"faces": {
				"north": {"uv": [0, 0, 16, 16], "rotation": 90, "texture": "#15"},
				"east": {"uv": [0, 0, 16, 16], "rotation": 90, "texture": "#15"},
				"south": {"uv": [0, 0, 16, 16], "rotation": 90, "texture": "#15"},
				"west": {"uv": [0, 0, 16, 16], "rotation": 90, "texture": "#15"},
				"up": {"uv": [0, 0, 16, 16], "rotation": 90, "texture": "#15"},
				"down": {"uv": [0, 0, 16, 16], "rotation": 90, "texture": "#15"}
			}
		},
		{
			"from": [15.24, 13, 6.6],
			"to": [16.12, 16.88, 10.12],
			"rotation": {"angle": 0, "axis": "y", "origin": [16.56, 13, 4.4]},
			"faces": {
				"north": {"uv": [0, 0, 16, 16], "rotation": 90, "texture": "#15"},
				"east": {"uv": [0, 0, 16, 16], "rotation": 90, "texture": "#15"},
				"south": {"uv": [0, 0, 16, 16], "rotation": 90, "texture": "#15"},
				"west": {"uv": [0, 0, 16, 16], "rotation": 90, "texture": "#15"},
				"up": {"uv": [0, 0, 16, 16], "rotation": 90, "texture": "#15"},
				"down": {"uv": [0, 0, 16, 16], "rotation": 90, "texture": "#15"}
			}
		},
		{
			"from": [9.52, 13, 0],
			"to": [13.04, 16.88, 0.88],
			"rotation": {"angle": -22.5, "axis": "y", "origin": [9.52, 13, 0]},
			"faces": {
				"north": {"uv": [0, 0, 16, 16], "texture": "#15"},
				"east": {"uv": [0, 0, 16, 16], "texture": "#15"},
				"south": {"uv": [0, 0, 16, 16], "texture": "#15"},
				"west": {"uv": [0, 0, 16, 16], "texture": "#15"},
				"up": {"uv": [0, 0, 16, 16], "texture": "#15"},
				"down": {"uv": [0, 0, 16, 16], "texture": "#15"}
			}
		},
		{
			"from": [13.04, 13, 0.88],
			"to": [16.56, 16.88, 1.76],
			"rotation": {"angle": -45, "axis": "y", "origin": [12.16, 13, 0.88]},
			"faces": {
				"north": {"uv": [0, 0, 16, 16], "texture": "#15"},
				"east": {"uv": [0, 0, 16, 16], "texture": "#15"},
				"south": {"uv": [0, 0, 16, 16], "texture": "#15"},
				"west": {"uv": [0, 0, 16, 16], "texture": "#15"},
				"up": {"uv": [0, 0, 16, 16], "texture": "#15"},
				"down": {"uv": [0, 0, 16, 16], "texture": "#15"}
			}
		},
		{
			"from": [13.92, 13, 3.52],
			"to": [14.8, 16.88, 7.04],
			"rotation": {"angle": 22.5, "axis": "y", "origin": [14.8, 13, 3.52]},
			"faces": {
				"north": {"uv": [0, 0, 16, 16], "rotation": 90, "texture": "#15"},
				"east": {"uv": [0, 0, 16, 16], "rotation": 90, "texture": "#15"},
				"south": {"uv": [0, 0, 16, 16], "rotation": 90, "texture": "#15"},
				"west": {"uv": [0, 0, 16, 16], "rotation": 90, "texture": "#15"},
				"up": {"uv": [0, 0, 16, 16], "rotation": 90, "texture": "#15"},
				"down": {"uv": [0, 0, 16, 16], "rotation": 90, "texture": "#15"}
			}
		},
		{
			"from": [-1.04, 13, 0.88],
			"to": [2.48, 16.88, 1.76],
			"rotation": {"angle": 45, "axis": "y", "origin": [3.36, 13, 0.88]},
			"faces": {
				"north": {"uv": [0, 0, 16, 16], "texture": "#15"},
				"east": {"uv": [0, 0, 16, 16], "texture": "#15"},
				"south": {"uv": [0, 0, 16, 16], "texture": "#15"},
				"west": {"uv": [0, 0, 16, 16], "texture": "#15"},
				"up": {"uv": [0, 0, 16, 16], "texture": "#15"},
				"down": {"uv": [0, 0, 16, 16], "texture": "#15"}
			}
		},
		{
			"from": [0.72, 13, 3.52],
			"to": [1.6, 16.88, 7.04],
			"rotation": {"angle": -22.5, "axis": "y", "origin": [0.72, 13, 3.52]},
			"faces": {
				"north": {"uv": [0, 0, 16, 16], "rotation": 90, "texture": "#15"},
				"east": {"uv": [0, 0, 16, 16], "rotation": 90, "texture": "#15"},
				"south": {"uv": [0, 0, 16, 16], "rotation": 90, "texture": "#15"},
				"west": {"uv": [0, 0, 16, 16], "rotation": 90, "texture": "#15"},
				"up": {"uv": [0, 0, 16, 16], "rotation": 90, "texture": "#15"},
				"down": {"uv": [0, 0, 16, 16], "rotation": 90, "texture": "#15"}
			}
		},
		{
			"from": [6, 13, 0],
			"to": [9.52, 16.88, 0.88],
			"rotation": {"angle": 0, "axis": "y", "origin": [12.16, 13, 0]},
			"faces": {
				"north": {"uv": [0, 0, 16, 16], "texture": "#15"},
				"east": {"uv": [0, 0, 16, 16], "texture": "#15"},
				"south": {"uv": [0, 0, 16, 16], "texture": "#15"},
				"west": {"uv": [0, 0, 16, 16], "texture": "#15"},
				"up": {"uv": [0, 0, 16, 16], "texture": "#15"},
				"down": {"uv": [0, 0, 16, 16], "texture": "#15"}
			}
		},
		{
			"from": [2.48, 13, 0],
			"to": [6, 16.88, 0.88],
			"rotation": {"angle": 22.5, "axis": "y", "origin": [6, 13, 0]},
			"faces": {
				"north": {"uv": [0, 0, 16, 16], "texture": "#15"},
				"east": {"uv": [0, 0, 16, 16], "texture": "#15"},
				"south": {"uv": [0, 0, 16, 16], "texture": "#15"},
				"west": {"uv": [0, 0, 16, 16], "texture": "#15"},
				"up": {"uv": [0, 0, 16, 16], "texture": "#15"},
				"down": {"uv": [0, 0, 16, 16], "texture": "#15"}
			}
		},
		{
			"from": [13.92, 13, 9.68],
			"to": [14.8, 16.88, 13.2],
			"rotation": {"angle": -22.5, "axis": "y", "origin": [14.8, 13, 13.2]},
			"faces": {
				"north": {"uv": [0, 0, 16, 16], "rotation": 90, "texture": "#15"},
				"east": {"uv": [0, 0, 16, 16], "rotation": 90, "texture": "#15"},
				"south": {"uv": [0, 0, 16, 16], "rotation": 90, "texture": "#15"},
				"west": {"uv": [0, 0, 16, 16], "rotation": 90, "texture": "#15"},
				"up": {"uv": [0, 0, 16, 16], "rotation": 90, "texture": "#15"},
				"down": {"uv": [0, 0, 16, 16], "rotation": 90, "texture": "#15"}
			}
		},
		{
			"from": [13.04, 13, 14.96],
			"to": [16.56, 16.88, 15.84],
			"rotation": {"angle": 45, "axis": "y", "origin": [12.16, 13, 15.84]},
			"faces": {
				"north": {"uv": [0, 0, 16, 16], "texture": "#15"},
				"east": {"uv": [0, 0, 16, 16], "texture": "#15"},
				"south": {"uv": [0, 0, 16, 16], "texture": "#15"},
				"west": {"uv": [0, 0, 16, 16], "texture": "#15"},
				"up": {"uv": [0, 0, 16, 16], "texture": "#15"},
				"down": {"uv": [0, 0, 16, 16], "texture": "#15"}
			}
		},
		{
			"from": [9.52, 13, 15.84],
			"to": [13.04, 16.88, 16.72],
			"rotation": {"angle": 22.5, "axis": "y", "origin": [9.52, 13, 16.72]},
			"faces": {
				"north": {"uv": [0, 0, 16, 16], "texture": "#15"},
				"east": {"uv": [0, 0, 16, 16], "texture": "#15"},
				"south": {"uv": [0, 0, 16, 16], "texture": "#15"},
				"west": {"uv": [0, 0, 16, 16], "texture": "#15"},
				"up": {"uv": [0, 0, 16, 16], "texture": "#15"},
				"down": {"uv": [0, 0, 16, 16], "texture": "#15"}
			}
		},
		{
			"from": [6, 13, 15.84],
			"to": [9.52, 16.88, 16.72],
			"rotation": {"angle": 0, "axis": "y", "origin": [3.36, 13, 16.72]},
			"faces": {
				"north": {"uv": [0, 0, 16, 16], "texture": "#15"},
				"east": {"uv": [0, 0, 16, 16], "texture": "#15"},
				"south": {"uv": [0, 0, 16, 16], "texture": "#15"},
				"west": {"uv": [0, 0, 16, 16], "texture": "#15"},
				"up": {"uv": [0, 0, 16, 16], "texture": "#15"},
				"down": {"uv": [0, 0, 16, 16], "texture": "#15"}
			}
		},
		{
			"from": [2.48, 13, 15.84],
			"to": [6, 16.88, 16.72],
			"rotation": {"angle": -22.5, "axis": "y", "origin": [6, 13, 16.72]},
			"faces": {
				"north": {"uv": [0, 0, 16, 16], "texture": "#15"},
				"east": {"uv": [0, 0, 16, 16], "texture": "#15"},
				"south": {"uv": [0, 0, 16, 16], "texture": "#15"},
				"west": {"uv": [0, 0, 16, 16], "texture": "#15"},
				"up": {"uv": [0, 0, 16, 16], "texture": "#15"},
				"down": {"uv": [0, 0, 16, 16], "texture": "#15"}
			}
		},
		{
			"from": [-1.04, 13, 14.96],
			"to": [2.48, 16.88, 15.84],
			"rotation": {"angle": -45, "axis": "y", "origin": [3.36, 13, 15.84]},
			"faces": {
				"north": {"uv": [0, 0, 16, 16], "texture": "#15"},
				"east": {"uv": [0, 0, 16, 16], "texture": "#15"},
				"south": {"uv": [0, 0, 16, 16], "texture": "#15"},
				"west": {"uv": [0, 0, 16, 16], "texture": "#15"},
				"up": {"uv": [0, 0, 16, 16], "texture": "#15"},
				"down": {"uv": [0, 0, 16, 16], "texture": "#15"}
			}
		},
		{
			"from": [0.72, 13, 9.68],
			"to": [1.6, 16.88, 13.2],
			"rotation": {"angle": 22.5, "axis": "y", "origin": [0.72, 13, 13.2]},
			"faces": {
				"north": {"uv": [0, 0, 16, 16], "rotation": 90, "texture": "#15"},
				"east": {"uv": [0, 0, 16, 16], "rotation": 90, "texture": "#15"},
				"south": {"uv": [0, 0, 16, 16], "rotation": 90, "texture": "#15"},
				"west": {"uv": [0, 0, 16, 16], "rotation": 90, "texture": "#15"},
				"up": {"uv": [0, 0, 16, 16], "rotation": 90, "texture": "#15"},
				"down": {"uv": [0, 0, 16, 16], "rotation": 90, "texture": "#15"}
			}
		},
		{
			"from": [-1.04, 13, 0.88],
			"to": [2.48, 16.88, 1.76],
			"rotation": {"angle": 45, "axis": "y", "origin": [3.36, 13, 0.88]},
			"faces": {
				"north": {"uv": [0, 0, 16, 16], "texture": "#15"},
				"east": {"uv": [0, 0, 16, 16], "texture": "#15"},
				"south": {"uv": [0, 0, 16, 16], "texture": "#15"},
				"west": {"uv": [0, 0, 16, 16], "texture": "#15"},
				"up": {"uv": [0, 0, 16, 16], "texture": "#15"},
				"down": {"uv": [0, 0, 16, 16], "texture": "#15"}
			}
		},
		{
			"from": [0.72, 13, 3.52],
			"to": [1.6, 16.88, 7.04],
			"rotation": {"angle": -22.5, "axis": "y", "origin": [0.72, 13, 3.52]},
			"faces": {
				"north": {"uv": [0, 0, 16, 16], "rotation": 90, "texture": "#15"},
				"east": {"uv": [0, 0, 16, 16], "rotation": 90, "texture": "#15"},
				"south": {"uv": [0, 0, 16, 16], "rotation": 90, "texture": "#15"},
				"west": {"uv": [0, 0, 16, 16], "rotation": 90, "texture": "#15"},
				"up": {"uv": [0, 0, 16, 16], "rotation": 90, "texture": "#15"},
				"down": {"uv": [0, 0, 16, 16], "rotation": 90, "texture": "#15"}
			}
		},
		{
			"from": [6, 13, 0],
			"to": [9.52, 16.88, 0.88],
			"rotation": {"angle": 0, "axis": "y", "origin": [12.16, 13, 0]},
			"faces": {
				"north": {"uv": [0, 0, 16, 16], "texture": "#15"},
				"east": {"uv": [0, 0, 16, 16], "texture": "#15"},
				"south": {"uv": [0, 0, 16, 16], "texture": "#15"},
				"west": {"uv": [0, 0, 16, 16], "texture": "#15"},
				"up": {"uv": [0, 0, 16, 16], "texture": "#15"},
				"down": {"uv": [0, 0, 16, 16], "texture": "#15"}
			}
		},
		{
			"from": [2.48, 13, 0],
			"to": [6, 16.88, 0.88],
			"rotation": {"angle": 22.5, "axis": "y", "origin": [6, 13, 0]},
			"faces": {
				"north": {"uv": [0, 0, 16, 16], "texture": "#15"},
				"east": {"uv": [0, 0, 16, 16], "texture": "#15"},
				"south": {"uv": [0, 0, 16, 16], "texture": "#15"},
				"west": {"uv": [0, 0, 16, 16], "texture": "#15"},
				"up": {"uv": [0, 0, 16, 16], "texture": "#15"},
				"down": {"uv": [0, 0, 16, 16], "texture": "#15"}
			}
		},
		{
			"from": [6, 17, 0],
			"to": [9.52, 20.88, 0.88],
			"rotation": {"angle": 0, "axis": "y", "origin": [3.36, 17, 0]},
			"faces": {
				"north": {"uv": [0, 0, 16, 16], "texture": "#21"},
				"east": {"uv": [0, 0, 16, 16], "texture": "#21"},
				"south": {"uv": [0, 0, 16, 16], "texture": "#21"},
				"west": {"uv": [0, 0, 16, 16], "texture": "#21"},
				"up": {"uv": [0, 0, 16, 16], "texture": "#21"},
				"down": {"uv": [0, 0, 16, 16], "texture": "#21"}
			}
		},
		{
			"from": [-0.6, 17, 6.6],
			"to": [0.28, 20.88, 10.12],
			"rotation": {"angle": 0, "axis": "y", "origin": [0.72, 17, 4.4]},
			"faces": {
				"north": {"uv": [0, 0, 16, 16], "rotation": 90, "texture": "#21"},
				"east": {"uv": [0, 0, 16, 16], "rotation": 90, "texture": "#21"},
				"south": {"uv": [0, 0, 16, 16], "rotation": 90, "texture": "#21"},
				"west": {"uv": [0, 0, 16, 16], "rotation": 90, "texture": "#21"},
				"up": {"uv": [0, 0, 16, 16], "rotation": 90, "texture": "#21"},
				"down": {"uv": [0, 0, 16, 16], "rotation": 90, "texture": "#21"}
			}
		},
		{
			"from": [15.24, 17, 6.6],
			"to": [16.12, 20.88, 10.12],
			"rotation": {"angle": 0, "axis": "y", "origin": [16.56, 17, 4.4]},
			"faces": {
				"north": {"uv": [0, 0, 16, 16], "rotation": 90, "texture": "#21"},
				"east": {"uv": [0, 0, 16, 16], "rotation": 90, "texture": "#21"},
				"south": {"uv": [0, 0, 16, 16], "rotation": 90, "texture": "#21"},
				"west": {"uv": [0, 0, 16, 16], "rotation": 90, "texture": "#21"},
				"up": {"uv": [0, 0, 16, 16], "rotation": 90, "texture": "#21"},
				"down": {"uv": [0, 0, 16, 16], "rotation": 90, "texture": "#21"}
			}
		},
		{
			"from": [9.52, 17, 0],
			"to": [13.04, 20.88, 0.88],
			"rotation": {"angle": -22.5, "axis": "y", "origin": [9.52, 17, 0]},
			"faces": {
				"north": {"uv": [0, 0, 16, 16], "texture": "#21"},
				"east": {"uv": [0, 0, 16, 16], "texture": "#21"},
				"south": {"uv": [0, 0, 16, 16], "texture": "#21"},
				"west": {"uv": [0, 0, 16, 16], "texture": "#21"},
				"up": {"uv": [0, 0, 16, 16], "texture": "#21"},
				"down": {"uv": [0, 0, 16, 16], "texture": "#21"}
			}
		},
		{
			"from": [13.04, 17, 0.88],
			"to": [16.56, 20.88, 1.76],
			"rotation": {"angle": -45, "axis": "y", "origin": [12.16, 17, 0.88]},
			"faces": {
				"north": {"uv": [0, 0, 16, 16], "texture": "#21"},
				"east": {"uv": [0, 0, 16, 16], "texture": "#21"},
				"south": {"uv": [0, 0, 16, 16], "texture": "#21"},
				"west": {"uv": [0, 0, 16, 16], "texture": "#21"},
				"up": {"uv": [0, 0, 16, 16], "texture": "#21"},
				"down": {"uv": [0, 0, 16, 16], "texture": "#21"}
			}
		},
		{
			"from": [13.92, 17, 3.52],
			"to": [14.8, 20.88, 7.04],
			"rotation": {"angle": 22.5, "axis": "y", "origin": [14.8, 17, 3.52]},
			"faces": {
				"north": {"uv": [0, 0, 16, 16], "rotation": 90, "texture": "#21"},
				"east": {"uv": [0, 0, 16, 16], "rotation": 90, "texture": "#21"},
				"south": {"uv": [0, 0, 16, 16], "rotation": 90, "texture": "#21"},
				"west": {"uv": [0, 0, 16, 16], "rotation": 90, "texture": "#21"},
				"up": {"uv": [0, 0, 16, 16], "rotation": 90, "texture": "#21"},
				"down": {"uv": [0, 0, 16, 16], "rotation": 90, "texture": "#21"}
			}
		},
		{
			"from": [-1.04, 17, 0.88],
			"to": [2.48, 20.88, 1.76],
			"rotation": {"angle": 45, "axis": "y", "origin": [3.36, 17, 0.88]},
			"faces": {
				"north": {"uv": [0, 0, 16, 16], "texture": "#21"},
				"east": {"uv": [0, 0, 16, 16], "texture": "#21"},
				"south": {"uv": [0, 0, 16, 16], "texture": "#21"},
				"west": {"uv": [0, 0, 16, 16], "texture": "#21"},
				"up": {"uv": [0, 0, 16, 16], "texture": "#21"},
				"down": {"uv": [0, 0, 16, 16], "texture": "#21"}
			}
		},
		{
			"from": [0.72, 17, 3.52],
			"to": [1.6, 20.88, 7.04],
			"rotation": {"angle": -22.5, "axis": "y", "origin": [0.72, 17, 3.52]},
			"faces": {
				"north": {"uv": [0, 0, 16, 16], "rotation": 90, "texture": "#21"},
				"east": {"uv": [0, 0, 16, 16], "rotation": 90, "texture": "#21"},
				"south": {"uv": [0, 0, 16, 16], "rotation": 90, "texture": "#21"},
				"west": {"uv": [0, 0, 16, 16], "rotation": 90, "texture": "#21"},
				"up": {"uv": [0, 0, 16, 16], "rotation": 90, "texture": "#21"},
				"down": {"uv": [0, 0, 16, 16], "rotation": 90, "texture": "#21"}
			}
		},
		{
			"from": [6, 17, 0],
			"to": [9.52, 20.88, 0.88],
			"rotation": {"angle": 0, "axis": "y", "origin": [12.16, 17, 0]},
			"faces": {
				"north": {"uv": [0, 0, 16, 16], "texture": "#21"},
				"east": {"uv": [0, 0, 16, 16], "texture": "#21"},
				"south": {"uv": [0, 0, 16, 16], "texture": "#21"},
				"west": {"uv": [0, 0, 16, 16], "texture": "#21"},
				"up": {"uv": [0, 0, 16, 16], "texture": "#21"},
				"down": {"uv": [0, 0, 16, 16], "texture": "#21"}
			}
		},
		{
			"from": [2.48, 17, 0],
			"to": [6, 20.88, 0.88],
			"rotation": {"angle": 22.5, "axis": "y", "origin": [6, 17, 0]},
			"faces": {
				"north": {"uv": [0, 0, 16, 16], "texture": "#21"},
				"east": {"uv": [0, 0, 16, 16], "texture": "#21"},
				"south": {"uv": [0, 0, 16, 16], "texture": "#21"},
				"west": {"uv": [0, 0, 16, 16], "texture": "#21"},
				"up": {"uv": [0, 0, 16, 16], "texture": "#21"},
				"down": {"uv": [0, 0, 16, 16], "texture": "#21"}
			}
		},
		{
			"from": [13.92, 17, 9.68],
			"to": [14.8, 20.88, 13.2],
			"rotation": {"angle": -22.5, "axis": "y", "origin": [14.8, 17, 13.2]},
			"faces": {
				"north": {"uv": [0, 0, 16, 16], "rotation": 90, "texture": "#21"},
				"east": {"uv": [0, 0, 16, 16], "rotation": 90, "texture": "#21"},
				"south": {"uv": [0, 0, 16, 16], "rotation": 90, "texture": "#21"},
				"west": {"uv": [0, 0, 16, 16], "rotation": 90, "texture": "#21"},
				"up": {"uv": [0, 0, 16, 16], "rotation": 90, "texture": "#21"},
				"down": {"uv": [0, 0, 16, 16], "rotation": 90, "texture": "#21"}
			}
		},
		{
			"from": [13.04, 17, 14.96],
			"to": [16.56, 20.88, 15.84],
			"rotation": {"angle": 45, "axis": "y", "origin": [12.16, 17, 15.84]},
			"faces": {
				"north": {"uv": [0, 0, 16, 16], "texture": "#21"},
				"east": {"uv": [0, 0, 16, 16], "texture": "#21"},
				"south": {"uv": [0, 0, 16, 16], "texture": "#21"},
				"west": {"uv": [0, 0, 16, 16], "texture": "#21"},
				"up": {"uv": [0, 0, 16, 16], "texture": "#21"},
				"down": {"uv": [0, 0, 16, 16], "texture": "#21"}
			}
		},
		{
			"from": [9.52, 17, 15.84],
			"to": [13.04, 20.88, 16.72],
			"rotation": {"angle": 22.5, "axis": "y", "origin": [9.52, 17, 16.72]},
			"faces": {
				"north": {"uv": [0, 0, 16, 16], "texture": "#21"},
				"east": {"uv": [0, 0, 16, 16], "texture": "#21"},
				"south": {"uv": [0, 0, 16, 16], "texture": "#21"},
				"west": {"uv": [0, 0, 16, 16], "texture": "#21"},
				"up": {"uv": [0, 0, 16, 16], "texture": "#21"},
				"down": {"uv": [0, 0, 16, 16], "texture": "#21"}
			}
		},
		{
			"from": [6, 17, 15.84],
			"to": [9.52, 20.88, 16.72],
			"rotation": {"angle": 0, "axis": "y", "origin": [3.36, 17, 16.72]},
			"faces": {
				"north": {"uv": [0, 0, 16, 16], "texture": "#21"},
				"east": {"uv": [0, 0, 16, 16], "texture": "#21"},
				"south": {"uv": [0, 0, 16, 16], "texture": "#21"},
				"west": {"uv": [0, 0, 16, 16], "texture": "#21"},
				"up": {"uv": [0, 0, 16, 16], "texture": "#21"},
				"down": {"uv": [0, 0, 16, 16], "texture": "#21"}
			}
		},
		{
			"from": [2.48, 17, 15.84],
			"to": [6, 20.88, 16.72],
			"rotation": {"angle": -22.5, "axis": "y", "origin": [6, 17, 16.72]},
			"faces": {
				"north": {"uv": [0, 0, 16, 16], "texture": "#21"},
				"east": {"uv": [0, 0, 16, 16], "texture": "#21"},
				"south": {"uv": [0, 0, 16, 16], "texture": "#21"},
				"west": {"uv": [0, 0, 16, 16], "texture": "#21"},
				"up": {"uv": [0, 0, 16, 16], "texture": "#21"},
				"down": {"uv": [0, 0, 16, 16], "texture": "#21"}
			}
		},
		{
			"from": [-1.04, 17, 14.96],
			"to": [2.48, 20.88, 15.84],
			"rotation": {"angle": -45, "axis": "y", "origin": [3.36, 17, 15.84]},
			"faces": {
				"north": {"uv": [0, 0, 16, 16], "texture": "#21"},
				"east": {"uv": [0, 0, 16, 16], "texture": "#21"},
				"south": {"uv": [0, 0, 16, 16], "texture": "#21"},
				"west": {"uv": [0, 0, 16, 16], "texture": "#21"},
				"up": {"uv": [0, 0, 16, 16], "texture": "#21"},
				"down": {"uv": [0, 0, 16, 16], "texture": "#21"}
			}
		},
		{
			"from": [0.72, 17, 9.68],
			"to": [1.6, 20.88, 13.2],
			"rotation": {"angle": 22.5, "axis": "y", "origin": [0.72, 17, 13.2]},
			"faces": {
				"north": {"uv": [0, 0, 16, 16], "rotation": 90, "texture": "#21"},
				"east": {"uv": [0, 0, 16, 16], "rotation": 90, "texture": "#21"},
				"south": {"uv": [0, 0, 16, 16], "rotation": 90, "texture": "#21"},
				"west": {"uv": [0, 0, 16, 16], "rotation": 90, "texture": "#21"},
				"up": {"uv": [0, 0, 16, 16], "rotation": 90, "texture": "#21"},
				"down": {"uv": [0, 0, 16, 16], "rotation": 90, "texture": "#21"}
			}
		},
		{
			"from": [-1.04, 17, 0.88],
			"to": [2.48, 20.88, 1.76],
			"rotation": {"angle": 45, "axis": "y", "origin": [3.36, 17, 0.88]},
			"faces": {
				"north": {"uv": [0, 0, 16, 16], "texture": "#21"},
				"east": {"uv": [0, 0, 16, 16], "texture": "#21"},
				"south": {"uv": [0, 0, 16, 16], "texture": "#21"},
				"west": {"uv": [0, 0, 16, 16], "texture": "#21"},
				"up": {"uv": [0, 0, 16, 16], "texture": "#21"},
				"down": {"uv": [0, 0, 16, 16], "texture": "#21"}
			}
		},
		{
			"from": [0.72, 17, 3.52],
			"to": [1.6, 20.88, 7.04],
			"rotation": {"angle": -22.5, "axis": "y", "origin": [0.72, 17, 3.52]},
			"faces": {
				"north": {"uv": [0, 0, 16, 16], "rotation": 90, "texture": "#21"},
				"east": {"uv": [0, 0, 16, 16], "rotation": 90, "texture": "#21"},
				"south": {"uv": [0, 0, 16, 16], "rotation": 90, "texture": "#21"},
				"west": {"uv": [0, 0, 16, 16], "rotation": 90, "texture": "#21"},
				"up": {"uv": [0, 0, 16, 16], "rotation": 90, "texture": "#21"},
				"down": {"uv": [0, 0, 16, 16], "rotation": 90, "texture": "#21"}
			}
		},
		{
			"from": [6, 17, 0],
			"to": [9.52, 20.88, 0.88],
			"rotation": {"angle": 0, "axis": "y", "origin": [12.16, 17, 0]},
			"faces": {
				"north": {"uv": [0, 0, 16, 16], "texture": "#21"},
				"east": {"uv": [0, 0, 16, 16], "texture": "#21"},
				"south": {"uv": [0, 0, 16, 16], "texture": "#21"},
				"west": {"uv": [0, 0, 16, 16], "texture": "#21"},
				"up": {"uv": [0, 0, 16, 16], "texture": "#21"},
				"down": {"uv": [0, 0, 16, 16], "texture": "#21"}
			}
		},
		{
			"from": [2.48, 17, 0],
			"to": [6, 20.88, 0.88],
			"rotation": {"angle": 22.5, "axis": "y", "origin": [6, 17, 0]},
			"faces": {
				"north": {"uv": [0, 0, 16, 16], "texture": "#21"},
				"east": {"uv": [0, 0, 16, 16], "texture": "#21"},
				"south": {"uv": [0, 0, 16, 16], "texture": "#21"},
				"west": {"uv": [0, 0, 16, 16], "texture": "#21"},
				"up": {"uv": [0, 0, 16, 16], "texture": "#21"},
				"down": {"uv": [0, 0, 16, 16], "texture": "#21"}
			}
		}
	],
	"display": {
		"thirdperson_righthand": {
			"scale": [0.18, 0.18, 0.17]
		},
		"thirdperson_lefthand": {
			"scale": [0.21, 0.19, 0.18]
		},
		"firstperson_righthand": {
			"translation": [0, 0, 2.5],
			"scale": [0.17, 0.18, 0.13]
		},
		"firstperson_lefthand": {
			"translation": [0, 0, 2.5],
			"scale": [0.15, 0.14, 0.11]
		},
		"gui": {
			"rotation": [26, -28, 0],
			"translation": [-0.25, -1.5, 0],
			"scale": [0.49117, 0.43773, 0.49828]
		}
	},
	"groups": [
		{
			"name": "group",
			"origin": [8, 0, 0],
			"color": 0,
			"children": [0, 1, 2, 3, 4, 5, 6, 7, 8, 9, 10, 11, 12, 13, 14, 15, 16, 17, 18, 19, 20]
		},
		{
			"name": "group",
			"origin": [8, 0, 0],
			"color": 0,
			"children": [21, 22, 23, 24, 25, 26, 27, 28, 29, 30, 31, 32, 33, 34, 35, 36, 37, 38, 39, 40, 41]
		},
		{
			"name": "group",
			"origin": [8, 0, 0],
			"color": 0,
			"children": [42, 43, 44, 45, 46, 47, 48, 49, 50, 51, 52, 53, 54, 55, 56, 57, 58, 59, 60, 61, 62]
		},
		{
			"name": "group",
			"origin": [8, 0, 0],
			"color": 0,
			"children": [63, 64, 65, 66, 67, 68, 69, 70, 71, 72, 73, 74, 75, 76, 77, 78, 79, 80, 81, 82, 83]
		},
		{
			"name": "group",
			"origin": [8, 0, 0],
			"color": 0,
			"children": [84, 85, 86, 87, 88, 89, 90, 91, 92, 93, 94, 95, 96, 97, 98, 99, 100, 101, 102, 103, 104]
		},
		{
			"name": "group",
			"origin": [8, 0, 0],
			"color": 0,
			"children": [105, 106, 107, 108, 109, 110, 111, 112, 113, 114, 115, 116, 117, 118, 119, 120, 121, 122, 123, 124, 125]
		},
		{
			"name": "group",
			"origin": [8, 0, 0],
			"color": 0,
			"children": [126, 127, 128, 129, 130, 131, 132, 133, 134, 135, 136, 137, 138, 139, 140, 141, 142, 143, 144, 145, 146]
		}
	]
}