{
    "textures": {
	    "particle": "block/furnace_front_on",
        "0": "block/furnace_front",
        "1": "block/furnace_side",
        "2": "block/furnace_back",
        "3": "block/furnace_top",
        "4": "block/furnace_side",
        "5": "block/furnace_front_on"
    },
    "elements": [
        {
            "name": "Main",
            "from": [ 0.0, 0.0, 1.4999999925494194 ], 
            "to": [ 16.0, 16.0, 16.0 ], 
            "faces": {
                "north": { "texture": "#0", "uv": [ 0.0, 0.0, 16.0, 16.0 ] },
                "east": { "texture": "#1", "uv": [ 0.0, 0.0, 14.0, 16.0 ] },
                "south": { "texture": "#2", "uv": [ 0.0, 0.0, 16.0, 16.0 ] },
                "west": { "texture": "#1", "uv": [ 0.0, 0.0, 14.0, 16.0 ] },
                "up": { "texture": "#3", "uv": [ 0.0, 2.0, 16.0, 16.0 ] },
                "down": { "texture": "#1", "uv": [ 0.0, 0.0, 16.0, 14.0 ] }
            }
        },
        {
            "name": "Handle",
            "from": [ 0.20000000298023224, 12.200000002980232, -0.8999999836087227 ], 
            "to": [ 15.799999997019768, 12.799999997019768, -0.29999998956918716 ], 
            "faces": {
                "north": { "texture": "#0", "uv": [ 0.2, 3.2, 15.799999994039535, 3.7999999940395357 ] },
                "east": { "texture": "#0", "uv": [ 0.2, 3.2, 0.7999999940395355, 3.7999999940395357 ] },
                "south": { "texture": "#0", "uv": [ 0.2, 3.2, 15.799999994039535, 3.7999999940395357 ] },
                "west": { "texture": "#0", "uv": [ 15.0, 3.2, 15.599999994039536, 3.7999999940395357 ] },
                "up": { "texture": "#0", "uv": [ 0.2, 3.3000000000000003, 15.799999994039535, 3.899999994039536 ] },
                "down": { "texture": "#0", "uv": [ 0.2, 3.7000000000000006, 14.599999994039536, 3.299999994039537 ] }
            }
        },
        {
            "name": "Cube",
            "from": [ 0.0, 15.0, -0.5000000074505806 ], 
            "to": [ 16.0, 16.0, 1.4999999925494194 ], 
            "faces": {
                "north": { "texture": "#0", "uv": [ 0.0, 0.0, 16.0, 1.0 ] },
                "east": { "texture": "#1", "uv": [ 0.0, 0.0, 2.0, 1.0 ] },
                "south": { "texture": "#4", "uv": [ 0.0, 0.0, 16.0, 1.0 ] },
                "west": { "texture": "#1", "uv": [ 0.0, 0.0, 2.0, 1.0 ] },
                "up": { "texture": "#3", "uv": [ 0.0, 0.0, 16.0, 2.0 ] },
                "down": { "texture": "#0", "uv": [ 0.0, 0.0, 16.0, 1.0 ], "rotation": 180 }
            }
        },
        {
            "name": "Cube",
            "from": [ 0.0, 13.0, -0.5000000074505806 ], 
            "to": [ 16.0, 14.0, 1.4999999925494194 ], 
            "faces": {
                "north": { "texture": "#0", "uv": [ 0.0, 2.0, 16.0, 3.0 ] },
                "east": { "texture": "#1", "uv": [ 0.0, 0.0, 2.0, 1.0 ] },
                "south": { "texture": "#4", "uv": [ 0.0, 0.0, 16.0, 1.0 ] },
                "west": { "texture": "#1", "uv": [ 0.0, 0.0, 2.0, 1.0 ] },
                "up": { "texture": "#0", "uv": [ 0.0, 2.0, 16.0, 1.0 ] },
                "down": { "texture": "#0", "uv": [ 0.0, 0.0, 16.0, 1.0 ], "rotation": 180 }
            }
        },
        {
            "name": "Bottom",
            "from": [ 0.0, 0.0, -0.5000000074505806 ], 
            "to": [ 16.0, 3.3000000044703484, 1.4999999925494194 ], 
            "faces": {
                "north": { "texture": "#0", "uv": [ 0.0, 13.0, 16.0, 16.000000004470344 ] },
                "east": { "texture": "#1", "uv": [ 0.0, 0.0, 2.0, 3.3000000044703484 ] },
                "south": { "texture": "#4", "uv": [ 0.0, 0.0, 16.0, 3.3000000044703484 ] },
                "west": { "texture": "#1", "uv": [ 0.0, 0.0, 2.0, 3.3000000044703484 ] },
                "up": { "texture": "#0", "uv": [ 0.0, 13.0, 16.0, 15.0 ], "rotation": 180 },
                "down": { "texture": "#1", "uv": [ 0.0, 0.0, 16.0, 2.0 ] }
            }
        },
        {
            "name": "Door",
            "from": [ 0.0, 3.0, 0.5000000074505806 ], 
            "to": [ 16.0, 15.0, 1.5000000074505806 ], 
            "faces": {
                "north": { "texture": "#5", "uv": [ 0.0, 1.0, 16.0, 13.0 ] },
                "east": { "texture": "#1", "uv": [ 0.0, 0.0, 1.0, 12.0 ] },
                "south": { "texture": "#4", "uv": [ 0.0, 0.0, 16.0, 12.0 ] },
                "west": { "texture": "#1", "uv": [ 0.0, 0.0, 1.0, 12.0 ] },
                "up": { "texture": "#4", "uv": [ 0.0, 0.0, 16.0, 1.0 ] },
                "down": { "texture": "#4", "uv": [ 0.0, 0.0, 16.0, 1.0 ] }
            }
        },
        {
            "name": "Left Side",
            "from": [ 14.0, 3.299999989569187, 0.0 ], 
            "to": [ 16.0, 10.999999985098839, 0.5000000074505806 ], 
            "faces": {
                "north": { "texture": "#0", "uv": [ 0.0, 5.0, 2.0, 12.700000000000005 ] },
                "east": { "texture": "#0", "uv": [ 0.0, 5.0, 0.4999999925494194, 13.0 ] },
                "south": { "texture": "#4", "uv": [ 0.0, 0.0, 2.0, 8.0 ] },
                "west": { "texture": "#0", "uv": [ 0.0, 5.0, 0.4999999925494194, 13.0 ] },
                "up": { "texture": "#4", "uv": [ 0.0, 0.0, 2.0, 0.4999999925494194 ] },
                "down": { "texture": "#4", "uv": [ 0.0, 0.0, 2.0, 0.4999999925494194 ] }
            }
        },
        {
            "name": "Right Side",
            "from": [ 0.0, 3.3000000044703484, 1.4901161193847656E-8 ], 
            "to": [ 2.0, 11.0, 0.5000000074505806 ], 
            "faces": {
                "north": { "texture": "#0", "uv": [ 14.0, 5.0, 16.0, 12.700000000000001 ] },
                "east": { "texture": "#0", "uv": [ 0.0, 5.0, 0.4999999925494194, 13.0 ] },
                "south": { "texture": "#4", "uv": [ 0.0, 0.0, 2.0, 8.0 ] },
                "west": { "texture": "#0", "uv": [ 0.0, 5.0, 0.4999999925494194, 13.0 ] },
                "up": { "texture": "#4", "uv": [ 0.0, 0.0, 2.0, 0.4999999925494194 ] },
                "down": { "texture": "#4", "uv": [ 0.0, 0.0, 2.0, 0.4999999925494194 ] }
            }
        },
        {
            "name": "Door Top",
            "from": [ 0.0, 11.0, -0.30000000447034836 ], 
            "to": [ 16.0, 11.699999995529652, 0.4999999925494194 ], 
            "faces": {
                "north": { "texture": "#0", "uv": [ 0.0, 4.199999999999999, 16.0, 4.899999995529651 ] },
                "east": { "texture": "#0", "uv": [ 0.0, 4.0, 0.7999999970197678, 4.699999995529652 ] },
                "south": { "texture": "#4", "uv": [ 0.0, 0.0, 16.0, 0.6999999955296516 ] },
                "west": { "texture": "#0", "uv": [ 0.0, 4.0, 0.7999999970197678, 4.699999995529652 ] },
                "up": { "texture": "#0", "uv": [ 0.0, 4.499999999999998, 16.0, 4.499999997019769 ], "rotation": 180 },
                "down": { "texture": "#0", "uv": [ 0.0, 4.299999999999999, 16.0, 4.699999997019768 ], "rotation": 180 }
            }
        },
        {
            "name": "Cube",
            "from": [ 0.7000000104308128, 11.699999995529652, -0.30000000447034836 ], 
            "to": [ 1.7000000104308128, 12.799999997019768, 0.4999999925494194 ], 
            "faces": {
                "north": { "texture": "#0", "uv": [ 14.2, 3.2, 15.2, 4.300000001490116 ] },
                "east": { "texture": "#0", "uv": [ 15.0, 4.0, 15.799999997019768, 5.100000001490116 ] },
                "south": { "texture": "#4", "uv": [ 0.0, 0.0, 1.0, 1.1000000014901161 ] },
                "west": { "texture": "#0", "uv": [ 0.0, 4.0, 0.7999999970197678, 5.100000001490116 ] },
                "up": { "texture": "#0", "uv": [ 0.0, 4.0, 1.0, 4.799999997019768 ] },
                "down": { "texture": "#4", "uv": [ 0.0, 0.0, 1.0, 0.7999999970197678 ] }
            }
        },
        {
            "name": "Cube",
            "from": [ 14.300000004470348, 11.699999995529652, -0.30000000447034836 ], 
            "to": [ 15.300000004470348, 12.799999997019768, 0.4999999925494194 ], 
            "faces": {
                "north": { "texture": "#0", "uv": [ 1.0, 3.2, 2.0, 4.300000001490116 ] },
                "east": { "texture": "#0", "uv": [ 0.0, 4.0, 0.7999999970197678, 5.100000001490116 ] },
                "south": { "texture": "#4", "uv": [ 0.0, 0.0, 1.0, 1.1000000014901161 ] },
                "west": { "texture": "#0", "uv": [ 0.0, 4.0, 0.7999999970197678, 5.100000001490116 ] },
                "up": { "texture": "#0", "uv": [ 0.0, 4.0, 1.0, 4.799999997019768 ] },
                "down": { "texture": "#4", "uv": [ 0.0, 0.0, 1.0, 0.7999999970197678 ] }
            }
        },
        {
            "name": "Lip",
            "from": [ 0.0, 14.000000014901161, -0.30000000447034836 ], 
            "to": [ 16.0, 15.000000014901161, 0.6999999955296516 ], 
            "faces": {
                "north": { "texture": "#0", "uv": [ 0.0, 1.0, 16.0, 2.0 ] },
                "east": { "texture": "#1", "uv": [ 0.0, 0.0, 1.0, 1.0 ] },
                "south": { "texture": "#4", "uv": [ 0.0, 0.0, 16.0, 1.0 ] },
                "west": { "texture": "#1", "uv": [ 0.0, 0.0, 1.0, 1.0 ] },
                "up": { "texture": "#4", "uv": [ 0.0, 0.0, 16.0, 1.0 ] },
                "down": { "texture": "#4", "uv": [ 0.0, 0.0, 16.0, 1.0 ] }
            }
        }
    ]
}