{
	"credit": "ALTA Official CONTENT -- Do not use without credits !",
	"textures": {
		"0": "block/3d_objects/props_d",
		"particle": "block/3d_objects/props_d"
	},
	"elements": [
		{
			"from": [0, 0, 0],
			"to": [16, 16, 16],
			"faces": {
				"north": {"uv": [2.078, 13.672, 3.937, 15.594], "texture": "#0"},
				"east": {"uv": [2.078, 13.672, 3.937, 15.594], "texture": "#0"},
				"south": {"uv": [2.078, 13.672, 3.937, 15.594], "texture": "#0"},
				"west": {"uv": [2.078, 13.672, 3.937, 15.594], "texture": "#0"},
				"up": {"uv": [3.485, 8.922, 5.452, 10.937], "texture": "#0"},
				"down": {"uv": [2.078, 13.672, 3.937, 15.594], "texture": "#0"}
			}
		}
	],
	"display": {
		"thirdperson_righthand": {
			"rotation": [90, 0, 0],
			"translation": [-6, 0, 0]
		},
		"thirdperson_lefthand": {
			"rotation": [90, 0, 0],
			"translation": [-6, 0, 0]
		},
		"firstperson_righthand": {
			"scale": [0, 0, 0]
		},
		"firstperson_lefthand": {
			"scale": [0, 0, 0]
		},
		"gui": {
			"rotation": [20, 45, 0],
			"scale": [0.65, 0.65, 0.65]
		}
	}
}