{
	"credit": "Made with Blockbench",
	"textures": {
		"4": "block/crying_obsidian",
		"particle": "block/acacia_planks"
	},
	"elements": [
		{
			"from": [0, 0, 15],
			"to": [2, 32, 16],
			"rotation": {"angle": 0, "axis": "y", "origin": [0, 0, 15]},
			"faces": {
				"north": {"uv": [0, 1.25, 3, 16], "texture": "#4"},
				"east": {"uv": [0, 1.25, 3, 16], "texture": "#4"},
				"south": {"uv": [0, 1.25, 3, 16], "texture": "#4"},
				"west": {"uv": [0, 1.25, 3, 16], "texture": "#4"},
				"up": {"uv": [0, 1.25, 3, 16], "texture": "#4"},
				"down": {"uv": [0, 1.25, 3, 16], "texture": "#4"}
			}
		},
		{
			"from": [14, 0, 15],
			"to": [16, 32, 16],
			"rotation": {"angle": 0, "axis": "y", "origin": [15, 0, 15]},
			"faces": {
				"north": {"uv": [0, 0.75, 3, 16], "texture": "#4"},
				"east": {"uv": [0, 0.75, 3, 16], "texture": "#4"},
				"south": {"uv": [0, 0.75, 3, 16], "texture": "#4"},
				"west": {"uv": [0, 0.75, 3, 16], "texture": "#4"},
				"up": {"uv": [0, 0.75, 3, 16], "texture": "#4"},
				"down": {"uv": [0, 0.75, 3, 16], "texture": "#4"}
			}
		},
		{
			"from": [11, 2, 15],
			"to": [12, 30, 16],
			"rotation": {"angle": 0, "axis": "y", "origin": [11, 0, 15]},
			"faces": {
				"north": {"uv": [4.5, 0, 6.25, 16], "texture": "#4"},
				"east": {"uv": [13, 0, 16, 16], "texture": "#4"},
				"south": {"uv": [13, 0, 16, 16], "texture": "#4"},
				"west": {"uv": [13, 0, 16, 16], "texture": "#4"},
				"up": {"uv": [13, 0, 16, 16], "texture": "#4"},
				"down": {"uv": [13, 0, 16, 16], "texture": "#4"}
			}
		},
		{
			"from": [7.5, 2, 15],
			"to": [8.5, 30, 16],
			"rotation": {"angle": 0, "axis": "y", "origin": [7, 0, 15]},
			"faces": {
				"north": {"uv": [10.25, 0, 12, 16], "texture": "#4"},
				"east": {"uv": [6, 0, 9, 16], "texture": "#4"},
				"south": {"uv": [6, 0, 9, 16], "texture": "#4"},
				"west": {"uv": [6, 0, 9, 16], "texture": "#4"},
				"up": {"uv": [6, 0, 9, 16], "texture": "#4"},
				"down": {"uv": [6, 0, 9, 16], "texture": "#4"}
			}
		},
		{
			"from": [1.5, 7, 15.05],
			"to": [14.5, 8, 16.05],
			"rotation": {"angle": 0, "axis": "y", "origin": [7, -2, 15]},
			"faces": {
				"north": {"uv": [0, 0, 16, 1.75], "texture": "#4"},
				"east": {"uv": [0, 0, 16, 1.75], "texture": "#4"},
				"south": {"uv": [0, 0, 16, 1.75], "texture": "#4"},
				"west": {"uv": [0, 0, 16, 1.75], "texture": "#4"},
				"up": {"uv": [0, 0, 16, 1.75], "texture": "#4"},
				"down": {"uv": [0, 0, 16, 1.75], "texture": "#4"}
			}
		},
		{
			"from": [1.5, 24, 15.05],
			"to": [14.5, 25, 16.05],
			"rotation": {"angle": 0, "axis": "y", "origin": [7, 15, 15]},
			"faces": {
				"north": {"uv": [0, 0, 16, 1.75], "texture": "#4"},
				"east": {"uv": [0, 0, 16, 1.75], "texture": "#4"},
				"south": {"uv": [0, 0, 16, 1.75], "texture": "#4"},
				"west": {"uv": [0, 0, 16, 1.75], "texture": "#4"},
				"up": {"uv": [0, 0, 16, 1.75], "texture": "#4"},
				"down": {"uv": [0, 0, 16, 1.75], "texture": "#4"}
			}
		},
		{
			"from": [4, 2, 15],
			"to": [5, 30, 16],
			"rotation": {"angle": 0, "axis": "y", "origin": [4, 0, 15]},
			"faces": {
				"north": {"uv": [8, 0, 9.75, 16], "texture": "#4"},
				"east": {"uv": [5.5, 0, 8.5, 16], "texture": "#4"},
				"south": {"uv": [5.5, 0, 8.5, 16], "texture": "#4"},
				"west": {"uv": [5.5, 0, 8.5, 16], "texture": "#4"},
				"up": {"uv": [5.5, 0, 8.5, 16], "texture": "#4"},
				"down": {"uv": [5.5, 0, 8.5, 16], "texture": "#4"}
			}
		},
		{
			"from": [2, 0, 15],
			"to": [14, 2, 16],
			"rotation": {"angle": 0, "axis": "y", "origin": [0, 0, 15]},
			"faces": {
				"north": {"uv": [0, 13, 16, 16], "texture": "#4"},
				"east": {"uv": [0, 13, 16, 16], "texture": "#4"},
				"south": {"uv": [0, 13, 16, 16], "texture": "#4"},
				"west": {"uv": [0, 13, 16, 16], "texture": "#4"},
				"up": {"uv": [0, 13, 16, 16], "texture": "#4"},
				"down": {"uv": [0, 13, 16, 16], "texture": "#4"}
			}
		},
		{
			"from": [2, 30, 15],
			"to": [14, 32, 16],
			"rotation": {"angle": 0, "axis": "y", "origin": [0, 31, 15]},
			"faces": {
				"north": {"uv": [0, 1, 16, 3.5], "texture": "#4"},
				"east": {"uv": [0, 1, 16, 3.5], "texture": "#4"},
				"south": {"uv": [0, 1, 16, 3.5], "texture": "#4"},
				"west": {"uv": [0, 1, 16, 3.5], "texture": "#4"},
				"up": {"uv": [0, 1, 16, 3.5], "texture": "#4"},
				"down": {"uv": [0, 1, 16, 3.5], "texture": "#4"}
			}
		}
	],
	"display": {
		"thirdperson_righthand": {
			"scale": [0.12, 0.12, 0.14]
		},
		"thirdperson_lefthand": {
			"scale": [0.12, 0.12, 0.14]
		},
		"firstperson_righthand": {
			"translation": [0, 0, 1.75],
			"scale": [0.12, 0.12, 0.14]
		},
		"firstperson_lefthand": {
			"translation": [0, 0, 2],
			"scale": [0.12, 0.12, 0.14]
		},
		"gui": {
			"rotation": [19, -21, 0],
			"translation": [1.25, -2.25, 0],
			"scale": [0.45, 0.44, 0.44]
		}
	},
	"groups": [
		{
			"name": "group",
			"origin": [0, 31, 15],
			"color": 0,
			"children": [0, 1, 2, 3, 4, 5, 6, 7, 8]
		}
	]
}