{
	"credit": "Made with Blockbench",
	"textures": {
		"0": "block/3d_objects/vegetation1",
		"particle": "block/3d_objects/vegetation1"
	},
	"elements": [
		{
			"from": [0, 0, 8],
			"to": [16, 12, 8],
			"faces": {
				"north": {"uv": [0.0625, 0.25, 6.625, 4.875], "texture": "#0"},
				"east": {"uv": [0.0625, 0.25, 6.625, 4.875], "texture": "#0"},
				"south": {"uv": [0.0625, 0.25, 6.625, 4.875], "texture": "#0"},
				"west": {"uv": [0.0625, 0.25, 6.625, 4.875], "texture": "#0"},
				"up": {"uv": [0.0625, 0.25, 6.625, 4.875], "texture": "#0"},
				"down": {"uv": [0.0625, 0.25, 6.625, 4.875], "texture": "#0"}
			}
		},
		{
			"from": [8, 0, 0],
			"to": [8, 12, 16],
			"faces": {
				"north": {"uv": [0.0625, 0.25, 6.625, 4.875], "texture": "#0"},
				"east": {"uv": [0.0625, 0.25, 6.625, 4.875], "texture": "#0"},
				"south": {"uv": [0.0625, 0.25, 6.625, 4.875], "texture": "#0"},
				"west": {"uv": [0.0625, 0.25, 6.625, 4.875], "texture": "#0"},
				"up": {"uv": [0.0625, 0.25, 6.625, 4.875], "rotation": 270, "texture": "#0"},
				"down": {"uv": [0.0625, 0.25, 6.625, 4.875], "rotation": 90, "texture": "#0"}
			}
		},
		{
			"from": [3, 0, 0],
			"to": [19, 12, 0],
			"rotation": {"angle": -45, "axis": "y", "origin": [0, 0, 0]},
			"faces": {
				"north": {"uv": [0.0625, 0.25, 6.625, 4.875], "texture": "#0"},
				"east": {"uv": [0.0625, 0.25, 6.625, 4.875], "texture": "#0"},
				"south": {"uv": [0.0625, 0.25, 6.625, 4.875], "texture": "#0"},
				"west": {"uv": [0.0625, 0.25, 6.625, 4.875], "texture": "#0"},
				"up": {"uv": [0.0625, 0.25, 6.625, 4.875], "rotation": 180, "texture": "#0"},
				"down": {"uv": [0.0625, 0.25, 6.625, 4.875], "rotation": 180, "texture": "#0"}
			}
		},
		{
			"from": [3, 0, 16],
			"to": [19, 12, 16],
			"rotation": {"angle": 45, "axis": "y", "origin": [0, 0, 16]},
			"faces": {
				"north": {"uv": [0.0625, 0.25, 6.625, 4.875], "texture": "#0"},
				"east": {"uv": [0.0625, 0.25, 6.625, 4.875], "texture": "#0"},
				"south": {"uv": [0.0625, 0.25, 6.625, 4.875], "texture": "#0"},
				"west": {"uv": [0.0625, 0.25, 6.625, 4.875], "texture": "#0"},
				"up": {"uv": [0.0625, 0.25, 6.625, 4.875], "rotation": 180, "texture": "#0"},
				"down": {"uv": [0.0625, 0.25, 6.625, 4.875], "rotation": 180, "texture": "#0"}
			}
		}
	],
	"display": {
		"thirdperson_righthand": {
			"scale": [0.34, 0.34, 0.34]
		},
		"thirdperson_lefthand": {
			"scale": [0.32, 0.32, 0.32]
		},
		"firstperson_righthand": {
			"translation": [0, 2.75, 0],
			"scale": [0.52, 0.52, 0.52]
		},
		"firstperson_lefthand": {
			"translation": [0, 2.75, 0],
			"scale": [0.52, 0.52, 0.52]
		}
	}
}