{
	"credit": "Made with Blockbench",
	"textures": {
		"1": "block/3d_objects/props_d",
		"particle": "block/beetroots_stage1"
	},
	"elements": [
		{
			"from": [0, 0.05, 0],
			"to": [8, 0.05, 10],
			"rotation": {"angle": 22.5, "axis": "y", "origin": [0, 0, 0]},
			"faces": {
				"north": {"uv": [4.14063, 13.75, 5.75, 16], "texture": "#1"},
				"east": {"uv": [4.14063, 13.75, 5.75, 16], "texture": "#1"},
				"south": {"uv": [4.14063, 13.5625, 5.75, 16], "texture": "#1"},
				"west": {"uv": [4.14063, 13.75, 5.75, 16], "texture": "#1"},
				"up": {"uv": [3.98438, 13.60938, 5.78125, 16], "texture": "#1"},
				"down": {"uv": [4.14063, 13.75, 5.75, 16], "texture": "#1"}
			}
		},
		{
			"from": [12, 0.05, 14],
			"to": [17, 0.05, 21],
			"rotation": {"angle": -22.5, "axis": "y", "origin": [12, 0, 11]},
			"faces": {
				"north": {"uv": [5.78125, 13.60938, 7.57813, 16], "texture": "#1"},
				"east": {"uv": [5.78125, 13.60938, 7.57813, 16], "texture": "#1"},
				"south": {"uv": [5.78125, 13.60938, 7.57813, 16], "texture": "#1"},
				"west": {"uv": [5.78125, 13.60938, 7.57813, 16], "texture": "#1"},
				"up": {"uv": [5.78125, 13.60938, 7.57813, 16], "texture": "#1"},
				"down": {"uv": [5.78125, 13.60938, 7.57813, 16], "texture": "#1"}
			}
		},
		{
			"from": [12, 0.45, 4],
			"to": [17, 1.45, 11],
			"rotation": {"angle": -22.5, "axis": "y", "origin": [12, 0, 1]},
			"faces": {
				"north": {"uv": [7.60938, 11.89063, 7.76563, 12.03125], "texture": "#1"},
				"east": {"uv": [7.60938, 11.89063, 7.76563, 12.03125], "texture": "#1"},
				"south": {"uv": [7.60938, 11.89063, 7.76563, 12.03125], "texture": "#1"},
				"west": {"uv": [7.60938, 11.89063, 7.76563, 12.03125], "texture": "#1"},
				"up": {"uv": [7.60938, 9.48438, 9.09375, 12.03125], "texture": "#1"},
				"down": {"uv": [7.60938, 11.89063, 7.76563, 12.03125], "texture": "#1"}
			}
		},
		{
			"from": [-4, 0.45, 10],
			"to": [1, 1.45, 17],
			"rotation": {"angle": 22.5, "axis": "y", "origin": [-4, 0, 7]},
			"faces": {
				"north": {"uv": [9.65625, 11.39063, 9.85938, 11.92188], "texture": "#1"},
				"east": {"uv": [9.65625, 11.39063, 9.85938, 11.92188], "texture": "#1"},
				"south": {"uv": [9.65625, 11.39063, 9.85938, 11.92188], "texture": "#1"},
				"west": {"uv": [9.65625, 11.39063, 9.85938, 11.92188], "texture": "#1"},
				"up": {"uv": [9.23438, 9.45313, 10.8125, 12.03125], "texture": "#1"},
				"down": {"uv": [9.65625, 11.39063, 9.85938, 11.92188], "texture": "#1"}
			}
		},
		{
			"from": [8, 0.45, -9],
			"to": [15, 1.45, -4],
			"rotation": {"angle": 45, "axis": "y", "origin": [18, 0, -9]},
			"faces": {
				"north": {"uv": [9.65625, 11.39063, 9.85938, 11.92188], "texture": "#1"},
				"east": {"uv": [9.65625, 11.39063, 9.85938, 11.92188], "texture": "#1"},
				"south": {"uv": [9.65625, 11.39063, 9.85938, 11.92188], "texture": "#1"},
				"west": {"uv": [9.65625, 11.39063, 9.85938, 11.92188], "texture": "#1"},
				"up": {"uv": [9.23438, 9.45313, 10.8125, 12.03125], "rotation": 90, "texture": "#1"},
				"down": {"uv": [9.65625, 11.39063, 9.85938, 11.92188], "rotation": 270, "texture": "#1"}
			}
		},
		{
			"from": [0, 0, 0],
			"to": [2, 1, 3],
			"faces": {
				"north": {"uv": [2.14063, 6.09375, 3.67188, 6.96875], "rotation": 90, "texture": "#1"},
				"east": {"uv": [2.14063, 6.09375, 3.67188, 6.96875], "rotation": 90, "texture": "#1"},
				"south": {"uv": [2.14063, 6.09375, 3.67188, 6.96875], "rotation": 90, "texture": "#1"},
				"west": {"uv": [2.14063, 6.09375, 3.67188, 6.96875], "rotation": 90, "texture": "#1"},
				"up": {"uv": [2.14063, 6.09375, 3.67188, 6.96875], "rotation": 90, "texture": "#1"},
				"down": {"uv": [2.14063, 6.09375, 3.67188, 6.96875], "rotation": 90, "texture": "#1"}
			}
		},
		{
			"from": [8, 0, 0],
			"to": [10, 1, 3],
			"rotation": {"angle": -22.5, "axis": "y", "origin": [8, 0, 0]},
			"faces": {
				"north": {"uv": [2.14063, 6.09375, 3.67188, 6.96875], "rotation": 90, "texture": "#1"},
				"east": {"uv": [2.14063, 6.09375, 3.67188, 6.96875], "rotation": 90, "texture": "#1"},
				"south": {"uv": [2.14063, 6.09375, 3.67188, 6.96875], "rotation": 90, "texture": "#1"},
				"west": {"uv": [2.14063, 6.09375, 3.67188, 6.96875], "rotation": 90, "texture": "#1"},
				"up": {"uv": [2.14063, 6.09375, 3.67188, 6.96875], "rotation": 90, "texture": "#1"},
				"down": {"uv": [2.14063, 6.09375, 3.67188, 6.96875], "rotation": 90, "texture": "#1"}
			}
		},
		{
			"from": [6, 0, 14],
			"to": [8, 1, 17],
			"rotation": {"angle": 22.5, "axis": "y", "origin": [6, 0, 14]},
			"faces": {
				"north": {"uv": [2.14063, 6.09375, 3.67188, 6.96875], "rotation": 90, "texture": "#1"},
				"east": {"uv": [2.14063, 6.09375, 3.67188, 6.96875], "rotation": 90, "texture": "#1"},
				"south": {"uv": [2.14063, 6.09375, 3.67188, 6.96875], "rotation": 90, "texture": "#1"},
				"west": {"uv": [2.14063, 6.09375, 3.67188, 6.96875], "rotation": 90, "texture": "#1"},
				"up": {"uv": [2.14063, 6.09375, 3.67188, 6.96875], "rotation": 90, "texture": "#1"},
				"down": {"uv": [2.14063, 6.09375, 3.67188, 6.96875], "rotation": 90, "texture": "#1"}
			}
		},
		{
			"from": [16, 0, 8],
			"to": [18, 1, 11],
			"rotation": {"angle": 22.5, "axis": "y", "origin": [16, 0, 8]},
			"faces": {
				"north": {"uv": [2.14063, 6.09375, 3.67188, 6.96875], "rotation": 90, "texture": "#1"},
				"east": {"uv": [2.14063, 6.09375, 3.67188, 6.96875], "rotation": 90, "texture": "#1"},
				"south": {"uv": [2.14063, 6.09375, 3.67188, 6.96875], "rotation": 90, "texture": "#1"},
				"west": {"uv": [2.14063, 6.09375, 3.67188, 6.96875], "rotation": 90, "texture": "#1"},
				"up": {"uv": [2.14063, 6.09375, 3.67188, 6.96875], "rotation": 90, "texture": "#1"},
				"down": {"uv": [2.14063, 6.09375, 3.67188, 6.96875], "rotation": 90, "texture": "#1"}
			}
		},
		{
			"from": [-5, 0, 12],
			"to": [-3, 1, 15],
			"rotation": {"angle": 0, "axis": "y", "origin": [-5, 0, 12]},
			"faces": {
				"north": {"uv": [2.14063, 6.09375, 3.67188, 6.96875], "rotation": 90, "texture": "#1"},
				"east": {"uv": [2.14063, 6.09375, 3.67188, 6.96875], "rotation": 90, "texture": "#1"},
				"south": {"uv": [2.14063, 6.09375, 3.67188, 6.96875], "rotation": 90, "texture": "#1"},
				"west": {"uv": [2.14063, 6.09375, 3.67188, 6.96875], "rotation": 90, "texture": "#1"},
				"up": {"uv": [2.14063, 6.09375, 3.67188, 6.96875], "rotation": 90, "texture": "#1"},
				"down": {"uv": [2.14063, 6.09375, 3.67188, 6.96875], "rotation": 90, "texture": "#1"}
			}
		}
	],
	"display": {
		"thirdperson_righthand": {
			"scale": [0.23, 0.23, 0.23]
		},
		"thirdperson_lefthand": {
			"scale": [0.23, 0.23, 0.23]
		},
		"firstperson_righthand": {
			"scale": [0.23, 0.23, 0.23]
		},
		"firstperson_lefthand": {
			"scale": [0.23, 0.23, 0.23]
		},
		"gui": {
			"rotation": [43, 0, 0],
			"translation": [0.5, 3.25, 0],
			"scale": [0.64, 0.65, 0.65]
		}
	}
}