{
	"credit": "Made with Blockbench",
	"textures": {
		"6": "block/copper_block",
		"particle": "block/white_wool"
	},
	"elements": [
		{
			"from": [-0.5, -0.5, 0],
			"to": [16.5, 0.5, 1],
			"rotation": {"angle": 0, "axis": "y", "origin": [-1, -1, 0]},
			"faces": {
				"north": {"uv": [6.5, 11.25, 9.75, 14.25], "texture": "#6"},
				"east": {"uv": [6.5, 11.25, 9.75, 14.25], "texture": "#6"},
				"south": {"uv": [6.5, 11.25, 9.75, 14.25], "texture": "#6"},
				"west": {"uv": [6.5, 11.25, 9.75, 14.25], "texture": "#6"},
				"up": {"uv": [6.5, 11.25, 9.75, 14.25], "texture": "#6"},
				"down": {"uv": [6.5, 11.25, 9.75, 14.25], "texture": "#6"}
			}
		},
		{
			"from": [-0.5, 15.5, 0.1],
			"to": [16.5, 16.5, 1.1],
			"rotation": {"angle": 0, "axis": "y", "origin": [-1, 14, 0]},
			"faces": {
				"north": {"uv": [6.5, 11.25, 9.75, 14.25], "texture": "#6"},
				"east": {"uv": [6.5, 11.25, 9.75, 14.25], "texture": "#6"},
				"south": {"uv": [6.5, 11.25, 9.75, 14.25], "texture": "#6"},
				"west": {"uv": [6.5, 11.25, 9.75, 14.25], "texture": "#6"},
				"up": {"uv": [6.5, 11.25, 9.75, 14.25], "texture": "#6"},
				"down": {"uv": [6.5, 11.25, 9.75, 14.25], "texture": "#6"}
			}
		},
		{
			"from": [-0.5, 11.5, 0.1],
			"to": [16.5, 12.5, 1.1],
			"rotation": {"angle": 0, "axis": "y", "origin": [-1, 10, 0]},
			"faces": {
				"north": {"uv": [6.5, 11.25, 9.75, 14.25], "texture": "#6"},
				"east": {"uv": [6.5, 11.25, 9.75, 14.25], "texture": "#6"},
				"south": {"uv": [6.5, 11.25, 9.75, 14.25], "texture": "#6"},
				"west": {"uv": [6.5, 11.25, 9.75, 14.25], "texture": "#6"},
				"up": {"uv": [6.5, 11.25, 9.75, 14.25], "texture": "#6"},
				"down": {"uv": [6.5, 11.25, 9.75, 14.25], "texture": "#6"}
			}
		},
		{
			"from": [-0.5, 7.5, 0.1],
			"to": [16.5, 8.5, 1.1],
			"rotation": {"angle": 0, "axis": "y", "origin": [-1, 6, 0]},
			"faces": {
				"north": {"uv": [6.5, 11.25, 9.75, 14.25], "texture": "#6"},
				"east": {"uv": [6.5, 11.25, 9.75, 14.25], "texture": "#6"},
				"south": {"uv": [6.5, 11.25, 9.75, 14.25], "texture": "#6"},
				"west": {"uv": [6.5, 11.25, 9.75, 14.25], "texture": "#6"},
				"up": {"uv": [6.5, 11.25, 9.75, 14.25], "texture": "#6"},
				"down": {"uv": [6.5, 11.25, 9.75, 14.25], "texture": "#6"}
			}
		},
		{
			"from": [-0.5, 3.5, 0.1],
			"to": [16.5, 4.5, 1.1],
			"rotation": {"angle": 0, "axis": "y", "origin": [-1, 2, 0]},
			"faces": {
				"north": {"uv": [6.5, 11.25, 9.75, 14.25], "texture": "#6"},
				"east": {"uv": [6.5, 11.25, 9.75, 14.25], "texture": "#6"},
				"south": {"uv": [6.5, 11.25, 9.75, 14.25], "texture": "#6"},
				"west": {"uv": [6.5, 11.25, 9.75, 14.25], "texture": "#6"},
				"up": {"uv": [6.5, 11.25, 9.75, 14.25], "texture": "#6"},
				"down": {"uv": [6.5, 11.25, 9.75, 14.25], "texture": "#6"}
			}
		},
		{
			"from": [-0.5, 0.5, 0],
			"to": [0.5, 15.5, 1],
			"rotation": {"angle": 0, "axis": "y", "origin": [-1, -1, 0]},
			"faces": {
				"north": {"uv": [6.5, 11.25, 9.75, 14.25], "texture": "#6"},
				"east": {"uv": [6.5, 11.25, 9.75, 14.25], "texture": "#6"},
				"south": {"uv": [6.5, 11.25, 9.75, 14.25], "texture": "#6"},
				"west": {"uv": [6.5, 11.25, 9.75, 14.25], "texture": "#6"},
				"up": {"uv": [6.5, 11.25, 9.75, 14.25], "texture": "#6"},
				"down": {"uv": [6.5, 11.25, 9.75, 14.25], "texture": "#6"}
			}
		},
		{
			"from": [15.5, 0.5, 0],
			"to": [16.5, 15.5, 1],
			"rotation": {"angle": 0, "axis": "y", "origin": [15, -1, 0]},
			"faces": {
				"north": {"uv": [6.5, 11.25, 9.75, 14.25], "texture": "#6"},
				"east": {"uv": [6.5, 11.25, 9.75, 14.25], "texture": "#6"},
				"south": {"uv": [6.5, 11.25, 9.75, 14.25], "texture": "#6"},
				"west": {"uv": [6.5, 11.25, 9.75, 14.25], "texture": "#6"},
				"up": {"uv": [6.5, 11.25, 9.75, 14.25], "texture": "#6"},
				"down": {"uv": [6.5, 11.25, 9.75, 14.25], "texture": "#6"}
			}
		},
		{
			"from": [11.5, 0.5, 0],
			"to": [12.5, 15.5, 1],
			"rotation": {"angle": 0, "axis": "y", "origin": [11, -1, 0]},
			"faces": {
				"north": {"uv": [6.5, 11.25, 9.75, 14.25], "texture": "#6"},
				"east": {"uv": [6.5, 11.25, 9.75, 14.25], "texture": "#6"},
				"south": {"uv": [6.5, 11.25, 9.75, 14.25], "texture": "#6"},
				"west": {"uv": [6.5, 11.25, 9.75, 14.25], "texture": "#6"},
				"up": {"uv": [6.5, 11.25, 9.75, 14.25], "texture": "#6"},
				"down": {"uv": [6.5, 11.25, 9.75, 14.25], "texture": "#6"}
			}
		},
		{
			"from": [3.5, 0.5, 0],
			"to": [4.5, 15.5, 1],
			"rotation": {"angle": 0, "axis": "y", "origin": [3, -1, 0]},
			"faces": {
				"north": {"uv": [6.5, 11.25, 9.75, 14.25], "texture": "#6"},
				"east": {"uv": [6.5, 11.25, 9.75, 14.25], "texture": "#6"},
				"south": {"uv": [6.5, 11.25, 9.75, 14.25], "texture": "#6"},
				"west": {"uv": [6.5, 11.25, 9.75, 14.25], "texture": "#6"},
				"up": {"uv": [6.5, 11.25, 9.75, 14.25], "texture": "#6"},
				"down": {"uv": [6.5, 11.25, 9.75, 14.25], "texture": "#6"}
			}
		},
		{
			"from": [7.5, 0.5, 0],
			"to": [8.5, 15.5, 1],
			"rotation": {"angle": 0, "axis": "y", "origin": [7, -1, 0]},
			"faces": {
				"north": {"uv": [6.5, 11.25, 9.75, 14.25], "texture": "#6"},
				"east": {"uv": [6.5, 11.25, 9.75, 14.25], "texture": "#6"},
				"south": {"uv": [6.5, 11.25, 9.75, 14.25], "texture": "#6"},
				"west": {"uv": [6.5, 11.25, 9.75, 14.25], "texture": "#6"},
				"up": {"uv": [6.5, 11.25, 9.75, 14.25], "texture": "#6"},
				"down": {"uv": [6.5, 11.25, 9.75, 14.25], "texture": "#6"}
			}
		},
		{
			"from": [-9.25, 17, 0.25],
			"to": [-8.25, 21.5, 0.75],
			"rotation": {"angle": -45, "axis": "z", "origin": [-10, 3, 0]},
			"faces": {
				"north": {"uv": [6.5, 11.25, 9.75, 14.25], "texture": "#6"},
				"east": {"uv": [6.5, 11.25, 9.75, 14.25], "texture": "#6"},
				"south": {"uv": [6.5, 11.25, 9.75, 14.25], "texture": "#6"},
				"west": {"uv": [6.5, 11.25, 9.75, 14.25], "texture": "#6"},
				"up": {"uv": [6.5, 11.25, 9.75, 14.25], "texture": "#6"},
				"down": {"uv": [6.5, 11.25, 9.75, 14.25], "texture": "#6"}
			}
		},
		{
			"from": [-8.25, 18, 0.25],
			"to": [-7.25, 20.5, 0.75],
			"rotation": {"angle": -45, "axis": "z", "origin": [-10, 3, 0]},
			"faces": {
				"north": {"uv": [6.5, 11.25, 9.75, 14.25], "texture": "#6"},
				"east": {"uv": [6.5, 11.25, 9.75, 14.25], "texture": "#6"},
				"south": {"uv": [6.5, 11.25, 9.75, 14.25], "texture": "#6"},
				"west": {"uv": [6.5, 11.25, 9.75, 14.25], "texture": "#6"},
				"up": {"uv": [6.5, 11.25, 9.75, 14.25], "texture": "#6"},
				"down": {"uv": [6.5, 11.25, 9.75, 14.25], "texture": "#6"}
			}
		},
		{
			"from": [-7.25, 19, 0.25],
			"to": [-6.25, 19.5, 0.75],
			"rotation": {"angle": -45, "axis": "z", "origin": [-10, 3, 0]},
			"faces": {
				"north": {"uv": [6.5, 11.25, 9.75, 14.25], "texture": "#6"},
				"east": {"uv": [6.5, 11.25, 9.75, 14.25], "texture": "#6"},
				"south": {"uv": [6.5, 11.25, 9.75, 14.25], "texture": "#6"},
				"west": {"uv": [6.5, 11.25, 9.75, 14.25], "texture": "#6"},
				"up": {"uv": [6.5, 11.25, 9.75, 14.25], "texture": "#6"},
				"down": {"uv": [6.5, 11.25, 9.75, 14.25], "texture": "#6"}
			}
		},
		{
			"from": [-9.25, 17, 0.25],
			"to": [-8.25, 21.5, 0.75],
			"rotation": {"angle": -45, "axis": "z", "origin": [-10, 3, 0]},
			"faces": {
				"north": {"uv": [6.5, 11.25, 9.75, 14.25], "texture": "#6"},
				"east": {"uv": [6.5, 11.25, 9.75, 14.25], "texture": "#6"},
				"south": {"uv": [6.5, 11.25, 9.75, 14.25], "texture": "#6"},
				"west": {"uv": [6.5, 11.25, 9.75, 14.25], "texture": "#6"},
				"up": {"uv": [6.5, 11.25, 9.75, 14.25], "texture": "#6"},
				"down": {"uv": [6.5, 11.25, 9.75, 14.25], "texture": "#6"}
			}
		},
		{
			"from": [-8.25, 18, 0.25],
			"to": [-7.25, 20.5, 0.75],
			"rotation": {"angle": -45, "axis": "z", "origin": [-10, 3, 0]},
			"faces": {
				"north": {"uv": [6.5, 11.25, 9.75, 14.25], "texture": "#6"},
				"east": {"uv": [6.5, 11.25, 9.75, 14.25], "texture": "#6"},
				"south": {"uv": [6.5, 11.25, 9.75, 14.25], "texture": "#6"},
				"west": {"uv": [6.5, 11.25, 9.75, 14.25], "texture": "#6"},
				"up": {"uv": [6.5, 11.25, 9.75, 14.25], "texture": "#6"},
				"down": {"uv": [6.5, 11.25, 9.75, 14.25], "texture": "#6"}
			}
		},
		{
			"from": [-7.25, 19, 0.25],
			"to": [-6.25, 19.5, 0.75],
			"rotation": {"angle": -45, "axis": "z", "origin": [-10, 3, 0]},
			"faces": {
				"north": {"uv": [6.5, 11.25, 9.75, 14.25], "texture": "#6"},
				"east": {"uv": [6.5, 11.25, 9.75, 14.25], "texture": "#6"},
				"south": {"uv": [6.5, 11.25, 9.75, 14.25], "texture": "#6"},
				"west": {"uv": [6.5, 11.25, 9.75, 14.25], "texture": "#6"},
				"up": {"uv": [6.5, 11.25, 9.75, 14.25], "texture": "#6"},
				"down": {"uv": [6.5, 11.25, 9.75, 14.25], "texture": "#6"}
			}
		},
		{
			"from": [-5.25, 17, 0.25],
			"to": [-4.25, 21.5, 0.75],
			"rotation": {"angle": -45, "axis": "z", "origin": [-6, 3, 0]},
			"faces": {
				"north": {"uv": [6.5, 11.25, 9.75, 14.25], "texture": "#6"},
				"east": {"uv": [6.5, 11.25, 9.75, 14.25], "texture": "#6"},
				"south": {"uv": [6.5, 11.25, 9.75, 14.25], "texture": "#6"},
				"west": {"uv": [6.5, 11.25, 9.75, 14.25], "texture": "#6"},
				"up": {"uv": [6.5, 11.25, 9.75, 14.25], "texture": "#6"},
				"down": {"uv": [6.5, 11.25, 9.75, 14.25], "texture": "#6"}
			}
		},
		{
			"from": [-4.25, 18, 0.25],
			"to": [-3.25, 20.5, 0.75],
			"rotation": {"angle": -45, "axis": "z", "origin": [-6, 3, 0]},
			"faces": {
				"north": {"uv": [6.5, 11.25, 9.75, 14.25], "texture": "#6"},
				"east": {"uv": [6.5, 11.25, 9.75, 14.25], "texture": "#6"},
				"south": {"uv": [6.5, 11.25, 9.75, 14.25], "texture": "#6"},
				"west": {"uv": [6.5, 11.25, 9.75, 14.25], "texture": "#6"},
				"up": {"uv": [6.5, 11.25, 9.75, 14.25], "texture": "#6"},
				"down": {"uv": [6.5, 11.25, 9.75, 14.25], "texture": "#6"}
			}
		},
		{
			"from": [-3.25, 19, 0.25],
			"to": [-2.25, 19.5, 0.75],
			"rotation": {"angle": -45, "axis": "z", "origin": [-6, 3, 0]},
			"faces": {
				"north": {"uv": [6.5, 11.25, 9.75, 14.25], "texture": "#6"},
				"east": {"uv": [6.5, 11.25, 9.75, 14.25], "texture": "#6"},
				"south": {"uv": [6.5, 11.25, 9.75, 14.25], "texture": "#6"},
				"west": {"uv": [6.5, 11.25, 9.75, 14.25], "texture": "#6"},
				"up": {"uv": [6.5, 11.25, 9.75, 14.25], "texture": "#6"},
				"down": {"uv": [6.5, 11.25, 9.75, 14.25], "texture": "#6"}
			}
		},
		{
			"from": [-1.25, 17, 0.25],
			"to": [-0.25, 21.5, 0.75],
			"rotation": {"angle": -45, "axis": "z", "origin": [-2, 3, 0]},
			"faces": {
				"north": {"uv": [6.5, 11.25, 9.75, 14.25], "texture": "#6"},
				"east": {"uv": [6.5, 11.25, 9.75, 14.25], "texture": "#6"},
				"south": {"uv": [6.5, 11.25, 9.75, 14.25], "texture": "#6"},
				"west": {"uv": [6.5, 11.25, 9.75, 14.25], "texture": "#6"},
				"up": {"uv": [6.5, 11.25, 9.75, 14.25], "texture": "#6"},
				"down": {"uv": [6.5, 11.25, 9.75, 14.25], "texture": "#6"}
			}
		},
		{
			"from": [-0.25, 18, 0.25],
			"to": [0.75, 20.5, 0.75],
			"rotation": {"angle": -45, "axis": "z", "origin": [-2, 3, 0]},
			"faces": {
				"north": {"uv": [6.5, 11.25, 9.75, 14.25], "texture": "#6"},
				"east": {"uv": [6.5, 11.25, 9.75, 14.25], "texture": "#6"},
				"south": {"uv": [6.5, 11.25, 9.75, 14.25], "texture": "#6"},
				"west": {"uv": [6.5, 11.25, 9.75, 14.25], "texture": "#6"},
				"up": {"uv": [6.5, 11.25, 9.75, 14.25], "texture": "#6"},
				"down": {"uv": [6.5, 11.25, 9.75, 14.25], "texture": "#6"}
			}
		},
		{
			"from": [0.75, 19, 0.25],
			"to": [1.75, 19.5, 0.75],
			"rotation": {"angle": -45, "axis": "z", "origin": [-2, 3, 0]},
			"faces": {
				"north": {"uv": [6.5, 11.25, 9.75, 14.25], "texture": "#6"},
				"east": {"uv": [6.5, 11.25, 9.75, 14.25], "texture": "#6"},
				"south": {"uv": [6.5, 11.25, 9.75, 14.25], "texture": "#6"},
				"west": {"uv": [6.5, 11.25, 9.75, 14.25], "texture": "#6"},
				"up": {"uv": [6.5, 11.25, 9.75, 14.25], "texture": "#6"},
				"down": {"uv": [6.5, 11.25, 9.75, 14.25], "texture": "#6"}
			}
		},
		{
			"from": [2.75, 17, 0.25],
			"to": [3.75, 21.5, 0.75],
			"rotation": {"angle": -45, "axis": "z", "origin": [2, 3, 0]},
			"faces": {
				"north": {"uv": [6.5, 11.25, 9.75, 14.25], "texture": "#6"},
				"east": {"uv": [6.5, 11.25, 9.75, 14.25], "texture": "#6"},
				"south": {"uv": [6.5, 11.25, 9.75, 14.25], "texture": "#6"},
				"west": {"uv": [6.5, 11.25, 9.75, 14.25], "texture": "#6"},
				"up": {"uv": [6.5, 11.25, 9.75, 14.25], "texture": "#6"},
				"down": {"uv": [6.5, 11.25, 9.75, 14.25], "texture": "#6"}
			}
		},
		{
			"from": [3.75, 18, 0.25],
			"to": [4.75, 20.5, 0.75],
			"rotation": {"angle": -45, "axis": "z", "origin": [2, 3, 0]},
			"faces": {
				"north": {"uv": [6.5, 11.25, 9.75, 14.25], "texture": "#6"},
				"east": {"uv": [6.5, 11.25, 9.75, 14.25], "texture": "#6"},
				"south": {"uv": [6.5, 11.25, 9.75, 14.25], "texture": "#6"},
				"west": {"uv": [6.5, 11.25, 9.75, 14.25], "texture": "#6"},
				"up": {"uv": [6.5, 11.25, 9.75, 14.25], "texture": "#6"},
				"down": {"uv": [6.5, 11.25, 9.75, 14.25], "texture": "#6"}
			}
		},
		{
			"from": [4.75, 19, 0.25],
			"to": [5.75, 19.5, 0.75],
			"rotation": {"angle": -45, "axis": "z", "origin": [2, 3, 0]},
			"faces": {
				"north": {"uv": [6.5, 11.25, 9.75, 14.25], "texture": "#6"},
				"east": {"uv": [6.5, 11.25, 9.75, 14.25], "texture": "#6"},
				"south": {"uv": [6.5, 11.25, 9.75, 14.25], "texture": "#6"},
				"west": {"uv": [6.5, 11.25, 9.75, 14.25], "texture": "#6"},
				"up": {"uv": [6.5, 11.25, 9.75, 14.25], "texture": "#6"},
				"down": {"uv": [6.5, 11.25, 9.75, 14.25], "texture": "#6"}
			}
		},
		{
			"from": [-9.25, 9, 0.25],
			"to": [-8.25, 13.5, 0.75],
			"rotation": {"angle": -45, "axis": "z", "origin": [-10, -5, 0]},
			"faces": {
				"north": {"uv": [6.5, 11.25, 9.75, 14.25], "texture": "#6"},
				"east": {"uv": [6.5, 11.25, 9.75, 14.25], "texture": "#6"},
				"south": {"uv": [6.5, 11.25, 9.75, 14.25], "texture": "#6"},
				"west": {"uv": [6.5, 11.25, 9.75, 14.25], "texture": "#6"},
				"up": {"uv": [6.5, 11.25, 9.75, 14.25], "texture": "#6"},
				"down": {"uv": [6.5, 11.25, 9.75, 14.25], "texture": "#6"}
			}
		},
		{
			"from": [-8.25, 10, 0.25],
			"to": [-7.25, 12.5, 0.75],
			"rotation": {"angle": -45, "axis": "z", "origin": [-10, -5, 0]},
			"faces": {
				"north": {"uv": [6.5, 11.25, 9.75, 14.25], "texture": "#6"},
				"east": {"uv": [6.5, 11.25, 9.75, 14.25], "texture": "#6"},
				"south": {"uv": [6.5, 11.25, 9.75, 14.25], "texture": "#6"},
				"west": {"uv": [6.5, 11.25, 9.75, 14.25], "texture": "#6"},
				"up": {"uv": [6.5, 11.25, 9.75, 14.25], "texture": "#6"},
				"down": {"uv": [6.5, 11.25, 9.75, 14.25], "texture": "#6"}
			}
		},
		{
			"from": [-7.25, 11, 0.25],
			"to": [-6.25, 11.5, 0.75],
			"rotation": {"angle": -45, "axis": "z", "origin": [-10, -5, 0]},
			"faces": {
				"north": {"uv": [6.5, 11.25, 9.75, 14.25], "texture": "#6"},
				"east": {"uv": [6.5, 11.25, 9.75, 14.25], "texture": "#6"},
				"south": {"uv": [6.5, 11.25, 9.75, 14.25], "texture": "#6"},
				"west": {"uv": [6.5, 11.25, 9.75, 14.25], "texture": "#6"},
				"up": {"uv": [6.5, 11.25, 9.75, 14.25], "texture": "#6"},
				"down": {"uv": [6.5, 11.25, 9.75, 14.25], "texture": "#6"}
			}
		},
		{
			"from": [-9.25, 9, 0.25],
			"to": [-8.25, 13.5, 0.75],
			"rotation": {"angle": -45, "axis": "z", "origin": [-10, -5, 0]},
			"faces": {
				"north": {"uv": [6.5, 11.25, 9.75, 14.25], "texture": "#6"},
				"east": {"uv": [6.5, 11.25, 9.75, 14.25], "texture": "#6"},
				"south": {"uv": [6.5, 11.25, 9.75, 14.25], "texture": "#6"},
				"west": {"uv": [6.5, 11.25, 9.75, 14.25], "texture": "#6"},
				"up": {"uv": [6.5, 11.25, 9.75, 14.25], "texture": "#6"},
				"down": {"uv": [6.5, 11.25, 9.75, 14.25], "texture": "#6"}
			}
		},
		{
			"from": [-8.25, 10, 0.25],
			"to": [-7.25, 12.5, 0.75],
			"rotation": {"angle": -45, "axis": "z", "origin": [-10, -5, 0]},
			"faces": {
				"north": {"uv": [6.5, 11.25, 9.75, 14.25], "texture": "#6"},
				"east": {"uv": [6.5, 11.25, 9.75, 14.25], "texture": "#6"},
				"south": {"uv": [6.5, 11.25, 9.75, 14.25], "texture": "#6"},
				"west": {"uv": [6.5, 11.25, 9.75, 14.25], "texture": "#6"},
				"up": {"uv": [6.5, 11.25, 9.75, 14.25], "texture": "#6"},
				"down": {"uv": [6.5, 11.25, 9.75, 14.25], "texture": "#6"}
			}
		},
		{
			"from": [-7.25, 11, 0.25],
			"to": [-6.25, 11.5, 0.75],
			"rotation": {"angle": -45, "axis": "z", "origin": [-10, -5, 0]},
			"faces": {
				"north": {"uv": [6.5, 11.25, 9.75, 14.25], "texture": "#6"},
				"east": {"uv": [6.5, 11.25, 9.75, 14.25], "texture": "#6"},
				"south": {"uv": [6.5, 11.25, 9.75, 14.25], "texture": "#6"},
				"west": {"uv": [6.5, 11.25, 9.75, 14.25], "texture": "#6"},
				"up": {"uv": [6.5, 11.25, 9.75, 14.25], "texture": "#6"},
				"down": {"uv": [6.5, 11.25, 9.75, 14.25], "texture": "#6"}
			}
		},
		{
			"from": [-5.25, 9, 0.25],
			"to": [-4.25, 13.5, 0.75],
			"rotation": {"angle": -45, "axis": "z", "origin": [-6, -5, 0]},
			"faces": {
				"north": {"uv": [6.5, 11.25, 9.75, 14.25], "texture": "#6"},
				"east": {"uv": [6.5, 11.25, 9.75, 14.25], "texture": "#6"},
				"south": {"uv": [6.5, 11.25, 9.75, 14.25], "texture": "#6"},
				"west": {"uv": [6.5, 11.25, 9.75, 14.25], "texture": "#6"},
				"up": {"uv": [6.5, 11.25, 9.75, 14.25], "texture": "#6"},
				"down": {"uv": [6.5, 11.25, 9.75, 14.25], "texture": "#6"}
			}
		},
		{
			"from": [-4.25, 10, 0.25],
			"to": [-3.25, 12.5, 0.75],
			"rotation": {"angle": -45, "axis": "z", "origin": [-6, -5, 0]},
			"faces": {
				"north": {"uv": [6.5, 11.25, 9.75, 14.25], "texture": "#6"},
				"east": {"uv": [6.5, 11.25, 9.75, 14.25], "texture": "#6"},
				"south": {"uv": [6.5, 11.25, 9.75, 14.25], "texture": "#6"},
				"west": {"uv": [6.5, 11.25, 9.75, 14.25], "texture": "#6"},
				"up": {"uv": [6.5, 11.25, 9.75, 14.25], "texture": "#6"},
				"down": {"uv": [6.5, 11.25, 9.75, 14.25], "texture": "#6"}
			}
		},
		{
			"from": [-3.25, 11, 0.25],
			"to": [-2.25, 11.5, 0.75],
			"rotation": {"angle": -45, "axis": "z", "origin": [-6, -5, 0]},
			"faces": {
				"north": {"uv": [6.5, 11.25, 9.75, 14.25], "texture": "#6"},
				"east": {"uv": [6.5, 11.25, 9.75, 14.25], "texture": "#6"},
				"south": {"uv": [6.5, 11.25, 9.75, 14.25], "texture": "#6"},
				"west": {"uv": [6.5, 11.25, 9.75, 14.25], "texture": "#6"},
				"up": {"uv": [6.5, 11.25, 9.75, 14.25], "texture": "#6"},
				"down": {"uv": [6.5, 11.25, 9.75, 14.25], "texture": "#6"}
			}
		},
		{
			"from": [-1.25, 9, 0.25],
			"to": [-0.25, 13.5, 0.75],
			"rotation": {"angle": -45, "axis": "z", "origin": [-2, -5, 0]},
			"faces": {
				"north": {"uv": [6.5, 11.25, 9.75, 14.25], "texture": "#6"},
				"east": {"uv": [6.5, 11.25, 9.75, 14.25], "texture": "#6"},
				"south": {"uv": [6.5, 11.25, 9.75, 14.25], "texture": "#6"},
				"west": {"uv": [6.5, 11.25, 9.75, 14.25], "texture": "#6"},
				"up": {"uv": [6.5, 11.25, 9.75, 14.25], "texture": "#6"},
				"down": {"uv": [6.5, 11.25, 9.75, 14.25], "texture": "#6"}
			}
		},
		{
			"from": [-0.25, 10, 0.25],
			"to": [0.75, 12.5, 0.75],
			"rotation": {"angle": -45, "axis": "z", "origin": [-2, -5, 0]},
			"faces": {
				"north": {"uv": [6.5, 11.25, 9.75, 14.25], "texture": "#6"},
				"east": {"uv": [6.5, 11.25, 9.75, 14.25], "texture": "#6"},
				"south": {"uv": [6.5, 11.25, 9.75, 14.25], "texture": "#6"},
				"west": {"uv": [6.5, 11.25, 9.75, 14.25], "texture": "#6"},
				"up": {"uv": [6.5, 11.25, 9.75, 14.25], "texture": "#6"},
				"down": {"uv": [6.5, 11.25, 9.75, 14.25], "texture": "#6"}
			}
		},
		{
			"from": [0.75, 11, 0.25],
			"to": [1.75, 11.5, 0.75],
			"rotation": {"angle": -45, "axis": "z", "origin": [-2, -5, 0]},
			"faces": {
				"north": {"uv": [6.5, 11.25, 9.75, 14.25], "texture": "#6"},
				"east": {"uv": [6.5, 11.25, 9.75, 14.25], "texture": "#6"},
				"south": {"uv": [6.5, 11.25, 9.75, 14.25], "texture": "#6"},
				"west": {"uv": [6.5, 11.25, 9.75, 14.25], "texture": "#6"},
				"up": {"uv": [6.5, 11.25, 9.75, 14.25], "texture": "#6"},
				"down": {"uv": [6.5, 11.25, 9.75, 14.25], "texture": "#6"}
			}
		},
		{
			"from": [2.75, 9, 0.25],
			"to": [3.75, 13.5, 0.75],
			"rotation": {"angle": -45, "axis": "z", "origin": [2, -5, 0]},
			"faces": {
				"north": {"uv": [6.5, 11.25, 9.75, 14.25], "texture": "#6"},
				"east": {"uv": [6.5, 11.25, 9.75, 14.25], "texture": "#6"},
				"south": {"uv": [6.5, 11.25, 9.75, 14.25], "texture": "#6"},
				"west": {"uv": [6.5, 11.25, 9.75, 14.25], "texture": "#6"},
				"up": {"uv": [6.5, 11.25, 9.75, 14.25], "texture": "#6"},
				"down": {"uv": [6.5, 11.25, 9.75, 14.25], "texture": "#6"}
			}
		},
		{
			"from": [3.75, 10, 0.25],
			"to": [4.75, 12.5, 0.75],
			"rotation": {"angle": -45, "axis": "z", "origin": [2, -5, 0]},
			"faces": {
				"north": {"uv": [6.5, 11.25, 9.75, 14.25], "texture": "#6"},
				"east": {"uv": [6.5, 11.25, 9.75, 14.25], "texture": "#6"},
				"south": {"uv": [6.5, 11.25, 9.75, 14.25], "texture": "#6"},
				"west": {"uv": [6.5, 11.25, 9.75, 14.25], "texture": "#6"},
				"up": {"uv": [6.5, 11.25, 9.75, 14.25], "texture": "#6"},
				"down": {"uv": [6.5, 11.25, 9.75, 14.25], "texture": "#6"}
			}
		},
		{
			"from": [4.75, 11, 0.25],
			"to": [5.75, 11.5, 0.75],
			"rotation": {"angle": -45, "axis": "z", "origin": [2, -5, 0]},
			"faces": {
				"north": {"uv": [6.5, 11.25, 9.75, 14.25], "texture": "#6"},
				"east": {"uv": [6.5, 11.25, 9.75, 14.25], "texture": "#6"},
				"south": {"uv": [6.5, 11.25, 9.75, 14.25], "texture": "#6"},
				"west": {"uv": [6.5, 11.25, 9.75, 14.25], "texture": "#6"},
				"up": {"uv": [6.5, 11.25, 9.75, 14.25], "texture": "#6"},
				"down": {"uv": [6.5, 11.25, 9.75, 14.25], "texture": "#6"}
			}
		},
		{
			"from": [24.25, 13, 0.25],
			"to": [25.25, 17.5, 0.75],
			"rotation": {"angle": 45, "axis": "z", "origin": [26, -1, 0]},
			"faces": {
				"north": {"uv": [6.5, 11.25, 9.75, 14.25], "texture": "#6"},
				"east": {"uv": [6.5, 11.25, 9.75, 14.25], "texture": "#6"},
				"south": {"uv": [6.5, 11.25, 9.75, 14.25], "texture": "#6"},
				"west": {"uv": [6.5, 11.25, 9.75, 14.25], "texture": "#6"},
				"up": {"uv": [6.5, 11.25, 9.75, 14.25], "texture": "#6"},
				"down": {"uv": [6.5, 11.25, 9.75, 14.25], "texture": "#6"}
			}
		},
		{
			"from": [23.25, 14, 0.25],
			"to": [24.25, 16.5, 0.75],
			"rotation": {"angle": 45, "axis": "z", "origin": [26, -1, 0]},
			"faces": {
				"north": {"uv": [6.5, 11.25, 9.75, 14.25], "texture": "#6"},
				"east": {"uv": [6.5, 11.25, 9.75, 14.25], "texture": "#6"},
				"south": {"uv": [6.5, 11.25, 9.75, 14.25], "texture": "#6"},
				"west": {"uv": [6.5, 11.25, 9.75, 14.25], "texture": "#6"},
				"up": {"uv": [6.5, 11.25, 9.75, 14.25], "texture": "#6"},
				"down": {"uv": [6.5, 11.25, 9.75, 14.25], "texture": "#6"}
			}
		},
		{
			"from": [22.25, 15, 0.25],
			"to": [23.25, 15.5, 0.75],
			"rotation": {"angle": 45, "axis": "z", "origin": [26, -1, 0]},
			"faces": {
				"north": {"uv": [6.5, 11.25, 9.75, 14.25], "texture": "#6"},
				"east": {"uv": [6.5, 11.25, 9.75, 14.25], "texture": "#6"},
				"south": {"uv": [6.5, 11.25, 9.75, 14.25], "texture": "#6"},
				"west": {"uv": [6.5, 11.25, 9.75, 14.25], "texture": "#6"},
				"up": {"uv": [6.5, 11.25, 9.75, 14.25], "texture": "#6"},
				"down": {"uv": [6.5, 11.25, 9.75, 14.25], "texture": "#6"}
			}
		},
		{
			"from": [24.25, 13, 0.25],
			"to": [25.25, 17.5, 0.75],
			"rotation": {"angle": 45, "axis": "z", "origin": [26, -1, 0]},
			"faces": {
				"north": {"uv": [6.5, 11.25, 9.75, 14.25], "texture": "#6"},
				"east": {"uv": [6.5, 11.25, 9.75, 14.25], "texture": "#6"},
				"south": {"uv": [6.5, 11.25, 9.75, 14.25], "texture": "#6"},
				"west": {"uv": [6.5, 11.25, 9.75, 14.25], "texture": "#6"},
				"up": {"uv": [6.5, 11.25, 9.75, 14.25], "texture": "#6"},
				"down": {"uv": [6.5, 11.25, 9.75, 14.25], "texture": "#6"}
			}
		},
		{
			"from": [23.25, 14, 0.25],
			"to": [24.25, 16.5, 0.75],
			"rotation": {"angle": 45, "axis": "z", "origin": [26, -1, 0]},
			"faces": {
				"north": {"uv": [6.5, 11.25, 9.75, 14.25], "texture": "#6"},
				"east": {"uv": [6.5, 11.25, 9.75, 14.25], "texture": "#6"},
				"south": {"uv": [6.5, 11.25, 9.75, 14.25], "texture": "#6"},
				"west": {"uv": [6.5, 11.25, 9.75, 14.25], "texture": "#6"},
				"up": {"uv": [6.5, 11.25, 9.75, 14.25], "texture": "#6"},
				"down": {"uv": [6.5, 11.25, 9.75, 14.25], "texture": "#6"}
			}
		},
		{
			"from": [22.25, 15, 0.25],
			"to": [23.25, 15.5, 0.75],
			"rotation": {"angle": 45, "axis": "z", "origin": [26, -1, 0]},
			"faces": {
				"north": {"uv": [6.5, 11.25, 9.75, 14.25], "texture": "#6"},
				"east": {"uv": [6.5, 11.25, 9.75, 14.25], "texture": "#6"},
				"south": {"uv": [6.5, 11.25, 9.75, 14.25], "texture": "#6"},
				"west": {"uv": [6.5, 11.25, 9.75, 14.25], "texture": "#6"},
				"up": {"uv": [6.5, 11.25, 9.75, 14.25], "texture": "#6"},
				"down": {"uv": [6.5, 11.25, 9.75, 14.25], "texture": "#6"}
			}
		},
		{
			"from": [20.25, 13, 0.25],
			"to": [21.25, 17.5, 0.75],
			"rotation": {"angle": 45, "axis": "z", "origin": [22, -1, 0]},
			"faces": {
				"north": {"uv": [6.5, 11.25, 9.75, 14.25], "texture": "#6"},
				"east": {"uv": [6.5, 11.25, 9.75, 14.25], "texture": "#6"},
				"south": {"uv": [6.5, 11.25, 9.75, 14.25], "texture": "#6"},
				"west": {"uv": [6.5, 11.25, 9.75, 14.25], "texture": "#6"},
				"up": {"uv": [6.5, 11.25, 9.75, 14.25], "texture": "#6"},
				"down": {"uv": [6.5, 11.25, 9.75, 14.25], "texture": "#6"}
			}
		},
		{
			"from": [19.25, 14, 0.25],
			"to": [20.25, 16.5, 0.75],
			"rotation": {"angle": 45, "axis": "z", "origin": [22, -1, 0]},
			"faces": {
				"north": {"uv": [6.5, 11.25, 9.75, 14.25], "texture": "#6"},
				"east": {"uv": [6.5, 11.25, 9.75, 14.25], "texture": "#6"},
				"south": {"uv": [6.5, 11.25, 9.75, 14.25], "texture": "#6"},
				"west": {"uv": [6.5, 11.25, 9.75, 14.25], "texture": "#6"},
				"up": {"uv": [6.5, 11.25, 9.75, 14.25], "texture": "#6"},
				"down": {"uv": [6.5, 11.25, 9.75, 14.25], "texture": "#6"}
			}
		},
		{
			"from": [18.25, 15, 0.25],
			"to": [19.25, 15.5, 0.75],
			"rotation": {"angle": 45, "axis": "z", "origin": [22, -1, 0]},
			"faces": {
				"north": {"uv": [6.5, 11.25, 9.75, 14.25], "texture": "#6"},
				"east": {"uv": [6.5, 11.25, 9.75, 14.25], "texture": "#6"},
				"south": {"uv": [6.5, 11.25, 9.75, 14.25], "texture": "#6"},
				"west": {"uv": [6.5, 11.25, 9.75, 14.25], "texture": "#6"},
				"up": {"uv": [6.5, 11.25, 9.75, 14.25], "texture": "#6"},
				"down": {"uv": [6.5, 11.25, 9.75, 14.25], "texture": "#6"}
			}
		},
		{
			"from": [16.25, 13, 0.25],
			"to": [17.25, 17.5, 0.75],
			"rotation": {"angle": 45, "axis": "z", "origin": [18, -1, 0]},
			"faces": {
				"north": {"uv": [6.5, 11.25, 9.75, 14.25], "texture": "#6"},
				"east": {"uv": [6.5, 11.25, 9.75, 14.25], "texture": "#6"},
				"south": {"uv": [6.5, 11.25, 9.75, 14.25], "texture": "#6"},
				"west": {"uv": [6.5, 11.25, 9.75, 14.25], "texture": "#6"},
				"up": {"uv": [6.5, 11.25, 9.75, 14.25], "texture": "#6"},
				"down": {"uv": [6.5, 11.25, 9.75, 14.25], "texture": "#6"}
			}
		},
		{
			"from": [15.25, 14, 0.25],
			"to": [16.25, 16.5, 0.75],
			"rotation": {"angle": 45, "axis": "z", "origin": [18, -1, 0]},
			"faces": {
				"north": {"uv": [6.5, 11.25, 9.75, 14.25], "texture": "#6"},
				"east": {"uv": [6.5, 11.25, 9.75, 14.25], "texture": "#6"},
				"south": {"uv": [6.5, 11.25, 9.75, 14.25], "texture": "#6"},
				"west": {"uv": [6.5, 11.25, 9.75, 14.25], "texture": "#6"},
				"up": {"uv": [6.5, 11.25, 9.75, 14.25], "texture": "#6"},
				"down": {"uv": [6.5, 11.25, 9.75, 14.25], "texture": "#6"}
			}
		},
		{
			"from": [14.25, 15, 0.25],
			"to": [15.25, 15.5, 0.75],
			"rotation": {"angle": 45, "axis": "z", "origin": [18, -1, 0]},
			"faces": {
				"north": {"uv": [6.5, 11.25, 9.75, 14.25], "texture": "#6"},
				"east": {"uv": [6.5, 11.25, 9.75, 14.25], "texture": "#6"},
				"south": {"uv": [6.5, 11.25, 9.75, 14.25], "texture": "#6"},
				"west": {"uv": [6.5, 11.25, 9.75, 14.25], "texture": "#6"},
				"up": {"uv": [6.5, 11.25, 9.75, 14.25], "texture": "#6"},
				"down": {"uv": [6.5, 11.25, 9.75, 14.25], "texture": "#6"}
			}
		},
		{
			"from": [12.25, 13, 0.25],
			"to": [13.25, 17.5, 0.75],
			"rotation": {"angle": 45, "axis": "z", "origin": [14, -1, 0]},
			"faces": {
				"north": {"uv": [6.5, 11.25, 9.75, 14.25], "texture": "#6"},
				"east": {"uv": [6.5, 11.25, 9.75, 14.25], "texture": "#6"},
				"south": {"uv": [6.5, 11.25, 9.75, 14.25], "texture": "#6"},
				"west": {"uv": [6.5, 11.25, 9.75, 14.25], "texture": "#6"},
				"up": {"uv": [6.5, 11.25, 9.75, 14.25], "texture": "#6"},
				"down": {"uv": [6.5, 11.25, 9.75, 14.25], "texture": "#6"}
			}
		},
		{
			"from": [11.25, 14, 0.25],
			"to": [12.25, 16.5, 0.75],
			"rotation": {"angle": 45, "axis": "z", "origin": [14, -1, 0]},
			"faces": {
				"north": {"uv": [6.5, 11.25, 9.75, 14.25], "texture": "#6"},
				"east": {"uv": [6.5, 11.25, 9.75, 14.25], "texture": "#6"},
				"south": {"uv": [6.5, 11.25, 9.75, 14.25], "texture": "#6"},
				"west": {"uv": [6.5, 11.25, 9.75, 14.25], "texture": "#6"},
				"up": {"uv": [6.5, 11.25, 9.75, 14.25], "texture": "#6"},
				"down": {"uv": [6.5, 11.25, 9.75, 14.25], "texture": "#6"}
			}
		},
		{
			"from": [10.25, 15, 0.25],
			"to": [11.25, 15.5, 0.75],
			"rotation": {"angle": 45, "axis": "z", "origin": [14, -1, 0]},
			"faces": {
				"north": {"uv": [6.5, 11.25, 9.75, 14.25], "texture": "#6"},
				"east": {"uv": [6.5, 11.25, 9.75, 14.25], "texture": "#6"},
				"south": {"uv": [6.5, 11.25, 9.75, 14.25], "texture": "#6"},
				"west": {"uv": [6.5, 11.25, 9.75, 14.25], "texture": "#6"},
				"up": {"uv": [6.5, 11.25, 9.75, 14.25], "texture": "#6"},
				"down": {"uv": [6.5, 11.25, 9.75, 14.25], "texture": "#6"}
			}
		},
		{
			"from": [24.25, 5, 0.25],
			"to": [25.25, 9.5, 0.75],
			"rotation": {"angle": 45, "axis": "z", "origin": [26, -9, 0]},
			"faces": {
				"north": {"uv": [6.5, 11.25, 9.75, 14.25], "texture": "#6"},
				"east": {"uv": [6.5, 11.25, 9.75, 14.25], "texture": "#6"},
				"south": {"uv": [6.5, 11.25, 9.75, 14.25], "texture": "#6"},
				"west": {"uv": [6.5, 11.25, 9.75, 14.25], "texture": "#6"},
				"up": {"uv": [6.5, 11.25, 9.75, 14.25], "texture": "#6"},
				"down": {"uv": [6.5, 11.25, 9.75, 14.25], "texture": "#6"}
			}
		},
		{
			"from": [23.25, 6, 0.25],
			"to": [24.25, 8.5, 0.75],
			"rotation": {"angle": 45, "axis": "z", "origin": [26, -9, 0]},
			"faces": {
				"north": {"uv": [6.5, 11.25, 9.75, 14.25], "texture": "#6"},
				"east": {"uv": [6.5, 11.25, 9.75, 14.25], "texture": "#6"},
				"south": {"uv": [6.5, 11.25, 9.75, 14.25], "texture": "#6"},
				"west": {"uv": [6.5, 11.25, 9.75, 14.25], "texture": "#6"},
				"up": {"uv": [6.5, 11.25, 9.75, 14.25], "texture": "#6"},
				"down": {"uv": [6.5, 11.25, 9.75, 14.25], "texture": "#6"}
			}
		},
		{
			"from": [22.25, 7, 0.25],
			"to": [23.25, 7.5, 0.75],
			"rotation": {"angle": 45, "axis": "z", "origin": [26, -9, 0]},
			"faces": {
				"north": {"uv": [6.5, 11.25, 9.75, 14.25], "texture": "#6"},
				"east": {"uv": [6.5, 11.25, 9.75, 14.25], "texture": "#6"},
				"south": {"uv": [6.5, 11.25, 9.75, 14.25], "texture": "#6"},
				"west": {"uv": [6.5, 11.25, 9.75, 14.25], "texture": "#6"},
				"up": {"uv": [6.5, 11.25, 9.75, 14.25], "texture": "#6"},
				"down": {"uv": [6.5, 11.25, 9.75, 14.25], "texture": "#6"}
			}
		},
		{
			"from": [24.25, 5, 0.25],
			"to": [25.25, 9.5, 0.75],
			"rotation": {"angle": 45, "axis": "z", "origin": [26, -9, 0]},
			"faces": {
				"north": {"uv": [6.5, 11.25, 9.75, 14.25], "texture": "#6"},
				"east": {"uv": [6.5, 11.25, 9.75, 14.25], "texture": "#6"},
				"south": {"uv": [6.5, 11.25, 9.75, 14.25], "texture": "#6"},
				"west": {"uv": [6.5, 11.25, 9.75, 14.25], "texture": "#6"},
				"up": {"uv": [6.5, 11.25, 9.75, 14.25], "texture": "#6"},
				"down": {"uv": [6.5, 11.25, 9.75, 14.25], "texture": "#6"}
			}
		},
		{
			"from": [23.25, 6, 0.25],
			"to": [24.25, 8.5, 0.75],
			"rotation": {"angle": 45, "axis": "z", "origin": [26, -9, 0]},
			"faces": {
				"north": {"uv": [6.5, 11.25, 9.75, 14.25], "texture": "#6"},
				"east": {"uv": [6.5, 11.25, 9.75, 14.25], "texture": "#6"},
				"south": {"uv": [6.5, 11.25, 9.75, 14.25], "texture": "#6"},
				"west": {"uv": [6.5, 11.25, 9.75, 14.25], "texture": "#6"},
				"up": {"uv": [6.5, 11.25, 9.75, 14.25], "texture": "#6"},
				"down": {"uv": [6.5, 11.25, 9.75, 14.25], "texture": "#6"}
			}
		},
		{
			"from": [22.25, 7, 0.25],
			"to": [23.25, 7.5, 0.75],
			"rotation": {"angle": 45, "axis": "z", "origin": [26, -9, 0]},
			"faces": {
				"north": {"uv": [6.5, 11.25, 9.75, 14.25], "texture": "#6"},
				"east": {"uv": [6.5, 11.25, 9.75, 14.25], "texture": "#6"},
				"south": {"uv": [6.5, 11.25, 9.75, 14.25], "texture": "#6"},
				"west": {"uv": [6.5, 11.25, 9.75, 14.25], "texture": "#6"},
				"up": {"uv": [6.5, 11.25, 9.75, 14.25], "texture": "#6"},
				"down": {"uv": [6.5, 11.25, 9.75, 14.25], "texture": "#6"}
			}
		},
		{
			"from": [20.25, 5, 0.25],
			"to": [21.25, 9.5, 0.75],
			"rotation": {"angle": 45, "axis": "z", "origin": [22, -9, 0]},
			"faces": {
				"north": {"uv": [6.5, 11.25, 9.75, 14.25], "texture": "#6"},
				"east": {"uv": [6.5, 11.25, 9.75, 14.25], "texture": "#6"},
				"south": {"uv": [6.5, 11.25, 9.75, 14.25], "texture": "#6"},
				"west": {"uv": [6.5, 11.25, 9.75, 14.25], "texture": "#6"},
				"up": {"uv": [6.5, 11.25, 9.75, 14.25], "texture": "#6"},
				"down": {"uv": [6.5, 11.25, 9.75, 14.25], "texture": "#6"}
			}
		},
		{
			"from": [19.25, 6, 0.25],
			"to": [20.25, 8.5, 0.75],
			"rotation": {"angle": 45, "axis": "z", "origin": [22, -9, 0]},
			"faces": {
				"north": {"uv": [6.5, 11.25, 9.75, 14.25], "texture": "#6"},
				"east": {"uv": [6.5, 11.25, 9.75, 14.25], "texture": "#6"},
				"south": {"uv": [6.5, 11.25, 9.75, 14.25], "texture": "#6"},
				"west": {"uv": [6.5, 11.25, 9.75, 14.25], "texture": "#6"},
				"up": {"uv": [6.5, 11.25, 9.75, 14.25], "texture": "#6"},
				"down": {"uv": [6.5, 11.25, 9.75, 14.25], "texture": "#6"}
			}
		},
		{
			"from": [18.25, 7, 0.25],
			"to": [19.25, 7.5, 0.75],
			"rotation": {"angle": 45, "axis": "z", "origin": [22, -9, 0]},
			"faces": {
				"north": {"uv": [6.5, 11.25, 9.75, 14.25], "texture": "#6"},
				"east": {"uv": [6.5, 11.25, 9.75, 14.25], "texture": "#6"},
				"south": {"uv": [6.5, 11.25, 9.75, 14.25], "texture": "#6"},
				"west": {"uv": [6.5, 11.25, 9.75, 14.25], "texture": "#6"},
				"up": {"uv": [6.5, 11.25, 9.75, 14.25], "texture": "#6"},
				"down": {"uv": [6.5, 11.25, 9.75, 14.25], "texture": "#6"}
			}
		},
		{
			"from": [16.25, 5, 0.25],
			"to": [17.25, 9.5, 0.75],
			"rotation": {"angle": 45, "axis": "z", "origin": [18, -9, 0]},
			"faces": {
				"north": {"uv": [6.5, 11.25, 9.75, 14.25], "texture": "#6"},
				"east": {"uv": [6.5, 11.25, 9.75, 14.25], "texture": "#6"},
				"south": {"uv": [6.5, 11.25, 9.75, 14.25], "texture": "#6"},
				"west": {"uv": [6.5, 11.25, 9.75, 14.25], "texture": "#6"},
				"up": {"uv": [6.5, 11.25, 9.75, 14.25], "texture": "#6"},
				"down": {"uv": [6.5, 11.25, 9.75, 14.25], "texture": "#6"}
			}
		},
		{
			"from": [15.25, 6, 0.25],
			"to": [16.25, 8.5, 0.75],
			"rotation": {"angle": 45, "axis": "z", "origin": [18, -9, 0]},
			"faces": {
				"north": {"uv": [6.5, 11.25, 9.75, 14.25], "texture": "#6"},
				"east": {"uv": [6.5, 11.25, 9.75, 14.25], "texture": "#6"},
				"south": {"uv": [6.5, 11.25, 9.75, 14.25], "texture": "#6"},
				"west": {"uv": [6.5, 11.25, 9.75, 14.25], "texture": "#6"},
				"up": {"uv": [6.5, 11.25, 9.75, 14.25], "texture": "#6"},
				"down": {"uv": [6.5, 11.25, 9.75, 14.25], "texture": "#6"}
			}
		},
		{
			"from": [14.25, 7, 0.25],
			"to": [15.25, 7.5, 0.75],
			"rotation": {"angle": 45, "axis": "z", "origin": [18, -9, 0]},
			"faces": {
				"north": {"uv": [6.5, 11.25, 9.75, 14.25], "texture": "#6"},
				"east": {"uv": [6.5, 11.25, 9.75, 14.25], "texture": "#6"},
				"south": {"uv": [6.5, 11.25, 9.75, 14.25], "texture": "#6"},
				"west": {"uv": [6.5, 11.25, 9.75, 14.25], "texture": "#6"},
				"up": {"uv": [6.5, 11.25, 9.75, 14.25], "texture": "#6"},
				"down": {"uv": [6.5, 11.25, 9.75, 14.25], "texture": "#6"}
			}
		},
		{
			"from": [12.25, 5, 0.25],
			"to": [13.25, 9.5, 0.75],
			"rotation": {"angle": 45, "axis": "z", "origin": [14, -9, 0]},
			"faces": {
				"north": {"uv": [6.5, 11.25, 9.75, 14.25], "texture": "#6"},
				"east": {"uv": [6.5, 11.25, 9.75, 14.25], "texture": "#6"},
				"south": {"uv": [6.5, 11.25, 9.75, 14.25], "texture": "#6"},
				"west": {"uv": [6.5, 11.25, 9.75, 14.25], "texture": "#6"},
				"up": {"uv": [6.5, 11.25, 9.75, 14.25], "texture": "#6"},
				"down": {"uv": [6.5, 11.25, 9.75, 14.25], "texture": "#6"}
			}
		},
		{
			"from": [11.25, 6, 0.25],
			"to": [12.25, 8.5, 0.75],
			"rotation": {"angle": 45, "axis": "z", "origin": [14, -9, 0]},
			"faces": {
				"north": {"uv": [6.5, 11.25, 9.75, 14.25], "texture": "#6"},
				"east": {"uv": [6.5, 11.25, 9.75, 14.25], "texture": "#6"},
				"south": {"uv": [6.5, 11.25, 9.75, 14.25], "texture": "#6"},
				"west": {"uv": [6.5, 11.25, 9.75, 14.25], "texture": "#6"},
				"up": {"uv": [6.5, 11.25, 9.75, 14.25], "texture": "#6"},
				"down": {"uv": [6.5, 11.25, 9.75, 14.25], "texture": "#6"}
			}
		},
		{
			"from": [10.25, 7, 0.25],
			"to": [11.25, 7.5, 0.75],
			"rotation": {"angle": 45, "axis": "z", "origin": [14, -9, 0]},
			"faces": {
				"north": {"uv": [6.5, 11.25, 9.75, 14.25], "texture": "#6"},
				"east": {"uv": [6.5, 11.25, 9.75, 14.25], "texture": "#6"},
				"south": {"uv": [6.5, 11.25, 9.75, 14.25], "texture": "#6"},
				"west": {"uv": [6.5, 11.25, 9.75, 14.25], "texture": "#6"},
				"up": {"uv": [6.5, 11.25, 9.75, 14.25], "texture": "#6"},
				"down": {"uv": [6.5, 11.25, 9.75, 14.25], "texture": "#6"}
			}
		}
	],
	"display": {
		"thirdperson_righthand": {
			"scale": [0.39, 0.39, 0.37]
		},
		"thirdperson_lefthand": {
			"scale": [0.43, 0.43, 0.42]
		},
		"firstperson_righthand": {
			"scale": [0.19, 0.23, 0.19]
		},
		"firstperson_lefthand": {
			"scale": [0.26, 0.26, 0.26]
		},
		"gui": {
			"rotation": [8, -17, 0],
			"translation": [-1.75, -0.75, 0],
			"scale": [0.78, 0.8, 0.76]
		}
	},
	"groups": [
		0,
		1,
		2,
		3,
		4,
		5,
		6,
		7,
		8,
		9,
		{
			"name": "group",
			"origin": [2, 3, 0],
			"color": 0,
			"children": [
				10,
				11,
				12,
				13,
				14,
				15,
				{
					"name": "group",
					"origin": [2, 3, 0],
					"color": 0,
					"children": [
						16,
						17,
						18,
						{
							"name": "group",
							"origin": [2, 3, 0],
							"color": 0,
							"children": [
								19,
								20,
								21,
								{
									"name": "group",
									"origin": [2, 3, 0],
									"color": 0,
									"children": [22, 23, 24]
								}
							]
						}
					]
				}
			]
		},
		{
			"name": "group",
			"origin": [2, 3, 0],
			"color": 0,
			"children": [
				25,
				26,
				27,
				28,
				29,
				30,
				{
					"name": "group",
					"origin": [2, 3, 0],
					"color": 0,
					"children": [
						31,
						32,
						33,
						{
							"name": "group",
							"origin": [2, 3, 0],
							"color": 0,
							"children": [
								34,
								35,
								36,
								{
									"name": "group",
									"origin": [2, 3, 0],
									"color": 0,
									"children": [37, 38, 39]
								}
							]
						}
					]
				}
			]
		},
		{
			"name": "group",
			"origin": [2, 3, 0],
			"color": 0,
			"children": [
				40,
				41,
				42,
				43,
				44,
				45,
				{
					"name": "group",
					"origin": [2, 3, 0],
					"color": 0,
					"children": [
						46,
						47,
						48,
						{
							"name": "group",
							"origin": [2, 3, 0],
							"color": 0,
							"children": [
								49,
								50,
								51,
								{
									"name": "group",
									"origin": [2, 3, 0],
									"color": 0,
									"children": [52, 53, 54]
								}
							]
						}
					]
				}
			]
		},
		{
			"name": "group",
			"origin": [2, 3, 0],
			"color": 0,
			"children": [
				55,
				56,
				57,
				58,
				59,
				60,
				{
					"name": "group",
					"origin": [2, 3, 0],
					"color": 0,
					"children": [
						61,
						62,
						63,
						{
							"name": "group",
							"origin": [2, 3, 0],
							"color": 0,
							"children": [
								64,
								65,
								66,
								{
									"name": "group",
									"origin": [2, 3, 0],
									"color": 0,
									"children": [67, 68, 69]
								}
							]
						}
					]
				}
			]
		}
	]
}