{
	"credit": "Made with Blockbench",
	"textures": {
		"0": "block/3d_objects/props_b",
		"1": "block/3d_objects/bois_meuble",
		"particle": "block/3d_objects/props_b"
	},
	"elements": [
		{
			"from": [0, 0, 29],
			"to": [4, 4, 32],
			"faces": {
				"north": {"uv": [0, 0, 16, 16], "texture": "#1"},
				"east": {"uv": [0, 0, 16, 16], "texture": "#1"},
				"south": {"uv": [0, 0, 16, 16], "texture": "#1"},
				"west": {"uv": [0, 0, 16, 16], "texture": "#1"},
				"up": {"uv": [0, 0, 16, 16], "texture": "#1"},
				"down": {"uv": [0, 0, 16, 16], "texture": "#1"}
			}
		},
		{
			"from": [28, 0, 0],
			"to": [32, 4, 3],
			"faces": {
				"north": {"uv": [0, 0, 16, 16], "texture": "#1"},
				"east": {"uv": [0, 0, 16, 16], "texture": "#1"},
				"south": {"uv": [0, 0, 16, 16], "texture": "#1"},
				"west": {"uv": [0, 0, 16, 16], "texture": "#1"},
				"up": {"uv": [0, 0, 16, 16], "texture": "#1"},
				"down": {"uv": [0, 0, 16, 16], "texture": "#1"}
			}
		},
		{
			"from": [28, 0, 29],
			"to": [32, 4, 32],
			"faces": {
				"north": {"uv": [0, 0, 16, 16], "texture": "#1"},
				"east": {"uv": [0, 0, 16, 16], "texture": "#1"},
				"south": {"uv": [0, 0, 16, 16], "texture": "#1"},
				"west": {"uv": [0, 0, 16, 16], "texture": "#1"},
				"up": {"uv": [0, 0, 16, 16], "texture": "#1"},
				"down": {"uv": [0, 0, 16, 16], "texture": "#1"}
			}
		},
		{
			"from": [28, 3, 3],
			"to": [32, 4, 29],
			"faces": {
				"north": {"uv": [0, 0, 16, 16], "texture": "#1"},
				"east": {"uv": [0, 0, 16, 16], "texture": "#1"},
				"south": {"uv": [0, 0, 16, 16], "texture": "#1"},
				"west": {"uv": [0, 0, 16, 16], "texture": "#1"},
				"up": {"uv": [0, 0, 16, 16], "texture": "#1"},
				"down": {"uv": [0, 0, 16, 16], "texture": "#1"}
			}
		},
		{
			"from": [28, 0, 3],
			"to": [32, 1, 29],
			"faces": {
				"north": {"uv": [0, 0, 16, 16], "texture": "#1"},
				"east": {"uv": [0, 0, 16, 16], "texture": "#1"},
				"south": {"uv": [0, 0, 16, 16], "texture": "#1"},
				"west": {"uv": [0, 0, 16, 16], "texture": "#1"},
				"up": {"uv": [0, 0, 16, 16], "texture": "#1"},
				"down": {"uv": [0, 0, 16, 16], "texture": "#1"}
			}
		},
		{
			"from": [14, 3, 3],
			"to": [18, 4, 29],
			"faces": {
				"north": {"uv": [0, 0, 16, 16], "texture": "#1"},
				"east": {"uv": [0, 0, 16, 16], "texture": "#1"},
				"south": {"uv": [0, 0, 16, 16], "texture": "#1"},
				"west": {"uv": [0, 0, 16, 16], "texture": "#1"},
				"up": {"uv": [0, 0, 16, 16], "texture": "#1"},
				"down": {"uv": [0, 0, 16, 16], "texture": "#1"}
			}
		},
		{
			"from": [14, 0, 3],
			"to": [18, 1, 29],
			"faces": {
				"north": {"uv": [0, 0, 16, 16], "texture": "#1"},
				"east": {"uv": [0, 0, 16, 16], "texture": "#1"},
				"south": {"uv": [0, 0, 16, 16], "texture": "#1"},
				"west": {"uv": [0, 0, 16, 16], "texture": "#1"},
				"up": {"uv": [0, 0, 16, 16], "texture": "#1"},
				"down": {"uv": [0, 0, 16, 16], "texture": "#1"}
			}
		},
		{
			"from": [14, 0, 0],
			"to": [18, 4, 3],
			"faces": {
				"north": {"uv": [0, 0, 16, 16], "texture": "#1"},
				"east": {"uv": [0, 0, 16, 16], "texture": "#1"},
				"south": {"uv": [0, 0, 16, 16], "texture": "#1"},
				"west": {"uv": [0, 0, 16, 16], "texture": "#1"},
				"up": {"uv": [0, 0, 16, 16], "texture": "#1"},
				"down": {"uv": [0, 0, 16, 16], "texture": "#1"}
			}
		},
		{
			"from": [14, 0, 29],
			"to": [18, 4, 32],
			"faces": {
				"north": {"uv": [0, 0, 16, 16], "texture": "#1"},
				"east": {"uv": [0, 0, 16, 16], "texture": "#1"},
				"south": {"uv": [0, 0, 16, 16], "texture": "#1"},
				"west": {"uv": [0, 0, 16, 16], "texture": "#1"},
				"up": {"uv": [0, 0, 16, 16], "texture": "#1"},
				"down": {"uv": [0, 0, 16, 16], "texture": "#1"}
			}
		},
		{
			"from": [0, 0, 0],
			"to": [4, 4, 3],
			"faces": {
				"north": {"uv": [0, 0, 16, 16], "texture": "#1"},
				"east": {"uv": [0, 0, 16, 16], "texture": "#1"},
				"south": {"uv": [0, 0, 16, 16], "texture": "#1"},
				"west": {"uv": [0, 0, 16, 16], "texture": "#1"},
				"up": {"uv": [0, 0, 16, 16], "texture": "#1"},
				"down": {"uv": [0, 0, 16, 16], "texture": "#1"}
			}
		},
		{
			"from": [0.05, 0, 15],
			"to": [32, 3.9, 18],
			"faces": {
				"north": {"uv": [0, 0, 16, 16], "texture": "#1"},
				"east": {"uv": [0, 0, 16, 16], "texture": "#1"},
				"south": {"uv": [0, 0, 16, 16], "texture": "#1"},
				"west": {"uv": [0, 0, 16, 16], "texture": "#1"},
				"up": {"uv": [0, 0, 16, 16], "texture": "#1"},
				"down": {"uv": [0, 0, 16, 16], "texture": "#1"}
			}
		},
		{
			"from": [14.05, 0, 15],
			"to": [17.95, 3.9, 18],
			"faces": {
				"north": {"uv": [0, 0, 16, 16], "texture": "#1"},
				"east": {"uv": [0, 0, 16, 16], "texture": "#1"},
				"south": {"uv": [0, 0, 16, 16], "texture": "#1"},
				"west": {"uv": [0, 0, 16, 16], "texture": "#1"},
				"up": {"uv": [0, 0, 16, 16], "texture": "#1"},
				"down": {"uv": [0, 0, 16, 16], "texture": "#1"}
			}
		},
		{
			"from": [28.05, 0, 15],
			"to": [31.95, 3.9, 18],
			"faces": {
				"north": {"uv": [0, 0, 16, 16], "texture": "#1"},
				"east": {"uv": [0, 0, 16, 16], "texture": "#1"},
				"south": {"uv": [0, 0, 16, 16], "texture": "#1"},
				"west": {"uv": [0, 0, 16, 16], "texture": "#1"},
				"up": {"uv": [0, 0, 16, 16], "texture": "#1"},
				"down": {"uv": [0, 0, 16, 16], "texture": "#1"}
			}
		},
		{
			"from": [4, 3, 0],
			"to": [14, 4, 3],
			"faces": {
				"north": {"uv": [0, 0, 16, 16], "texture": "#1"},
				"east": {"uv": [0, 0, 16, 16], "texture": "#1"},
				"south": {"uv": [0, 0, 16, 16], "texture": "#1"},
				"west": {"uv": [0, 0, 16, 16], "texture": "#1"},
				"up": {"uv": [0, 0, 16, 16], "texture": "#1"},
				"down": {"uv": [0, 0, 16, 16], "texture": "#1"}
			}
		},
		{
			"from": [18, 3, 0],
			"to": [28, 4, 3],
			"faces": {
				"north": {"uv": [0, 0, 16, 16], "texture": "#1"},
				"east": {"uv": [0, 0, 16, 16], "texture": "#1"},
				"south": {"uv": [0, 0, 16, 16], "texture": "#1"},
				"west": {"uv": [0, 0, 16, 16], "texture": "#1"},
				"up": {"uv": [0, 0, 16, 16], "texture": "#1"},
				"down": {"uv": [0, 0, 16, 16], "texture": "#1"}
			}
		},
		{
			"from": [18, 3, 29],
			"to": [28, 4, 32],
			"faces": {
				"north": {"uv": [0, 0, 16, 16], "texture": "#1"},
				"east": {"uv": [0, 0, 16, 16], "texture": "#1"},
				"south": {"uv": [0, 0, 16, 16], "texture": "#1"},
				"west": {"uv": [0, 0, 16, 16], "texture": "#1"},
				"up": {"uv": [0, 0, 16, 16], "texture": "#1"},
				"down": {"uv": [0, 0, 16, 16], "texture": "#1"}
			}
		},
		{
			"from": [4, 3, 29],
			"to": [14, 4, 32],
			"faces": {
				"north": {"uv": [0, 0, 16, 16], "texture": "#1"},
				"east": {"uv": [0, 0, 16, 16], "texture": "#1"},
				"south": {"uv": [0, 0, 16, 16], "texture": "#1"},
				"west": {"uv": [0, 0, 16, 16], "texture": "#1"},
				"up": {"uv": [0, 0, 16, 16], "texture": "#1"},
				"down": {"uv": [0, 0, 16, 16], "texture": "#1"}
			}
		},
		{
			"from": [0, 3, 3],
			"to": [4, 4, 29],
			"faces": {
				"north": {"uv": [0, 0, 16, 16], "texture": "#1"},
				"east": {"uv": [0, 0, 16, 16], "texture": "#1"},
				"south": {"uv": [0, 0, 16, 16], "texture": "#1"},
				"west": {"uv": [0, 0, 16, 16], "texture": "#1"},
				"up": {"uv": [0, 0, 16, 16], "texture": "#1"},
				"down": {"uv": [0, 0, 16, 16], "texture": "#1"}
			}
		},
		{
			"from": [7, 3, 3],
			"to": [11, 4, 29],
			"faces": {
				"north": {"uv": [0, 0, 16, 16], "texture": "#1"},
				"east": {"uv": [0, 0, 16, 16], "texture": "#1"},
				"south": {"uv": [0, 0, 16, 16], "texture": "#1"},
				"west": {"uv": [0, 0, 16, 16], "texture": "#1"},
				"up": {"uv": [0, 0, 16, 16], "texture": "#1"},
				"down": {"uv": [0, 0, 16, 16], "texture": "#1"}
			}
		},
		{
			"from": [21, 3, 3],
			"to": [25, 4, 29],
			"faces": {
				"north": {"uv": [0, 0, 16, 16], "texture": "#1"},
				"east": {"uv": [0, 0, 16, 16], "texture": "#1"},
				"south": {"uv": [0, 0, 16, 16], "texture": "#1"},
				"west": {"uv": [0, 0, 16, 16], "texture": "#1"},
				"up": {"uv": [0, 0, 16, 16], "texture": "#1"},
				"down": {"uv": [0, 0, 16, 16], "texture": "#1"}
			}
		},
		{
			"from": [0, 0, 3],
			"to": [4, 1, 29],
			"faces": {
				"north": {"uv": [0, 0, 16, 16], "texture": "#1"},
				"east": {"uv": [0, 0, 16, 16], "texture": "#1"},
				"south": {"uv": [0, 0, 16, 16], "texture": "#1"},
				"west": {"uv": [0, 0, 16, 16], "texture": "#1"},
				"up": {"uv": [0, 0, 16, 16], "texture": "#1"},
				"down": {"uv": [0, 0, 16, 16], "texture": "#1"}
			}
		},
		{
			"from": [22, 4, 17],
			"to": [31, 12, 30],
			"faces": {
				"north": {"uv": [7.6875, 7.71875, 11.15625, 11], "texture": "#0"},
				"east": {"uv": [11.21875, 7.6875, 14.375, 10.96875], "texture": "#0"},
				"south": {"uv": [7.6875, 7.71875, 11.15625, 11], "texture": "#0"},
				"west": {"uv": [11.21875, 7.6875, 14.375, 10.96875], "texture": "#0"},
				"up": {"uv": [11.21875, 7.6875, 14.375, 10.96875], "texture": "#0"},
				"down": {"uv": [7.6875, 7.71875, 11.15625, 11], "texture": "#0"}
			}
		},
		{
			"from": [12, 4, 17],
			"to": [21, 12, 30],
			"faces": {
				"north": {"uv": [7.6875, 7.71875, 11.15625, 11], "texture": "#0"},
				"east": {"uv": [11.21875, 7.6875, 14.375, 10.96875], "texture": "#0"},
				"south": {"uv": [7.6875, 7.71875, 11.15625, 11], "texture": "#0"},
				"west": {"uv": [11.21875, 7.6875, 14.375, 10.96875], "texture": "#0"},
				"up": {"uv": [11.21875, 7.6875, 14.375, 10.96875], "texture": "#0"},
				"down": {"uv": [7.6875, 7.71875, 11.15625, 11], "texture": "#0"}
			}
		},
		{
			"from": [2, 4, 18],
			"to": [11, 12, 31],
			"rotation": {"angle": 0, "axis": "y", "origin": [0, 0, 1]},
			"faces": {
				"north": {"uv": [7.6875, 7.71875, 11.15625, 11], "texture": "#0"},
				"east": {"uv": [11.21875, 7.6875, 14.375, 10.96875], "texture": "#0"},
				"south": {"uv": [7.6875, 7.71875, 11.15625, 11], "texture": "#0"},
				"west": {"uv": [11.21875, 7.6875, 14.375, 10.96875], "texture": "#0"},
				"up": {"uv": [11.21875, 7.6875, 14.375, 10.96875], "texture": "#0"},
				"down": {"uv": [7.6875, 7.71875, 11.15625, 11], "texture": "#0"}
			}
		},
		{
			"from": [22, 4, 2],
			"to": [31, 12, 15],
			"faces": {
				"north": {"uv": [7.6875, 7.71875, 11.15625, 11], "texture": "#0"},
				"east": {"uv": [11.21875, 7.6875, 14.375, 10.96875], "texture": "#0"},
				"south": {"uv": [7.6875, 7.71875, 11.15625, 11], "texture": "#0"},
				"west": {"uv": [11.21875, 7.6875, 14.375, 10.96875], "texture": "#0"},
				"up": {"uv": [11.21875, 7.6875, 14.375, 10.96875], "texture": "#0"},
				"down": {"uv": [7.6875, 7.71875, 11.15625, 11], "texture": "#0"}
			}
		},
		{
			"from": [12, 4, 2],
			"to": [21, 12, 15],
			"faces": {
				"north": {"uv": [7.6875, 7.71875, 11.15625, 11], "texture": "#0"},
				"east": {"uv": [11.21875, 7.6875, 14.375, 10.96875], "texture": "#0"},
				"south": {"uv": [7.6875, 7.71875, 11.15625, 11], "texture": "#0"},
				"west": {"uv": [11.21875, 7.6875, 14.375, 10.96875], "texture": "#0"},
				"up": {"uv": [11.21875, 7.6875, 14.375, 10.96875], "texture": "#0"},
				"down": {"uv": [7.6875, 7.71875, 11.15625, 11], "texture": "#0"}
			}
		},
		{
			"from": [2, 4, 2],
			"to": [11, 12, 15],
			"faces": {
				"north": {"uv": [7.6875, 7.71875, 11.15625, 11], "texture": "#0"},
				"east": {"uv": [11.21875, 7.6875, 14.375, 10.96875], "texture": "#0"},
				"south": {"uv": [7.6875, 7.71875, 11.15625, 11], "texture": "#0"},
				"west": {"uv": [11.21875, 7.6875, 14.375, 10.96875], "texture": "#0"},
				"up": {"uv": [11.21875, 7.6875, 14.375, 10.96875], "texture": "#0"},
				"down": {"uv": [7.6875, 7.71875, 11.15625, 11], "texture": "#0"}
			}
		},
		{
			"from": [22, 12, 18],
			"to": [31, 20, 31],
			"faces": {
				"north": {"uv": [7.6875, 7.71875, 11.15625, 11], "texture": "#0"},
				"east": {"uv": [11.21875, 7.6875, 14.375, 10.96875], "texture": "#0"},
				"south": {"uv": [7.6875, 7.71875, 11.15625, 11], "texture": "#0"},
				"west": {"uv": [11.21875, 7.6875, 14.375, 10.96875], "texture": "#0"},
				"up": {"uv": [11.21875, 7.6875, 14.375, 10.96875], "texture": "#0"},
				"down": {"uv": [7.6875, 7.71875, 11.15625, 11], "texture": "#0"}
			}
		},
		{
			"from": [12, 12, 17],
			"to": [21, 20, 30],
			"rotation": {"angle": 0, "axis": "y", "origin": [0, 0, -1]},
			"faces": {
				"north": {"uv": [7.6875, 7.71875, 11.15625, 11], "texture": "#0"},
				"east": {"uv": [11.21875, 7.6875, 14.375, 10.96875], "texture": "#0"},
				"south": {"uv": [7.6875, 7.71875, 11.15625, 11], "texture": "#0"},
				"west": {"uv": [11.21875, 7.6875, 14.375, 10.96875], "texture": "#0"},
				"up": {"uv": [11.21875, 7.6875, 14.375, 10.96875], "texture": "#0"},
				"down": {"uv": [7.6875, 7.71875, 11.15625, 11], "texture": "#0"}
			}
		},
		{
			"from": [2, 12, 18],
			"to": [11, 20, 31],
			"faces": {
				"north": {"uv": [7.6875, 7.71875, 11.15625, 11], "texture": "#0"},
				"east": {"uv": [11.21875, 7.6875, 14.375, 10.96875], "texture": "#0"},
				"south": {"uv": [7.6875, 7.71875, 11.15625, 11], "texture": "#0"},
				"west": {"uv": [11.21875, 7.6875, 14.375, 10.96875], "texture": "#0"},
				"up": {"uv": [11.21875, 7.6875, 14.375, 10.96875], "texture": "#0"},
				"down": {"uv": [7.6875, 7.71875, 11.15625, 11], "texture": "#0"}
			}
		},
		{
			"from": [22, 20, 17],
			"to": [31, 28, 30],
			"faces": {
				"north": {"uv": [7.6875, 7.71875, 11.15625, 11], "texture": "#0"},
				"east": {"uv": [11.21875, 7.6875, 14.375, 10.96875], "texture": "#0"},
				"south": {"uv": [7.6875, 7.71875, 11.15625, 11], "texture": "#0"},
				"west": {"uv": [11.21875, 7.6875, 14.375, 10.96875], "texture": "#0"},
				"up": {"uv": [11.21875, 7.6875, 14.375, 10.96875], "texture": "#0"},
				"down": {"uv": [7.6875, 7.71875, 11.15625, 11], "texture": "#0"}
			}
		},
		{
			"from": [12, 20, 18],
			"to": [21, 28, 31],
			"rotation": {"angle": 0, "axis": "y", "origin": [0, 0, 1]},
			"faces": {
				"north": {"uv": [7.6875, 7.71875, 11.15625, 11], "texture": "#0"},
				"east": {"uv": [11.21875, 7.6875, 14.375, 10.96875], "texture": "#0"},
				"south": {"uv": [7.6875, 7.71875, 11.15625, 11], "texture": "#0"},
				"west": {"uv": [11.21875, 7.6875, 14.375, 10.96875], "texture": "#0"},
				"up": {"uv": [11.21875, 7.6875, 14.375, 10.96875], "texture": "#0"},
				"down": {"uv": [7.6875, 7.71875, 11.15625, 11], "texture": "#0"}
			}
		},
		{
			"from": [2, 20, 18],
			"to": [11, 28, 31],
			"rotation": {"angle": 0, "axis": "y", "origin": [0, 0, 1]},
			"faces": {
				"north": {"uv": [7.6875, 7.71875, 11.15625, 11], "texture": "#0"},
				"east": {"uv": [11.21875, 7.6875, 14.375, 10.96875], "texture": "#0"},
				"south": {"uv": [7.6875, 7.71875, 11.15625, 11], "texture": "#0"},
				"west": {"uv": [11.21875, 7.6875, 14.375, 10.96875], "texture": "#0"},
				"up": {"uv": [11.21875, 7.6875, 14.375, 10.96875], "texture": "#0"},
				"down": {"uv": [7.6875, 7.71875, 11.15625, 11], "texture": "#0"}
			}
		},
		{
			"from": [22, 12, 2],
			"to": [31, 20, 15],
			"rotation": {"angle": 0, "axis": "y", "origin": [0, 0, -1]},
			"faces": {
				"north": {"uv": [7.6875, 7.71875, 11.15625, 11], "texture": "#0"},
				"east": {"uv": [11.21875, 7.6875, 14.375, 10.96875], "texture": "#0"},
				"south": {"uv": [7.6875, 7.71875, 11.15625, 11], "texture": "#0"},
				"west": {"uv": [11.21875, 7.6875, 14.375, 10.96875], "texture": "#0"},
				"up": {"uv": [11.21875, 7.6875, 14.375, 10.96875], "texture": "#0"},
				"down": {"uv": [7.6875, 7.71875, 11.15625, 11], "texture": "#0"}
			}
		},
		{
			"from": [12, 12, 3],
			"to": [21, 20, 16],
			"faces": {
				"north": {"uv": [7.6875, 7.71875, 11.15625, 11], "texture": "#0"},
				"east": {"uv": [11.21875, 7.6875, 14.375, 10.96875], "texture": "#0"},
				"south": {"uv": [7.6875, 7.71875, 11.15625, 11], "texture": "#0"},
				"west": {"uv": [11.21875, 7.6875, 14.375, 10.96875], "texture": "#0"},
				"up": {"uv": [11.21875, 7.6875, 14.375, 10.96875], "texture": "#0"},
				"down": {"uv": [7.6875, 7.71875, 11.15625, 11], "texture": "#0"}
			}
		},
		{
			"from": [2, 12, 3],
			"to": [11, 20, 16],
			"faces": {
				"north": {"uv": [7.6875, 7.71875, 11.15625, 11], "texture": "#0"},
				"east": {"uv": [11.21875, 7.6875, 14.375, 10.96875], "texture": "#0"},
				"south": {"uv": [7.6875, 7.71875, 11.15625, 11], "texture": "#0"},
				"west": {"uv": [11.21875, 7.6875, 14.375, 10.96875], "texture": "#0"},
				"up": {"uv": [11.21875, 7.6875, 14.375, 10.96875], "texture": "#0"},
				"down": {"uv": [7.6875, 7.71875, 11.15625, 11], "texture": "#0"}
			}
		},
		{
			"from": [22, 20, 2],
			"to": [31, 28, 15],
			"faces": {
				"north": {"uv": [7.6875, 7.71875, 11.15625, 11], "texture": "#0"},
				"east": {"uv": [11.21875, 7.6875, 14.375, 10.96875], "texture": "#0"},
				"south": {"uv": [7.6875, 7.71875, 11.15625, 11], "texture": "#0"},
				"west": {"uv": [11.21875, 7.6875, 14.375, 10.96875], "texture": "#0"},
				"up": {"uv": [11.21875, 7.6875, 14.375, 10.96875], "texture": "#0"},
				"down": {"uv": [7.6875, 7.71875, 11.15625, 11], "texture": "#0"}
			}
		},
		{
			"from": [12, 20, 4],
			"to": [21, 28, 17],
			"rotation": {"angle": 0, "axis": "y", "origin": [0, 0, 2]},
			"faces": {
				"north": {"uv": [7.6875, 7.71875, 11.15625, 11], "texture": "#0"},
				"east": {"uv": [11.21875, 7.6875, 14.375, 10.96875], "texture": "#0"},
				"south": {"uv": [7.6875, 7.71875, 11.15625, 11], "texture": "#0"},
				"west": {"uv": [11.21875, 7.6875, 14.375, 10.96875], "texture": "#0"},
				"up": {"uv": [11.21875, 7.6875, 14.375, 10.96875], "texture": "#0"},
				"down": {"uv": [7.6875, 7.71875, 11.15625, 11], "texture": "#0"}
			}
		},
		{
			"from": [2, 20, 2],
			"to": [11, 28, 15],
			"faces": {
				"north": {"uv": [7.6875, 7.71875, 11.15625, 11], "texture": "#0"},
				"east": {"uv": [11.21875, 7.6875, 14.375, 10.96875], "texture": "#0"},
				"south": {"uv": [7.6875, 7.71875, 11.15625, 11], "texture": "#0"},
				"west": {"uv": [11.21875, 7.6875, 14.375, 10.96875], "texture": "#0"},
				"up": {"uv": [11.21875, 7.6875, 14.375, 10.96875], "texture": "#0"},
				"down": {"uv": [7.6875, 7.71875, 11.15625, 11], "texture": "#0"}
			}
		}
	],
	"display": {
		"thirdperson_righthand": {
			"scale": [0.2, 0.2, 0.22]
		},
		"thirdperson_lefthand": {
			"scale": [0.21, 0.22, 0.22]
		},
		"firstperson_righthand": {
			"scale": [0.17, 0.19, 0.2]
		},
		"firstperson_lefthand": {
			"scale": [0.18, 0.18, 0.17]
		},
		"gui": {
			"rotation": [15, -25, 0],
			"translation": [-1.25, -0.75, 0],
			"scale": [0.33, 0.33, 0.33]
		},
		"fixed": {
			"translation": [-8.75, -6.25, -23]
		}
	},
	"groups": [
		{
			"name": "palette",
			"origin": [0, 0, 0],
			"color": 0,
			"children": [0, 1, 2, 3, 4, 5, 6, 7, 8, 9, 10, 11, 12, 13, 14, 15, 16, 17, 18, 19, 20]
		},
		{
			"name": "cartons",
			"origin": [8, 8, 8],
			"color": 0,
			"children": [
				21,
				22,
				23,
				{
					"name": "group",
					"origin": [8, 8, 8],
					"color": 0,
					"children": [24, 25, 26]
				},
				{
					"name": "cartons",
					"origin": [8, 8, 8],
					"color": 0,
					"children": [
						27,
						28,
						29,
						30,
						31,
						32,
						{
							"name": "group",
							"origin": [8, 8, 8],
							"color": 0,
							"children": [33, 34, 35, 36, 37, 38]
						}
					]
				}
			]
		}
	]
}