{
	"credit": "Made with Blockbench",
	"textures": {
		"1": "block/3d/metal",
		"particle": "block/3d/metal"
	},
	"elements": [
		{
			"from": [7.74145, 0.0281, 7.17625],
			"to": [8.25605, 20.1052, 7.69085],
			"rotation": {"angle": 0, "axis": "y", "origin": [32.95685, 8, 23.64345]},
			"faces": {
				"north": {"uv": [0, 0, 16, 16], "texture": "#1"},
				"east": {"uv": [0, 0, 16, 16], "texture": "#1"},
				"south": {"uv": [0, 0, 16, 16], "texture": "#1"},
				"west": {"uv": [0, 0, 16, 16], "texture": "#1"},
				"up": {"uv": [0, 0, 16, 16], "texture": "#1"},
				"down": {"uv": [0, 0, 16, 16], "texture": "#1"}
			}
		},
		{
			"from": [8.25605, 0.0281, 7.69085],
			"to": [8.77065, 20.1052, 8.20545],
			"rotation": {"angle": 0, "axis": "y", "origin": [32.95685, 8, 23.64345]},
			"faces": {
				"north": {"uv": [0, 0, 16, 16], "texture": "#1"},
				"east": {"uv": [0, 0, 16, 16], "texture": "#1"},
				"south": {"uv": [0, 0, 16, 16], "texture": "#1"},
				"west": {"uv": [0, 0, 16, 16], "texture": "#1"},
				"up": {"uv": [0, 0, 16, 16], "texture": "#1"},
				"down": {"uv": [0, 0, 16, 16], "texture": "#1"}
			}
		},
		{
			"from": [7.74145, 0.0281, 8.20545],
			"to": [8.25605, 20.1052, 8.72005],
			"rotation": {"angle": 0, "axis": "y", "origin": [32.95685, 8, 23.64345]},
			"faces": {
				"north": {"uv": [0, 0, 16, 16], "texture": "#1"},
				"east": {"uv": [0, 0, 16, 16], "texture": "#1"},
				"south": {"uv": [0, 0, 16, 16], "texture": "#1"},
				"west": {"uv": [0, 0, 16, 16], "texture": "#1"},
				"up": {"uv": [0, 0, 16, 16], "texture": "#1"},
				"down": {"uv": [0, 0, 16, 16], "texture": "#1"}
			}
		},
		{
			"from": [11.41569, 0.0281, 29.4646],
			"to": [12.13613, 20.1052, 30.16446],
			"rotation": {"angle": 45, "axis": "y", "origin": [-16.95935, 8, 23.64345]},
			"faces": {
				"north": {"uv": [0, 0, 16, 16], "texture": "#1"},
				"east": {"uv": [0, 0, 16, 16], "texture": "#1"},
				"south": {"uv": [0, 0, 16, 16], "texture": "#1"},
				"west": {"uv": [0, 0, 16, 16], "texture": "#1"},
				"up": {"uv": [0, 0, 16, 16], "texture": "#1"},
				"down": {"uv": [0, 0, 16, 16], "texture": "#1"}
			}
		},
		{
			"from": [-10.19751, 0.0281, -5.46233],
			"to": [-9.68291, 20.1052, -4.76247],
			"rotation": {"angle": -45, "axis": "y", "origin": [-16.95935, 8, 23.64345]},
			"faces": {
				"north": {"uv": [0, 0, 16, 16], "texture": "#1"},
				"east": {"uv": [0, 0, 16, 16], "texture": "#1"},
				"south": {"uv": [0, 0, 16, 16], "texture": "#1"},
				"west": {"uv": [0, 0, 16, 16], "texture": "#1"},
				"up": {"uv": [0, 0, 16, 16], "texture": "#1"},
				"down": {"uv": [0, 0, 16, 16], "texture": "#1"}
			}
		},
		{
			"from": [7.22685, 0.0281, 7.69085],
			"to": [7.74145, 20.1052, 8.20545],
			"rotation": {"angle": 0, "axis": "y", "origin": [32.95685, 8, 23.64345]},
			"faces": {
				"north": {"uv": [0, 0, 16, 16], "texture": "#1"},
				"east": {"uv": [0, 0, 16, 16], "texture": "#1"},
				"south": {"uv": [0, 0, 16, 16], "texture": "#1"},
				"west": {"uv": [0, 0, 16, 16], "texture": "#1"},
				"up": {"uv": [0, 0, 16, 16], "texture": "#1"},
				"down": {"uv": [0, 0, 16, 16], "texture": "#1"}
			}
		},
		{
			"from": [7.74145, 0.0281, 7.69085],
			"to": [8.25605, 20.1052, 8.20545],
			"rotation": {"angle": 0, "axis": "y", "origin": [32.95685, 8, 23.64345]},
			"faces": {
				"north": {"uv": [0, 0, 16, 16], "texture": "#1"},
				"east": {"uv": [0, 0, 16, 16], "texture": "#1"},
				"south": {"uv": [0, 0, 16, 16], "texture": "#1"},
				"west": {"uv": [0, 0, 16, 16], "texture": "#1"},
				"up": {"uv": [0, 0, 16, 16], "texture": "#1"},
				"down": {"uv": [0, 0, 16, 16], "texture": "#1"}
			}
		},
		{
			"from": [3.86137, 0.0281, 29.4646],
			"to": [4.58181, 20.1052, 30.16446],
			"rotation": {"angle": -45, "axis": "y", "origin": [32.95685, 8, 23.64345]},
			"faces": {
				"north": {"uv": [0, 0, 16, 16], "texture": "#1"},
				"east": {"uv": [0, 0, 16, 16], "texture": "#1"},
				"south": {"uv": [0, 0, 16, 16], "texture": "#1"},
				"west": {"uv": [0, 0, 16, 16], "texture": "#1"},
				"up": {"uv": [0, 0, 16, 16], "texture": "#1"},
				"down": {"uv": [0, 0, 16, 16], "texture": "#1"}
			}
		},
		{
			"from": [25.68041, 0.0281, -5.46233],
			"to": [26.19501, 20.1052, -4.76247],
			"rotation": {"angle": 45, "axis": "y", "origin": [32.95685, 8, 23.64345]},
			"faces": {
				"north": {"uv": [0, 0, 16, 16], "texture": "#1"},
				"east": {"uv": [0, 0, 16, 16], "texture": "#1"},
				"south": {"uv": [0, 0, 16, 16], "texture": "#1"},
				"west": {"uv": [0, 0, 16, 16], "texture": "#1"},
				"up": {"uv": [0, 0, 16, 16], "texture": "#1"},
				"down": {"uv": [0, 0, 16, 16], "texture": "#1"}
			}
		}
	],
	"groups": [
		{
			"name": "mossy_cobblestone_wall_post",
			"origin": [8, 8, 8],
			"children": [
				{
					"name": "diorite_wall_post",
					"origin": [8, 8, 8],
					"children": [
						{
							"name": "pilier",
							"origin": [14.0625, 8, 8],
							"children": [0, 1, 2, 3, 4, 5, 6, 7, 8]
						}
					]
				}
			]
		}
	]
}