{
	"credit": "Made with Blockbench",
	"textures": {
		"2": "block/3d_objects/props07a",
		"particle": "block/jungle_planks"
	},
	"elements": [
		{
			"from": [0, 0, 15],
			"to": [16, 22, 16],
			"rotation": {"angle": 0, "axis": "y", "origin": [0, 0, 15]},
			"faces": {
				"north": {"uv": [12.3125, 8.25, 15.875, 13.25], "texture": "#2"},
				"east": {"uv": [12.3125, 8.25, 12.4375, 13.25], "texture": "#2"},
				"south": {"uv": [13.9375, 9.8125, 14.3125, 10.375], "texture": "#2"},
				"west": {"uv": [12.3125, 8.25, 12.4375, 13.25], "texture": "#2"},
				"up": {"uv": [12.3125, 8.25, 12.4375, 13.25], "texture": "#2"},
				"down": {"uv": [12.3125, 8.25, 12.4375, 13.25], "texture": "#2"}
			}
		}
	],
	"display": {
		"thirdperson_righthand": {
			"scale": [0.13, 0.12, 0.13]
		},
		"thirdperson_lefthand": {
			"scale": [0.13, 0.12, 0.13]
		},
		"firstperson_righthand": {
			"scale": [0.13, 0.12, 0.13]
		},
		"firstperson_lefthand": {
			"scale": [0.13, 0.12, 0.13]
		},
		"ground": {
			"scale": [0.13, 0.12, 0.13]
		},
		"gui": {
			"rotation": [-23, 170, 0],
			"translation": [-1, 0, 0],
			"scale": [0.69, 0.69, 0.68]
		},
		"head": {
			"scale": [0.13, 0.12, 0.13]
		},
		"fixed": {
			"translation": [0, 0, -15],
			"scale": [2, 2, 2]
		}
	}
}