{
	"credit": "ALTA Official CONTENT -- Do not use without credits !",
	"textures": {
		"1": "block/3d/bois_meuble",
		"particle": "block/3d/bois_meuble"
	},
	"elements": [
		{
			"from": [0.7, 0, 14.125],
			"to": [2.45, 16, 16],
			"rotation": {"angle": 0, "axis": "y", "origin": [8.7, 8, 23.875]},
			"faces": {
				"north": {"uv": [0, 0, 6.625, 16], "texture": "#1"},
				"east": {"uv": [0, 0, 6.625, 16], "texture": "#1"},
				"south": {"uv": [0, 0, 6.625, 16], "texture": "#1"},
				"west": {"uv": [0, 0, 6.625, 16], "texture": "#1"},
				"up": {"uv": [0, 0, 6.625, 16], "texture": "#1"},
				"down": {"uv": [0, 0, 6.625, 16], "texture": "#1"}
			}
		},
		{
			"from": [7.075, 0, 14.125],
			"to": [8.825, 16, 16],
			"rotation": {"angle": 0, "axis": "y", "origin": [15.075, 8, 23.875]},
			"faces": {
				"north": {"uv": [0, 0, 6.625, 16], "texture": "#1"},
				"east": {"uv": [0, 0, 6.625, 16], "texture": "#1"},
				"south": {"uv": [0, 0, 6.625, 16], "texture": "#1"},
				"west": {"uv": [0, 0, 6.625, 16], "texture": "#1"},
				"up": {"uv": [0, 0, 6.625, 16], "texture": "#1"},
				"down": {"uv": [0, 0, 6.625, 16], "texture": "#1"}
			}
		},
		{
			"from": [3.95, 0, 14.125],
			"to": [5.7, 16, 16],
			"rotation": {"angle": 0, "axis": "y", "origin": [11.95, 8, 23.875]},
			"faces": {
				"north": {"uv": [0, 0, 6.625, 16], "texture": "#1"},
				"east": {"uv": [0, 0, 6.625, 16], "texture": "#1"},
				"south": {"uv": [0, 0, 6.625, 16], "texture": "#1"},
				"west": {"uv": [0, 0, 6.625, 16], "texture": "#1"},
				"up": {"uv": [0, 0, 6.625, 16], "texture": "#1"},
				"down": {"uv": [0, 0, 6.625, 16], "texture": "#1"}
			}
		},
		{
			"from": [13.575, 0, 14.125],
			"to": [15.325, 16, 16],
			"rotation": {"angle": 0, "axis": "y", "origin": [21.575, 8, 23.875]},
			"faces": {
				"north": {"uv": [0, 0, 6.625, 16], "texture": "#1"},
				"east": {"uv": [0, 0, 6.625, 16], "texture": "#1"},
				"south": {"uv": [0, 0, 6.625, 16], "texture": "#1"},
				"west": {"uv": [0, 0, 6.625, 16], "texture": "#1"},
				"up": {"uv": [0, 0, 6.625, 16], "texture": "#1"},
				"down": {"uv": [0, 0, 6.625, 16], "texture": "#1"}
			}
		},
		{
			"from": [10.325, 0, 14.125],
			"to": [12.075, 16, 16],
			"rotation": {"angle": 0, "axis": "y", "origin": [18.325, 8, 23.875]},
			"faces": {
				"north": {"uv": [0, 0, 6.625, 16], "texture": "#1"},
				"east": {"uv": [0, 0, 6.625, 16], "texture": "#1"},
				"south": {"uv": [0, 0, 6.625, 16], "texture": "#1"},
				"west": {"uv": [0, 0, 6.625, 16], "texture": "#1"},
				"up": {"uv": [0, 0, 6.625, 16], "texture": "#1"},
				"down": {"uv": [0, 0, 6.625, 16], "texture": "#1"}
			}
		}
	],
	"display": {
		"thirdperson_righthand": {
			"scale": [0.37, 0.37, 0.37]
		},
		"thirdperson_lefthand": {
			"translation": [1.25, 0, 0],
			"scale": [0.31, 0.33, 0.3]
		},
		"firstperson_righthand": {
			"scale": [0, 0, 0]
		},
		"firstperson_lefthand": {
			"scale": [0, 0, 0]
		},
		"gui": {
			"rotation": [20, -20, 0],
			"translation": [1.25, 1, 0],
			"scale": [0.74, 0.76, 0.76]
		}
	},
	"groups": [
		{
			"name": "group",
			"origin": [20.375, 8, 21.5],
			"children": [0, 1, 2, 3, 4]
		}
	]
}