{
	"credit": "Made with Blockbench",
	"textures": {
		"0": "block/acacia_planks",
		"5": "block/light_gray_wool",
		"6": "block/hopper_inside",
		"7": "block/lime_wool",
		"8": "block/red_wool",
		"10": "block/black_wool",
		"particle": "block/acacia_planks"
	},
	"elements": [
		{
			"from": [8.625, 0.625, 7.625],
			"to": [9.75, 0.75, 8.5],
			"faces": {
				"north": {"uv": [3.688, 4.938, 4.626, 5.937], "rotation": 180, "texture": "#10"},
				"east": {"uv": [3.688, 4.938, 4.626, 5.937], "rotation": 180, "texture": "#10"},
				"south": {"uv": [3.688, 4.938, 4.626, 5.937], "rotation": 180, "texture": "#10"},
				"west": {"uv": [3.688, 4.938, 4.626, 5.937], "rotation": 180, "texture": "#10"},
				"up": {"uv": [3.688, 4.938, 4.626, 5.937], "rotation": 180, "texture": "#10"},
				"down": {"uv": [3.688, 4.938, 4.626, 5.937], "rotation": 180, "texture": "#10"}
			}
		},
		{
			"from": [7.305, 0.625, 7.625],
			"to": [8.43, 0.75, 8.5],
			"faces": {
				"north": {"uv": [5.344, 5, 6.282, 5.999], "rotation": 180, "texture": "#10"},
				"east": {"uv": [5.344, 5, 6.282, 5.999], "rotation": 180, "texture": "#10"},
				"south": {"uv": [5.344, 5, 6.282, 5.999], "rotation": 180, "texture": "#10"},
				"west": {"uv": [5.344, 5, 6.282, 5.999], "rotation": 180, "texture": "#10"},
				"up": {"uv": [5.344, 5, 6.282, 5.999], "rotation": 180, "texture": "#10"},
				"down": {"uv": [5.344, 5, 6.282, 5.999], "rotation": 180, "texture": "#10"}
			}
		},
		{
			"from": [6, 0.625, 7.625],
			"to": [7.125, 0.75, 8.5],
			"faces": {
				"north": {"uv": [6.907, 4.938, 7.969, 5.968], "rotation": 180, "texture": "#10"},
				"east": {"uv": [6.907, 4.938, 7.969, 5.968], "rotation": 180, "texture": "#10"},
				"south": {"uv": [6.907, 4.938, 7.969, 5.968], "rotation": 180, "texture": "#10"},
				"west": {"uv": [6.907, 4.938, 7.969, 5.968], "rotation": 180, "texture": "#10"},
				"up": {"uv": [6.907, 4.938, 7.969, 5.968], "rotation": 180, "texture": "#10"},
				"down": {"uv": [6.907, 4.938, 7.969, 5.968], "rotation": 180, "texture": "#10"}
			}
		},
		{
			"from": [8.625, 0.625, 6.625],
			"to": [9.75, 0.75, 7.5],
			"faces": {
				"north": {"uv": [3.719, 6.563, 4.657, 7.562], "rotation": 180, "texture": "#10"},
				"east": {"uv": [3.719, 6.563, 4.657, 7.562], "rotation": 180, "texture": "#10"},
				"south": {"uv": [3.719, 6.563, 4.657, 7.562], "rotation": 180, "texture": "#10"},
				"west": {"uv": [3.719, 6.563, 4.657, 7.562], "rotation": 180, "texture": "#10"},
				"up": {"uv": [3.719, 6.563, 4.657, 7.562], "rotation": 180, "texture": "#10"},
				"down": {"uv": [3.719, 6.563, 4.657, 7.562], "rotation": 180, "texture": "#10"}
			}
		},
		{
			"from": [7.305, 0.625, 6.625],
			"to": [8.43, 0.75, 7.5],
			"faces": {
				"north": {"uv": [5.344, 6.563, 6.282, 7.562], "rotation": 180, "texture": "#10"},
				"east": {"uv": [5.344, 6.563, 6.282, 7.562], "rotation": 180, "texture": "#10"},
				"south": {"uv": [5.344, 6.563, 6.282, 7.562], "rotation": 180, "texture": "#10"},
				"west": {"uv": [5.344, 6.563, 6.282, 7.562], "rotation": 180, "texture": "#10"},
				"up": {"uv": [5.344, 6.563, 6.282, 7.562], "rotation": 180, "texture": "#10"},
				"down": {"uv": [5.344, 6.563, 6.282, 7.562], "rotation": 180, "texture": "#10"}
			}
		},
		{
			"from": [6, 0.625, 6.625],
			"to": [7.125, 0.75, 7.5],
			"faces": {
				"north": {"uv": [6.969, 6.563, 7.907, 7.561], "rotation": 180, "texture": "#10"},
				"east": {"uv": [6.969, 6.563, 7.907, 7.561], "rotation": 180, "texture": "#10"},
				"south": {"uv": [6.969, 6.563, 7.907, 7.561], "rotation": 180, "texture": "#10"},
				"west": {"uv": [6.969, 6.563, 7.907, 7.561], "rotation": 180, "texture": "#10"},
				"up": {"uv": [6.969, 6.563, 7.907, 7.561], "rotation": 180, "texture": "#10"},
				"down": {"uv": [6.969, 6.563, 7.907, 7.561], "rotation": 180, "texture": "#10"}
			}
		},
		{
			"from": [8.625, 0.625, 5.625],
			"to": [9.75, 0.75, 6.5],
			"faces": {
				"north": {"uv": [3.75, 8.219, 4.688, 9.218], "rotation": 180, "texture": "#10"},
				"east": {"uv": [3.75, 8.219, 4.688, 9.218], "rotation": 180, "texture": "#10"},
				"south": {"uv": [3.75, 8.219, 4.688, 9.218], "rotation": 180, "texture": "#10"},
				"west": {"uv": [3.75, 8.219, 4.688, 9.218], "rotation": 180, "texture": "#10"},
				"up": {"uv": [3.75, 8.219, 4.688, 9.218], "rotation": 180, "texture": "#10"},
				"down": {"uv": [3.75, 8.219, 4.688, 9.218], "rotation": 180, "texture": "#10"}
			}
		},
		{
			"from": [8.625, 0.625, 4.75],
			"to": [9.75, 0.75, 5.5],
			"faces": {
				"north": {"uv": [3.688, 4.938, 4.626, 5.937], "rotation": 180, "texture": "#8"},
				"east": {"uv": [3.688, 4.938, 4.626, 5.937], "rotation": 180, "texture": "#8"},
				"south": {"uv": [3.688, 4.938, 4.626, 5.937], "rotation": 180, "texture": "#8"},
				"west": {"uv": [3.688, 4.938, 4.626, 5.937], "rotation": 180, "texture": "#8"},
				"up": {"uv": [3.688, 4.938, 4.626, 5.937], "rotation": 180, "texture": "#8"},
				"down": {"uv": [3.688, 4.938, 4.626, 5.937], "rotation": 180, "texture": "#8"}
			}
		},
		{
			"from": [6, 0.625, 5.625],
			"to": [7.125, 0.75, 6.5],
			"faces": {
				"north": {"uv": [6.969, 8.219, 7.907, 9.218], "rotation": 180, "texture": "#10"},
				"east": {"uv": [6.969, 8.219, 7.907, 9.218], "rotation": 180, "texture": "#10"},
				"south": {"uv": [6.969, 8.219, 7.907, 9.218], "rotation": 180, "texture": "#10"},
				"west": {"uv": [6.969, 8.219, 7.907, 9.218], "rotation": 180, "texture": "#10"},
				"up": {"uv": [6.969, 8.219, 7.907, 9.218], "rotation": 180, "texture": "#10"},
				"down": {"uv": [6.969, 8.219, 7.907, 9.218], "rotation": 180, "texture": "#10"}
			}
		},
		{
			"from": [6, 0.625, 4.75],
			"to": [7.125, 0.75, 5.5],
			"faces": {
				"north": {"uv": [3.688, 4.938, 4.626, 5.937], "rotation": 180, "texture": "#7"},
				"east": {"uv": [3.688, 4.938, 4.626, 5.937], "rotation": 180, "texture": "#7"},
				"south": {"uv": [3.688, 4.938, 4.626, 5.937], "rotation": 180, "texture": "#7"},
				"west": {"uv": [3.688, 4.938, 4.626, 5.937], "rotation": 180, "texture": "#7"},
				"up": {"uv": [3.688, 4.938, 4.626, 5.937], "rotation": 180, "texture": "#7"},
				"down": {"uv": [3.688, 4.938, 4.626, 5.937], "rotation": 180, "texture": "#7"}
			}
		},
		{
			"from": [7.305, 0.625, 5.625],
			"to": [8.43, 0.75, 6.5],
			"faces": {
				"north": {"uv": [5.375, 8.188, 6.313, 9.187], "rotation": 180, "texture": "#10"},
				"east": {"uv": [5.375, 8.188, 6.313, 9.187], "rotation": 180, "texture": "#10"},
				"south": {"uv": [5.375, 8.188, 6.313, 9.187], "rotation": 180, "texture": "#10"},
				"west": {"uv": [5.375, 8.188, 6.313, 9.187], "rotation": 180, "texture": "#10"},
				"up": {"uv": [5.375, 8.188, 6.313, 9.187], "rotation": 180, "texture": "#10"},
				"down": {"uv": [5.375, 8.188, 6.313, 9.187], "rotation": 180, "texture": "#10"}
			}
		},
		{
			"from": [7.305, 0.625, 4.75],
			"to": [8.43, 0.75, 5.5],
			"faces": {
				"north": {"uv": [3.75, 9.844, 4.688, 10.843], "rotation": 180, "texture": "#10"},
				"east": {"uv": [3.75, 9.844, 4.688, 10.843], "rotation": 180, "texture": "#10"},
				"south": {"uv": [3.75, 9.844, 4.688, 10.843], "rotation": 180, "texture": "#10"},
				"west": {"uv": [3.75, 9.844, 4.688, 10.843], "rotation": 180, "texture": "#10"},
				"up": {"uv": [3.75, 9.844, 4.688, 10.843], "rotation": 180, "texture": "#10"},
				"down": {"uv": [3.75, 9.844, 4.688, 10.843], "rotation": 180, "texture": "#10"}
			}
		},
		{
			"from": [5.75, 0.125, 9.375],
			"to": [5.875, 0.375, 11.875],
			"faces": {
				"north": {"uv": [0, 0, 0.00781, 0.15625], "rotation": 90, "texture": "#5"},
				"east": {"uv": [0, 0, 0.00781, 0.15625], "rotation": 270, "texture": "#5"},
				"south": {"uv": [0, 0, 0.00781, 0.15625], "rotation": 90, "texture": "#5"},
				"west": {"uv": [0, 0, 0.00781, 0.15625], "rotation": 90, "texture": "#5"},
				"up": {"uv": [0, 0, 0.00781, 0.15625], "rotation": 180, "texture": "#5"},
				"down": {"uv": [0, 0, 0.00781, 0.15625], "texture": "#5"}
			}
		},
		{
			"from": [5.5, 0.125, 9.25],
			"to": [5.75, 0.5, 12],
			"faces": {
				"north": {"uv": [0, 0, 0.01563, 0.17188], "rotation": 90, "texture": "#0"},
				"east": {"uv": [0, 0, 0.01563, 0.17188], "rotation": 270, "texture": "#0"},
				"south": {"uv": [0, 0, 0.01563, 0.17188], "rotation": 90, "texture": "#0"},
				"west": {"uv": [0, 0, 0.01563, 0.17188], "rotation": 90, "texture": "#0"},
				"up": {"uv": [0, 0, 0.01563, 0.17188], "rotation": 180, "texture": "#0"},
				"down": {"uv": [0, 0, 0.01563, 0.17188], "texture": "#0"}
			}
		},
		{
			"from": [5.75, 0.125, 9.25],
			"to": [10, 0.375, 9.375],
			"faces": {
				"north": {"uv": [0, 0, 0.26563, 0.00781], "rotation": 90, "texture": "#5"},
				"east": {"uv": [0, 0, 0.26563, 0.00781], "rotation": 270, "texture": "#5"},
				"south": {"uv": [0, 0, 0.26563, 0.00781], "rotation": 90, "texture": "#5"},
				"west": {"uv": [0, 0, 0.26563, 0.00781], "rotation": 90, "texture": "#5"},
				"up": {"uv": [0, 0, 0.26563, 0.00781], "rotation": 180, "texture": "#5"},
				"down": {"uv": [0, 0, 0.26563, 0.00781], "texture": "#5"}
			}
		},
		{
			"from": [9.875, 0.125, 9.375],
			"to": [10, 0.375, 11.875],
			"faces": {
				"north": {"uv": [0, 0, 0.00781, 0.15625], "rotation": 90, "texture": "#5"},
				"east": {"uv": [0, 0, 0.00781, 0.15625], "rotation": 270, "texture": "#5"},
				"south": {"uv": [0, 0, 0.00781, 0.15625], "rotation": 90, "texture": "#5"},
				"west": {"uv": [0, 0, 0.00781, 0.15625], "rotation": 90, "texture": "#5"},
				"up": {"uv": [0, 0, 0.00781, 0.15625], "rotation": 180, "texture": "#5"},
				"down": {"uv": [0, 0, 0.00781, 0.15625], "texture": "#5"}
			}
		},
		{
			"from": [10, 0.125, 9.25],
			"to": [10.25, 0.5, 12],
			"faces": {
				"north": {"uv": [0, 0, 0.01563, 0.17188], "rotation": 90, "texture": "#0"},
				"east": {"uv": [0, 0, 0.01563, 0.17188], "rotation": 270, "texture": "#0"},
				"south": {"uv": [0, 0, 0.01563, 0.17188], "rotation": 90, "texture": "#0"},
				"west": {"uv": [0, 0, 0.01563, 0.17188], "rotation": 90, "texture": "#0"},
				"up": {"uv": [0, 0, 0.01563, 0.17188], "rotation": 180, "texture": "#0"},
				"down": {"uv": [0, 0, 0.01563, 0.17188], "texture": "#0"}
			}
		},
		{
			"from": [5.5, 0, 3.625],
			"to": [10.25, 0.25, 12.25],
			"faces": {
				"north": {"uv": [0, 0, 0.29688, 0.53906], "rotation": 90, "texture": "#0"},
				"east": {"uv": [0, 0, 0.29688, 0.53906], "rotation": 270, "texture": "#0"},
				"south": {"uv": [0, 0, 0.29688, 0.53906], "rotation": 90, "texture": "#0"},
				"west": {"uv": [0, 0, 0.29688, 0.53906], "rotation": 90, "texture": "#0"},
				"up": {"uv": [0, 0, 0.29688, 0.53906], "rotation": 180, "texture": "#0"},
				"down": {"uv": [0, 0, 0.29688, 0.53906], "texture": "#0"}
			}
		},
		{
			"from": [5.625, 0, 12.25],
			"to": [10.125, 0.5, 12.375],
			"faces": {
				"north": {"uv": [0, 0, 0.29688, 0.53906], "rotation": 90, "texture": "#0"},
				"east": {"uv": [0, 0, 0.29688, 0.53906], "rotation": 270, "texture": "#0"},
				"south": {"uv": [0, 0, 0.29688, 0.53906], "rotation": 90, "texture": "#0"},
				"west": {"uv": [0, 0, 0.29688, 0.53906], "rotation": 90, "texture": "#0"},
				"up": {"uv": [0, 0, 0.29688, 0.53906], "rotation": 180, "texture": "#0"},
				"down": {"uv": [0, 0, 0.29688, 0.53906], "texture": "#0"}
			}
		},
		{
			"from": [6.125, 0, 12.375],
			"to": [9.5, 0.5, 12.5],
			"faces": {
				"north": {"uv": [0, 0, 0.29688, 0.53906], "rotation": 90, "texture": "#0"},
				"east": {"uv": [0, 0, 0.29688, 0.53906], "rotation": 270, "texture": "#0"},
				"south": {"uv": [0, 0, 0.29688, 0.53906], "rotation": 90, "texture": "#0"},
				"west": {"uv": [0, 0, 0.29688, 0.53906], "rotation": 90, "texture": "#0"},
				"up": {"uv": [0, 0, 0.29688, 0.53906], "rotation": 180, "texture": "#0"},
				"down": {"uv": [0, 0, 0.29688, 0.53906], "texture": "#0"}
			}
		},
		{
			"from": [5.5, 0.125, 12],
			"to": [10.25, 0.5, 12.25],
			"faces": {
				"north": {"uv": [0, 0, 0.29688, 0.01563], "rotation": 90, "texture": "#0"},
				"east": {"uv": [0, 0, 0.29688, 0.01563], "rotation": 270, "texture": "#0"},
				"south": {"uv": [0, 0, 0.29688, 0.01563], "rotation": 90, "texture": "#0"},
				"west": {"uv": [0, 0, 0.29688, 0.01563], "rotation": 90, "texture": "#0"},
				"up": {"uv": [0, 0, 0.29688, 0.01563], "rotation": 180, "texture": "#0"},
				"down": {"uv": [0, 0, 0.29688, 0.01563], "texture": "#0"}
			}
		},
		{
			"from": [5.5, 0.25, 3.75],
			"to": [10.25, 0.375, 9.25],
			"faces": {
				"north": {"uv": [0, 0, 0.29688, 0.34375], "rotation": 90, "texture": "#0"},
				"east": {"uv": [0, 0, 0.29688, 0.34375], "rotation": 270, "texture": "#0"},
				"south": {"uv": [0, 0, 0.29688, 0.34375], "rotation": 90, "texture": "#0"},
				"west": {"uv": [0, 0, 0.29688, 0.34375], "rotation": 90, "texture": "#0"},
				"up": {"uv": [0, 0, 0.29688, 0.34375], "rotation": 180, "texture": "#0"},
				"down": {"uv": [0, 0, 0.29688, 0.34375], "texture": "#0"}
			}
		},
		{
			"from": [5.75, 0.5, 4.5],
			"to": [10, 0.625, 8.75],
			"faces": {
				"north": {"uv": [0, 0, 16, 16], "rotation": 90, "texture": "#6"},
				"east": {"uv": [0, 0, 16, 16], "rotation": 270, "texture": "#6"},
				"south": {"uv": [0, 0, 16, 16], "rotation": 90, "texture": "#6"},
				"west": {"uv": [0, 0, 16, 16], "rotation": 90, "texture": "#6"},
				"up": {"uv": [0, 0, 16, 16], "rotation": 180, "texture": "#6"},
				"down": {"uv": [0, 0, 16, 16], "texture": "#6"}
			}
		},
		{
			"from": [5.75, 0.125, 11.875],
			"to": [10, 0.375, 12],
			"faces": {
				"north": {"uv": [0, 0, 0.26563, 0.00781], "rotation": 90, "texture": "#5"},
				"east": {"uv": [0, 0, 0.26563, 0.00781], "rotation": 270, "texture": "#5"},
				"south": {"uv": [0, 0, 0.26563, 0.00781], "rotation": 90, "texture": "#5"},
				"west": {"uv": [0, 0, 0.26563, 0.00781], "rotation": 90, "texture": "#5"},
				"up": {"uv": [0, 0, 0.26563, 0.00781], "rotation": 180, "texture": "#5"},
				"down": {"uv": [0, 0, 0.26563, 0.00781], "texture": "#5"}
			}
		},
		{
			"from": [5.875, 0.3, 9.375],
			"to": [9.875, 0.3, 11.875],
			"faces": {
				"north": {"uv": [0, 0, 0.25, 0.15625], "rotation": 90, "texture": "#0"},
				"east": {"uv": [0, 0, 0.25, 0.15625], "rotation": 270, "texture": "#0"},
				"south": {"uv": [0, 0, 0.25, 0.15625], "rotation": 90, "texture": "#0"},
				"west": {"uv": [0, 0, 0.25, 0.15625], "rotation": 90, "texture": "#0"},
				"up": {"uv": [0, 0, 0.25, 0.15625], "rotation": 180, "texture": "#0"},
				"down": {"uv": [0, 0, 0.25, 0.15625], "texture": "#0"}
			}
		},
		{
			"from": [5.5, 0.375, 4.125],
			"to": [10.25, 0.5, 9.25],
			"faces": {
				"north": {"uv": [0, 0, 0.29688, 0.32031], "rotation": 90, "texture": "#0"},
				"east": {"uv": [0, 0, 0.29688, 0.32031], "rotation": 270, "texture": "#0"},
				"south": {"uv": [0, 0, 0.29688, 0.32031], "rotation": 90, "texture": "#0"},
				"west": {"uv": [0, 0, 0.29688, 0.32031], "rotation": 90, "texture": "#0"},
				"up": {"uv": [0, 0, 0.29688, 0.32031], "rotation": 180, "texture": "#0"},
				"down": {"uv": [0, 0, 0.29688, 0.32031], "texture": "#0"}
			}
		}
	],
	"display": {
		"thirdperson_righthand": {
			"rotation": [139, 0, 0],
			"translation": [0.25, -4.25, 7.5]
		},
		"thirdperson_lefthand": {
			"rotation": [125, 2, 0],
			"translation": [-0.25, -2, 8.25]
		},
		"firstperson_righthand": {
			"scale": [0, 0, 0]
		},
		"firstperson_lefthand": {
			"scale": [0, 0, 0]
		},
		"gui": {
			"rotation": [90, 180, 1],
			"translation": [0.25, 0, 0],
			"scale": [1.56, 1.51, 1.48]
		},
		"head": {
			"translation": [-1.75, 0, 0]
		}
	},
	"groups": [
		{
			"name": "keypad",
			"origin": [8, 8, 8],
			"children": [
				{
					"name": "touches",
					"origin": [8, 8, 8],
					"children": [0, 1, 2, 3, 4, 5, 6, 7, 8, 9, 10, 11]
				},
				{
					"name": "base",
					"origin": [8, 8, 8],
					"children": [12, 13, 14, 15, 16, 17, 18, 19, 20, 21, 22, 23, 24, 25]
				}
			]
		}
	]
}