{
	"credit": "ALTA Commons - All right reserved (c)",
	"textures": {
		"3": "block/black_glazed_terracotta",
		"4": "block/3d_objects/bois_meuble",
		"5": "block/3d/metal",
		"particle": "block/3d_objects/bois_meuble"
	},
	"elements": [
		{
			"from": [-7.14338, 7, 15.625],
			"to": [24.10662, 9.25, 17.125],
			"rotation": {"angle": 0, "axis": "y", "origin": [0.85662, 15, 24.25]},
			"faces": {
				"north": {"uv": [0, 10.25, 16, 16], "texture": "#4"},
				"east": {"uv": [0, 10.25, 16, 16], "texture": "#4"},
				"south": {"uv": [0, 10.25, 16, 16], "texture": "#4"},
				"west": {"uv": [0, 10.25, 16, 16], "texture": "#4"},
				"up": {"uv": [0, 10.25, 16, 16], "texture": "#4"},
				"down": {"uv": [0, 10.25, 16, 16], "texture": "#4"}
			}
		},
		{
			"from": [-9.01838, -4.25, 15.375],
			"to": [-7.14338, 18, 17.375],
			"rotation": {"angle": 0, "axis": "y", "origin": [-1.01838, 8, 23.375]},
			"faces": {
				"north": {"uv": [0, 0, 4.25, 16], "texture": "#5"},
				"east": {"uv": [0, 0, 3.5, 16], "texture": "#5"},
				"south": {"uv": [0, 0, 3.5, 16], "texture": "#5"},
				"west": {"uv": [0, 0, 3.5, 16], "texture": "#5"},
				"up": {"uv": [0, 0, 3.5, 16], "texture": "#5"},
				"down": {"uv": [0, 0, 3.5, 16], "texture": "#5"}
			}
		},
		{
			"from": [22.98162, -4.25, 15.375],
			"to": [24.85662, 18, 17.375],
			"rotation": {"angle": 0, "axis": "y", "origin": [30.98162, 8, 23.375]},
			"faces": {
				"north": {"uv": [0, 0, 4.25, 16], "texture": "#5"},
				"east": {"uv": [0, 0, 4.25, 16], "texture": "#5"},
				"south": {"uv": [0, 0, 4.25, 16], "texture": "#5"},
				"west": {"uv": [0, 0, 4.25, 16], "texture": "#5"},
				"up": {"uv": [0, 0, 4.25, 16], "texture": "#5"},
				"down": {"uv": [0, 0, 4.25, 16], "texture": "#5"}
			}
		},
		{
			"from": [-7.14338, 12.875, 15.625],
			"to": [23.73162, 15.125, 17.125],
			"rotation": {"angle": 0, "axis": "y", "origin": [0.85662, 20.875, 24.25]},
			"faces": {
				"north": {"uv": [0, 0, 16, 6.375], "texture": "#4"},
				"east": {"uv": [0, 0, 16, 6.375], "texture": "#4"},
				"south": {"uv": [0, 0, 16, 6.375], "texture": "#4"},
				"west": {"uv": [0, 0, 16, 6.375], "texture": "#4"},
				"up": {"uv": [0, 0, 16, 6.375], "texture": "#4"},
				"down": {"uv": [0, 0, 16, 6.375], "texture": "#4"}
			}
		},
		{
			"from": [-7.14338, 0.875, 15.625],
			"to": [23.85662, 3.125, 17.125],
			"rotation": {"angle": 0, "axis": "y", "origin": [0.85662, 8.875, 24.25]},
			"faces": {
				"north": {"uv": [0, 6.688, 16, 12.25], "texture": "#4"},
				"east": {"uv": [0, 6.688, 16, 12.25], "texture": "#4"},
				"south": {"uv": [0, 6.688, 16, 12.25], "texture": "#4"},
				"west": {"uv": [0, 6.688, 16, 12.25], "texture": "#4"},
				"up": {"uv": [0, 6.688, 16, 12.25], "texture": "#4"},
				"down": {"uv": [0, 6.688, 16, 12.25], "texture": "#4"}
			}
		},
		{
			"from": [-7.14338, 13.375, 15.5],
			"to": [-6.76838, 13.75, 17.375],
			"rotation": {"angle": 0, "axis": "y", "origin": [0.85662, 19.875, 24.375]},
			"faces": {
				"north": {"uv": [0, 0, 0.375, 0.375], "texture": "#3"},
				"east": {"uv": [0, 0, 0.375, 0.375], "texture": "#3"},
				"south": {"uv": [0, 0, 0.375, 0.375], "texture": "#3"},
				"west": {"uv": [0, 0, 0.375, 0.375], "texture": "#3"},
				"up": {"uv": [0, 0, 0.375, 0.375], "texture": "#3"},
				"down": {"uv": [0, 0, 0.375, 0.375], "texture": "#3"}
			}
		},
		{
			"from": [-7.14338, 14.25, 15.5],
			"to": [-6.76838, 14.625, 17.375],
			"rotation": {"angle": 0, "axis": "y", "origin": [0.85662, 20.75, 24.375]},
			"faces": {
				"north": {"uv": [0, 0, 0.375, 0.375], "texture": "#3"},
				"east": {"uv": [0, 0, 0.375, 0.375], "texture": "#3"},
				"south": {"uv": [0, 0, 0.375, 0.375], "texture": "#3"},
				"west": {"uv": [0, 0, 0.375, 0.375], "texture": "#3"},
				"up": {"uv": [0, 0, 0.375, 0.375], "texture": "#3"},
				"down": {"uv": [0, 0, 0.375, 0.375], "texture": "#3"}
			}
		},
		{
			"from": [-7.14338, 8.375, 15.5],
			"to": [-6.76838, 8.75, 17.375],
			"rotation": {"angle": 0, "axis": "y", "origin": [0.85662, 14.875, 24.375]},
			"faces": {
				"north": {"uv": [0, 0, 0.375, 0.375], "texture": "#3"},
				"east": {"uv": [0, 0, 0.375, 0.375], "texture": "#3"},
				"south": {"uv": [0, 0, 0.375, 0.375], "texture": "#3"},
				"west": {"uv": [0, 0, 0.375, 0.375], "texture": "#3"},
				"up": {"uv": [0, 0, 0.375, 0.375], "texture": "#3"},
				"down": {"uv": [0, 0, 0.375, 0.375], "texture": "#3"}
			}
		},
		{
			"from": [-7.14338, 7.375, 15.5],
			"to": [-6.76838, 7.75, 17.375],
			"rotation": {"angle": 0, "axis": "y", "origin": [0.85662, 13.875, 24.375]},
			"faces": {
				"north": {"uv": [0, 0, 0.375, 0.375], "texture": "#3"},
				"east": {"uv": [0, 0, 0.375, 0.375], "texture": "#3"},
				"south": {"uv": [0, 0, 0.375, 0.375], "texture": "#3"},
				"west": {"uv": [0, 0, 0.375, 0.375], "texture": "#3"},
				"up": {"uv": [0, 0, 0.375, 0.375], "texture": "#3"},
				"down": {"uv": [0, 0, 0.375, 0.375], "texture": "#3"}
			}
		},
		{
			"from": [-7.14338, 1.25, 15.5],
			"to": [-6.76838, 1.625, 17.375],
			"rotation": {"angle": 0, "axis": "y", "origin": [0.85662, 7.75, 24.375]},
			"faces": {
				"north": {"uv": [0, 0, 0.375, 0.375], "texture": "#3"},
				"east": {"uv": [0, 0, 0.375, 0.375], "texture": "#3"},
				"south": {"uv": [0, 0, 0.375, 0.375], "texture": "#3"},
				"west": {"uv": [0, 0, 0.375, 0.375], "texture": "#3"},
				"up": {"uv": [0, 0, 0.375, 0.375], "texture": "#3"},
				"down": {"uv": [0, 0, 0.375, 0.375], "texture": "#3"}
			}
		},
		{
			"from": [-7.14338, 2.25, 15.5],
			"to": [-6.76838, 2.625, 17.375],
			"rotation": {"angle": 0, "axis": "y", "origin": [0.85662, 8.75, 24.375]},
			"faces": {
				"north": {"uv": [0, 0, 0.375, 0.375], "texture": "#3"},
				"east": {"uv": [0, 0, 0.375, 0.375], "texture": "#3"},
				"south": {"uv": [0, 0, 0.375, 0.375], "texture": "#3"},
				"west": {"uv": [0, 0, 0.375, 0.375], "texture": "#3"},
				"up": {"uv": [0, 0, 0.375, 0.375], "texture": "#3"},
				"down": {"uv": [0, 0, 0.375, 0.375], "texture": "#3"}
			}
		},
		{
			"from": [22.60662, 13.375, 15.5],
			"to": [22.98162, 13.75, 17.375],
			"rotation": {"angle": 0, "axis": "y", "origin": [14.98162, 19.875, 24.375]},
			"faces": {
				"north": {"uv": [0.375, 0, 0, 0.375], "texture": "#3"},
				"east": {"uv": [0.375, 0, 0, 0.375], "texture": "#3"},
				"south": {"uv": [0.375, 0, 0, 0.375], "texture": "#3"},
				"west": {"uv": [0.375, 0, 0, 0.375], "texture": "#3"},
				"up": {"uv": [0.375, 0, 0, 0.375], "texture": "#3"},
				"down": {"uv": [0.375, 0, 0, 0.375], "texture": "#3"}
			}
		},
		{
			"from": [22.60662, 14.25, 15.5],
			"to": [22.98162, 14.625, 17.375],
			"rotation": {"angle": 0, "axis": "y", "origin": [14.98162, 20.75, 24.375]},
			"faces": {
				"north": {"uv": [0.375, 0, 0, 0.375], "texture": "#3"},
				"east": {"uv": [0.375, 0, 0, 0.375], "texture": "#3"},
				"south": {"uv": [0.375, 0, 0, 0.375], "texture": "#3"},
				"west": {"uv": [0.375, 0, 0, 0.375], "texture": "#3"},
				"up": {"uv": [0.375, 0, 0, 0.375], "texture": "#3"},
				"down": {"uv": [0.375, 0, 0, 0.375], "texture": "#3"}
			}
		},
		{
			"from": [22.60662, 8.375, 15.5],
			"to": [22.98162, 8.75, 17.375],
			"rotation": {"angle": 0, "axis": "y", "origin": [14.98162, 14.875, 24.375]},
			"faces": {
				"north": {"uv": [0.375, 0, 0, 0.375], "texture": "#3"},
				"east": {"uv": [0.375, 0, 0, 0.375], "texture": "#3"},
				"south": {"uv": [0.375, 0, 0, 0.375], "texture": "#3"},
				"west": {"uv": [0.375, 0, 0, 0.375], "texture": "#3"},
				"up": {"uv": [0.375, 0, 0, 0.375], "texture": "#3"},
				"down": {"uv": [0.375, 0, 0, 0.375], "texture": "#3"}
			}
		},
		{
			"from": [22.60662, 7.375, 15.5],
			"to": [22.98162, 7.75, 17.375],
			"rotation": {"angle": 0, "axis": "y", "origin": [14.98162, 13.875, 24.375]},
			"faces": {
				"north": {"uv": [0.375, 0, 0, 0.375], "texture": "#3"},
				"east": {"uv": [0.375, 0, 0, 0.375], "texture": "#3"},
				"south": {"uv": [0.375, 0, 0, 0.375], "texture": "#3"},
				"west": {"uv": [0.375, 0, 0, 0.375], "texture": "#3"},
				"up": {"uv": [0.375, 0, 0, 0.375], "texture": "#3"},
				"down": {"uv": [0.375, 0, 0, 0.375], "texture": "#3"}
			}
		},
		{
			"from": [22.60662, 1.25, 15.5],
			"to": [22.98162, 1.625, 17.375],
			"rotation": {"angle": 0, "axis": "y", "origin": [14.98162, 7.75, 24.375]},
			"faces": {
				"north": {"uv": [0.375, 0, 0, 0.375], "texture": "#3"},
				"east": {"uv": [0.375, 0, 0, 0.375], "texture": "#3"},
				"south": {"uv": [0.375, 0, 0, 0.375], "texture": "#3"},
				"west": {"uv": [0.375, 0, 0, 0.375], "texture": "#3"},
				"up": {"uv": [0.375, 0, 0, 0.375], "texture": "#3"},
				"down": {"uv": [0.375, 0, 0, 0.375], "texture": "#3"}
			}
		},
		{
			"from": [22.60662, 2.25, 15.5],
			"to": [22.98162, 2.625, 17.375],
			"rotation": {"angle": 0, "axis": "y", "origin": [14.98162, 8.75, 24.375]},
			"faces": {
				"north": {"uv": [0.375, 0, 0, 0.375], "texture": "#3"},
				"east": {"uv": [0.375, 0, 0, 0.375], "texture": "#3"},
				"south": {"uv": [0.375, 0, 0, 0.375], "texture": "#3"},
				"west": {"uv": [0.375, 0, 0, 0.375], "texture": "#3"},
				"up": {"uv": [0.375, 0, 0, 0.375], "texture": "#3"},
				"down": {"uv": [0.375, 0, 0, 0.375], "texture": "#3"}
			}
		}
	],
	"display": {
		"thirdperson_righthand": {
			"translation": [0, 0, -3],
			"scale": [0.4, 0.41, 0.4]
		},
		"thirdperson_lefthand": {
			"translation": [0, 0, -3.25],
			"scale": [0.44, 0.43, 0.45]
		},
		"firstperson_righthand": {
			"scale": [0, 0, 0]
		},
		"firstperson_lefthand": {
			"scale": [0, 0, 0]
		},
		"gui": {
			"rotation": [19, -23, 0],
			"translation": [2.5, 1.75, 0],
			"scale": [0.84, 0.84, 0.84]
		}
	},
	"groups": [
		{
			"name": "group",
			"origin": [8, 20.875, 8],
			"color": 0,
			"children": [
				0,
				1,
				2,
				3,
				4,
				{
					"name": "group",
					"origin": [8, 8, 8],
					"color": 0,
					"children": [
						5,
						6,
						7,
						8,
						9,
						10,
						{
							"name": "group",
							"origin": [8, 8, 8],
							"color": 0,
							"children": [11, 12, 13, 14, 15, 16]
						}
					]
				}
			]
		}
	]
}