{
	"credit": "Made with Blockbench",
	"textures": {
		"0": "block/3d_objects/candle_fleches",
		"particle": "block/3d_objects/candle_fleches"
	},
	"elements": [
		{
			"from": [10, 0, 1],
			"to": [15, 1, 15],
			"faces": {
				"north": {"uv": [0, 0, 1.46875, 1.9375], "texture": "#0"},
				"east": {"uv": [0, 0, 1.46875, 1.9375], "texture": "#0"},
				"south": {"uv": [0, 0, 1.46875, 1.9375], "texture": "#0"},
				"west": {"uv": [0, 0, 1.46875, 1.9375], "texture": "#0"},
				"up": {"uv": [9.09375, 16, 4.6875, 0], "texture": "#0"},
				"down": {"uv": [0, 0, 1.46875, 1.9375], "texture": "#0"}
			}
		},
		{
			"from": [2, 0, 1],
			"to": [7, 1, 15],
			"faces": {
				"north": {"uv": [0, 0, 1.46875, 1.9375], "texture": "#0"},
				"east": {"uv": [0, 0, 1.46875, 1.9375], "texture": "#0"},
				"south": {"uv": [0, 0, 1.46875, 1.9375], "texture": "#0"},
				"west": {"uv": [0, 0, 1.46875, 1.9375], "texture": "#0"},
				"up": {"uv": [15.34375, 16, 9.5, 0], "texture": "#0"},
				"down": {"uv": [0, 0, 1.46875, 1.9375], "texture": "#0"}
			}
		}
	],
	"display": {
		"gui": {
			"rotation": [63, -180, 0],
			"translation": [0.5, 3.25, 0]
		}
	}
}