{
	"credit": "Made with Blockbench",
	"textures": {
		"1_1": "block/red_nether_bricks"
	},
	"elements": [
		{
			"from": [0, 0, 0],
			"to": [16, 8, 16],
			"faces": {
				"north": {"uv": [0, 5.875, 16, 16], "texture": "#1_1"},
				"east": {"uv": [0, 5.875, 16, 16], "texture": "#1_1"},
				"south": {"uv": [0, 5.875, 16, 16], "texture": "#1_1"},
				"west": {"uv": [0, 5.875, 16, 16], "texture": "#1_1"},
				"up": {"uv": [0, 0, 16, 16], "texture": "#1_1"},
				"down": {"uv": [0, 0, 16, 16], "texture": "#1_1"}
			}
		}
	],
	"display": {
		"thirdperson_righthand": {
			"scale": [0.51, 0.49, 0.51]
		},
		"thirdperson_lefthand": {
			"scale": [0.5, 0.5, 0.5]
		},
		"firstperson_righthand": {
			"scale": [0, 0, 0]
		},
		"firstperson_lefthand": {
			"scale": [0, 0, 0]
		},
		"gui": {
			"rotation": [30, -45, 0],
			"translation": [0, -0.25, 0],
			"scale": [0.6, 0.6, 0.6]
		}
	},
	"groups": [
		{
			"name": "petrified_oak_slab",
			"children": [0]
		}
	]
}