{
	"credit": "ALTA Official CONTENT -- Do not use without credits !",
	"textures": {
		"0": "block/3d/stone",
		"1": "block/bone_block_side",
		"2": "block/3d/metal",
		"particle": "block/3d/stone"
	},
	"elements": [
		{
			"from": [-8, -6, -0.77083],
			"to": [24, -5.375, 1.72917],
			"rotation": {"angle": 0, "axis": "y", "origin": [7.375, 1.875, 7.35417]},
			"faces": {
				"north": {"uv": [16, 0, 13.5, 16], "rotation": 90, "texture": "#1"},
				"east": {"uv": [16, 0, 13.5, 16], "rotation": 90, "texture": "#1"},
				"south": {"uv": [16, 0, 13.5, 16], "rotation": 90, "texture": "#1"},
				"west": {"uv": [16, 0, 13.5, 16], "rotation": 90, "texture": "#1"},
				"up": {"uv": [16, 0, 13.5, 16], "rotation": 90, "texture": "#1"},
				"down": {"uv": [16, 0, 13.5, 16], "rotation": 90, "texture": "#1"}
			}
		},
		{
			"from": [-8, -6, 14.35417],
			"to": [24, -5.375, 16.85417],
			"rotation": {"angle": 0, "axis": "y", "origin": [7.375, 1.875, 8.72917]},
			"faces": {
				"north": {"uv": [16, 0, 13.5, 16], "rotation": 90, "texture": "#1"},
				"east": {"uv": [16, 0, 13.5, 16], "rotation": 90, "texture": "#1"},
				"south": {"uv": [16, 0, 13.5, 16], "rotation": 90, "texture": "#1"},
				"west": {"uv": [16, 0, 13.5, 16], "rotation": 90, "texture": "#1"},
				"up": {"uv": [16, 0, 13.5, 16], "rotation": 90, "texture": "#1"},
				"down": {"uv": [16, 0, 13.5, 16], "rotation": 90, "texture": "#1"}
			}
		},
		{
			"from": [-8, -6, 11.22917],
			"to": [24, -5.375, 13.72917],
			"rotation": {"angle": 0, "axis": "y", "origin": [7.375, 1.875, 5.60417]},
			"faces": {
				"north": {"uv": [16, 0, 13.5, 16], "rotation": 90, "texture": "#1"},
				"east": {"uv": [16, 0, 13.5, 16], "rotation": 90, "texture": "#1"},
				"south": {"uv": [16, 0, 13.5, 16], "rotation": 90, "texture": "#1"},
				"west": {"uv": [16, 0, 13.5, 16], "rotation": 90, "texture": "#1"},
				"up": {"uv": [4.375, 0, 1.875, 16], "rotation": 90, "texture": "#1"},
				"down": {"uv": [16, 0, 13.5, 16], "rotation": 90, "texture": "#1"}
			}
		},
		{
			"from": [-8, -6, 2.22917],
			"to": [24, -5.375, 4.72917],
			"rotation": {"angle": 0, "axis": "y", "origin": [7.375, 1.875, -3.39583]},
			"faces": {
				"north": {"uv": [9.625, 0, 7.125, 16], "rotation": 90, "texture": "#1"},
				"east": {"uv": [9.625, 0, 7.125, 16], "rotation": 90, "texture": "#1"},
				"south": {"uv": [9.625, 0, 7.125, 16], "rotation": 90, "texture": "#1"},
				"west": {"uv": [9.625, 0, 7.125, 16], "rotation": 90, "texture": "#1"},
				"up": {"uv": [9.625, 0, 7.125, 16], "rotation": 90, "texture": "#1"},
				"down": {"uv": [9.625, 0, 7.125, 16], "rotation": 90, "texture": "#1"}
			}
		},
		{
			"from": [-8, -6, 5.22917],
			"to": [24, -5.375, 7.72917],
			"rotation": {"angle": 0, "axis": "y", "origin": [7.375, 1.875, -0.39583]},
			"faces": {
				"north": {"uv": [7, 0, 4.5, 16], "rotation": 90, "texture": "#1"},
				"east": {"uv": [7, 0, 4.5, 16], "rotation": 90, "texture": "#1"},
				"south": {"uv": [7, 0, 4.5, 16], "rotation": 90, "texture": "#1"},
				"west": {"uv": [7, 0, 4.5, 16], "rotation": 90, "texture": "#1"},
				"up": {"uv": [7, 0, 4.5, 16], "rotation": 90, "texture": "#1"},
				"down": {"uv": [7, 0, 4.5, 16], "rotation": 90, "texture": "#1"}
			}
		},
		{
			"from": [-8, -6, 8.22917],
			"to": [24, -5.375, 10.72917],
			"rotation": {"angle": 0, "axis": "y", "origin": [7.375, 1.875, 2.60417]},
			"faces": {
				"north": {"uv": [4.75, 0, 2.25, 16], "rotation": 90, "texture": "#1"},
				"east": {"uv": [4.75, 0, 2.25, 16], "rotation": 90, "texture": "#1"},
				"south": {"uv": [4.75, 0, 2.25, 16], "rotation": 90, "texture": "#1"},
				"west": {"uv": [4.75, 0, 2.25, 16], "rotation": 90, "texture": "#1"},
				"up": {"uv": [4.75, 0, 2.25, 16], "rotation": 90, "texture": "#1"},
				"down": {"uv": [4.75, 0, 2.25, 16], "rotation": 90, "texture": "#1"}
			}
		},
		{
			"from": [20, -7.125, 2.125],
			"to": [21.5, -5.875, 13.875],
			"rotation": {"angle": 0, "axis": "y", "origin": [27.5, -8, 21.5]},
			"faces": {
				"north": {"uv": [0, 0, 1.5, 11.75], "texture": "#0"},
				"east": {"uv": [0, 0, 1.5, 11.75], "texture": "#0"},
				"south": {"uv": [0, 0, 1.5, 11.75], "texture": "#0"},
				"west": {"uv": [0, 0, 1.5, 11.75], "texture": "#0"},
				"up": {"uv": [0, 0, 1.5, 11.75], "texture": "#0"},
				"down": {"uv": [0, 0, 1.5, 11.75], "texture": "#0"}
			}
		},
		{
			"from": [-5.625, -7.125, 2.125],
			"to": [-4.125, -5.875, 13.875],
			"rotation": {"angle": 0, "axis": "y", "origin": [1.875, -8, 21.5]},
			"faces": {
				"north": {"uv": [0, 0, 1.5, 11.75], "texture": "#0"},
				"east": {"uv": [0, 0, 1.5, 11.75], "texture": "#0"},
				"south": {"uv": [0, 0, 1.5, 11.75], "texture": "#0"},
				"west": {"uv": [0, 0, 1.5, 11.75], "texture": "#0"},
				"up": {"uv": [0, 0, 1.5, 11.75], "texture": "#0"},
				"down": {"uv": [0, 0, 1.5, 11.75], "texture": "#0"}
			}
		},
		{
			"from": [-3.875, -7.125, 0.625],
			"to": [19.75, -5.875, 1.625],
			"rotation": {"angle": 0, "axis": "y", "origin": [4.125, -8, 20]},
			"faces": {
				"north": {"uv": [0, 0, 16, 1], "texture": "#0"},
				"east": {"uv": [0, 0, 16, 1], "texture": "#0"},
				"south": {"uv": [0, 0, 16, 1], "texture": "#0"},
				"west": {"uv": [0, 0, 16, 1], "texture": "#0"},
				"up": {"uv": [0, 0, 16, 1], "texture": "#0"},
				"down": {"uv": [0, 0, 16, 1], "texture": "#0"}
			}
		},
		{
			"from": [-3.875, -7.125, 14.375],
			"to": [19.75, -5.875, 15.375],
			"rotation": {"angle": 0, "axis": "y", "origin": [4.125, -8, 33.75]},
			"faces": {
				"north": {"uv": [0, 0, 16, 1], "texture": "#0"},
				"east": {"uv": [0, 0, 16, 1], "texture": "#0"},
				"south": {"uv": [0, 0, 16, 1], "texture": "#0"},
				"west": {"uv": [0, 0, 16, 1], "texture": "#0"},
				"up": {"uv": [0, 0, 16, 1], "texture": "#0"},
				"down": {"uv": [0, 0, 16, 1], "texture": "#0"}
			}
		},
		{
			"from": [19.5, -16, 13.5],
			"to": [22, -6, 16],
			"rotation": {"angle": 0, "axis": "y", "origin": [27.5, -8, 21.5]},
			"faces": {
				"north": {"uv": [0, 0, 2.5, 2.5], "texture": "#0"},
				"east": {"uv": [0, 0, 2.5, 2.5], "texture": "#0"},
				"south": {"uv": [0, 0, 2.5, 2.5], "texture": "#0"},
				"west": {"uv": [0, 0, 2.5, 2.5], "texture": "#0"},
				"up": {"uv": [0, 0, 2.5, 2.5], "texture": "#0"},
				"down": {"uv": [0, 0, 2.5, 2.5], "texture": "#0"}
			}
		},
		{
			"from": [-6.125, -16, 13.5],
			"to": [-3.625, -6, 16],
			"rotation": {"angle": 0, "axis": "y", "origin": [1.875, -8, 21.5]},
			"faces": {
				"north": {"uv": [0, 0, 2.5, 2.5], "texture": "#0"},
				"east": {"uv": [0, 0, 2.5, 2.5], "texture": "#0"},
				"south": {"uv": [0, 0, 2.5, 2.5], "texture": "#0"},
				"west": {"uv": [0, 0, 2.5, 2.5], "texture": "#0"},
				"up": {"uv": [0, 0, 2.5, 2.5], "texture": "#0"},
				"down": {"uv": [0, 0, 2.5, 2.5], "texture": "#0"}
			}
		},
		{
			"from": [7.625, -6.5, 1.375],
			"to": [7.875, -6.125, 14.625],
			"rotation": {"angle": 0, "axis": "y", "origin": [15.125, -8, 21.5]},
			"faces": {
				"north": {"uv": [0, 0, 16, 16], "texture": "#2"},
				"east": {"uv": [0, 0, 16, 16], "texture": "#2"},
				"south": {"uv": [0, 0, 16, 16], "texture": "#2"},
				"west": {"uv": [0, 0, 16, 16], "texture": "#2"},
				"up": {"uv": [0, 0, 16, 16], "texture": "#2"},
				"down": {"uv": [0, 0, 16, 16], "texture": "#2"}
			}
		},
		{
			"from": [7.5, -6.5, 1.375],
			"to": [8, -6, 2.25],
			"rotation": {"angle": 0, "axis": "y", "origin": [15.125, -8, 21.5]},
			"faces": {
				"north": {"uv": [0, 0, 16, 16], "texture": "#2"},
				"east": {"uv": [0, 0, 16, 16], "texture": "#2"},
				"south": {"uv": [0, 0, 16, 16], "texture": "#2"},
				"west": {"uv": [0, 0, 16, 16], "texture": "#2"},
				"up": {"uv": [0, 0, 16, 16], "texture": "#2"},
				"down": {"uv": [0, 0, 16, 16], "texture": "#2"}
			}
		},
		{
			"from": [7.5, -6.5, 13.875],
			"to": [8, -6, 14.75],
			"rotation": {"angle": 0, "axis": "y", "origin": [15.125, -8, 34]},
			"faces": {
				"north": {"uv": [0, 0, 16, 16], "texture": "#2"},
				"east": {"uv": [0, 0, 16, 16], "texture": "#2"},
				"south": {"uv": [0, 0, 16, 16], "texture": "#2"},
				"west": {"uv": [0, 0, 16, 16], "texture": "#2"},
				"up": {"uv": [0, 0, 16, 16], "texture": "#2"},
				"down": {"uv": [0, 0, 16, 16], "texture": "#2"}
			}
		},
		{
			"from": [18.375, -6.5, 1.375],
			"to": [18.625, -6.125, 14.625],
			"rotation": {"angle": 0, "axis": "y", "origin": [25.875, -8, 21.5]},
			"faces": {
				"north": {"uv": [0, 0, 16, 16], "texture": "#2"},
				"east": {"uv": [0, 0, 16, 16], "texture": "#2"},
				"south": {"uv": [0, 0, 16, 16], "texture": "#2"},
				"west": {"uv": [0, 0, 16, 16], "texture": "#2"},
				"up": {"uv": [0, 0, 16, 16], "texture": "#2"},
				"down": {"uv": [0, 0, 16, 16], "texture": "#2"}
			}
		},
		{
			"from": [18.25, -6.5, 1.375],
			"to": [18.75, -6, 2.25],
			"rotation": {"angle": 0, "axis": "y", "origin": [25.875, -8, 21.5]},
			"faces": {
				"north": {"uv": [0, 0, 16, 16], "texture": "#2"},
				"east": {"uv": [0, 0, 16, 16], "texture": "#2"},
				"south": {"uv": [0, 0, 16, 16], "texture": "#2"},
				"west": {"uv": [0, 0, 16, 16], "texture": "#2"},
				"up": {"uv": [0, 0, 16, 16], "texture": "#2"},
				"down": {"uv": [0, 0, 16, 16], "texture": "#2"}
			}
		},
		{
			"from": [18.25, -6.5, 13.875],
			"to": [18.75, -6, 14.75],
			"rotation": {"angle": 0, "axis": "y", "origin": [25.875, -8, 34]},
			"faces": {
				"north": {"uv": [0, 0, 16, 16], "texture": "#2"},
				"east": {"uv": [0, 0, 16, 16], "texture": "#2"},
				"south": {"uv": [0, 0, 16, 16], "texture": "#2"},
				"west": {"uv": [0, 0, 16, 16], "texture": "#2"},
				"up": {"uv": [0, 0, 16, 16], "texture": "#2"},
				"down": {"uv": [0, 0, 16, 16], "texture": "#2"}
			}
		},
		{
			"from": [15, -6.5, 1.375],
			"to": [15.25, -6.125, 14.625],
			"rotation": {"angle": 0, "axis": "y", "origin": [22.5, -8, 21.5]},
			"faces": {
				"north": {"uv": [0, 0, 16, 16], "texture": "#2"},
				"east": {"uv": [0, 0, 16, 16], "texture": "#2"},
				"south": {"uv": [0, 0, 16, 16], "texture": "#2"},
				"west": {"uv": [0, 0, 16, 16], "texture": "#2"},
				"up": {"uv": [0, 0, 16, 16], "texture": "#2"},
				"down": {"uv": [0, 0, 16, 16], "texture": "#2"}
			}
		},
		{
			"from": [14.875, -6.5, 1.375],
			"to": [15.375, -6, 2.25],
			"rotation": {"angle": 0, "axis": "y", "origin": [22.5, -8, 21.5]},
			"faces": {
				"north": {"uv": [0, 0, 16, 16], "texture": "#2"},
				"east": {"uv": [0, 0, 16, 16], "texture": "#2"},
				"south": {"uv": [0, 0, 16, 16], "texture": "#2"},
				"west": {"uv": [0, 0, 16, 16], "texture": "#2"},
				"up": {"uv": [0, 0, 16, 16], "texture": "#2"},
				"down": {"uv": [0, 0, 16, 16], "texture": "#2"}
			}
		},
		{
			"from": [14.875, -6.5, 13.875],
			"to": [15.375, -6, 14.75],
			"rotation": {"angle": 0, "axis": "y", "origin": [22.5, -8, 34]},
			"faces": {
				"north": {"uv": [0, 0, 16, 16], "texture": "#2"},
				"east": {"uv": [0, 0, 16, 16], "texture": "#2"},
				"south": {"uv": [0, 0, 16, 16], "texture": "#2"},
				"west": {"uv": [0, 0, 16, 16], "texture": "#2"},
				"up": {"uv": [0, 0, 16, 16], "texture": "#2"},
				"down": {"uv": [0, 0, 16, 16], "texture": "#2"}
			}
		},
		{
			"from": [0.625, -6.5, 1.375],
			"to": [0.875, -6.125, 14.625],
			"rotation": {"angle": 0, "axis": "y", "origin": [8.125, -8, 21.5]},
			"faces": {
				"north": {"uv": [0, 0, 16, 16], "texture": "#2"},
				"east": {"uv": [0, 0, 16, 16], "texture": "#2"},
				"south": {"uv": [0, 0, 16, 16], "texture": "#2"},
				"west": {"uv": [0, 0, 16, 16], "texture": "#2"},
				"up": {"uv": [0, 0, 16, 16], "texture": "#2"},
				"down": {"uv": [0, 0, 16, 16], "texture": "#2"}
			}
		},
		{
			"from": [0.5, -6.5, 1.375],
			"to": [1, -6, 2.25],
			"rotation": {"angle": 0, "axis": "y", "origin": [8.125, -8, 21.5]},
			"faces": {
				"north": {"uv": [0, 0, 16, 16], "texture": "#2"},
				"east": {"uv": [0, 0, 16, 16], "texture": "#2"},
				"south": {"uv": [0, 0, 16, 16], "texture": "#2"},
				"west": {"uv": [0, 0, 16, 16], "texture": "#2"},
				"up": {"uv": [0, 0, 16, 16], "texture": "#2"},
				"down": {"uv": [0, 0, 16, 16], "texture": "#2"}
			}
		},
		{
			"from": [0.5, -6.5, 13.875],
			"to": [1, -6, 14.75],
			"rotation": {"angle": 0, "axis": "y", "origin": [8.125, -8, 34]},
			"faces": {
				"north": {"uv": [0, 0, 16, 16], "texture": "#2"},
				"east": {"uv": [0, 0, 16, 16], "texture": "#2"},
				"south": {"uv": [0, 0, 16, 16], "texture": "#2"},
				"west": {"uv": [0, 0, 16, 16], "texture": "#2"},
				"up": {"uv": [0, 0, 16, 16], "texture": "#2"},
				"down": {"uv": [0, 0, 16, 16], "texture": "#2"}
			}
		},
		{
			"from": [4.125, -6.5, 1.375],
			"to": [4.375, -6.125, 14.625],
			"rotation": {"angle": 0, "axis": "y", "origin": [11.625, -8, 21.5]},
			"faces": {
				"north": {"uv": [0, 0, 16, 16], "texture": "#2"},
				"east": {"uv": [0, 0, 16, 16], "texture": "#2"},
				"south": {"uv": [0, 0, 16, 16], "texture": "#2"},
				"west": {"uv": [0, 0, 16, 16], "texture": "#2"},
				"up": {"uv": [0, 0, 16, 16], "texture": "#2"},
				"down": {"uv": [0, 0, 16, 16], "texture": "#2"}
			}
		},
		{
			"from": [4, -6.5, 1.375],
			"to": [4.5, -6, 2.25],
			"rotation": {"angle": 0, "axis": "y", "origin": [11.625, -8, 21.5]},
			"faces": {
				"north": {"uv": [0, 0, 16, 16], "texture": "#2"},
				"east": {"uv": [0, 0, 16, 16], "texture": "#2"},
				"south": {"uv": [0, 0, 16, 16], "texture": "#2"},
				"west": {"uv": [0, 0, 16, 16], "texture": "#2"},
				"up": {"uv": [0, 0, 16, 16], "texture": "#2"},
				"down": {"uv": [0, 0, 16, 16], "texture": "#2"}
			}
		},
		{
			"from": [4, -6.5, 13.875],
			"to": [4.5, -6, 14.75],
			"rotation": {"angle": 0, "axis": "y", "origin": [11.625, -8, 34]},
			"faces": {
				"north": {"uv": [0, 0, 16, 16], "texture": "#2"},
				"east": {"uv": [0, 0, 16, 16], "texture": "#2"},
				"south": {"uv": [0, 0, 16, 16], "texture": "#2"},
				"west": {"uv": [0, 0, 16, 16], "texture": "#2"},
				"up": {"uv": [0, 0, 16, 16], "texture": "#2"},
				"down": {"uv": [0, 0, 16, 16], "texture": "#2"}
			}
		},
		{
			"from": [11.625, -6.5, 1.375],
			"to": [11.875, -6.125, 14.625],
			"rotation": {"angle": 0, "axis": "y", "origin": [19.125, -8, 21.5]},
			"faces": {
				"north": {"uv": [0, 0, 16, 16], "texture": "#2"},
				"east": {"uv": [0, 0, 16, 16], "texture": "#2"},
				"south": {"uv": [0, 0, 16, 16], "texture": "#2"},
				"west": {"uv": [0, 0, 16, 16], "texture": "#2"},
				"up": {"uv": [0, 0, 16, 16], "texture": "#2"},
				"down": {"uv": [0, 0, 16, 16], "texture": "#2"}
			}
		},
		{
			"from": [11.5, -6.5, 1.375],
			"to": [12, -6, 2.25],
			"rotation": {"angle": 0, "axis": "y", "origin": [19.125, -8, 21.5]},
			"faces": {
				"north": {"uv": [0, 0, 16, 16], "texture": "#2"},
				"east": {"uv": [0, 0, 16, 16], "texture": "#2"},
				"south": {"uv": [0, 0, 16, 16], "texture": "#2"},
				"west": {"uv": [0, 0, 16, 16], "texture": "#2"},
				"up": {"uv": [0, 0, 16, 16], "texture": "#2"},
				"down": {"uv": [0, 0, 16, 16], "texture": "#2"}
			}
		},
		{
			"from": [11.5, -6.5, 13.875],
			"to": [12, -6, 14.75],
			"rotation": {"angle": 0, "axis": "y", "origin": [19.125, -8, 34]},
			"faces": {
				"north": {"uv": [0, 0, 16, 16], "texture": "#2"},
				"east": {"uv": [0, 0, 16, 16], "texture": "#2"},
				"south": {"uv": [0, 0, 16, 16], "texture": "#2"},
				"west": {"uv": [0, 0, 16, 16], "texture": "#2"},
				"up": {"uv": [0, 0, 16, 16], "texture": "#2"},
				"down": {"uv": [0, 0, 16, 16], "texture": "#2"}
			}
		},
		{
			"from": [-2.75, -6.5, 1.375],
			"to": [-2.5, -6.125, 14.625],
			"rotation": {"angle": 0, "axis": "y", "origin": [4.75, -8, 21.5]},
			"faces": {
				"north": {"uv": [0, 0, 16, 16], "texture": "#2"},
				"east": {"uv": [0, 0, 16, 16], "texture": "#2"},
				"south": {"uv": [0, 0, 16, 16], "texture": "#2"},
				"west": {"uv": [0, 0, 16, 16], "texture": "#2"},
				"up": {"uv": [0, 0, 16, 16], "texture": "#2"},
				"down": {"uv": [0, 0, 16, 16], "texture": "#2"}
			}
		},
		{
			"from": [-2.875, -6.5, 1.375],
			"to": [-2.375, -6, 2.25],
			"rotation": {"angle": 0, "axis": "y", "origin": [4.75, -8, 21.5]},
			"faces": {
				"north": {"uv": [0, 0, 16, 16], "texture": "#2"},
				"east": {"uv": [0, 0, 16, 16], "texture": "#2"},
				"south": {"uv": [0, 0, 16, 16], "texture": "#2"},
				"west": {"uv": [0, 0, 16, 16], "texture": "#2"},
				"up": {"uv": [0, 0, 16, 16], "texture": "#2"},
				"down": {"uv": [0, 0, 16, 16], "texture": "#2"}
			}
		},
		{
			"from": [-2.875, -6.5, 13.875],
			"to": [-2.375, -6, 14.75],
			"rotation": {"angle": 0, "axis": "y", "origin": [4.75, -8, 34]},
			"faces": {
				"north": {"uv": [0, 0, 16, 16], "texture": "#2"},
				"east": {"uv": [0, 0, 16, 16], "texture": "#2"},
				"south": {"uv": [0, 0, 16, 16], "texture": "#2"},
				"west": {"uv": [0, 0, 16, 16], "texture": "#2"},
				"up": {"uv": [0, 0, 16, 16], "texture": "#2"},
				"down": {"uv": [0, 0, 16, 16], "texture": "#2"}
			}
		},
		{
			"from": [19.5, -16, 0],
			"to": [22, -6, 2.5],
			"rotation": {"angle": 0, "axis": "y", "origin": [27.5, -8, 8]},
			"faces": {
				"north": {"uv": [0, 0, 2.5, 10], "texture": "#0"},
				"east": {"uv": [0, 0, 2.5, 10], "texture": "#0"},
				"south": {"uv": [0, 0, 2.5, 10], "texture": "#0"},
				"west": {"uv": [0, 0, 2.5, 10], "texture": "#0"},
				"up": {"uv": [0, 0, 2.5, 10], "texture": "#0"},
				"down": {"uv": [0, 0, 2.5, 10], "texture": "#0"}
			}
		},
		{
			"from": [-6.125, -16, 0],
			"to": [-3.625, -6, 2.5],
			"rotation": {"angle": 0, "axis": "y", "origin": [1.875, -8, 8]},
			"faces": {
				"north": {"uv": [0, 0, 2.5, 10], "texture": "#0"},
				"east": {"uv": [0, 0, 2.5, 10], "texture": "#0"},
				"south": {"uv": [0, 0, 2.5, 10], "texture": "#0"},
				"west": {"uv": [0, 0, 2.5, 10], "texture": "#0"},
				"up": {"uv": [0, 0, 2.5, 10], "texture": "#0"},
				"down": {"uv": [0, 0, 2.5, 10], "texture": "#0"}
			}
		}
	],
	"display": {
		"thirdperson_righthand": {
			"rotation": [75, 0, -10],
			"translation": [-5.75, -5.25, 1],
			"scale": [0.5, 0.5, 0.5]
		},
		"thirdperson_lefthand": {
			"rotation": [75, 0, -10],
			"translation": [-5.75, -5.25, 1],
			"scale": [0.5, 0.5, 0.5]
		},
		"firstperson_righthand": {
			"rotation": [75, 0, -10],
			"translation": [-5.75, -5.25, 1],
			"scale": [0, 0, 0]
		},
		"firstperson_lefthand": {
			"scale": [0, 0, 0]
		},
		"gui": {
			"rotation": [22, -29, 0],
			"translation": [0, 7, 1],
			"scale": [0.42, 0.42, 0.42]
		},
		"fixed": {
			"rotation": [-90, 0, 0],
			"translation": [0, 0, -15],
			"scale": [2, 2, 2]
		}
	},
	"groups": [
		{
			"name": "all",
			"origin": [8, 8, 8],
			"children": [
				{
					"name": "group",
					"origin": [8, 8, 8],
					"children": [0, 1, 2, 3, 4, 5,
						{
							"name": "group",
							"origin": [8, 8, 8],
							"children": []
						}
					]
				},
				{
					"name": "group",
					"origin": [27.5, 8, 8],
					"children": [6, 7, 8, 9, 10, 11]
				},
				{
					"name": "group",
					"origin": [8, 8, 8],
					"children": [
						{
							"name": "group",
							"origin": [8, 8, 8],
							"children": [12, 13, 14,
								{
									"name": "group",
									"origin": [4.125, 8, 21.5],
									"children": []
								}
							]
						},
						{
							"name": "group",
							"origin": [8, 8, 8],
							"children": [15, 16, 17,
								{
									"name": "group",
									"origin": [4.125, 8, 21.5],
									"children": []
								}
							]
						},
						{
							"name": "group",
							"origin": [8, 8, 8],
							"children": [18, 19, 20,
								{
									"name": "group",
									"origin": [4.125, 8, 21.5],
									"children": []
								}
							]
						},
						{
							"name": "group",
							"origin": [8, 8, 8],
							"children": [21, 22, 23,
								{
									"name": "group",
									"origin": [4.125, 8, 21.5],
									"children": []
								}
							]
						},
						{
							"name": "group",
							"origin": [8, 8, 8],
							"children": [24, 25, 26,
								{
									"name": "group",
									"origin": [4.125, 8, 21.5],
									"children": []
								}
							]
						},
						{
							"name": "group",
							"origin": [8, 8, 8],
							"children": [27, 28, 29,
								{
									"name": "group",
									"origin": [4.125, 8, 21.5],
									"children": []
								}
							]
						},
						{
							"name": "group",
							"origin": [8, 8, 8],
							"children": [30, 31, 32,
								{
									"name": "group",
									"origin": [4.125, 8, 21.5],
									"children": []
								}
							]
						}
					]
				},
				{
					"name": "group",
					"origin": [27.5, 8, 8],
					"children": [33, 34]
				}
			]
		}
	]
}