{
	"credit": "ALTA Official CONTENT -- Do not use without credits !",
	"ambientocclusion": false,
	"textures": {
		"3": "block/bricks",
		"4": "block/stonecutter_bottom",
		"particle": "block/bricks"
	},
	"elements": [
		{
			"from": [3.4375, 23, 0],
			"to": [12.5625, 26.625, 8],
			"rotation": {"angle": 0, "axis": "y", "origin": [12.78125, 16.5, 8.9375]},
			"faces": {
				"north": {"uv": [0, 7.375, 16, 15.375], "texture": "#4"},
				"east": {"uv": [0, 7.375, 16, 15.375], "texture": "#4"},
				"south": {"uv": [0, 7.375, 16, 15.375], "texture": "#4"},
				"west": {"uv": [0, 7.375, 16, 15.375], "texture": "#4"},
				"up": {"uv": [0, 7.375, 16, 15.375], "texture": "#4"},
				"down": {"uv": [0, 7.375, 16, 15.375], "texture": "#4"}
			}
		},
		{
			"from": [5.75, 4.125, 0],
			"to": [10.25, 23, 8],
			"rotation": {"angle": 0, "axis": "y", "origin": [14.53125, 8, 8.9375]},
			"faces": {
				"north": {"uv": [2.5, 0, 7.75, 13.625], "texture": "#3"},
				"east": {"uv": [2.5, 0, 7.75, 13.625], "texture": "#3"},
				"south": {"uv": [2.5, 0, 7.75, 13.625], "texture": "#3"},
				"west": {"uv": [2.5, 0, 7.75, 13.625], "texture": "#3"},
				"up": {"uv": [2.5, 0, 7.75, 13.625], "texture": "#3"},
				"down": {"uv": [2.5, 0, 7.75, 13.625], "texture": "#3"}
			}
		},
		{
			"from": [5.75, -16, 0],
			"to": [10.25, 4.125, 8],
			"rotation": {"angle": 0, "axis": "y", "origin": [14.53125, -8, 8.9375]},
			"faces": {
				"north": {"uv": [2.5, 1.75, 7.75, 13.75], "texture": "#3"},
				"east": {"uv": [2.5, 1.75, 7.75, 13.75], "texture": "#3"},
				"south": {"uv": [2.5, 1.75, 7.75, 13.75], "texture": "#3"},
				"west": {"uv": [2.5, 1.75, 7.75, 13.75], "texture": "#3"},
				"up": {"uv": [2.5, 1.75, 7.75, 13.75], "texture": "#3"},
				"down": {"uv": [2.5, 1.75, 7.75, 13.75], "texture": "#3"}
			}
		}
	],
	"display": {
		"thirdperson_righthand": {
			"rotation": [90, 90, 0],
			"translation": [-6, 0, -2.75]
		},
		"thirdperson_lefthand": {
			"rotation": [90, 90, 0],
			"translation": [-6, 0, -2.75]
		},
		"firstperson_righthand": {
			"scale": [0, 0, 0]
		},
		"firstperson_lefthand": {
			"scale": [0, 0, 0]
		},
		"ground": {
			"scale": [0.3, 0.3, 0.3]
		},
		"gui": {
			"rotation": [25, -45, 0],
			"translation": [0.25, 0, 0],
			"scale": [0.6, 0.6, 0.6]
		},
		"head": {
			"translation": [0, -27, 0],
			"scale": [2, 1.5, 2]
		},
		"fixed": {
			"rotation": [-90, -90, 0],
			"translation": [0, 0, -15],
			"scale": [2, 2, 2]
		}
	},
	"groups": [
		{
			"name": "group",
			"origin": [12.4375, 8, 12.4375],
			"children": [0, 1, 2]
		}
	]
}