{
	"credit": "ALTA Commons - All right reserved (c)",
	"parent": "block/stairs",
	"textures": {
		"1": "block/3d/metal",
		"particle": "block/3d/metal"
	},
	"elements": [
		{
			"from": [3, 5.25, 0],
			"to": [3.75, 7.375, 16],
			"rotation": {"angle": 0, "axis": "y", "origin": [4.125, 8, 8]},
			"faces": {
				"north": {"uv": [0, 0, 16, 16], "texture": "#1"},
				"east": {"uv": [0, 0, 16, 16], "texture": "#1"},
				"south": {"uv": [0, 0, 16, 16], "texture": "#1"},
				"west": {"uv": [0, 0, 16, 16], "texture": "#1"},
				"up": {"uv": [0, 0, 16, 16], "texture": "#1"},
				"down": {"uv": [0, 0, 16, 16], "texture": "#1"}
			}
		},
		{
			"from": [5.875, 5.25, 0],
			"to": [6.625, 7.375, 16],
			"rotation": {"angle": 0, "axis": "y", "origin": [7, 8, 8]},
			"faces": {
				"north": {"uv": [0, 0, 16, 16], "texture": "#1"},
				"east": {"uv": [0, 0, 16, 16], "texture": "#1"},
				"south": {"uv": [0, 0, 16, 16], "texture": "#1"},
				"west": {"uv": [0, 0, 16, 16], "texture": "#1"},
				"up": {"uv": [0, 0, 16, 16], "texture": "#1"},
				"down": {"uv": [0, 0, 16, 16], "texture": "#1"}
			}
		},
		{
			"from": [1.5, 5.25, 0],
			"to": [2.25, 7.375, 16],
			"rotation": {"angle": 0, "axis": "y", "origin": [2.625, 8, 8]},
			"faces": {
				"north": {"uv": [0, 0, 16, 16], "texture": "#1"},
				"east": {"uv": [0, 0, 16, 16], "texture": "#1"},
				"south": {"uv": [0, 0, 16, 16], "texture": "#1"},
				"west": {"uv": [0, 0, 16, 16], "texture": "#1"},
				"up": {"uv": [0, 0, 16, 16], "texture": "#1"},
				"down": {"uv": [0, 0, 16, 16], "texture": "#1"}
			}
		},
		{
			"from": [0.625, 5.25, 14.75],
			"to": [7.5, 7.5, 16],
			"rotation": {"angle": 0, "axis": "y", "origin": [4.5, 8, 22.75]},
			"faces": {
				"north": {"uv": [0, 0, 16, 16], "texture": "#1"},
				"east": {"uv": [0, 0, 16, 16], "texture": "#1"},
				"south": {"uv": [0, 0, 16, 16], "texture": "#1"},
				"west": {"uv": [0, 0, 16, 16], "texture": "#1"},
				"up": {"uv": [0, 0, 16, 16], "texture": "#1"},
				"down": {"uv": [0, 0, 16, 16], "texture": "#1"}
			}
		},
		{
			"from": [7.375, 5.25, 0],
			"to": [8, 7.5, 16],
			"faces": {
				"north": {"uv": [0, 0, 16, 16], "texture": "#1"},
				"east": {"uv": [0, 0, 16, 16], "texture": "#1"},
				"south": {"uv": [0, 0, 16, 16], "texture": "#1"},
				"west": {"uv": [0, 0, 16, 16], "texture": "#1"},
				"up": {"uv": [0, 0, 16, 16], "texture": "#1"},
				"down": {"uv": [0, 0, 16, 16], "texture": "#1"}
			}
		},
		{
			"from": [0, 5.25, 0],
			"to": [0.625, 7.5, 16],
			"rotation": {"angle": 0, "axis": "y", "origin": [1.125, 8, 8]},
			"faces": {
				"north": {"uv": [0, 0, 16, 16], "texture": "#1"},
				"east": {"uv": [0, 0, 16, 16], "texture": "#1"},
				"south": {"uv": [0, 0, 16, 16], "texture": "#1"},
				"west": {"uv": [0, 0, 16, 16], "texture": "#1"},
				"up": {"uv": [0, 0, 16, 16], "texture": "#1"},
				"down": {"uv": [0, 0, 16, 16], "texture": "#1"}
			}
		},
		{
			"from": [0.625, 5.25, 0],
			"to": [7.5, 7.5, 1.25],
			"rotation": {"angle": 0, "axis": "y", "origin": [4.5, 8, 8]},
			"faces": {
				"north": {"uv": [0, 0, 16, 16], "texture": "#1"},
				"east": {"uv": [0, 0, 16, 16], "texture": "#1"},
				"south": {"uv": [0, 0, 16, 16], "texture": "#1"},
				"west": {"uv": [0, 0, 16, 16], "texture": "#1"},
				"up": {"uv": [0, 0, 16, 16], "texture": "#1"},
				"down": {"uv": [0, 0, 16, 16], "texture": "#1"}
			}
		},
		{
			"from": [4.5, 5.25, 0],
			"to": [5.25, 7.375, 16],
			"rotation": {"angle": 0, "axis": "y", "origin": [5.625, 8, 8]},
			"faces": {
				"north": {"uv": [0, 0, 16, 16], "texture": "#1"},
				"east": {"uv": [0, 0, 16, 16], "texture": "#1"},
				"south": {"uv": [0, 0, 16, 16], "texture": "#1"},
				"west": {"uv": [0, 0, 16, 16], "texture": "#1"},
				"up": {"uv": [0, 0, 16, 16], "texture": "#1"},
				"down": {"uv": [0, 0, 16, 16], "texture": "#1"}
			}
		},
		{
			"from": [11, 13.75, 0],
			"to": [11.75, 15.875, 16],
			"rotation": {"angle": 0, "axis": "y", "origin": [12.125, 16.5, 8]},
			"faces": {
				"north": {"uv": [0, 0, 16, 16], "texture": "#1"},
				"east": {"uv": [0, 0, 16, 16], "texture": "#1"},
				"south": {"uv": [0, 0, 16, 16], "texture": "#1"},
				"west": {"uv": [0, 0, 16, 16], "texture": "#1"},
				"up": {"uv": [0, 0, 16, 16], "texture": "#1"},
				"down": {"uv": [0, 0, 16, 16], "texture": "#1"}
			}
		},
		{
			"from": [13.875, 13.75, 0],
			"to": [14.625, 15.875, 16],
			"rotation": {"angle": 0, "axis": "y", "origin": [15, 16.5, 8]},
			"faces": {
				"north": {"uv": [0, 0, 16, 16], "texture": "#1"},
				"east": {"uv": [0, 0, 16, 16], "texture": "#1"},
				"south": {"uv": [0, 0, 16, 16], "texture": "#1"},
				"west": {"uv": [0, 0, 16, 16], "texture": "#1"},
				"up": {"uv": [0, 0, 16, 16], "texture": "#1"},
				"down": {"uv": [0, 0, 16, 16], "texture": "#1"}
			}
		},
		{
			"from": [9.5, 13.75, 0],
			"to": [10.25, 15.875, 16],
			"rotation": {"angle": 0, "axis": "y", "origin": [10.625, 16.5, 8]},
			"faces": {
				"north": {"uv": [0, 0, 16, 16], "texture": "#1"},
				"east": {"uv": [0, 0, 16, 16], "texture": "#1"},
				"south": {"uv": [0, 0, 16, 16], "texture": "#1"},
				"west": {"uv": [0, 0, 16, 16], "texture": "#1"},
				"up": {"uv": [0, 0, 16, 16], "texture": "#1"},
				"down": {"uv": [0, 0, 16, 16], "texture": "#1"}
			}
		},
		{
			"from": [8.625, 13.75, 14.75],
			"to": [15.5, 16, 16],
			"rotation": {"angle": 0, "axis": "y", "origin": [12.5, 16.5, 22.75]},
			"faces": {
				"north": {"uv": [0, 0, 16, 16], "texture": "#1"},
				"east": {"uv": [0, 0, 16, 16], "texture": "#1"},
				"south": {"uv": [0, 0, 16, 16], "texture": "#1"},
				"west": {"uv": [0, 0, 16, 16], "texture": "#1"},
				"up": {"uv": [0, 0, 16, 16], "texture": "#1"},
				"down": {"uv": [0, 0, 16, 16], "texture": "#1"}
			}
		},
		{
			"from": [15.375, 13.75, 0],
			"to": [16, 16, 16],
			"rotation": {"angle": 0, "axis": "y", "origin": [16, 16.5, 8]},
			"faces": {
				"north": {"uv": [0, 0, 16, 16], "texture": "#1"},
				"east": {"uv": [0, 0, 16, 16], "texture": "#1"},
				"south": {"uv": [0, 0, 16, 16], "texture": "#1"},
				"west": {"uv": [0, 0, 16, 16], "texture": "#1"},
				"up": {"uv": [0, 0, 16, 16], "texture": "#1"},
				"down": {"uv": [0, 0, 16, 16], "texture": "#1"}
			}
		},
		{
			"from": [8, 13.75, 0],
			"to": [8.625, 16, 16],
			"rotation": {"angle": 0, "axis": "y", "origin": [9.125, 16.5, 8]},
			"faces": {
				"north": {"uv": [0, 0, 16, 16], "texture": "#1"},
				"east": {"uv": [0, 0, 16, 16], "texture": "#1"},
				"south": {"uv": [0, 0, 16, 16], "texture": "#1"},
				"west": {"uv": [0, 0, 16, 16], "texture": "#1"},
				"up": {"uv": [0, 0, 16, 16], "texture": "#1"},
				"down": {"uv": [0, 0, 16, 16], "texture": "#1"}
			}
		},
		{
			"from": [8.625, 13.75, 0],
			"to": [15.5, 16, 1.25],
			"rotation": {"angle": 0, "axis": "y", "origin": [12.5, 16.5, 8]},
			"faces": {
				"north": {"uv": [0, 0, 16, 16], "texture": "#1"},
				"east": {"uv": [0, 0, 16, 16], "texture": "#1"},
				"south": {"uv": [0, 0, 16, 16], "texture": "#1"},
				"west": {"uv": [0, 0, 16, 16], "texture": "#1"},
				"up": {"uv": [0, 0, 16, 16], "texture": "#1"},
				"down": {"uv": [0, 0, 16, 16], "texture": "#1"}
			}
		},
		{
			"from": [12.5, 13.75, 0],
			"to": [13.25, 15.875, 16],
			"rotation": {"angle": 0, "axis": "y", "origin": [13.625, 16.5, 8]},
			"faces": {
				"north": {"uv": [0, 0, 16, 16], "texture": "#1"},
				"east": {"uv": [0, 0, 16, 16], "texture": "#1"},
				"south": {"uv": [0, 0, 16, 16], "texture": "#1"},
				"west": {"uv": [0, 0, 16, 16], "texture": "#1"},
				"up": {"uv": [0, 0, 16, 16], "texture": "#1"},
				"down": {"uv": [0, 0, 16, 16], "texture": "#1"}
			}
		},
		{
			"from": [4.625, -5.25, 15.5],
			"to": [10.25, 21.125, 17.75],
			"rotation": {"angle": -45, "axis": "z", "origin": [7, 8, 9.625]},
			"faces": {
				"north": {"uv": [0, 0, 4.5, 16], "texture": "#1"},
				"east": {"uv": [0, 0, 4.5, 16], "texture": "#1"},
				"south": {"uv": [0, 0, 4.5, 16], "texture": "#1"},
				"west": {"uv": [0, 0, 4.5, 16], "texture": "#1"},
				"up": {"uv": [0, 0, 4.5, 16], "texture": "#1"},
				"down": {"uv": [0, 0, 4.5, 16], "texture": "#1"}
			}
		},
		{
			"from": [4.625, -5.25, -1.625],
			"to": [10.25, 21.125, 0.625],
			"rotation": {"angle": -45, "axis": "z", "origin": [7, 8, -7.5]},
			"faces": {
				"north": {"uv": [0, 0, 5.5, 16], "texture": "#1"},
				"east": {"uv": [0, 0, 5.5, 16], "texture": "#1"},
				"south": {"uv": [0, 0, 5.5, 16], "texture": "#1"},
				"west": {"uv": [0, 0, 5.5, 16], "texture": "#1"},
				"up": {"uv": [0, 0, 5.5, 16], "texture": "#1"},
				"down": {"uv": [0, 0, 5.5, 16], "texture": "#1"}
			}
		},
		{
			"from": [0.375, 3.875, 16.125],
			"to": [0.875, 32, 17.125],
			"rotation": {"angle": -45, "axis": "z", "origin": [2.25, 17.125, 9.625]},
			"faces": {
				"north": {"uv": [0, 0, 4.5, 16], "texture": "#1"},
				"east": {"uv": [0, 0, 4.5, 16], "texture": "#1"},
				"south": {"uv": [0, 0, 4.5, 16], "texture": "#1"},
				"west": {"uv": [0, 0, 4.5, 16], "texture": "#1"},
				"up": {"uv": [0, 0, 4.5, 16], "texture": "#1"},
				"down": {"uv": [0, 0, 4.5, 16], "texture": "#1"}
			}
		},
		{
			"from": [4.375, 8.875, 16],
			"to": [4.875, 21.875, 17],
			"rotation": {"angle": 0, "axis": "y", "origin": [5.875, 16.625, 10.125]},
			"faces": {
				"north": {"uv": [0, 0, 5.5, 16], "texture": "#1"},
				"east": {"uv": [0, 0, 5.5, 16], "texture": "#1"},
				"south": {"uv": [0, 0, 5.5, 16], "texture": "#1"},
				"west": {"uv": [0, 0, 5.5, 16], "texture": "#1"},
				"up": {"uv": [0, 0, 5.5, 16], "texture": "#1"},
				"down": {"uv": [0, 0, 5.5, 16], "texture": "#1"}
			}
		},
		{
			"from": [0.375, 3.875, -0.625],
			"to": [0.875, 32, 0.375],
			"rotation": {"angle": -45, "axis": "z", "origin": [2.25, 17.125, -7.125]},
			"faces": {
				"north": {"uv": [0, 0, 4.5, 16], "texture": "#1"},
				"east": {"uv": [0, 0, 4.5, 16], "texture": "#1"},
				"south": {"uv": [0, 0, 4.5, 16], "texture": "#1"},
				"west": {"uv": [0, 0, 4.5, 16], "texture": "#1"},
				"up": {"uv": [0, 0, 4.5, 16], "texture": "#1"},
				"down": {"uv": [0, 0, 4.5, 16], "texture": "#1"}
			}
		},
		{
			"from": [4.375, 8.875, -0.75],
			"to": [4.875, 21.875, 0.25],
			"rotation": {"angle": 0, "axis": "y", "origin": [5.875, 16.625, -6.625]},
			"faces": {
				"north": {"uv": [0, 0, 5.5, 16], "texture": "#1"},
				"east": {"uv": [0, 0, 5.5, 16], "texture": "#1"},
				"south": {"uv": [0, 0, 5.5, 16], "texture": "#1"},
				"west": {"uv": [0, 0, 5.5, 16], "texture": "#1"},
				"up": {"uv": [0, 0, 5.5, 16], "texture": "#1"},
				"down": {"uv": [0, 0, 5.5, 16], "texture": "#1"}
			}
		}
	],
	"display": {
		"thirdperson_righthand": {
			"scale": [0.4, 0.44, 0.43]
		},
		"thirdperson_lefthand": {
			"scale": [0.36, 0.37, 0.37]
		},
		"firstperson_righthand": {
			"scale": [0, 0, 0]
		},
		"firstperson_lefthand": {
			"scale": [0, 0, 0]
		},
		"gui": {
			"rotation": [23, 48, 0],
			"translation": [0, -1.25, 0],
			"scale": [0.39, 0.39, 0.5]
		}
	},
	"groups": [
		{
			"name": "model4",
			"origin": [8, 8, 8],
			"color": 0,
			"children": []
		},
		{
			"name": "group",
			"origin": [8, 8, 8],
			"color": 0,
			"children": [0, 1, 2, 3, 4, 5, 6, 7]
		},
		{
			"name": "group",
			"origin": [8, 8, 8],
			"color": 0,
			"children": [8, 9, 10, 11, 12, 13, 14, 15]
		},
		16,
		17,
		{
			"name": "group",
			"origin": [2.25, 17.125, 9.625],
			"color": 0,
			"children": [18, 19]
		},
		{
			"name": "group",
			"origin": [2.25, 17.125, 9.625],
			"color": 0,
			"children": [20, 21]
		}
	]
}