{
	"credit": "ALTA Official CONTENT -- Do not use without credits !",
	"textures": {
		"0": "block/3d_objects/meubles_t1_props",
		"3": "block/3d_objects/clim_av2",
		"6": "block/red_wool"
	},
	"elements": [
		{
			"from": [6.9725, 0.005, 8.08],
			"to": [10.8125, 7.765, 9.36],
			"rotation": {"angle": 22.5, "axis": "y", "origin": [5.6925, 5.125, 5.28]},
			"faces": {
				"north": {"uv": [12.25, 6.375, 15.907, 11.75], "texture": "#0"},
				"east": {"uv": [12.25, 6.375, 15.907, 11.75], "texture": "#0"},
				"south": {"uv": [12.25, 6.375, 15.907, 11.75], "texture": "#0"},
				"up": {"uv": [3.344, 12.625, 6.532, 16], "texture": "#0"},
				"down": {"uv": [12.25, 6.375, 15.907, 11.75], "texture": "#0"}
			}
		},
		{
			"from": [7.6925, 0.005, 3.04],
			"to": [8.9725, 7.765, 6.48],
			"rotation": {"angle": -22.5, "axis": "y", "origin": [4.8925, 5.125, 8.16]},
			"faces": {
				"north": {"uv": [12.25, 6.375, 15.907, 11.75], "texture": "#0"},
				"east": {"uv": [12.25, 6.375, 15.907, 11.75], "texture": "#0"},
				"up": {"uv": [3.344, 12.625, 6.532, 16], "texture": "#0"},
				"down": {"uv": [12.25, 6.375, 15.907, 11.75], "texture": "#0"}
			}
		},
		{
			"from": [7.7725, 0.005, 1.52],
			"to": [9.0525, 7.765, 5.12],
			"rotation": {"angle": -45, "axis": "y", "origin": [4.9725, 5.125, 6.64]},
			"faces": {
				"north": {"uv": [12.25, 6.375, 15.907, 11.75], "texture": "#0"},
				"east": {"uv": [12.25, 6.375, 15.907, 11.75], "texture": "#0"},
				"up": {"uv": [3.344, 12.625, 6.532, 16], "texture": "#0"},
				"down": {"uv": [12.25, 6.375, 15.907, 11.75], "texture": "#0"}
			}
		},
		{
			"from": [8.4125, 0.005, 7.12],
			"to": [12.0125, 7.765, 8.64],
			"rotation": {"angle": 0, "axis": "y", "origin": [6.8925, 5.125, 4.32]},
			"faces": {
				"north": {"uv": [12.25, 6.375, 15.907, 11.75], "texture": "#0"},
				"south": {"uv": [12.25, 6.375, 15.907, 11.75], "texture": "#0"},
				"up": {"uv": [3.344, 12.625, 6.532, 16], "texture": "#0"},
				"down": {"uv": [12.25, 6.375, 15.907, 11.75], "texture": "#0"}
			}
		},
		{
			"from": [6.3325, 0.005, 8.08],
			"to": [10.4125, 7.765, 9.36],
			"rotation": {"angle": -22.5, "axis": "y", "origin": [11.4525, 5.125, 5.28]},
			"faces": {
				"north": {"uv": [12.25, 6.375, 15.907, 11.75], "texture": "#0"},
				"south": {"uv": [12.25, 6.375, 15.907, 11.75], "texture": "#0"},
				"west": {"uv": [12.25, 6.375, 15.907, 11.75], "texture": "#0"},
				"up": {"uv": [3.344, 12.625, 6.532, 16], "texture": "#0"},
				"down": {"uv": [12.25, 6.375, 15.907, 11.75], "texture": "#0"}
			}
		},
		{
			"from": [7.6925, 0.005, 4.48],
			"to": [9.4525, 7.765, 8.08],
			"rotation": {"angle": 0, "axis": "y", "origin": [12.8125, 5.125, 9.6]},
			"faces": {
				"north": {"uv": [12.25, 6.375, 15.907, 11.75], "texture": "#6"},
				"east": {"uv": [12.25, 6.375, 15.907, 11.75], "texture": "#0"},
				"west": {"uv": [12.25, 6.375, 15.907, 11.75], "texture": "#0"},
				"up": {"uv": [3.344, 12.625, 6.532, 16], "texture": "#0"},
				"down": {"uv": [12.25, 6.375, 15.907, 11.75], "texture": "#0"}
			}
		},
		{
			"from": [8.1725, 0.005, 3.04],
			"to": [9.4525, 7.765, 6.08],
			"rotation": {"angle": 22.5, "axis": "y", "origin": [12.2525, 5.125, 8.16]},
			"faces": {
				"north": {"uv": [12.25, 6.375, 15.907, 11.75], "texture": "#0"},
				"west": {"uv": [12.25, 6.375, 15.907, 11.75], "texture": "#0"},
				"up": {"uv": [3.344, 12.625, 6.532, 16], "texture": "#0"},
				"down": {"uv": [12.25, 6.375, 15.907, 11.75], "texture": "#0"}
			}
		},
		{
			"from": [8.0925, 0.005, 1.52],
			"to": [9.3725, 7.765, 4.4],
			"rotation": {"angle": 45, "axis": "y", "origin": [12.1725, 5.125, 6.64]},
			"faces": {
				"north": {"uv": [12.25, 6.375, 15.907, 11.75], "texture": "#0"},
				"west": {"uv": [12.25, 6.375, 15.907, 11.75], "texture": "#0"},
				"up": {"uv": [3.344, 12.625, 6.532, 16], "texture": "#0"},
				"down": {"uv": [12.25, 6.375, 15.907, 11.75], "texture": "#0"}
			}
		},
		{
			"from": [7.8525, 0.005, 6.4],
			"to": [10.8125, 7.765, 7.68],
			"rotation": {"angle": -22.5, "axis": "y", "origin": [5.6925, 5.125, 10.48]},
			"faces": {
				"north": {"uv": [12.25, 6.375, 15.907, 11.75], "texture": "#0"},
				"east": {"uv": [12.25, 6.375, 15.907, 11.75], "texture": "#0"},
				"south": {"uv": [12.25, 6.375, 15.907, 11.75], "texture": "#0"},
				"up": {"uv": [3.344, 12.625, 6.532, 16], "texture": "#0"},
				"down": {"uv": [12.25, 6.375, 15.907, 11.75], "texture": "#0"}
			}
		},
		{
			"from": [7.6925, 0.005, 8.32],
			"to": [9.4525, 7.765, 11.28],
			"rotation": {"angle": 0, "axis": "y", "origin": [4.3325, 5.125, 6.16]},
			"faces": {
				"east": {"uv": [12.25, 6.375, 15.907, 11.75], "texture": "#0"},
				"south": {"uv": [12.25, 6.375, 15.907, 11.75], "texture": "#6"},
				"west": {"uv": [12.25, 6.375, 15.907, 11.75], "texture": "#0"},
				"up": {"uv": [3.344, 12.625, 6.532, 16], "texture": "#0"},
				"down": {"uv": [12.25, 6.375, 15.907, 11.75], "texture": "#0"}
			}
		},
		{
			"from": [7.6925, 0.005, 6.8],
			"to": [8.9725, 7.765, 12.72],
			"rotation": {"angle": 22.5, "axis": "y", "origin": [4.8925, 5.125, 7.6]},
			"faces": {
				"east": {"uv": [12.25, 6.375, 15.907, 11.75], "texture": "#0"},
				"south": {"uv": [12.25, 6.375, 15.907, 11.75], "texture": "#0"},
				"up": {"uv": [3.344, 12.625, 6.532, 16], "texture": "#0"},
				"down": {"uv": [12.25, 6.375, 15.907, 11.75], "texture": "#0"}
			}
		},
		{
			"from": [7.7725, 0.005, 10.4],
			"to": [9.0525, 7.765, 14.24],
			"rotation": {"angle": 45, "axis": "y", "origin": [4.9725, 5.125, 9.12]},
			"faces": {
				"east": {"uv": [12.25, 6.375, 15.907, 11.75], "texture": "#0"},
				"south": {"uv": [12.25, 6.375, 15.907, 11.75], "texture": "#0"},
				"up": {"uv": [3.344, 12.625, 6.532, 16], "texture": "#0"},
				"down": {"uv": [12.25, 6.375, 15.907, 11.75], "texture": "#0"}
			}
		},
		{
			"from": [11.9325, 0.005, 7.12],
			"to": [12.0125, 7.765, 8.64],
			"rotation": {"angle": 0, "axis": "y", "origin": [6.8925, 5.125, 11.44]},
			"faces": {
				"east": {"uv": [12.25, 6.375, 15.907, 11.75], "texture": "#0"}
			}
		},
		{
			"from": [6.3325, 0.005, 6.4],
			"to": [10.0125, 7.765, 7.68],
			"rotation": {"angle": 22.5, "axis": "y", "origin": [11.4525, 5.125, 10.48]},
			"faces": {
				"north": {"uv": [12.25, 6.375, 15.907, 11.75], "texture": "#0"},
				"south": {"uv": [12.25, 6.375, 15.907, 11.75], "texture": "#0"},
				"west": {"uv": [12.25, 6.375, 15.907, 11.75], "texture": "#0"},
				"up": {"uv": [3.344, 12.625, 6.532, 16], "texture": "#0"},
				"down": {"uv": [12.25, 6.375, 15.907, 11.75], "texture": "#0"}
			}
		},
		{
			"from": [8.1725, 0.005, 9.68],
			"to": [9.4525, 7.765, 12.72],
			"rotation": {"angle": -22.5, "axis": "y", "origin": [12.2525, 5.125, 7.6]},
			"faces": {
				"south": {"uv": [12.25, 6.375, 15.907, 11.75], "texture": "#0"},
				"west": {"uv": [12.25, 6.375, 15.907, 11.75], "texture": "#0"},
				"up": {"uv": [3.344, 12.625, 6.532, 16], "texture": "#0"},
				"down": {"uv": [12.25, 6.375, 15.907, 11.75], "texture": "#0"}
			}
		},
		{
			"from": [8.0925, 0.005, 10.56],
			"to": [9.3725, 7.765, 14.24],
			"rotation": {"angle": -45, "axis": "y", "origin": [12.1725, 5.125, 9.12]},
			"faces": {
				"south": {"uv": [12.25, 6.375, 15.907, 11.75], "texture": "#0"},
				"west": {"uv": [12.25, 6.375, 15.907, 11.75], "texture": "#0"},
				"up": {"uv": [3.344, 12.625, 6.532, 16], "texture": "#0"},
				"down": {"uv": [12.25, 6.375, 15.907, 11.75], "texture": "#0"}
			}
		},
		{
			"from": [5.1325, 0.005, 7.12],
			"to": [8.8125, 7.765, 8.64],
			"rotation": {"angle": 0, "axis": "y", "origin": [10.2525, 5.125, 11.44]},
			"faces": {
				"north": {"uv": [12.25, 6.375, 15.907, 11.75], "texture": "#0"},
				"south": {"uv": [12.25, 6.375, 15.907, 11.75], "texture": "#0"},
				"west": {"uv": [12.25, 6.375, 15.907, 11.75], "texture": "#0"},
				"up": {"uv": [3.344, 12.625, 6.532, 16], "texture": "#0"},
				"down": {"uv": [12.25, 6.375, 15.907, 11.75], "texture": "#0"}
			}
		},
		{
			"from": [10.7325, 7.765, 8.08],
			"to": [10.8125, 7.925, 9.36],
			"rotation": {"angle": 22.5, "axis": "y", "origin": [5.6925, 5.125, 5.28]},
			"faces": {
				"north": {"uv": [0, 0, 16, 16], "texture": "#3"},
				"east": {"uv": [0, 0, 16, 16], "texture": "#3"},
				"south": {"uv": [0, 0, 16, 16], "texture": "#3"},
				"west": {"uv": [0, 0, 16, 16], "texture": "#3"},
				"up": {"uv": [0, 0, 16, 16], "texture": "#3"}
			}
		},
		{
			"from": [7.6925, 7.765, 3.04],
			"to": [8.9725, 7.925, 3.12],
			"rotation": {"angle": -22.5, "axis": "y", "origin": [4.8925, 5.125, 8.16]},
			"faces": {
				"north": {"uv": [0, 0, 16, 16], "texture": "#3"},
				"east": {"uv": [0, 0, 16, 16], "texture": "#3"},
				"south": {"uv": [0, 0, 16, 16], "texture": "#3"},
				"west": {"uv": [0, 0, 16, 16], "texture": "#3"},
				"up": {"uv": [0, 0, 16, 16], "texture": "#3"}
			}
		},
		{
			"from": [7.7725, 7.765, 1.52],
			"to": [9.0525, 7.925, 1.6],
			"rotation": {"angle": -45, "axis": "y", "origin": [4.9725, 5.125, 6.64]},
			"faces": {
				"north": {"uv": [0, 0, 16, 16], "texture": "#3"},
				"east": {"uv": [0, 0, 16, 16], "texture": "#3"},
				"south": {"uv": [0, 0, 16, 16], "texture": "#3"},
				"west": {"uv": [0, 0, 16, 16], "texture": "#3"},
				"up": {"uv": [0, 0, 16, 16], "texture": "#3"}
			}
		},
		{
			"from": [6.3325, 7.765, 8.08],
			"to": [6.4125, 7.925, 9.36],
			"rotation": {"angle": -22.5, "axis": "y", "origin": [11.4525, 5.125, 5.28]},
			"faces": {
				"north": {"uv": [0, 0, 16, 16], "texture": "#3"},
				"east": {"uv": [0, 0, 16, 16], "texture": "#3"},
				"south": {"uv": [0, 0, 16, 16], "texture": "#3"},
				"west": {"uv": [0, 0, 16, 16], "texture": "#3"},
				"up": {"uv": [0, 0, 16, 16], "texture": "#3"}
			}
		},
		{
			"from": [7.6925, 7.765, 4.48],
			"to": [9.4525, 7.925, 4.56],
			"rotation": {"angle": 0, "axis": "y", "origin": [12.8125, 5.125, 9.6]},
			"faces": {
				"north": {"uv": [0, 0, 16, 16], "texture": "#3"},
				"east": {"uv": [0, 0, 16, 16], "texture": "#3"},
				"south": {"uv": [0, 0, 16, 16], "texture": "#3"},
				"west": {"uv": [0, 0, 16, 16], "texture": "#3"},
				"up": {"uv": [0, 0, 16, 16], "texture": "#3"}
			}
		},
		{
			"from": [8.1725, 7.765, 3.04],
			"to": [9.4525, 7.925, 3.12],
			"rotation": {"angle": 22.5, "axis": "y", "origin": [12.2525, 5.125, 8.16]},
			"faces": {
				"north": {"uv": [0, 0, 16, 16], "texture": "#3"},
				"east": {"uv": [0, 0, 16, 16], "texture": "#3"},
				"south": {"uv": [0, 0, 16, 16], "texture": "#3"},
				"west": {"uv": [0, 0, 16, 16], "texture": "#3"},
				"up": {"uv": [0, 0, 16, 16], "texture": "#3"}
			}
		},
		{
			"from": [8.0925, 7.765, 1.52],
			"to": [9.3725, 7.925, 1.6],
			"rotation": {"angle": 45, "axis": "y", "origin": [12.1725, 5.125, 6.64]},
			"faces": {
				"north": {"uv": [0, 0, 16, 16], "texture": "#3"},
				"east": {"uv": [0, 0, 16, 16], "texture": "#3"},
				"south": {"uv": [0, 0, 16, 16], "texture": "#3"},
				"west": {"uv": [0, 0, 16, 16], "texture": "#3"},
				"up": {"uv": [0, 0, 16, 16], "texture": "#3"}
			}
		},
		{
			"from": [10.7325, 7.765, 6.4],
			"to": [10.8125, 7.925, 7.68],
			"rotation": {"angle": -22.5, "axis": "y", "origin": [5.6925, 5.125, 10.48]},
			"faces": {
				"north": {"uv": [0, 0, 16, 16], "texture": "#3"},
				"east": {"uv": [0, 0, 16, 16], "texture": "#3"},
				"south": {"uv": [0, 0, 16, 16], "texture": "#3"},
				"west": {"uv": [0, 0, 16, 16], "texture": "#3"},
				"up": {"uv": [0, 0, 16, 16], "texture": "#3"}
			}
		},
		{
			"from": [7.6925, 7.765, 12.64],
			"to": [8.9725, 7.925, 12.72],
			"rotation": {"angle": 22.5, "axis": "y", "origin": [4.8925, 5.125, 7.6]},
			"faces": {
				"north": {"uv": [0, 0, 16, 16], "texture": "#3"},
				"east": {"uv": [0, 0, 16, 16], "texture": "#3"},
				"south": {"uv": [0, 0, 16, 16], "texture": "#3"},
				"west": {"uv": [0, 0, 16, 16], "texture": "#3"},
				"up": {"uv": [0, 0, 16, 16], "texture": "#3"}
			}
		},
		{
			"from": [7.7725, 7.765, 14.16],
			"to": [9.0525, 7.925, 14.24],
			"rotation": {"angle": 45, "axis": "y", "origin": [4.9725, 5.125, 9.12]},
			"faces": {
				"north": {"uv": [0, 0, 16, 16], "texture": "#3"},
				"east": {"uv": [0, 0, 16, 16], "texture": "#3"},
				"south": {"uv": [0, 0, 16, 16], "texture": "#3"},
				"west": {"uv": [0, 0, 16, 16], "texture": "#3"},
				"up": {"uv": [0, 0, 16, 16], "texture": "#3"}
			}
		},
		{
			"from": [11.9325, 7.765, 7.12],
			"to": [12.0125, 7.925, 8.64],
			"rotation": {"angle": 0, "axis": "y", "origin": [6.8925, 5.125, 11.44]},
			"faces": {
				"north": {"uv": [0, 0, 16, 16], "texture": "#3"},
				"east": {"uv": [0, 0, 16, 16], "texture": "#3"},
				"south": {"uv": [0, 0, 16, 16], "texture": "#3"},
				"west": {"uv": [0, 0, 16, 16], "texture": "#3"},
				"up": {"uv": [0, 0, 16, 16], "texture": "#3"}
			}
		},
		{
			"from": [6.3325, 7.765, 6.4],
			"to": [6.4125, 7.925, 7.68],
			"rotation": {"angle": 22.5, "axis": "y", "origin": [11.4525, 5.125, 10.48]},
			"faces": {
				"north": {"uv": [0, 0, 16, 16], "texture": "#3"},
				"east": {"uv": [0, 0, 16, 16], "texture": "#3"},
				"south": {"uv": [0, 0, 16, 16], "texture": "#3"},
				"west": {"uv": [0, 0, 16, 16], "texture": "#3"},
				"up": {"uv": [0, 0, 16, 16], "texture": "#3"}
			}
		},
		{
			"from": [7.6925, 7.765, 11.2],
			"to": [9.4525, 7.925, 11.28],
			"rotation": {"angle": 0, "axis": "y", "origin": [12.8125, 5.125, 6.16]},
			"faces": {
				"north": {"uv": [0, 0, 16, 16], "texture": "#3"},
				"east": {"uv": [0, 0, 16, 16], "texture": "#3"},
				"south": {"uv": [0, 0, 16, 16], "texture": "#3"},
				"west": {"uv": [0, 0, 16, 16], "texture": "#3"},
				"up": {"uv": [0, 0, 16, 16], "texture": "#3"}
			}
		},
		{
			"from": [8.1725, 7.765, 12.64],
			"to": [9.4525, 7.925, 12.72],
			"rotation": {"angle": -22.5, "axis": "y", "origin": [12.2525, 5.125, 7.6]},
			"faces": {
				"north": {"uv": [0, 0, 16, 16], "texture": "#3"},
				"east": {"uv": [0, 0, 16, 16], "texture": "#3"},
				"south": {"uv": [0, 0, 16, 16], "texture": "#3"},
				"west": {"uv": [0, 0, 16, 16], "texture": "#3"},
				"up": {"uv": [0, 0, 16, 16], "texture": "#3"}
			}
		},
		{
			"from": [8.0925, 7.765, 14.16],
			"to": [9.3725, 7.925, 14.24],
			"rotation": {"angle": -45, "axis": "y", "origin": [12.1725, 5.125, 9.12]},
			"faces": {
				"north": {"uv": [0, 0, 16, 16], "texture": "#3"},
				"east": {"uv": [0, 0, 16, 16], "texture": "#3"},
				"south": {"uv": [0, 0, 16, 16], "texture": "#3"},
				"west": {"uv": [0, 0, 16, 16], "texture": "#3"},
				"up": {"uv": [0, 0, 16, 16], "texture": "#3"}
			}
		},
		{
			"from": [5.1325, 7.765, 7.12],
			"to": [5.2125, 7.925, 8.64],
			"rotation": {"angle": 0, "axis": "y", "origin": [10.2525, 5.125, 11.44]},
			"faces": {
				"north": {"uv": [0, 0, 16, 16], "texture": "#3"},
				"east": {"uv": [0, 0, 16, 16], "texture": "#3"},
				"south": {"uv": [0, 0, 16, 16], "texture": "#3"},
				"west": {"uv": [0, 0, 16, 16], "texture": "#3"},
				"up": {"uv": [0, 0, 16, 16], "texture": "#3"}
			}
		},
		{
			"from": [4.9725, 6.645, 7.68],
			"to": [12.1725, 7.125, 8.16],
			"rotation": {"angle": 0, "axis": "y", "origin": [10.2525, 5.125, 11.44]},
			"faces": {
				"north": {"uv": [0, 0, 16, 16], "texture": "#3"},
				"east": {"uv": [0, 0, 16, 16], "texture": "#3"},
				"south": {"uv": [0, 0, 16, 16], "texture": "#3"},
				"west": {"uv": [0, 0, 16, 16], "texture": "#3"},
				"up": {"uv": [0, 0, 16, 16], "texture": "#3"},
				"down": {"uv": [0, 0, 16, 16], "texture": "#3"}
			}
		},
		{
			"from": [12.6525, 5.525, 7.04],
			"to": [12.8125, 5.685, 9.2],
			"rotation": {"angle": 22.5, "axis": "x", "origin": [10.2525, 4.005, 10.8]},
			"faces": {
				"north": {"uv": [0, 0, 16, 16], "texture": "#3"},
				"east": {"uv": [0, 0, 16, 16], "texture": "#3"},
				"west": {"uv": [0, 0, 16, 16], "texture": "#3"},
				"up": {"uv": [0, 0, 16, 16], "texture": "#3"},
				"down": {"uv": [0, 0, 16, 16], "texture": "#3"}
			}
		},
		{
			"from": [4.8925, 5.525, 7.04],
			"to": [5.0525, 5.685, 9.2],
			"rotation": {"angle": 22.5, "axis": "x", "origin": [7.4525, 4.005, 10.8]},
			"faces": {
				"north": {"uv": [0, 0, 16, 16], "texture": "#3"},
				"east": {"uv": [0, 0, 16, 16], "texture": "#3"},
				"west": {"uv": [0, 0, 16, 16], "texture": "#3"},
				"up": {"uv": [0, 0, 16, 16], "texture": "#3"},
				"down": {"uv": [0, 0, 16, 16], "texture": "#3"}
			}
		},
		{
			"from": [4.3325, 6.805, 7.84],
			"to": [12.8125, 6.965, 8],
			"rotation": {"angle": 0, "axis": "y", "origin": [10.2525, 5.285, 11.6]},
			"faces": {
				"north": {"uv": [0, 0, 16, 16], "texture": "#3"},
				"east": {"uv": [0, 0, 16, 16], "texture": "#3"},
				"south": {"uv": [0, 0, 16, 16], "texture": "#3"},
				"west": {"uv": [0, 0, 16, 16], "texture": "#3"},
				"up": {"uv": [0, 0, 16, 16], "texture": "#3"},
				"down": {"uv": [0, 0, 16, 16], "texture": "#3"}
			}
		},
		{
			"from": [12.6525, 3.685, 11.36],
			"to": [12.8125, 5.845, 11.52],
			"rotation": {"angle": -22.5, "axis": "x", "origin": [10.2525, 2.085, 9.84]},
			"faces": {
				"north": {"uv": [0, 0, 16, 16], "rotation": 270, "texture": "#3"},
				"east": {"uv": [0, 0, 16, 16], "rotation": 270, "texture": "#3"},
				"south": {"uv": [0, 0, 16, 16], "rotation": 270, "texture": "#3"},
				"west": {"uv": [0, 0, 16, 16], "rotation": 270, "texture": "#3"},
				"up": {"uv": [0, 0, 16, 16], "rotation": 270, "texture": "#3"},
				"down": {"uv": [0, 0, 16, 16], "rotation": 270, "texture": "#3"}
			}
		},
		{
			"from": [4.8925, 3.685, 11.36],
			"to": [5.0525, 5.845, 11.52],
			"rotation": {"angle": -22.5, "axis": "x", "origin": [7.4525, 2.085, 9.84]},
			"faces": {
				"north": {"uv": [0, 16, 16, 0], "rotation": 270, "texture": "#3"},
				"east": {"uv": [0, 16, 16, 0], "rotation": 270, "texture": "#3"},
				"south": {"uv": [0, 16, 16, 0], "rotation": 270, "texture": "#3"},
				"west": {"uv": [0, 16, 16, 0], "rotation": 270, "texture": "#3"},
				"up": {"uv": [0, 16, 16, 0], "rotation": 270, "texture": "#3"},
				"down": {"uv": [0, 16, 16, 0], "rotation": 270, "texture": "#3"}
			}
		},
		{
			"from": [10.5725, 4.165, 13.68],
			"to": [12.7325, 4.325, 13.84],
			"rotation": {"angle": 45, "axis": "y", "origin": [8.9725, 6.725, 12.16]},
			"faces": {
				"north": {"uv": [0, 0, 16, 16], "rotation": 270, "texture": "#3"},
				"east": {"uv": [0, 0, 16, 16], "rotation": 270, "texture": "#3"},
				"south": {"uv": [0, 0, 16, 16], "rotation": 270, "texture": "#3"},
				"up": {"uv": [0, 0, 16, 16], "rotation": 270, "texture": "#3"},
				"down": {"uv": [0, 0, 16, 16], "rotation": 270, "texture": "#3"}
			}
		},
		{
			"from": [4.9725, 4.165, 13.68],
			"to": [7.1325, 4.325, 13.84],
			"rotation": {"angle": -45, "axis": "y", "origin": [8.7325, 6.725, 12.16]},
			"faces": {
				"north": {"uv": [0, 0, 16, 16], "rotation": 90, "texture": "#3"},
				"south": {"uv": [0, 0, 16, 16], "rotation": 90, "texture": "#3"},
				"west": {"uv": [0, 0, 16, 16], "rotation": 90, "texture": "#3"},
				"up": {"uv": [0, 0, 16, 16], "rotation": 90, "texture": "#3"},
				"down": {"uv": [0, 0, 16, 16], "rotation": 90, "texture": "#3"}
			}
		},
		{
			"from": [6.4125, 4.165, 12.08],
			"to": [11.2925, 4.325, 12.24],
			"rotation": {"angle": 0, "axis": "y", "origin": [7.5325, 6.725, 10.56]},
			"faces": {
				"north": {"uv": [0, 0, 16, 16], "rotation": 270, "texture": "#3"},
				"east": {"uv": [0, 0, 16, 16], "rotation": 270, "texture": "#3"},
				"south": {"uv": [0, 0, 16, 16], "rotation": 270, "texture": "#3"},
				"west": {"uv": [0, 0, 16, 16], "rotation": 270, "texture": "#3"},
				"up": {"uv": [0, 0, 16, 16], "rotation": 270, "texture": "#3"},
				"down": {"uv": [0, 0, 16, 16], "rotation": 270, "texture": "#3"}
			}
		}
	],
	"display": {
		"thirdperson_righthand": {
			"rotation": [90, 0, 0],
			"translation": [0, -1.75, 0]
		},
		"thirdperson_lefthand": {
			"rotation": [90, 0, 0],
			"translation": [0, -1.25, 0]
		},
		"firstperson_righthand": {
			"scale": [0, 0, 0]
		},
		"firstperson_lefthand": {
			"scale": [0, 0, 0]
		},
		"gui": {
			"rotation": [20, -15, 0],
			"translation": [-0.25, 5.25, 0],
			"scale": [1.24773, 1.40953, 1.35]
		},
		"head": {
			"scale": [1.02, 1, 1]
		},
		"fixed": {
			"rotation": [-90, 0, 0],
			"translation": [0, 0, -15],
			"scale": [2, 2, 2]
		}
	},
	"groups": [
		{
			"name": "group",
			"origin": [14.1875, 8, 8],
			"children": [0, 1, 2, 3,
				{
					"name": "group",
					"origin": [14.1875, 8, 8],
					"children": [4, 5, 6, 7]
				},
				{
					"name": "group",
					"origin": [14.1875, 8, 8],
					"children": [8, 9, 10, 11, 12,
						{
							"name": "group",
							"origin": [14.1875, 8, 8],
							"children": [13, 14, 15, 16]
						}
					]
				},
				{
					"name": "group",
					"origin": [14.1875, 8, 8],
					"children": [17, 18, 19,
						{
							"name": "group",
							"origin": [14.1875, 8, 8],
							"children": [20, 21, 22, 23]
						},
						{
							"name": "group",
							"origin": [14.1875, 8, 8],
							"children": [24, 25, 26, 27,
								{
									"name": "group",
									"origin": [14.1875, 8, 8],
									"children": [28, 29, 30, 31, 32]
								}
							]
						}, 33, 34, 35, 36, 37, 38, 39, 40, 41]
				}
			]
		}
	]
}