{
	"credit": "ALTA Official CONTENT -- Do not use without credits !",
	"ambientocclusion": false,
	"textures": {
		"1": "block/cauldron_side"
	},
	"elements": [
		{
			"from": [7.375, 1.625, 8],
			"to": [8.625, 2.125, 16],
			"rotation": {"angle": 0, "axis": "y", "origin": [15, 23.75, 17]},
			"faces": {
				"north": {"uv": [0, 1.125, 16, 12.375], "texture": "#1"},
				"east": {"uv": [0, 1.125, 16, 12.375], "texture": "#1"},
				"south": {"uv": [0, 1.125, 16, 12.375], "texture": "#1"},
				"west": {"uv": [0, 1.125, 16, 12.375], "texture": "#1"},
				"up": {"uv": [0, 1.125, 16, 12.375], "texture": "#1"},
				"down": {"uv": [0, 1.125, 16, 12.375], "texture": "#1"}
			}
		},
		{
			"from": [7.5, 2, 13],
			"to": [8.5, 20, 15.125],
			"rotation": {"angle": 0, "axis": "y", "origin": [15, 23.75, 16.625]},
			"faces": {
				"north": {"uv": [0, 1.125, 16, 12.375], "texture": "#1"},
				"east": {"uv": [0, 1.125, 16, 12.375], "texture": "#1"},
				"south": {"uv": [0, 1.125, 16, 12.375], "texture": "#1"},
				"west": {"uv": [0, 1.125, 16, 12.375], "texture": "#1"},
				"up": {"uv": [0, 1.125, 16, 12.375], "texture": "#1"},
				"down": {"uv": [0, 1.125, 16, 12.375], "texture": "#1"}
			}
		},
		{
			"from": [7.5, 2, 1],
			"to": [8.5, 20, 3.125],
			"rotation": {"angle": 0, "axis": "y", "origin": [15, 23.75, 4.625]},
			"faces": {
				"north": {"uv": [0, 1.125, 16, 12.375], "texture": "#1"},
				"east": {"uv": [0, 1.125, 16, 12.375], "texture": "#1"},
				"south": {"uv": [0, 1.125, 16, 12.375], "texture": "#1"},
				"west": {"uv": [0, 1.125, 16, 12.375], "texture": "#1"},
				"up": {"uv": [0, 1.125, 16, 12.375], "texture": "#1"},
				"down": {"uv": [0, 1.125, 16, 12.375], "texture": "#1"}
			}
		},
		{
			"from": [7.5, 2, 5],
			"to": [8.5, 20, 7.125],
			"rotation": {"angle": 0, "axis": "y", "origin": [15, 23.75, 8.625]},
			"faces": {
				"north": {"uv": [0, 1.125, 16, 12.375], "texture": "#1"},
				"east": {"uv": [0, 1.125, 16, 12.375], "texture": "#1"},
				"south": {"uv": [0, 1.125, 16, 12.375], "texture": "#1"},
				"west": {"uv": [0, 1.125, 16, 12.375], "texture": "#1"},
				"up": {"uv": [0, 1.125, 16, 12.375], "texture": "#1"},
				"down": {"uv": [0, 1.125, 16, 12.375], "texture": "#1"}
			}
		},
		{
			"from": [7.5, 2, 9],
			"to": [8.5, 20, 11.125],
			"rotation": {"angle": 0, "axis": "y", "origin": [15, 23.75, 12.625]},
			"faces": {
				"north": {"uv": [0, 1.125, 16, 12.375], "texture": "#1"},
				"east": {"uv": [0, 1.125, 16, 12.375], "texture": "#1"},
				"south": {"uv": [0, 1.125, 16, 12.375], "texture": "#1"},
				"west": {"uv": [0, 1.125, 16, 12.375], "texture": "#1"},
				"up": {"uv": [0, 1.125, 16, 12.375], "texture": "#1"},
				"down": {"uv": [0, 1.125, 16, 12.375], "texture": "#1"}
			}
		},
		{
			"from": [7, 19.75, 8],
			"to": [9, 20.5, 16],
			"rotation": {"angle": 0, "axis": "y", "origin": [15, 26.5, 16]},
			"faces": {
				"north": {"uv": [0, 1.125, 16, 12.375], "texture": "#1"},
				"east": {"uv": [0, 1.125, 16, 12.375], "texture": "#1"},
				"south": {"uv": [0, 1.125, 16, 12.375], "texture": "#1"},
				"west": {"uv": [0, 1.125, 16, 12.375], "texture": "#1"},
				"up": {"uv": [0, 1.125, 16, 12.375], "texture": "#1"},
				"down": {"uv": [0, 1.125, 16, 12.375], "texture": "#1"}
			}
		},
		{
			"from": [7.375, 1.625, 0],
			"to": [8.625, 2.125, 8],
			"rotation": {"angle": 0, "axis": "y", "origin": [15, 23.75, 9]},
			"faces": {
				"north": {"uv": [0, 1.125, 16, 12.375], "texture": "#1"},
				"east": {"uv": [0, 1.125, 16, 12.375], "texture": "#1"},
				"south": {"uv": [0, 1.125, 16, 12.375], "texture": "#1"},
				"west": {"uv": [0, 1.125, 16, 12.375], "texture": "#1"},
				"up": {"uv": [0, 1.125, 16, 12.375], "texture": "#1"},
				"down": {"uv": [0, 1.125, 16, 12.375], "texture": "#1"}
			}
		},
		{
			"from": [7, 19.75, 0],
			"to": [9, 20.5, 8],
			"rotation": {"angle": 0, "axis": "y", "origin": [15, 26.5, 8]},
			"faces": {
				"north": {"uv": [0, 1.125, 16, 12.375], "texture": "#1"},
				"east": {"uv": [0, 1.125, 16, 12.375], "texture": "#1"},
				"south": {"uv": [0, 1.125, 16, 12.375], "texture": "#1"},
				"west": {"uv": [0, 1.125, 16, 12.375], "texture": "#1"},
				"up": {"uv": [0, 1.125, 16, 12.375], "texture": "#1"},
				"down": {"uv": [0, 1.125, 16, 12.375], "texture": "#1"}
			}
		}
	],
	"display": {
		"thirdperson_righthand": {
			"rotation": [75, 45, 0],
			"translation": [0, 2.5, 0],
			"scale": [0.375, 0.375, 0.375]
		},
		"thirdperson_lefthand": {
			"translation": [0, 0, -3.25],
			"scale": [0.44, 0.43, 0.45]
		},
		"firstperson_righthand": {
			"scale": [0, 0, 0]
		},
		"firstperson_lefthand": {
			"scale": [0, 0, 0]
		},
		"ground": {
			"translation": [0, 3, 0],
			"scale": [0.25, 0.25, 0.25]
		},
		"gui": {
			"rotation": [32, -77, 0],
			"translation": [0, -2, 0],
			"scale": [0.71, 0.72, 0.75]
		},
		"fixed": {
			"rotation": [0, 90, 0],
			"translation": [0, -2.75, 0]
		}
	},
	"groups": [
		{
			"name": "group",
			"origin": [15, 23.75, 8.25],
			"children": [0, 1, 2, 3, 4, 5,
				{
					"name": "group",
					"origin": [15, 23.75, 8.25],
					"children": [6, 7]
				}
			]
		}
	]
}