{
	"credit": "ALTA Commons - All right reserved (c)",
	"ambientocclusion": false,
	"textures": {
		"3": "block/bricks",
		"5": "block/stonecutter_bottom",
		"particle": "block/bricks"
	},
	"elements": [
		{
			"from": [2.225, 28.376, 2.225],
			"to": [13.775, 31.926, 13.775],
			"rotation": {"angle": 0, "axis": "y", "origin": [13.4325, 24, 13.4375]},
			"faces": {
				"north": {"uv": [0, 0, 16, 5.5], "texture": "#5"},
				"east": {"uv": [0, 0, 16, 5.5], "texture": "#5"},
				"south": {"uv": [0, 0, 16, 5.5], "texture": "#5"},
				"west": {"uv": [0, 0, 16, 5.5], "texture": "#5"},
				"up": {"uv": [0, 0, 16, 16], "texture": "#5"},
				"down": {"uv": [0, 0, 16, 5.5], "texture": "#5"}
			}
		},
		{
			"from": [3.1875, 0, 3.1875],
			"to": [12.8125, 28.375, 12.8125],
			"rotation": {"angle": 0, "axis": "y", "origin": [13.6875, 8, 11.1875]},
			"faces": {
				"north": {"uv": [5.125, 0, 10.75, 16], "texture": "#3"},
				"east": {"uv": [5.125, 0, 10.75, 16], "texture": "#3"},
				"south": {"uv": [5.125, 0, 10.75, 16], "texture": "#3"},
				"west": {"uv": [5.125, 0, 10.75, 16], "texture": "#3"},
				"up": {"uv": [5.125, 0, 10.75, 16], "texture": "#3"},
				"down": {"uv": [5.125, 0, 10.75, 16], "texture": "#3"}
			}
		},
		{
			"from": [3.1875, -16, 3.1875],
			"to": [12.8125, 0, 12.8125],
			"rotation": {"angle": 0, "axis": "y", "origin": [13.6875, -8, 11.1875]},
			"faces": {
				"north": {"uv": [5.125, 0, 10.75, 8], "texture": "#3"},
				"east": {"uv": [5.125, 0, 10.75, 8], "texture": "#3"},
				"south": {"uv": [5.125, 0, 10.75, 8], "texture": "#3"},
				"west": {"uv": [5.125, 0, 10.75, 8], "texture": "#3"},
				"up": {"uv": [5.125, 0, 10.75, 8], "texture": "#3"},
				"down": {"uv": [5.125, 0, 10.75, 8], "texture": "#3"}
			}
		},
		{
			"from": [3.4375, 23, 0],
			"to": [12.5625, 26.625, 8],
			"rotation": {"angle": 0, "axis": "y", "origin": [12.78125, 16.5, 8.9375]},
			"faces": {
				"north": {"uv": [0, 7.375, 16, 15.375], "texture": "#5"},
				"east": {"uv": [0, 7.375, 16, 15.375], "texture": "#5"},
				"south": {"uv": [0, 7.375, 16, 15.375], "texture": "#5"},
				"west": {"uv": [0, 7.375, 16, 15.375], "texture": "#5"},
				"up": {"uv": [0, 7.375, 16, 15.375], "texture": "#5"},
				"down": {"uv": [0, 7.375, 16, 15.375], "texture": "#5"}
			}
		},
		{
			"from": [5.75, 4.125, 0],
			"to": [10.25, 23, 8],
			"rotation": {"angle": 0, "axis": "y", "origin": [14.53125, 8, 8.9375]},
			"faces": {
				"north": {"uv": [2.5, 0, 7.75, 13.625], "texture": "#3"},
				"east": {"uv": [2.5, 0, 7.75, 13.625], "texture": "#3"},
				"south": {"uv": [2.5, 0, 7.75, 13.625], "texture": "#3"},
				"west": {"uv": [2.5, 0, 7.75, 13.625], "texture": "#3"},
				"up": {"uv": [2.5, 0, 7.75, 13.625], "texture": "#3"},
				"down": {"uv": [2.5, 0, 7.75, 13.625], "texture": "#3"}
			}
		},
		{
			"from": [5.75, -16, 0],
			"to": [10.25, 4.125, 8],
			"rotation": {"angle": 0, "axis": "y", "origin": [14.53125, -8, 8.9375]},
			"faces": {
				"north": {"uv": [2.5, 1.75, 7.75, 13.75], "texture": "#3"},
				"east": {"uv": [2.5, 1.75, 7.75, 13.75], "texture": "#3"},
				"south": {"uv": [2.5, 1.75, 7.75, 13.75], "texture": "#3"},
				"west": {"uv": [2.5, 1.75, 7.75, 13.75], "texture": "#3"},
				"up": {"uv": [2.5, 1.75, 7.75, 13.75], "texture": "#3"},
				"down": {"uv": [2.5, 1.75, 7.75, 13.75], "texture": "#3"}
			}
		},
		{
			"from": [3.4375, 23, 8],
			"to": [12.5625, 26.625, 16],
			"rotation": {"angle": 0, "axis": "y", "origin": [12.78125, 16.5, 7.0625]},
			"faces": {
				"north": {"uv": [16, 7.375, 0, 15.375], "texture": "#5"},
				"east": {"uv": [16, 7.375, 0, 15.375], "texture": "#5"},
				"south": {"uv": [16, 7.375, 0, 15.375], "texture": "#5"},
				"west": {"uv": [16, 7.375, 0, 15.375], "texture": "#5"},
				"up": {"uv": [16, 7.375, 0, 15.375], "texture": "#5"},
				"down": {"uv": [16, 7.375, 0, 15.375], "texture": "#5"}
			}
		},
		{
			"from": [5.75, 4.125, 8],
			"to": [10.25, 23, 16],
			"rotation": {"angle": 0, "axis": "y", "origin": [14.53125, 8, 7.0625]},
			"faces": {
				"north": {"uv": [7.75, 0, 2.5, 13.625], "texture": "#3"},
				"east": {"uv": [7.75, 0, 2.5, 13.625], "texture": "#3"},
				"south": {"uv": [7.75, 0, 2.5, 13.625], "texture": "#3"},
				"west": {"uv": [7.75, 0, 2.5, 13.625], "texture": "#3"},
				"up": {"uv": [2.5, 13.625, 7.75, 0], "texture": "#3"},
				"down": {"uv": [2.5, 13.625, 7.75, 0], "texture": "#3"}
			}
		},
		{
			"from": [5.75, -16, 8],
			"to": [10.25, 4.125, 16],
			"rotation": {"angle": 0, "axis": "y", "origin": [14.53125, -8, 7.0625]},
			"faces": {
				"north": {"uv": [7.75, 1.75, 2.5, 13.75], "texture": "#3"},
				"east": {"uv": [7.75, 1.75, 2.5, 13.75], "texture": "#3"},
				"south": {"uv": [7.75, 1.75, 2.5, 13.75], "texture": "#3"},
				"west": {"uv": [7.75, 1.75, 2.5, 13.75], "texture": "#3"},
				"up": {"uv": [2.5, 13.75, 7.75, 1.75], "texture": "#3"},
				"down": {"uv": [2.5, 13.75, 7.75, 1.75], "texture": "#3"}
			}
		}
	],
	"display": {
		"thirdperson_righthand": {
			"rotation": [90, 90, 0],
			"translation": [-6, 0, -2.75]
		},
		"thirdperson_lefthand": {
			"rotation": [90, 90, 0],
			"translation": [-6, 0, -2.75]
		},
		"firstperson_righthand": {
			"scale": [0, 0, 0]
		},
		"firstperson_lefthand": {
			"scale": [0, 0, 0]
		},
		"ground": {
			"scale": [0.3, 0.3, 0.3]
		},
		"gui": {
			"rotation": [25, -45, 0],
			"translation": [0.25, 0, 0],
			"scale": [0.6, 0.6, 0.6]
		},
		"head": {
			"translation": [0, -27, 0],
			"scale": [2, 1.5, 2]
		},
		"fixed": {
			"rotation": [-90, -90, 0],
			"translation": [0, 0, -15],
			"scale": [2, 2, 2]
		}
	},
	"groups": [
		{
			"name": "group",
			"origin": [12.4375, 16.625, 12.4375],
			"color": 0,
			"children": [0, 1, 2]
		},
		{
			"name": "polished_blackstone_brick_wall_side",
			"origin": [8, 8, 8],
			"color": 0,
			"children": [
				{
					"name": "group",
					"origin": [12.4375, 8, 12.4375],
					"color": 0,
					"children": [3, 4, 5]
				}
			]
		},
		{
			"name": "polished_blackstone_brick_wall_side",
			"origin": [8, 8, 8],
			"color": 0,
			"children": [
				{
					"name": "group",
					"origin": [12.4375, 8, 12.4375],
					"color": 0,
					"children": [6, 7, 8]
				}
			]
		}
	]
}