{
	"__comment": "Designed_by_Tachibana",
	"textures": {
		"particle": "block/3d/flower2",
		"flower-pot": "block/3d/music/piano2",
		"water": "block/dirt"
	},
	"elements": [ 	 
		{
			"__comment": "Element",
			"from": [ 4.8, 0, 4.8 ],
			"to": [ 11.2, 0.4, 11.2 ],
			"faces": {
				"down": { "uv": [ 11.2, 11.2, 4.8, 4.8 ], "texture": "#flower-pot" },
				"up": { "uv": [ 4.8, 4.8, 11.2, 11.2 ], "texture": "#flower-pot" },
				"north": { "uv": [ 4.8, 15.6, 11.2, 16 ], "texture": "#flower-pot" },
				"south": { "uv": [ 4.8, 15.6, 11.2, 16 ], "texture": "#flower-pot" },
				"west": { "uv": [ 4.8, 15.6, 11.2, 16 ], "texture": "#flower-pot" },
				"east": { "uv": [ 4.8, 15.6, 11.2, 16 ], "texture": "#flower-pot" }
			}
		},
		{
			"__comment": "Element",
			"from": [ 5.2, 0.4, 5.2 ],
			"to": [ 10.8, 0.8, 10.8 ],
			"faces": {
				"down": { "uv": [ 10.8, 10.8, 5.2, 5.2 ], "texture": "#flower-pot" },
				"up": { "uv": [ 5.2, 5.2, 10.8, 10.8 ], "texture": "#flower-pot" },
				"north": { "uv": [ 5.2, 15.2, 10.8, 15.6 ], "texture": "#flower-pot" },
				"south": { "uv": [ 5.2, 15.2, 10.8, 15.6 ], "texture": "#flower-pot" },
				"west": { "uv": [ 5.2, 15.2, 10.8, 15.6 ], "texture": "#flower-pot" },
				"east": { "uv": [ 5.2, 15.2, 10.8, 15.6 ], "texture": "#flower-pot" }
			}
		},
		{
			"__comment": "Element",
			"from": [ 5.6, 0.8, 5.6 ],
			"to": [ 10.4, 1.6, 10.4 ],
			"faces": {
				"down": { "uv": [ 10.4, 10.4, 5.6, 5.6 ], "texture": "#flower-pot" },
				"up": { "uv": [ 5.6, 5.6, 10.4, 10.4 ], "texture": "#flower-pot" },
				"north": { "uv": [ 5.6, 14.4, 10.4, 15.2 ], "texture": "#flower-pot" },
				"south": { "uv": [ 5.6, 14.4, 10.4, 15.2 ], "texture": "#flower-pot" },
				"west": { "uv": [ 5.6, 14.4, 10.4, 15.2 ], "texture": "#flower-pot" },
				"east": { "uv": [ 5.6, 14.4, 10.4, 15.2 ], "texture": "#flower-pot" }
			}
		},
		{
			"__comment": "Element",
			"from": [ 4, 2, 4 ],
			"to": [ 12, 2.4, 12 ],
			"faces": {
				"down": { "uv": [ 12, 12, 4, 4 ], "texture": "#flower-pot" },
				"up": { "uv": [ 4, 4, 12, 12 ], "texture": "#flower-pot" },
				"north": { "uv": [ 4, 13.6, 12, 14 ], "texture": "#flower-pot" },
				"south": { "uv": [ 4, 13.6, 12, 14 ], "texture": "#flower-pot" },
				"west": { "uv": [ 4, 13.6, 12, 14 ], "texture": "#flower-pot" },
				"east": { "uv": [ 4, 13.6, 12, 14 ], "texture": "#flower-pot" }
			}
		},
		{
			"__comment": "Element",
			"from": [ 4.8, 1.6, 4.85 ],
			"to": [ 11.2, 2, 11.25 ],
			"faces": {
				"down": { "uv": [ 11.2, 11.25, 4.8, 4.85 ], "texture": "#flower-pot" },
				"north": { "uv": [ 4.8, 14, 11.2, 14.4 ], "texture": "#flower-pot" },
				"south": { "uv": [ 4.8, 14, 11.2, 14.4 ], "texture": "#flower-pot" },
				"west": { "uv": [ 4.85, 14, 11.25, 14.4 ], "texture": "#flower-pot" },
				"east": { "uv": [ 4.75, 14, 11.15, 14.4 ], "texture": "#flower-pot" }
			}
		},
		{
			"__comment": "Element",
			"from": [ 3.2, 2.4, 3.2 ],
			"to": [ 12.8, 2.8, 4.8 ],
			"faces": {
				"down": { "uv": [ 12.8, 4.8, 3.2, 3.2 ], "texture": "#flower-pot" },
				"up": { "uv": [ 3.2, 3.2, 12.8, 4.8 ], "texture": "#flower-pot" },
				"north": { "uv": [ 3.2, 13.2, 12.8, 13.6 ], "texture": "#flower-pot" },
				"south": { "uv": [ 3.2, 13.2, 12.8, 13.6 ], "texture": "#flower-pot" },
				"west": { "uv": [ 3.2, 13.2, 4.8, 13.6 ], "texture": "#flower-pot" },
				"east": { "uv": [ 11.2, 13.2, 12.8, 13.6 ], "texture": "#flower-pot" }
			}
		},
		{
			"__comment": "Element",
			"from": [ 3.2, 2.4, 11.2 ],
			"to": [ 12.8, 2.8, 12.8 ],
			"faces": {
				"down": { "uv": [ 12.8, 12.8, 3.2, 11.2 ], "texture": "#flower-pot" },
				"up": { "uv": [ 3.2, 11.2, 12.8, 12.8 ], "texture": "#flower-pot" },
				"north": { "uv": [ 3.2, 13.2, 12.8, 13.6 ], "texture": "#flower-pot" },
				"south": { "uv": [ 3.2, 13.2, 12.8, 13.6 ], "texture": "#flower-pot" },
				"west": { "uv": [ 11.2, 13.2, 12.8, 13.6 ], "texture": "#flower-pot" },
				"east": { "uv": [ 3.2, 13.2, 4.8, 13.6 ], "texture": "#flower-pot" }
			}
		},
		{
			"__comment": "Element",
			"from": [ 3.2, 2.4, 4.8 ],
			"to": [ 4.8, 2.8, 11.2 ],
			"faces": {
				"down": { "uv": [ 12.8, 11.2, 11.2, 4.8 ], "texture": "#flower-pot" },
				"up": { "uv": [ 3.2, 4.8, 4.8, 11.2 ], "texture": "#flower-pot" },
				"north": { "uv": [ 11.2, 13.2, 12.8, 13.6 ], "texture": "#flower-pot" },
				"south": { "uv": [ 3.2, 13.2, 4.8, 13.6 ], "texture": "#flower-pot" },
				"west": { "uv": [ 4.8, 13.2, 11.2, 13.6 ], "texture": "#flower-pot" },
				"east": { "uv": [ 4.8, 13.2, 11.2, 13.6 ], "texture": "#flower-pot" }
			}
		},
		{
			"__comment": "Element",
			"from": [ 11.2, 2.4, 4.8 ],
			"to": [ 12.8, 2.8, 11.2 ],
			"faces": {
				"down": { "uv": [ 4.8, 11.2, 3.2, 4.8 ], "texture": "#flower-pot" },
				"up": { "uv": [ 11.2, 4.8, 12.8, 11.2 ], "texture": "#flower-pot" },
				"north": { "uv": [ 3.2, 13.2, 4.8, 13.6 ], "texture": "#flower-pot" },
				"south": { "uv": [ 11.2, 13.2, 12.8, 13.6 ], "texture": "#flower-pot" },
				"west": { "uv": [ 4.8, 13.2, 11.2, 13.6 ], "texture": "#flower-pot" },
				"east": { "uv": [ 4.8, 13.2, 11.2, 13.6 ], "texture": "#flower-pot" }
			}
		},
		{
			"__comment": "Element",
			"from": [ 2.8, 2.8, 2.8 ],
			"to": [ 13.2, 3.2, 4 ],
			"faces": {
				"down": { "uv": [ 13.2, 4, 2.8, 2.8 ], "texture": "#flower-pot" },
				"up": { "uv": [ 2.8, 2.8, 13.2, 4 ], "texture": "#flower-pot" },
				"north": { "uv": [ 2.8, 12.8, 13.2, 13.2 ], "texture": "#flower-pot" },
				"south": { "uv": [ 2.8, 12.8, 13.2, 13.2 ], "texture": "#flower-pot" },
				"west": { "uv": [ 2.8, 12.8, 4, 13.2 ], "texture": "#flower-pot" },
				"east": { "uv": [ 12, 12.8, 13.2, 13.2 ], "texture": "#flower-pot" }
			}
		},
		{
			"__comment": "Element",
			"from": [ 2.8, 2.8, 12 ],
			"to": [ 13.2, 3.2, 13.2 ],
			"faces": {
				"down": { "uv": [ 13.2, 13.2, 2.8, 12 ], "texture": "#flower-pot" },
				"up": { "uv": [ 2.8, 12, 13.2, 13.2 ], "texture": "#flower-pot" },
				"north": { "uv": [ 2.8, 12.8, 13.2, 13.2 ], "texture": "#flower-pot" },
				"south": { "uv": [ 2.8, 12.8, 13.2, 13.2 ], "texture": "#flower-pot" },
				"west": { "uv": [ 12, 12.8, 13.2, 13.2 ], "texture": "#flower-pot" },
				"east": { "uv": [ 2.8, 12.8, 4, 13.2 ], "texture": "#flower-pot" }
			}
		},
		{
			"__comment": "Element",
			"from": [ 12, 2.8, 4 ],
			"to": [ 13.2, 3.2, 12 ],
			"faces": {
				"down": { "uv": [ 4, 12, 2.8, 4 ], "texture": "#flower-pot" },
				"up": { "uv": [ 12, 4, 13.2, 12 ], "texture": "#flower-pot" },
				"north": { "uv": [ 2.8, 12.8, 4, 13.2 ], "texture": "#flower-pot" },
				"south": { "uv": [ 12, 12.8, 13.2, 13.2 ], "texture": "#flower-pot" },
				"west": { "uv": [ 4, 12.8, 12, 13.2 ], "texture": "#flower-pot" },
				"east": { "uv": [ 4, 12.8, 12, 13.2 ], "texture": "#flower-pot" }
			}
		},
		{
			"__comment": "Element",
			"from": [ 2.8, 2.8, 4 ],
			"to": [ 4, 3.2, 12 ],
			"faces": {
				"down": { "uv": [ 13.2, 12, 12, 4 ], "texture": "#flower-pot" },
				"up": { "uv": [ 2.8, 4, 4, 12 ], "texture": "#flower-pot" },
				"north": { "uv": [ 12, 12.8, 13.2, 13.2 ], "texture": "#flower-pot" },
				"south": { "uv": [ 2.8, 12.8, 4, 13.2 ], "texture": "#flower-pot" },
				"west": { "uv": [ 4, 12.8, 12, 13.2 ], "texture": "#flower-pot" },
				"east": { "uv": [ 4, 12.8, 12, 13.2 ], "texture": "#flower-pot" }
			}
		},
		{
			"__comment": "Element",
			"from": [ 2.4, 3.2, 2.4 ],
			"to": [ 13.6, 4, 3.2 ],
			"faces": {
				"down": { "uv": [ 13.6, 3.2, 2.4, 2.4 ], "texture": "#flower-pot" },
				"up": { "uv": [ 2.4, 2.4, 13.6, 3.2 ], "texture": "#flower-pot" },
				"north": { "uv": [ 2.4, 12, 13.6, 12.8 ], "texture": "#flower-pot" },
				"south": { "uv": [ 2.4, 12, 13.6, 12.8 ], "texture": "#flower-pot" },
				"west": { "uv": [ 2.4, 12, 3.2, 12.8 ], "texture": "#flower-pot" },
				"east": { "uv": [ 12.8, 12, 13.6, 12.8 ], "texture": "#flower-pot" }
			}
		},
		{
			"__comment": "Element",
			"from": [ 2.4, 3.2, 12.8 ],
			"to": [ 13.6, 4, 13.6 ],
			"faces": {
				"down": { "uv": [ 13.6, 13.6, 2.4, 12.8 ], "texture": "#flower-pot" },
				"up": { "uv": [ 2.4, 12.8, 13.6, 13.6 ], "texture": "#flower-pot" },
				"north": { "uv": [ 2.4, 12, 13.6, 12.8 ], "texture": "#flower-pot" },
				"south": { "uv": [ 2.4, 12, 13.6, 12.8 ], "texture": "#flower-pot" },
				"west": { "uv": [ 12.8, 12, 13.6, 12.8 ], "texture": "#flower-pot" },
				"east": { "uv": [ 2.4, 12, 3.2, 12.8 ], "texture": "#flower-pot" }
			}
		},
		{
			"__comment": "Element",
			"from": [ 12.8, 3.2, 3.2 ],
			"to": [ 13.6, 4, 12.8 ],
			"faces": {
				"down": { "uv": [ 3.2, 12.8, 2.4, 3.2 ], "texture": "#flower-pot" },
				"up": { "uv": [ 12.8, 3.2, 13.6, 12.8 ], "texture": "#flower-pot" },
				"north": { "uv": [ 2.4, 12, 3.2, 12.8 ], "texture": "#flower-pot" },
				"south": { "uv": [ 12.8, 12, 13.6, 12.8 ], "texture": "#flower-pot" },
				"west": { "uv": [ 3.2, 12, 12.8, 12.8 ], "texture": "#flower-pot" },
				"east": { "uv": [ 3.2, 12, 12.8, 12.8 ], "texture": "#flower-pot" }
			}
		},
		{
			"__comment": "Element",
			"from": [ 2.4, 3.2, 3.2 ],
			"to": [ 3.2, 4, 12.8 ],
			"faces": {
				"down": { "uv": [ 13.6, 12.8, 12.8, 3.2 ], "texture": "#flower-pot" },
				"up": { "uv": [ 2.4, 3.2, 3.2, 12.8 ], "texture": "#flower-pot" },
				"north": { "uv": [ 12.8, 12, 13.6, 12.8 ], "texture": "#flower-pot" },
				"south": { "uv": [ 2.4, 12, 3.2, 12.8 ], "texture": "#flower-pot" },
				"west": { "uv": [ 3.2, 12, 12.8, 12.8 ], "texture": "#flower-pot" },
				"east": { "uv": [ 3.2, 12, 12.8, 12.8 ], "texture": "#flower-pot" }
			}
		},
		{
			"__comment": "Element",
			"from": [ 4, 2.75, 4 ],
			"to": [ 12, 2.85, 12 ],
			"faces": {
				"up": { "uv": [ 4, 4, 12, 12 ], "texture": "#water" }
			}
		},
		{
			"__comment": "Element",
			"from": [ 8, 2, -9 ],
			"to": [ 8.0625, 30.5, 25 ],
			"faces": {
				"west": { "uv": [ 0, 0, 16, 16 ], "texture": "#particle" },
				"east": { "uv": [ 0, 0, 16, 16 ], "texture": "#particle" }
			}
		},
		{
			"__comment": "Element",
			"from": [ -9, 2, 8 ],
			"to": [ 25, 30.5, 8.0625 ],
			"faces": {
				"north": { "uv": [ 0, 0, 16, 16 ], "texture": "#particle" },
				"south": { "uv": [ 0, 0, 16, 16 ], "texture": "#particle" }
			}
		}
	]
}