{
  "__comment": "Designed_by_Oldfarmer_with_Cubik_Studio_-_https://cubik.studio",
  "parent": "block/tinted_cross",
  "textures": {
    "particle": "block/cyan_concrete_powder",
    "fluff": "block/acacia_sapling",
    "dirt": "block/pink_concrete_powder",
    "texture1": "block/cyan_concrete_powder"
  },
  "elements": [
    {
      "__comment": "Element",
      "from": [
        4.5,
        0,
        6
      ],
      "to": [
        9.54,
        3.24,
        11.04
      ],
      "faces": {
        "up": {
          "uv": [
            5,
            5,
            11,
            11
          ],
          "texture": "#dirt"
        }
      }
    },
    {
      "__comment": "Box12",
      "from": [
        1.98,
        4.092,
        1.968
      ],
      "to": [
        13.572,
        4.2216,
        13.56
      ],
      "faces": {
        "down": {
          "uv": [
            0,
            0,
            15.5,
            16
          ],
          "texture": "#dirt"
        },
        "up": {
          "uv": [
            0,
            0,
            16,
            16
          ],
          "texture": "#dirt"
        },
        "north": {
          "uv": [
            6,
            8.3,
            16,
            8.5
          ],
          "texture": "#dirt"
        },
        "south": {
          "uv": [
            0,
            8.3,
            10,
            8.5
          ],
          "texture": "#dirt"
        },
        "west": {
          "uv": [
            5,
            8.3,
            16,
            8.5
          ],
          "texture": "#texture"
        },
        "east": {
          "uv": [
            0,
            8.3,
            11,
            8.5
          ],
          "texture": "#dirt"
        }
      }
    },
    {
      "__comment": "Box13",
      "from": [
        2.82,
        2.22,
        2.64
      ],
      "to": [
        3.828,
        5.46,
        3.648
      ],
      "faces": {
        "down": {
          "uv": [
            2.3,
            12.7,
            3.3,
            13.7
          ],
          "texture": "#texture1"
        },
        "up": {
          "uv": [
            5,
            3.5,
            6,
            4
          ],
          "texture": "#texture1"
        },
        "north": {
          "uv": [
            12.7,
            12.0119,
            13.7,
            13.2419
          ],
          "texture": "#texture1"
        },
        "south": {
          "uv": [
            11.5,
            4,
            12.5,
            6.5
          ],
          "texture": "#texture1"
        },
        "west": {
          "uv": [
            2.3,
            12.0119,
            3.3,
            13.2419
          ],
          "texture": "#texture1"
        },
        "east": {
          "uv": [
            11.5,
            4,
            12.5,
            6.5
          ],
          "texture": "#texture1"
        }
      }
    },
    {
      "__comment": "Box13",
      "from": [
        11.892,
        2.22,
        11.712
      ],
      "to": [
        12.9,
        5.46,
        12.72
      ],
      "faces": {
        "down": {
          "uv": [
            12.3,
            12.7,
            13.3,
            13.7
          ],
          "texture": "#texture1"
        },
        "up": {
          "uv": [
            5.5,
            3.5,
            6.5,
            4
          ],
          "texture": "#texture1"
        },
        "north": {
          "uv": [
            11.5,
            4,
            12.5,
            6.5
          ],
          "texture": "#texture1"
        },
        "south": {
          "uv": [
            7,
            5.5,
            7.5,
            6
          ],
          "texture": "#texture1"
        },
        "west": {
          "uv": [
            11.5,
            4,
            12.5,
            6.5
          ],
          "texture": "#texture1"
        },
        "east": {
          "uv": [
            12,
            10,
            13,
            11.23
          ],
          "texture": "#texture1"
        }
      }
    },
    {
      "__comment": "Box13",
      "from": [
        2.82,
        2.196,
        12.16
      ],
      "to": [
        3.828,
        5.436,
        13.168
      ],
      "faces": {
        "down": {
          "uv": [
            2.3,
            2.2,
            3.3,
            3.2
          ],
          "texture": "#texture1"
        },
        "up": {
          "uv": [
            5,
            3.5,
            5.5,
            4
          ],
          "texture": "#texture1"
        },
        "north": {
          "uv": [
            11.5,
            4,
            12.5,
            6.5
          ],
          "texture": "#texture1"
        },
        "south": {
          "uv": [
            2.3,
            12.0119,
            3.3,
            13.2419
          ],
          "texture": "#texture1"
        },
        "west": {
          "uv": [
            12,
            10.5,
            13,
            11.73
          ],
          "texture": "#texture1"
        },
        "east": {
          "uv": [
            11,
            4,
            12,
            6.5
          ],
          "texture": "#texture1"
        }
      }
    },
    {
      "__comment": "Box13",
      "from": [
        11.892,
        2.22,
        2.64
      ],
      "to": [
        12.9,
        5.46,
        3.648
      ],
      "faces": {
        "down": {
          "uv": [
            12.3,
            12.7,
            13.3,
            13.7
          ],
          "texture": "#texture1"
        },
        "up": {
          "uv": [
            5,
            3.5,
            5.5,
            4
          ],
          "texture": "#texture1"
        },
        "north": {
          "uv": [
            2.7,
            12.0119,
            3.7,
            13.2419
          ],
          "texture": "#texture1"
        },
        "south": {
          "uv": [
            11.5,
            4,
            12.5,
            6.5
          ],
          "texture": "#texture1"
        },
        "west": {
          "uv": [
            11,
            4,
            12,
            6.5
          ],
          "texture": "#texture1"
        },
        "east": {
          "uv": [
            12.7,
            12.0119,
            13.7,
            13.2419
          ],
          "texture": "#texture1"
        }
      }
    },
    {
      "__comment": "Element",
      "from": [
        8,
        3.95,
        -5
      ],
      "to": [
        8.0012,
        29.6,
        20.2
      ],
      "shade": false,
      "faces": {
        "west": {
          "uv": [
            0,
            0,
            16,
            16
          ],
          "texture": "#fluff",
          "tintindex": 0
        },
        "east": {
          "uv": [
            0,
            0,
            16,
            16
          ],
          "texture": "#fluff",
          "tintindex": 0
        }
      }
    },
    {
      "__comment": "Element",
      "from": [
        -4.6,
        3.95,
        7.6
      ],
      "to": [
        20.6,
        29.6,
        7.6012
      ],
      "shade": false,
      "faces": {
        "north": {
          "uv": [
            0,
            0,
            16,
            16
          ],
          "texture": "#fluff",
          "tintindex": 0
        },
        "south": {
          "uv": [
            0,
            0,
            16,
            16
          ],
          "texture": "#fluff",
          "tintindex": 0
        }
      }
    },
    {
      "__comment": "Box12",
      "from": [
        1.308,
        0.216,
        1.134
      ],
      "to": [
        14.412,
        0.3456,
        14.238
      ],
      "faces": {
        "down": {
          "uv": [
            8,
            0,
            16,
            8
          ],
          "texture": "#texture1"
        },
        "up": {
          "uv": [
            0,
            0,
            16,
            16
          ],
          "texture": "#texture1"
        },
        "north": {
          "uv": [
            0,
            5,
            4,
            5
          ],
          "texture": "#texture1"
        },
        "south": {
          "uv": [
            0,
            6.5,
            4,
            6.699999
          ],
          "texture": "#texture1"
        },
        "west": {
          "uv": [
            0,
            5.5,
            4.5,
            6
          ],
          "texture": "#texture1"
        },
        "east": {
          "uv": [
            1,
            6,
            4.5,
            6.2
          ],
          "texture": "#texture1"
        }
      }
    },
    {
      "__comment": "Box13",
      "from": [
        12.9,
        0.276,
        1.128
      ],
      "to": [
        14.412,
        5.460001,
        14.232
      ],
      "faces": {
        "down": {
          "uv": [
            2,
            1.5,
            2,
            2.5
          ],
          "texture": "#texture1"
        },
        "up": {
          "uv": [
            4,
            3.5,
            13.5,
            5.5
          ],
          "texture": "#texture1",
          "rotation": 90
        },
        "north": {
          "uv": [
            3,
            2.5,
            7,
            11
          ],
          "texture": "#texture1"
        },
        "south": {
          "uv": [
            3,
            2.5,
            7,
            11
          ],
          "texture": "#texture1"
        },
        "west": {
          "uv": [
            0,
            0,
            13.5,
            7.5
          ],
          "texture": "#texture1"
        },
        "east": {
          "uv": [
            0,
            0,
            13.5,
            7.5
          ],
          "texture": "#texture1"
        }
      }
    },
    {
      "__comment": "Box13",
      "from": [
        2.82,
        0.276,
        12.72
      ],
      "to": [
        12.9,
        5.460001,
        14.232
      ],
      "faces": {
        "down": {
          "uv": [
            2,
            1.5,
            3,
            2.5
          ],
          "texture": "#texture1",
          "rotation": 270
        },
        "up": {
          "uv": [
            4,
            3.5,
            12.5,
            5
          ],
          "texture": "#texture1",
          "rotation": 180
        },
        "north": {
          "uv": [
            3,
            2.5,
            14.5,
            10.5
          ],
          "texture": "#texture1"
        },
        "south": {
          "uv": [
            3,
            2.5,
            14.5,
            10.5
          ],
          "texture": "#texture1"
        },
        "west": {
          "uv": [
            2,
            12.024,
            2.3,
            13.244
          ],
          "texture": "#texture1"
        },
        "east": {
          "uv": [
            13.7,
            12.024,
            14,
            13.244
          ],
          "texture": "#texture1"
        }
      }
    },
    {
      "__comment": "Box13",
      "from": [
        1.308,
        0.276,
        1.128
      ],
      "to": [
        2.82,
        5.460001,
        14.232
      ],
      "faces": {
        "down": {
          "uv": [
            2,
            1.5,
            2,
            2.5
          ],
          "texture": "#texture1"
        },
        "up": {
          "uv": [
            4,
            3.5,
            13.5,
            5.5
          ],
          "texture": "#texture1",
          "rotation": 90
        },
        "north": {
          "uv": [
            3,
            2.5,
            7,
            11
          ],
          "texture": "#texture1"
        },
        "south": {
          "uv": [
            3,
            2.5,
            7,
            11
          ],
          "texture": "#texture1"
        },
        "west": {
          "uv": [
            0,
            0,
            13.5,
            7.5
          ],
          "texture": "#texture1"
        },
        "east": {
          "uv": [
            0,
            0,
            13.5,
            7.5
          ],
          "texture": "#texture1"
        }
      }
    },
    {
      "__comment": "Box13",
      "from": [
        2.82,
        0.276,
        1.128
      ],
      "to": [
        12.9,
        5.460001,
        2.64
      ],
      "faces": {
        "down": {
          "uv": [
            2,
            1.5,
            3,
            2.5
          ],
          "texture": "#texture1",
          "rotation": 270
        },
        "up": {
          "uv": [
            4,
            3.5,
            12.5,
            5.5
          ],
          "texture": "#texture1",
          "rotation": 180
        },
        "north": {
          "uv": [
            3,
            2.5,
            14.5,
            10.5
          ],
          "texture": "#texture1"
        },
        "south": {
          "uv": [
            3,
            2.5,
            14.5,
            10.5
          ],
          "texture": "#texture1"
        },
        "west": {
          "uv": [
            3,
            2.5,
            14.5,
            14.5
          ],
          "texture": "#texture1"
        },
        "east": {
          "uv": [
            3,
            2.5,
            14.5,
            14.5
          ],
          "texture": "#texture1"
        }
      }
    }
  ]
}
