{
  "__comment": "Designed_by_Oldfarmer_with_Cubik_Studio_-_https://cubik.studio",
  "parent": "block/tinted_cross",
  "textures": {
    "particle": "block/flower_pot2",
    "fluff": "block/dandelion",
    "flowerpot": "block/flower_pot2",
    "dirt": "block/coarse_dirt",
    "texture": "block/andesite",
    "texture1": "block/3d/shelves/silver",
    "texture2": "block/coal_block",
    "fleur1": "block/red_tulip",
    "fleur2": "block/allium",
    "texture3": "block/vine2"
  },
  "elements": [
    {
      "__comment": "Element",
      "from": [
        0.5,
        2.5905,
        0.45
      ],
      "to": [
        15.5,
        7.3095,
        15.45
      ],
      "faces": {
        "down": {
          "uv": [
            8,
            0,
            16,
            8
          ],
          "texture": "#flowerpot"
        },
        "up": {
          "uv": [
            0,
            0,
            8,
            8
          ],
          "texture": "#flowerpot"
        },
        "north": {
          "uv": [
            0,
            8,
            8,
            11
          ],
          "texture": "#flowerpot"
        },
        "south": {
          "uv": [
            0,
            8,
            8,
            11
          ],
          "texture": "#flowerpot"
        },
        "west": {
          "uv": [
            0,
            8,
            8,
            11
          ],
          "texture": "#flowerpot"
        },
        "east": {
          "uv": [
            0,
            8,
            8,
            11
          ],
          "texture": "#flowerpot"
        }
      }
    },
    {
      "__comment": "Element",
      "from": [
        5,
        7.3095,
        4.95
      ],
      "to": [
        11,
        5.736499,
        10.95
      ],
      "faces": {
        "north": {
          "uv": [
            9,
            9,
            15,
            8
          ],
          "texture": "#flowerpot"
        },
        "south": {
          "uv": [
            9,
            9,
            15,
            8
          ],
          "texture": "#flowerpot"
        },
        "west": {
          "uv": [
            9,
            9,
            15,
            8
          ],
          "texture": "#flowerpot"
        },
        "east": {
          "uv": [
            9,
            9,
            15,
            8
          ],
          "texture": "#flowerpot"
        }
      }
    },
    {
      "__comment": "Element",
      "from": [
        1.5,
        1.1,
        1.45
      ],
      "to": [
        14.5,
        2.673,
        14.45
      ],
      "faces": {
        "down": {
          "uv": [
            9,
            1,
            15,
            7
          ],
          "texture": "#flowerpot"
        },
        "north": {
          "uv": [
            1,
            9.5,
            7,
            10.5
          ],
          "texture": "#flowerpot"
        },
        "south": {
          "uv": [
            1,
            9.5,
            7,
            10.5
          ],
          "texture": "#flowerpot"
        },
        "west": {
          "uv": [
            1,
            9.5,
            7,
            10.5
          ],
          "texture": "#flowerpot"
        },
        "east": {
          "uv": [
            1,
            9.5,
            7,
            10.5
          ],
          "texture": "#flowerpot"
        }
      }
    },
    {
      "__comment": "Element",
      "from": [
        5,
        0,
        4.95
      ],
      "to": [
        11,
        4.719,
        10.95
      ],
      "faces": {
        "down": {
          "uv": [
            9.5,
            1.5,
            14.5,
            6.5
          ],
          "texture": "#flowerpot"
        },
        "up": {
          "uv": [
            5,
            5,
            11,
            11
          ],
          "texture": "#dirt"
        },
        "north": {
          "uv": [
            5,
            10.2635,
            11,
            14.9825
          ],
          "texture": "#flowerpot"
        },
        "south": {
          "uv": [
            5,
            10.2635,
            11,
            14.9825
          ],
          "texture": "#flowerpot"
        },
        "west": {
          "uv": [
            4.95,
            10.2635,
            10.95,
            14.9825
          ],
          "texture": "#flowerpot"
        },
        "east": {
          "uv": [
            5.05,
            10.2635,
            11.05,
            14.9825
          ],
          "texture": "#flowerpot"
        }
      }
    },
    {
      "__comment": "Element",
      "from": [
        0.5,
        5.5,
        11.45
      ],
      "to": [
        16.628,
        15.8818,
        11.45101
      ],
      "shade": false,
      "faces": {
        "north": {
          "uv": [
            0,
            0,
            16,
            16
          ],
          "texture": "#fleur1",
          "tintindex": 0
        },
        "south": {
          "uv": [
            0,
            0,
            16,
            16
          ],
          "texture": "#fleur1",
          "tintindex": 0
        }
      }
    },
    {
      "__comment": "Box12",
      "from": [
        1,
        5.4534,
        0.95
      ],
      "to": [
        15,
        5.768,
        14.95
      ],
      "faces": {
        "down": {
          "uv": [
            0,
            0,
            15.5,
            16
          ],
          "texture": "#dirt"
        },
        "up": {
          "uv": [
            0,
            0,
            16,
            16
          ],
          "texture": "#dirt"
        },
        "north": {
          "uv": [
            6,
            8.3,
            16,
            8.5
          ],
          "texture": "#dirt"
        },
        "south": {
          "uv": [
            0,
            8.3,
            10,
            8.5
          ],
          "texture": "#dirt"
        },
        "west": {
          "uv": [
            5,
            8.3,
            16,
            8.5
          ],
          "texture": "#texture"
        },
        "east": {
          "uv": [
            0,
            8.3,
            11,
            8.5
          ],
          "texture": "#dirt"
        }
      }
    },
    {
      "__comment": "Box13",
      "from": [
        1.5,
        5.3527,
        1.95
      ],
      "to": [
        14.5,
        7.27176,
        2.25
      ],
      "faces": {
        "down": {
          "uv": [
            1.5,
            13.7,
            14.5,
            14
          ],
          "texture": "#texture"
        },
        "up": {
          "uv": [
            1.5,
            2,
            14.5,
            2.3
          ],
          "texture": "#texture"
        },
        "north": {
          "uv": [
            1.5,
            12.024,
            14.5,
            13.244
          ],
          "texture": "#texture"
        },
        "south": {
          "uv": [
            1.5,
            12.024,
            14.5,
            13.244
          ],
          "texture": "#texture"
        },
        "west": {
          "uv": [
            2,
            12.024,
            2.3,
            13.244
          ],
          "texture": "#texture"
        },
        "east": {
          "uv": [
            13.7,
            12.024,
            14,
            13.244
          ],
          "texture": "#texture"
        }
      }
    },
    {
      "__comment": "Box13",
      "from": [
        1.5,
        5.3527,
        13.65
      ],
      "to": [
        14.5,
        7.27176,
        13.95
      ],
      "faces": {
        "down": {
          "uv": [
            1.5,
            2,
            14.5,
            2.3
          ],
          "texture": "#texture"
        },
        "up": {
          "uv": [
            1.5,
            13.7,
            14.5,
            14
          ],
          "texture": "#texture"
        },
        "north": {
          "uv": [
            1.5,
            12.024,
            14.5,
            13.244
          ],
          "texture": "#texture"
        },
        "south": {
          "uv": [
            1.5,
            12.024,
            14.5,
            13.244
          ],
          "texture": "#texture"
        },
        "west": {
          "uv": [
            13.7,
            12.024,
            14,
            13.244
          ],
          "texture": "#texture"
        },
        "east": {
          "uv": [
            2,
            12.024,
            2.3,
            13.244
          ],
          "texture": "#texture"
        }
      }
    },
    {
      "__comment": "Box13",
      "from": [
        13.7,
        5.3527,
        1.45
      ],
      "to": [
        14,
        7.27176,
        14.45
      ],
      "faces": {
        "down": {
          "uv": [
            13.7,
            1.5,
            14,
            14.5
          ],
          "texture": "#texture"
        },
        "up": {
          "uv": [
            13.7,
            1.5,
            14,
            14.5
          ],
          "texture": "#texture"
        },
        "north": {
          "uv": [
            2,
            12.024,
            2.3,
            13.244
          ],
          "texture": "#texture"
        },
        "south": {
          "uv": [
            13.7,
            12.024,
            14,
            13.244
          ],
          "texture": "#texture"
        },
        "west": {
          "uv": [
            1.5,
            12.024,
            14.5,
            13.244
          ],
          "texture": "#texture"
        },
        "east": {
          "uv": [
            1.5,
            12.024,
            14.5,
            13.244
          ],
          "texture": "#texture"
        }
      }
    },
    {
      "__comment": "Box13",
      "from": [
        2,
        5.3527,
        1.45
      ],
      "to": [
        2.3,
        7.27176,
        14.45
      ],
      "faces": {
        "down": {
          "uv": [
            2,
            1.5,
            2.3,
            14.5
          ],
          "texture": "#texture"
        },
        "up": {
          "uv": [
            2,
            1.5,
            2.3,
            14.5
          ],
          "texture": "#texture"
        },
        "north": {
          "uv": [
            13.7,
            12.024,
            14,
            13.244
          ],
          "texture": "#texture"
        },
        "south": {
          "uv": [
            2,
            12.024,
            2.3,
            13.244
          ],
          "texture": "#texture"
        },
        "west": {
          "uv": [
            1.5,
            12.024,
            14.5,
            13.244
          ],
          "texture": "#texture"
        },
        "east": {
          "uv": [
            1.5,
            12.024,
            14.5,
            13.244
          ],
          "texture": "#texture"
        }
      }
    },
    {
      "__comment": "Box13",
      "from": [
        2.3,
        5.356,
        2.25
      ],
      "to": [
        3.3,
        7.29079,
        3.25
      ],
      "faces": {
        "down": {
          "uv": [
            2.3,
            12.7,
            3.3,
            13.7
          ],
          "texture": "#texture"
        },
        "up": {
          "uv": [
            2.3,
            2.3,
            3.3,
            3.3
          ],
          "texture": "#texture"
        },
        "north": {
          "uv": [
            12.7,
            12.0119,
            13.7,
            13.2419
          ],
          "texture": "#texture"
        },
        "south": {
          "uv": [
            2.3,
            12.0119,
            3.3,
            13.2419
          ],
          "texture": "#texture"
        },
        "west": {
          "uv": [
            2.3,
            12.0119,
            3.3,
            13.2419
          ],
          "texture": "#texture"
        },
        "east": {
          "uv": [
            12.7,
            12.0119,
            13.7,
            13.2419
          ],
          "texture": "#texture"
        }
      }
    },
    {
      "__comment": "Box13",
      "from": [
        12.7,
        5.3668,
        12.65
      ],
      "to": [
        13.7,
        7.301589,
        13.65
      ],
      "faces": {
        "down": {
          "uv": [
            12.3,
            12.7,
            13.3,
            13.7
          ],
          "texture": "#texture"
        },
        "up": {
          "uv": [
            12.3,
            2.3,
            13.3,
            3.3
          ],
          "texture": "#texture"
        },
        "north": {
          "uv": [
            2.7,
            12.0119,
            3.7,
            13.2419
          ],
          "texture": "#texture"
        },
        "south": {
          "uv": [
            12.3,
            12.0119,
            13.3,
            13.2419
          ],
          "texture": "#texture"
        },
        "west": {
          "uv": [
            2.3,
            12.0119,
            3.3,
            13.2419
          ],
          "texture": "#texture"
        },
        "east": {
          "uv": [
            12.7,
            12.0119,
            13.7,
            13.2419
          ],
          "texture": "#texture"
        }
      }
    },
    {
      "__comment": "Box13",
      "from": [
        2.3,
        5.356,
        12.65
      ],
      "to": [
        3.3,
        7.29079,
        13.65
      ],
      "faces": {
        "down": {
          "uv": [
            2.3,
            2.2,
            3.3,
            3.2
          ],
          "texture": "#texture"
        },
        "up": {
          "uv": [
            2.3,
            12.8,
            3.3,
            13.8
          ],
          "texture": "#texture"
        },
        "north": {
          "uv": [
            12.7,
            12.0119,
            13.7,
            13.2419
          ],
          "texture": "#texture"
        },
        "south": {
          "uv": [
            2.3,
            12.0119,
            3.3,
            13.2419
          ],
          "texture": "#texture"
        },
        "west": {
          "uv": [
            12.8,
            12.0119,
            13.8,
            13.2419
          ],
          "texture": "#texture"
        },
        "east": {
          "uv": [
            2.2,
            12.0119,
            3.2,
            13.2419
          ],
          "texture": "#texture"
        }
      }
    },
    {
      "__comment": "Box13",
      "from": [
        12.7,
        5.359,
        2.25
      ],
      "to": [
        13.7,
        7.293789,
        3.25
      ],
      "faces": {
        "down": {
          "uv": [
            12.3,
            12.7,
            13.3,
            13.7
          ],
          "texture": "#texture"
        },
        "up": {
          "uv": [
            12.3,
            2.3,
            13.3,
            3.3
          ],
          "texture": "#texture"
        },
        "north": {
          "uv": [
            2.7,
            12.0119,
            3.7,
            13.2419
          ],
          "texture": "#texture"
        },
        "south": {
          "uv": [
            12.3,
            12.0119,
            13.3,
            13.2419
          ],
          "texture": "#texture"
        },
        "west": {
          "uv": [
            2.3,
            12.0119,
            3.3,
            13.2419
          ],
          "texture": "#texture"
        },
        "east": {
          "uv": [
            12.7,
            12.0119,
            13.7,
            13.2419
          ],
          "texture": "#texture"
        }
      }
    },
    {
      "__comment": "Element",
      "from": [
        8,
        6,
        -3.55
      ],
      "to": [
        8.00144,
        16.3818,
        19.49
      ],
      "shade": false,
      "faces": {
        "west": {
          "uv": [
            0,
            10,
            16,
            16
          ],
          "texture": "#fluff",
          "tintindex": 0
        },
        "east": {
          "uv": [
            0,
            10,
            16,
            16
          ],
          "texture": "#fluff",
          "tintindex": 0
        }
      }
    },
    {
      "__comment": "Element",
      "from": [
        4,
        4.5,
        -2.55
      ],
      "to": [
        4.001231,
        12.90926,
        17.1492
      ],
      "shade": false,
      "faces": {
        "west": {
          "uv": [
            0,
            2,
            16,
            10.5
          ],
          "texture": "#fleur2",
          "tintindex": 0
        },
        "east": {
          "uv": [
            0,
            2,
            16,
            10.5
          ],
          "texture": "#fleur2",
          "tintindex": 0
        }
      }
    },
    {
      "__comment": "Element",
      "from": [
        12,
        4.5,
        -1.55
      ],
      "to": [
        12.00123,
        12.90926,
        18.1492
      ],
      "shade": false,
      "faces": {
        "west": {
          "uv": [
            0,
            2,
            16,
            10.5
          ],
          "texture": "#fleur2",
          "tintindex": 0
        },
        "east": {
          "uv": [
            0,
            2,
            16,
            10.5
          ],
          "texture": "#fleur2",
          "tintindex": 0
        }
      }
    },
    {
      "__comment": "Element",
      "from": [
        -0.5,
        5,
        4.95
      ],
      "to": [
        15.628,
        15.3818,
        4.951008
      ],
      "shade": false,
      "faces": {
        "north": {
          "uv": [
            16,
            0,
            0,
            16
          ],
          "texture": "#fleur1",
          "tintindex": 0
        },
        "south": {
          "uv": [
            16,
            0,
            0,
            16
          ],
          "texture": "#fleur1",
          "tintindex": 0
        }
      }
    },
    {
      "__comment": "Box21",
      "from": [
        1,
        7,
        7.86
      ],
      "to": [
        1.3,
        16.8,
        8.16
      ],
      "rotation": {
        "origin": [
          1,
          7,
          7.86
        ],
        "axis": "z",
        "angle": -45
      },
      "faces": {
        "down": {
          "uv": [
            2,
            8,
            2.5,
            8.5
          ],
          "texture": "#flowerpot"
        },
        "up": {
          "uv": [
            2,
            7.5,
            2.5,
            8
          ],
          "texture": "#flowerpot"
        },
        "north": {
          "uv": [
            8,
            0,
            8.5,
            8
          ],
          "texture": "#flowerpot"
        },
        "south": {
          "uv": [
            8,
            0,
            8.5,
            8
          ],
          "texture": "#flowerpot"
        },
        "west": {
          "uv": [
            8,
            0,
            8.5,
            8
          ],
          "texture": "#flowerpot"
        },
        "east": {
          "uv": [
            8,
            0,
            8.5,
            8
          ],
          "texture": "#flowerpot"
        }
      }
    },
    {
      "__comment": "Box21",
      "from": [
        8.0075,
        13.7075,
        7.86
      ],
      "to": [
        17.5075,
        14.0075,
        8.16
      ],
      "rotation": {
        "origin": [
          8,
          14,
          7.86
        ],
        "axis": "z",
        "angle": -45
      },
      "faces": {
        "down": {
          "uv": [
            8,
            0,
            8.5,
            8
          ],
          "texture": "#flowerpot",
          "rotation": 90
        },
        "up": {
          "uv": [
            8.5,
            8,
            8,
            0
          ],
          "texture": "#flowerpot",
          "rotation": 270
        },
        "north": {
          "uv": [
            8,
            0,
            8.5,
            8
          ],
          "texture": "#flowerpot",
          "rotation": 270
        },
        "south": {
          "uv": [
            8,
            0,
            8.5,
            8
          ],
          "texture": "#flowerpot",
          "rotation": 90
        },
        "west": {
          "uv": [
            2,
            8,
            2.5,
            8.5
          ],
          "texture": "#flowerpot",
          "rotation": 90
        },
        "east": {
          "uv": [
            2.5,
            8,
            2,
            7.5
          ],
          "texture": "#flowerpot",
          "rotation": 270
        }
      }
    },
    {
      "__comment": "Box21",
      "from": [
        7.7,
        14,
        7.71
      ],
      "to": [
        8.3,
        16,
        8.31
      ],
      "faces": {
        "down": {
          "uv": [
            2,
            8,
            2.5,
            8.5
          ],
          "texture": "#flowerpot"
        },
        "up": {
          "uv": [
            2,
            7.5,
            2.5,
            8
          ],
          "texture": "#flowerpot"
        },
        "north": {
          "uv": [
            8,
            0,
            8.5,
            8
          ],
          "texture": "#flowerpot"
        },
        "south": {
          "uv": [
            8,
            0,
            8.5,
            8
          ],
          "texture": "#flowerpot"
        },
        "west": {
          "uv": [
            8,
            0,
            8.5,
            8
          ],
          "texture": "#flowerpot"
        },
        "east": {
          "uv": [
            8,
            0,
            8.5,
            8
          ],
          "texture": "#flowerpot"
        }
      }
    },
    {
      "__comment": "Box21",
      "from": [
        7.65,
        13.75,
        7.66
      ],
      "to": [
        8.349998,
        14.1,
        8.36
      ],
      "faces": {
        "down": {
          "uv": [
            2,
            8,
            2.5,
            8.5
          ],
          "texture": "#texture2"
        },
        "up": {
          "uv": [
            2,
            7.5,
            2.5,
            8
          ],
          "texture": "#texture2"
        },
        "north": {
          "uv": [
            8,
            0,
            8.5,
            8
          ],
          "texture": "#texture2"
        },
        "south": {
          "uv": [
            8,
            0,
            8.5,
            8
          ],
          "texture": "#texture2"
        },
        "west": {
          "uv": [
            8,
            0,
            8.5,
            8
          ],
          "texture": "#texture2"
        },
        "east": {
          "uv": [
            8,
            0,
            8.5,
            8
          ],
          "texture": "#texture2"
        }
      }
    },
    {
      "__comment": "Box21",
      "from": [
        7.3714,
        15.75,
        7.3386
      ],
      "to": [
        8.6714,
        16.1,
        8.638599
      ],
      "faces": {
        "down": {
          "uv": [
            2,
            8,
            2.5,
            8.5
          ],
          "texture": "#texture2"
        },
        "up": {
          "uv": [
            2,
            7.5,
            2.5,
            8
          ],
          "texture": "#texture2"
        },
        "north": {
          "uv": [
            8,
            0,
            8.5,
            8
          ],
          "texture": "#texture2"
        },
        "south": {
          "uv": [
            8,
            0,
            8.5,
            8
          ],
          "texture": "#texture2"
        },
        "west": {
          "uv": [
            8,
            0,
            8.5,
            8
          ],
          "texture": "#texture2"
        },
        "east": {
          "uv": [
            8,
            0,
            8.5,
            8
          ],
          "texture": "#texture2"
        }
      }
    },
    {
      "__comment": "Element",
      "from": [
        15.5,
        -3,
        1.5
      ],
      "to": [
        15.6,
        7.2,
        14.4024
      ],
      "shade": false,
      "faces": {
        "west": {
          "uv": [
            6,
            0,
            0,
            10.5
          ],
          "texture": "#texture3",
          "rotation": 90,
          "tintindex": 0
        },
        "east": {
          "uv": [
            6,
            0,
            0,
            10.5
          ],
          "texture": "#texture3",
          "rotation": 90,
          "tintindex": 0
        }
      }
    },
    {
      "__comment": "Element",
      "from": [
        0.45,
        -3,
        1.5
      ],
      "to": [
        0.55,
        7.2,
        14.4024
      ],
      "shade": false,
      "faces": {
        "west": {
          "uv": [
            6,
            10.5,
            0,
            0
          ],
          "texture": "#texture3",
          "rotation": 90,
          "tintindex": 0
        },
        "east": {
          "uv": [
            6,
            10.5,
            0,
            0
          ],
          "texture": "#texture3",
          "rotation": 90,
          "tintindex": 0
        }
      }
    },
    {
      "__comment": "Element",
      "from": [
        1,
        -1.75,
        15.5
      ],
      "to": [
        15,
        7.25,
        15.501
      ],
      "shade": false,
      "faces": {
        "north": {
          "uv": [
            9.5,
            0,
            0,
            16
          ],
          "texture": "#texture3",
          "rotation": 90,
          "tintindex": 0
        },
        "south": {
          "uv": [
            9.5,
            0,
            0,
            16
          ],
          "texture": "#texture3",
          "rotation": 90,
          "tintindex": 0
        }
      }
    },
    {
      "__comment": "Element",
      "from": [
        1,
        -1.75,
        0.4
      ],
      "to": [
        15,
        7.25,
        0.401
      ],
      "shade": false,
      "faces": {
        "north": {
          "uv": [
            9.5,
            0,
            0,
            16
          ],
          "texture": "#texture3",
          "rotation": 90,
          "tintindex": 0
        },
        "south": {
          "uv": [
            9.5,
            0,
            0,
            16
          ],
          "texture": "#texture3",
          "rotation": 90,
          "tintindex": 0
        }
      }
    }
  ]
}
