{
  "__comment": "Designed_by_Oldfarmer_with_Cubik_Studio_-_https://cubik.studio",
  "parent": "block/tinted_cross",
  "textures": {
    "particle": "block/flower_pot2",
    "fluff": "block/dandelion",
    "flowerpot": "block/flower_pot2",
    "dirt": "block/podzol_top",
    "texture": "block/andesite"
  },
  "elements": [
    {
      "__comment": "Element",
      "from": [
        0.5,
        1,
        0.5
      ],
      "to": [
        15.5,
        4,
        15.5
      ],
      "faces": {
        "down": {
          "uv": [
            8,
            0,
            16,
            8
          ],
          "texture": "#flowerpot"
        },
        "up": {
          "uv": [
            0,
            0,
            8,
            8
          ],
          "texture": "#flowerpot"
        },
        "north": {
          "uv": [
            0,
            8,
            8,
            11
          ],
          "texture": "#flowerpot"
        },
        "south": {
          "uv": [
            0,
            8,
            8,
            11
          ],
          "texture": "#flowerpot"
        },
        "west": {
          "uv": [
            0,
            8,
            8,
            11
          ],
          "texture": "#flowerpot"
        },
        "east": {
          "uv": [
            0,
            8,
            8,
            11
          ],
          "texture": "#flowerpot"
        }
      }
    },
    {
      "__comment": "Element",
      "from": [
        5,
        4,
        5
      ],
      "to": [
        11,
        3,
        11
      ],
      "faces": {
        "north": {
          "uv": [
            9,
            9,
            15,
            8
          ],
          "texture": "#flowerpot"
        },
        "south": {
          "uv": [
            9,
            9,
            15,
            8
          ],
          "texture": "#flowerpot"
        },
        "west": {
          "uv": [
            9,
            9,
            15,
            8
          ],
          "texture": "#flowerpot"
        },
        "east": {
          "uv": [
            9,
            9,
            15,
            8
          ],
          "texture": "#flowerpot"
        }
      }
    },
    {
      "__comment": "Element",
      "from": [
        5,
        0,
        5
      ],
      "to": [
        11,
        1,
        11
      ],
      "faces": {
        "down": {
          "uv": [
            9,
            1,
            15,
            7
          ],
          "texture": "#flowerpot"
        },
        "north": {
          "uv": [
            1,
            11,
            7,
            12
          ],
          "texture": "#flowerpot"
        },
        "south": {
          "uv": [
            1,
            11,
            7,
            12
          ],
          "texture": "#flowerpot"
        },
        "west": {
          "uv": [
            1,
            11,
            7,
            12
          ],
          "texture": "#flowerpot"
        },
        "east": {
          "uv": [
            1,
            11,
            7,
            12
          ],
          "texture": "#flowerpot"
        }
      }
    },
    {
      "__comment": "Element",
      "from": [
        5,
        0,
        5
      ],
      "to": [
        11,
        3,
        11
      ],
      "faces": {
        "up": {
          "uv": [
            5,
            5,
            11,
            11
          ],
          "texture": "#dirt"
        }
      }
    },
    {
      "__comment": "Element",
      "from": [
        0,
        2,
        10.5
      ],
      "to": [
        16,
        8,
        10.501
      ],
      "shade": false,
      "faces": {
        "north": {
          "uv": [
            0,
            10,
            16,
            16
          ],
          "texture": "#fluff",
          "tintindex": 0
        },
        "south": {
          "uv": [
            0,
            10,
            16,
            16
          ],
          "texture": "#fluff",
          "tintindex": 0
        }
      }
    },
    {
      "__comment": "Box12",
      "from": [
        1,
        2.82,
        1
      ],
      "to": [
        15,
        3.02,
        15
      ],
      "faces": {
        "down": {
          "uv": [
            0,
            0,
            15.5,
            16
          ],
          "texture": "#dirt"
        },
        "up": {
          "uv": [
            0,
            0,
            16,
            16
          ],
          "texture": "#dirt"
        },
        "north": {
          "uv": [
            6,
            8.3,
            16,
            8.5
          ],
          "texture": "#dirt"
        },
        "south": {
          "uv": [
            0,
            8.3,
            10,
            8.5
          ],
          "texture": "#dirt"
        },
        "west": {
          "uv": [
            5,
            8.3,
            16,
            8.5
          ],
          "texture": "#texture"
        },
        "east": {
          "uv": [
            0,
            8.3,
            11,
            8.5
          ],
          "texture": "#dirt"
        }
      }
    },
    {
      "__comment": "Box13",
      "from": [
        1.5,
        2.756,
        2
      ],
      "to": [
        14.5,
        3.976,
        2.3
      ],
      "faces": {
        "down": {
          "uv": [
            1.5,
            13.7,
            14.5,
            14
          ],
          "texture": "#texture"
        },
        "up": {
          "uv": [
            1.5,
            2,
            14.5,
            2.3
          ],
          "texture": "#texture"
        },
        "north": {
          "uv": [
            1.5,
            12.024,
            14.5,
            13.244
          ],
          "texture": "#texture"
        },
        "south": {
          "uv": [
            1.5,
            12.024,
            14.5,
            13.244
          ],
          "texture": "#texture"
        },
        "west": {
          "uv": [
            2,
            12.024,
            2.3,
            13.244
          ],
          "texture": "#texture"
        },
        "east": {
          "uv": [
            13.7,
            12.024,
            14,
            13.244
          ],
          "texture": "#texture"
        }
      }
    },
    {
      "__comment": "Box13",
      "from": [
        1.5,
        2.756,
        13.7
      ],
      "to": [
        14.5,
        3.976,
        14
      ],
      "faces": {
        "down": {
          "uv": [
            1.5,
            2,
            14.5,
            2.3
          ],
          "texture": "#texture"
        },
        "up": {
          "uv": [
            1.5,
            13.7,
            14.5,
            14
          ],
          "texture": "#texture"
        },
        "north": {
          "uv": [
            1.5,
            12.024,
            14.5,
            13.244
          ],
          "texture": "#texture"
        },
        "south": {
          "uv": [
            1.5,
            12.024,
            14.5,
            13.244
          ],
          "texture": "#texture"
        },
        "west": {
          "uv": [
            13.7,
            12.024,
            14,
            13.244
          ],
          "texture": "#texture"
        },
        "east": {
          "uv": [
            2,
            12.024,
            2.3,
            13.244
          ],
          "texture": "#texture"
        }
      }
    },
    {
      "__comment": "Box13",
      "from": [
        13.7,
        2.756,
        1.5
      ],
      "to": [
        14,
        3.976,
        14.5
      ],
      "faces": {
        "down": {
          "uv": [
            13.7,
            1.5,
            14,
            14.5
          ],
          "texture": "#texture"
        },
        "up": {
          "uv": [
            13.7,
            1.5,
            14,
            14.5
          ],
          "texture": "#texture"
        },
        "north": {
          "uv": [
            2,
            12.024,
            2.3,
            13.244
          ],
          "texture": "#texture"
        },
        "south": {
          "uv": [
            13.7,
            12.024,
            14,
            13.244
          ],
          "texture": "#texture"
        },
        "west": {
          "uv": [
            1.5,
            12.024,
            14.5,
            13.244
          ],
          "texture": "#texture"
        },
        "east": {
          "uv": [
            1.5,
            12.024,
            14.5,
            13.244
          ],
          "texture": "#texture"
        }
      }
    },
    {
      "__comment": "Box13",
      "from": [
        2,
        2.756,
        1.5
      ],
      "to": [
        2.3,
        3.976,
        14.5
      ],
      "faces": {
        "down": {
          "uv": [
            2,
            1.5,
            2.3,
            14.5
          ],
          "texture": "#texture"
        },
        "up": {
          "uv": [
            2,
            1.5,
            2.3,
            14.5
          ],
          "texture": "#texture"
        },
        "north": {
          "uv": [
            13.7,
            12.024,
            14,
            13.244
          ],
          "texture": "#texture"
        },
        "south": {
          "uv": [
            2,
            12.024,
            2.3,
            13.244
          ],
          "texture": "#texture"
        },
        "west": {
          "uv": [
            1.5,
            12.024,
            14.5,
            13.244
          ],
          "texture": "#texture"
        },
        "east": {
          "uv": [
            1.5,
            12.024,
            14.5,
            13.244
          ],
          "texture": "#texture"
        }
      }
    },
    {
      "__comment": "Box13",
      "from": [
        2.3,
        2.7581,
        2.3
      ],
      "to": [
        3.3,
        3.9881,
        3.3
      ],
      "faces": {
        "down": {
          "uv": [
            2.3,
            12.7,
            3.3,
            13.7
          ],
          "texture": "#texture"
        },
        "up": {
          "uv": [
            2.3,
            2.3,
            3.3,
            3.3
          ],
          "texture": "#texture"
        },
        "north": {
          "uv": [
            12.7,
            12.0119,
            13.7,
            13.2419
          ],
          "texture": "#texture"
        },
        "south": {
          "uv": [
            2.3,
            12.0119,
            3.3,
            13.2419
          ],
          "texture": "#texture"
        },
        "west": {
          "uv": [
            2.3,
            12.0119,
            3.3,
            13.2419
          ],
          "texture": "#texture"
        },
        "east": {
          "uv": [
            12.7,
            12.0119,
            13.7,
            13.2419
          ],
          "texture": "#texture"
        }
      }
    },
    {
      "__comment": "Box13",
      "from": [
        12.7,
        2.765,
        12.7
      ],
      "to": [
        13.7,
        3.995,
        13.7
      ],
      "faces": {
        "down": {
          "uv": [
            12.3,
            12.7,
            13.3,
            13.7
          ],
          "texture": "#texture"
        },
        "up": {
          "uv": [
            12.3,
            2.3,
            13.3,
            3.3
          ],
          "texture": "#texture"
        },
        "north": {
          "uv": [
            2.7,
            12.0119,
            3.7,
            13.2419
          ],
          "texture": "#texture"
        },
        "south": {
          "uv": [
            12.3,
            12.0119,
            13.3,
            13.2419
          ],
          "texture": "#texture"
        },
        "west": {
          "uv": [
            2.3,
            12.0119,
            3.3,
            13.2419
          ],
          "texture": "#texture"
        },
        "east": {
          "uv": [
            12.7,
            12.0119,
            13.7,
            13.2419
          ],
          "texture": "#texture"
        }
      }
    },
    {
      "__comment": "Box13",
      "from": [
        2.3,
        2.7581,
        12.7
      ],
      "to": [
        3.3,
        3.9881,
        13.7
      ],
      "faces": {
        "down": {
          "uv": [
            2.3,
            2.2,
            3.3,
            3.2
          ],
          "texture": "#texture"
        },
        "up": {
          "uv": [
            2.3,
            12.8,
            3.3,
            13.8
          ],
          "texture": "#texture"
        },
        "north": {
          "uv": [
            12.7,
            12.0119,
            13.7,
            13.2419
          ],
          "texture": "#texture"
        },
        "south": {
          "uv": [
            2.3,
            12.0119,
            3.3,
            13.2419
          ],
          "texture": "#texture"
        },
        "west": {
          "uv": [
            12.8,
            12.0119,
            13.8,
            13.2419
          ],
          "texture": "#texture"
        },
        "east": {
          "uv": [
            2.2,
            12.0119,
            3.2,
            13.2419
          ],
          "texture": "#texture"
        }
      }
    },
    {
      "__comment": "Box13",
      "from": [
        12.7,
        2.76,
        2.3
      ],
      "to": [
        13.7,
        3.99,
        3.3
      ],
      "faces": {
        "down": {
          "uv": [
            12.3,
            12.7,
            13.3,
            13.7
          ],
          "texture": "#texture"
        },
        "up": {
          "uv": [
            12.3,
            2.3,
            13.3,
            3.3
          ],
          "texture": "#texture"
        },
        "north": {
          "uv": [
            2.7,
            12.0119,
            3.7,
            13.2419
          ],
          "texture": "#texture"
        },
        "south": {
          "uv": [
            12.3,
            12.0119,
            13.3,
            13.2419
          ],
          "texture": "#texture"
        },
        "west": {
          "uv": [
            2.3,
            12.0119,
            3.3,
            13.2419
          ],
          "texture": "#texture"
        },
        "east": {
          "uv": [
            12.7,
            12.0119,
            13.7,
            13.2419
          ],
          "texture": "#texture"
        }
      }
    },
    {
      "__comment": "Element",
      "from": [
        7.999,
        3,
        0
      ],
      "to": [
        8,
        9,
        16
      ],
      "shade": false,
      "faces": {
        "west": {
          "uv": [
            0,
            10,
            16,
            16
          ],
          "texture": "#fluff",
          "tintindex": 0
        },
        "east": {
          "uv": [
            0,
            10,
            16,
            16
          ],
          "texture": "#fluff",
          "tintindex": 0
        }
      }
    },
    {
      "__comment": "Element",
      "from": [
        3.499,
        2,
        0
      ],
      "to": [
        3.5,
        8,
        16
      ],
      "shade": false,
      "faces": {
        "west": {
          "uv": [
            0,
            10,
            16,
            16
          ],
          "texture": "#fluff",
          "tintindex": 0
        },
        "east": {
          "uv": [
            0,
            10,
            16,
            16
          ],
          "texture": "#fluff",
          "tintindex": 0
        }
      }
    },
    {
      "__comment": "Element",
      "from": [
        12.499,
        2,
        0
      ],
      "to": [
        12.5,
        8,
        16
      ],
      "shade": false,
      "faces": {
        "west": {
          "uv": [
            0,
            10,
            16,
            16
          ],
          "texture": "#fluff",
          "tintindex": 0
        },
        "east": {
          "uv": [
            0,
            10,
            16,
            16
          ],
          "texture": "#fluff",
          "tintindex": 0
        }
      }
    },
    {
      "__comment": "Element",
      "from": [
        0,
        2.5,
        6
      ],
      "to": [
        16,
        8.5,
        6.001
      ],
      "shade": false,
      "faces": {
        "north": {
          "uv": [
            0,
            10,
            16,
            16
          ],
          "texture": "#fluff",
          "tintindex": 0
        },
        "south": {
          "uv": [
            0,
            10,
            16,
            16
          ],
          "texture": "#fluff",
          "tintindex": 0
        }
      }
    }
  ]
}
