{
  "__comment": "Designed_by_Oldfarmer_with_Cubik_Studio_-_https://cubik.studio",
  "parent": "block/flower_pot_cross",
  "ambientocclusion": false,
  "textures": {
    "plant": "block/pink_tulip",
    "particle": "block/pink_tulip",
    "flowerpot": "block/flower_vase",
    "dirt": "block/coarse_dirt"
  },
  "elements": [
    {
      "__comment": "Element",
      "from": [
        7,
        0,
        7
      ],
      "to": [
        9,
        7,
        9
      ],
      "faces": {
        "down": {
          "uv": [
            14,
            0,
            16,
            2
          ],
          "texture": "#flowerpot"
        },
        "up": {
          "uv": [
            12,
            0,
            14,
            2
          ],
          "texture": "#flowerpot"
        },
        "north": {
          "uv": [
            12,
            2,
            14,
            9
          ],
          "texture": "#flowerpot"
        },
        "south": {
          "uv": [
            12,
            2,
            14,
            9
          ],
          "texture": "#flowerpot"
        },
        "west": {
          "uv": [
            14,
            2,
            16,
            9
          ],
          "texture": "#flowerpot"
        },
        "east": {
          "uv": [
            14,
            2,
            16,
            9
          ],
          "texture": "#flowerpot"
        }
      }
    },
    {
      "__comment": "Element",
      "from": [
        7.5,
        7,
        7.5
      ],
      "to": [
        8.5,
        0,
        8.5
      ],
      "faces": {
        "north": {
          "uv": [
            14,
            9,
            15,
            2
          ],
          "texture": "#flowerpot"
        },
        "south": {
          "uv": [
            14,
            9,
            15,
            2
          ],
          "texture": "#flowerpot"
        },
        "west": {
          "uv": [
            14,
            9,
            15,
            2
          ],
          "texture": "#flowerpot"
        },
        "east": {
          "uv": [
            14,
            9,
            15,
            2
          ],
          "texture": "#flowerpot"
        }
      }
    },
    {
      "__comment": "Element",
      "from": [
        7,
        0,
        7
      ],
      "to": [
        9,
        6,
        9
      ],
      "faces": {
        "up": {
          "uv": [
            7,
            7,
            9,
            9
          ],
          "texture": "#dirt"
        }
      }
    },
    {
      "__comment": "Element",
      "from": [
        8,
        5.4,
        5.2222
      ],
      "to": [
        8.001,
        15.4,
        10.2222
      ],
      "shade": false,
      "faces": {
        "west": {
          "uv": [
            4.5,
            0,
            11,
            11
          ],
          "texture": "#particle"
        },
        "east": {
          "uv": [
            11,
            0,
            4.5,
            11
          ],
          "texture": "#particle"
        }
      }
    },
    {
      "__comment": "Element",
      "from": [
        5.7071,
        5.5,
        7.7929
      ],
      "to": [
        10.7071,
        15.5,
        7.7939
      ],
      "shade": false,
      "faces": {
        "north": {
          "uv": [
            4.5,
            0,
            11,
            10
          ],
          "texture": "#particle"
        },
        "south": {
          "uv": [
            11,
            0,
            4.5,
            10.5
          ],
          "texture": "#particle"
        }
      }
    },
    {
      "__comment": "Box6",
      "from": [
        6.75,
        0,
        6.75
      ],
      "to": [
        9.25,
        0.5,
        9.25
      ],
      "faces": {
        "down": {
          "uv": [
            7.5,
            1.5,
            10.5,
            4.5
          ],
          "texture": "#flowerpot"
        },
        "up": {
          "uv": [
            12,
            6.5,
            14.5,
            9
          ],
          "texture": "#flowerpot"
        },
        "north": {
          "uv": [
            1,
            5,
            4.5,
            7
          ],
          "texture": "#flowerpot"
        },
        "south": {
          "uv": [
            1,
            5,
            4.5,
            7
          ],
          "texture": "#flowerpot"
        },
        "west": {
          "uv": [
            1,
            5,
            4.5,
            7
          ],
          "texture": "#flowerpot"
        },
        "east": {
          "uv": [
            1,
            5,
            4.5,
            7
          ],
          "texture": "#flowerpot"
        }
      }
    },
    {
      "__comment": "Box6",
      "from": [
        6.5,
        0.5,
        6.5
      ],
      "to": [
        9.5,
        2.5,
        9.5
      ],
      "faces": {
        "down": {
          "uv": [
            12,
            6.5,
            14.5,
            9
          ],
          "texture": "#flowerpot"
        },
        "up": {
          "uv": [
            12,
            6.5,
            14.5,
            9
          ],
          "texture": "#flowerpot"
        },
        "north": {
          "uv": [
            12,
            6.5,
            14.5,
            9
          ],
          "texture": "#flowerpot"
        },
        "south": {
          "uv": [
            12,
            6.5,
            15.5,
            9
          ],
          "texture": "#flowerpot"
        },
        "west": {
          "uv": [
            12,
            6.5,
            15,
            9
          ],
          "texture": "#flowerpot"
        },
        "east": {
          "uv": [
            12,
            6.5,
            15,
            9
          ],
          "texture": "#flowerpot"
        }
      }
    },
    {
      "__comment": "Box6",
      "from": [
        6.75,
        2.5,
        6.75
      ],
      "to": [
        9.25,
        5,
        9.25
      ],
      "faces": {
        "down": {
          "uv": [
            12,
            6.5,
            14.5,
            9
          ],
          "texture": "#flowerpot"
        },
        "up": {
          "uv": [
            12,
            6.5,
            14.5,
            9
          ],
          "texture": "#flowerpot"
        },
        "north": {
          "uv": [
            12.5,
            6,
            15,
            8.5
          ],
          "texture": "#flowerpot"
        },
        "south": {
          "uv": [
            12,
            6,
            15.5,
            8.5
          ],
          "texture": "#flowerpot"
        },
        "west": {
          "uv": [
            12,
            6,
            15,
            8.5
          ],
          "texture": "#flowerpot"
        },
        "east": {
          "uv": [
            12,
            6,
            15,
            8.5
          ],
          "texture": "#flowerpot"
        }
      }
    }
  ]
}
