{
	"__comment": "Designed_by_Oldfarmer_with_Cubik_Studio_-_https://cubik.studio",
	"parent": "block/tinted_cross",
	"textures": {
		"particle": "block/3d/glazed_grey/glazed_grey2",
		"fluff": "block/dark_oak_sapling",
		"dirt": "block/coal_block",
		"texture": "block/3d/glazed_grey/glazed_grey3",
		"texture1": "block/3d/glazed_grey/glazed_grey2",
		"water": "block/water_still",
		"coarsedirt": "block/coarse_dirt"
	},
	"elements": [ 	 
		{
			"__comment": "Element",
			"from": [ 8.15, 1.3, 3.55 ],
			"to": [ 8.151199, 12.3, 12.55 ],
			"shade": false,
			"faces": {
				"west": { "uv": [ 0, 0, 16, 16 ], "texture": "#fluff", "tintindex": 0 },
				"east": { "uv": [ 0, 0, 16, 16 ], "texture": "#fluff", "tintindex": 0 }
			}
		},
		{
			"__comment": "Element",
			"from": [ 3.65, 1.3, 8 ],
			"to": [ 12.65, 12.3, 8.0012 ],
			"shade": false,
			"faces": {
				"north": { "uv": [ 0, 0, 16, 16 ], "texture": "#fluff", "tintindex": 0 },
				"south": { "uv": [ 0, 0, 16, 16 ], "texture": "#fluff", "tintindex": 0 }
			}
		},
		{
			"__comment": "Box12",
			"from": [ 5.1, 0, 4.95 ],
			"to": [ 11.1, 0.56, 10.95 ],
			"faces": {
				"down": { "uv": [ 0, 0, 16, 16 ], "texture": "#dirt" },
				"up": { "uv": [ 0, 0, 16, 16 ], "texture": "#dirt" },
				"north": { "uv": [ 0, 5, 16, 6 ], "texture": "#dirt" },
				"south": { "uv": [ 0, 6.5, 16, 7.5 ], "texture": "#dirt" },
				"west": { "uv": [ 0, 5.5, 16, 6.5 ], "texture": "#dirt" },
				"east": { "uv": [ 1, 6, 16, 7 ], "texture": "#dirt" }
			}
		},
		{
			"__comment": "Box12",
			"from": [ 4.25, 0.5, 4.15 ],
			"to": [ 11.894, 1.06, 11.794 ],
			"faces": {
				"down": { "uv": [ 0, 0, 16, 16 ], "texture": "#texture1" },
				"up": { "uv": [ 0, 0, 16, 16 ], "texture": "#texture" },
				"north": { "uv": [ 0, 5, 16, 6.5 ], "texture": "#texture1" },
				"south": { "uv": [ 0, 5, 16, 6.5 ], "texture": "#texture1" },
				"west": { "uv": [ 0, 5.5, 16, 7 ], "texture": "#texture1" },
				"east": { "uv": [ 1, 6, 16, 7 ], "texture": "#texture1" }
			}
		},
		{
			"__comment": "Box12",
			"from": [ 3.6, 1.02, 3.38 ],
			"to": [ 5.31, 1.58, 10.79 ],
			"faces": {
				"down": { "uv": [ 0, 0, 7, 16 ], "texture": "#texture1" },
				"up": { "uv": [ 16, 0.5, 0, 3.5 ], "texture": "#texture1", "rotation": 90 },
				"north": { "uv": [ 2, 10, 8.5, 12 ], "texture": "#texture1" },
				"south": { "uv": [ 0, 6.5, 2.5, 8 ], "texture": "#texture1" },
				"west": { "uv": [ 0, 5.5, 15.5, 7 ], "texture": "#texture1" },
				"east": { "uv": [ 1, 6, 15, 6.5 ], "texture": "#texture1" }
			}
		},
		{
			"__comment": "Box12",
			"from": [ 5.3, 1.02, 3.38 ],
			"to": [ 12.72, 1.58, 5.09 ],
			"faces": {
				"down": { "uv": [ 0, 0, 16, 3.5 ], "texture": "#texture1" },
				"up": { "uv": [ 0, 0.5, 16, 3.5 ], "texture": "#texture1", "rotation": 180 },
				"north": { "uv": [ 0, 5.5, 15.5, 7 ], "texture": "#texture1" },
				"south": { "uv": [ 1, 6, 15, 6.5 ], "texture": "#texture1" },
				"west": { "uv": [ 0.5, 5.5, 3, 7 ], "texture": "#texture1" },
				"east": { "uv": [ 3.5, 6, 10, 7.5 ], "texture": "#texture1" }
			}
		},
		{
			"__comment": "Box12",
			"from": [ 3.6, 1.02, 10.79 ],
			"to": [ 11.01, 1.58, 12.5 ],
			"faces": {
				"down": { "uv": [ 0, 0.5, 16, 3.5 ], "texture": "#texture1", "rotation": 180 },
				"up": { "uv": [ 0, 0.5, 16, 3.5 ], "texture": "#texture1" },
				"north": { "uv": [ 1, 6, 15, 6.5 ], "texture": "#texture1" },
				"south": { "uv": [ 0, 5.5, 15.5, 7 ], "texture": "#texture1" },
				"west": { "uv": [ 5, 6, 10.5, 7.5 ], "texture": "#texture1" },
				"east": { "uv": [ 0, 6.5, 2.5, 8 ], "texture": "#texture1" }
			}
		},
		{
			"__comment": "Box12",
			"from": [ 11.01, 1.02, 5.08 ],
			"to": [ 12.72, 1.58, 12.5 ],
			"faces": {
				"down": { "uv": [ 0, 0, 7, 16 ], "texture": "#texture1", "rotation": 180 },
				"up": { "uv": [ 0, 0.5, 16, 3.5 ], "texture": "#texture1", "rotation": 270 },
				"north": { "uv": [ 0, 6.5, 2.5, 8 ], "texture": "#texture1" },
				"south": { "uv": [ 3.5, 5.5, 9, 7 ], "texture": "#texture1" },
				"west": { "uv": [ 1, 6, 15, 6.5 ], "texture": "#texture1" },
				"east": { "uv": [ 0, 5.5, 15.5, 7 ], "texture": "#texture1" }
			}
		},
		{
			"__comment": "Box12",
			"from": [ 11.75, 1.58, 4.35 ],
			"to": [ 13.55, 1.86, 13.35 ],
			"faces": {
				"down": { "uv": [ 0, 0, 7, 16 ], "texture": "#texture1", "rotation": 180 },
				"up": { "uv": [ 0, 0.5, 16, 3.5 ], "texture": "#texture1", "rotation": 270 },
				"north": { "uv": [ 0, 6.5, 2.5, 8 ], "texture": "#texture1" },
				"south": { "uv": [ 4, 10, 9.5, 11.5 ], "texture": "#texture1" },
				"west": { "uv": [ 1, 6, 15, 6.5 ], "texture": "#texture1" },
				"east": { "uv": [ 0, 5.5, 15.5, 7 ], "texture": "#texture1" }
			}
		},
		{
			"__comment": "Box12",
			"from": [ 2.75, 1.58, 11.55 ],
			"to": [ 11.75, 1.86, 13.35 ],
			"faces": {
				"down": { "uv": [ 0, 0.5, 16, 3.5 ], "texture": "#texture1", "rotation": 180 },
				"up": { "uv": [ 0, 0.5, 16, 3.5 ], "texture": "#texture1" },
				"north": { "uv": [ 1, 6, 15, 6.5 ], "texture": "#texture1" },
				"south": { "uv": [ 0, 5.5, 15.5, 7 ], "texture": "#texture1" },
				"west": { "uv": [ 8.5, 6, 14.5, 7.5 ], "texture": "#texture1" },
				"east": { "uv": [ 0, 6.5, 2.5, 8 ], "texture": "#texture1" }
			}
		},
		{
			"__comment": "Box12",
			"from": [ 2.75, 1.58, 2.55 ],
			"to": [ 4.55, 1.86, 11.55 ],
			"faces": {
				"down": { "uv": [ 0, 0, 7, 16 ], "texture": "#texture1" },
				"up": { "uv": [ 16, 0.5, 0, 3.5 ], "texture": "#texture1", "rotation": 90 },
				"north": { "uv": [ 6, 6, 12, 7.5 ], "texture": "#texture1" },
				"south": { "uv": [ 0, 6.5, 2.5, 8 ], "texture": "#texture1" },
				"west": { "uv": [ 0, 5.5, 15.5, 7 ], "texture": "#texture1" },
				"east": { "uv": [ 1, 6, 15, 6.5 ], "texture": "#texture1" }
			}
		},
		{
			"__comment": "Box12",
			"from": [ 4.55, 1.58, 2.55 ],
			"to": [ 13.55, 1.86, 4.35 ],
			"faces": {
				"down": { "uv": [ 0, 0, 16, 3.5 ], "texture": "#texture1" },
				"up": { "uv": [ 0, 0.5, 16, 3.5 ], "texture": "#texture1", "rotation": 180 },
				"north": { "uv": [ 0, 5.5, 15.5, 7 ], "texture": "#texture1" },
				"south": { "uv": [ 1, 6, 15, 6.5 ], "texture": "#texture1" },
				"west": { "uv": [ 0, 6.5, 2.5, 8 ], "texture": "#texture1" },
				"east": { "uv": [ 6, 4, 12.5, 5.5 ], "texture": "#texture1" }
			}
		},
		{
			"__comment": "Box12",
			"from": [ 4.55, 1.23, 4.35 ],
			"to": [ 11.15, 1.51, 10.95 ],
			"faces": {
				"up": { "uv": [ 0, 0, 16, 16 ], "texture": "#texture" }
			}
		},
		{
			"__comment": "Box12",
			"from": [ 9.74, 0.6, 6.192 ],
			"to": [ 9.848, 1.72, 9.648 ],
			"faces": {
				"up": { "uv": [ 0, 0.5, 16, 3.5 ], "texture": "#dirt", "rotation": 270 },
				"north": { "uv": [ 0, 6.5, 2.5, 8 ], "texture": "#dirt" },
				"south": { "uv": [ 0, 5, 6.5, 7.5 ], "texture": "#dirt" },
				"west": { "uv": [ 1, 6, 15, 6.5 ], "texture": "#dirt" },
				"east": { "uv": [ 0, 5.5, 15.5, 7 ], "texture": "#dirt" }
			}
		},
		{
			"__comment": "Box12",
			"from": [ 6.5, 0.6, 6.3 ],
			"to": [ 6.608, 1.72, 9.539999 ],
			"faces": {
				"up": { "uv": [ 0, 0.5, 16, 3.5 ], "texture": "#dirt", "rotation": 270 },
				"north": { "uv": [ 0, 6.5, 2.5, 8 ], "texture": "#dirt" },
				"south": { "uv": [ 0, 5, 6.5, 7.5 ], "texture": "#dirt" },
				"west": { "uv": [ 1, 6, 15, 6.5 ], "texture": "#dirt" },
				"east": { "uv": [ 0, 5.5, 15.5, 7 ], "texture": "#dirt" }
			}
		},
		{
			"__comment": "Box12",
			"from": [ 6.5, 0.6, 6.192 ],
			"to": [ 9.848, 1.72, 6.3 ],
			"faces": {
				"up": { "uv": [ 0, 0.5, 16, 3.5 ], "texture": "#dirt" },
				"north": { "uv": [ 1, 6, 15, 6.5 ], "texture": "#dirt" },
				"south": { "uv": [ 0, 5.5, 15.5, 7 ], "texture": "#dirt" },
				"west": { "uv": [ 0, 5, 6.5, 7.5 ], "texture": "#dirt" },
				"east": { "uv": [ 0, 6.5, 2.5, 8 ], "texture": "#dirt" }
			}
		},
		{
			"__comment": "Box12",
			"from": [ 6.5, 0.6, 9.54 ],
			"to": [ 9.74, 1.72, 9.648 ],
			"faces": {
				"up": { "uv": [ 0, 0.5, 16, 3.5 ], "texture": "#dirt" },
				"north": { "uv": [ 1, 6, 15, 6.5 ], "texture": "#dirt" },
				"south": { "uv": [ 0, 5.5, 15.5, 7 ], "texture": "#dirt" },
				"west": { "uv": [ 0, 5, 6.5, 7.5 ], "texture": "#dirt" },
				"east": { "uv": [ 0, 6.5, 2.5, 8 ], "texture": "#dirt" }
			}
		},
		{
			"__comment": "Box12",
			"from": [ 6.5, 1.342, 6.3 ],
			"to": [ 9.74, 1.622, 9.539999 ],
			"faces": {
				"up": { "uv": [ 0, 0, 16, 16 ], "texture": "#coarsedirt" }
			}
		}
	]
}