{
	"credit": "Made with Blockbench",
	"textures": {
		"0": "block/3d/bois_meuble",
		"particle": "block/3d/bois_meuble"
	},
	"elements": [
		{
			"from": [4.9232, 0, 6.36],
			"to": [10.3632, 16, 8.28],
			"rotation": {"angle": 22.5, "axis": "y", "origin": [10.12, 8, 10.8]},
			"faces": {
				"north": {"uv": [0, 0, 16, 16], "rotation": 270, "texture": "#0"},
				"east": {"uv": [0, 0, 16, 16], "rotation": 270, "texture": "#0"},
				"south": {"uv": [0, 0, 16, 16], "rotation": 270, "texture": "#0"},
				"west": {"uv": [0, 0, 16, 16], "rotation": 270, "texture": "#0"},
				"up": {"uv": [0, 0, 16, 16], "rotation": 270, "texture": "#0"},
				"down": {"uv": [0, 0, 16, 16], "rotation": 270, "texture": "#0"}
			}
		},
		{
			"from": [6.72, 0, 10.6368],
			"to": [8.64, 16, 15.1168],
			"rotation": {"angle": -45, "axis": "y", "origin": [11.16, 8, 9.92]},
			"faces": {
				"north": {"uv": [2, 0, 4.875, 16], "texture": "#0"},
				"east": {"uv": [2, 0, 4.875, 16], "texture": "#0"},
				"south": {"uv": [2, 0, 4.875, 16], "texture": "#0"},
				"west": {"uv": [2, 0, 4.875, 16], "texture": "#0"},
				"up": {"uv": [2, 0, 4.875, 16], "texture": "#0"},
				"down": {"uv": [2, 0, 4.875, 16], "texture": "#0"}
			}
		},
		{
			"from": [7.36, 0, 9.8368],
			"to": [9.28, 16, 13.9168],
			"rotation": {"angle": -22.5, "axis": "y", "origin": [11.8, 8, 8.72]},
			"faces": {
				"north": {"uv": [7.5, 0, 11.375, 16], "texture": "#0"},
				"east": {"uv": [7.5, 0, 11.375, 16], "texture": "#0"},
				"south": {"uv": [7.5, 0, 11.375, 16], "texture": "#0"},
				"west": {"uv": [7.5, 0, 11.375, 16], "texture": "#0"},
				"up": {"uv": [7.5, 0, 11.375, 16], "texture": "#0"},
				"down": {"uv": [7.5, 0, 11.375, 16], "texture": "#0"}
			}
		},
		{
			"from": [3.6432, 0, 6.76],
			"to": [8.6832, 16, 8.68],
			"rotation": {"angle": 0, "axis": "y", "origin": [8.84, 8, 11.2]},
			"faces": {
				"north": {"uv": [0, 0, 16, 16], "rotation": 270, "texture": "#0"},
				"east": {"uv": [0, 0, 16, 16], "rotation": 270, "texture": "#0"},
				"south": {"uv": [0, 0, 16, 16], "rotation": 270, "texture": "#0"},
				"west": {"uv": [0, 0, 16, 6], "rotation": 270, "texture": "#0"},
				"up": {"uv": [0, 0, 16, 16], "rotation": 270, "texture": "#0"},
				"down": {"uv": [0, 0, 16, 16], "rotation": 270, "texture": "#0"}
			}
		},
		{
			"from": [7.8768, 0, 6.36],
			"to": [11.9568, 16, 8.28],
			"rotation": {"angle": -22.5, "axis": "y", "origin": [6.76, 8, 10.8]},
			"faces": {
				"north": {"uv": [0, 13.625, 16, 16], "rotation": 270, "texture": "#0"},
				"east": {"uv": [0, 13.625, 16, 16], "rotation": 270, "texture": "#0"},
				"south": {"uv": [0, 13.625, 16, 16], "rotation": 270, "texture": "#0"},
				"west": {"uv": [0, 13.625, 16, 16], "rotation": 270, "texture": "#0"},
				"up": {"uv": [0, 13.625, 16, 16], "rotation": 270, "texture": "#0"},
				"down": {"uv": [0, 13.625, 16, 16], "rotation": 270, "texture": "#0"}
			}
		},
		{
			"from": [8.24, 0, 11.1968],
			"to": [10.16, 16, 15.1168],
			"rotation": {"angle": 45, "axis": "y", "origin": [5.72, 8, 9.92]},
			"faces": {
				"north": {"uv": [0, 0, 16, 16], "texture": "#0"},
				"east": {"uv": [0, 0, 16, 16], "texture": "#0"},
				"south": {"uv": [0, 0, 16, 16], "texture": "#0"},
				"west": {"uv": [0, 0, 16, 16], "texture": "#0"},
				"up": {"uv": [0, 0, 16, 16], "texture": "#0"},
				"down": {"uv": [0, 0, 16, 16], "texture": "#0"}
			}
		},
		{
			"from": [7.48, 0, 8.08],
			"to": [9.4, 16, 12.56],
			"rotation": {"angle": 0, "axis": "y", "origin": [4.2, 8, 7.44]},
			"faces": {
				"north": {"uv": [0, 0, 3.063, 16], "texture": "#0"},
				"east": {"uv": [0, 0, 3.063, 16], "texture": "#0"},
				"south": {"uv": [0, 0, 3.063, 16], "texture": "#0"},
				"west": {"uv": [0, 0, 3.063, 16], "texture": "#0"},
				"up": {"uv": [0, 0, 3.063, 16], "texture": "#0"},
				"down": {"uv": [0, 0, 3.063, 16], "texture": "#0"}
			}
		},
		{
			"from": [7.6, 0, 9.4368],
			"to": [9.52, 16, 13.9168],
			"rotation": {"angle": 22.5, "axis": "y", "origin": [5.08, 8, 8.72]},
			"faces": {
				"north": {"uv": [0, 0, 2.875, 16], "texture": "#0"},
				"east": {"uv": [0, 0, 2.875, 16], "texture": "#0"},
				"south": {"uv": [0, 0, 2.875, 16], "texture": "#0"},
				"west": {"uv": [0, 0, 2.875, 16], "texture": "#0"},
				"up": {"uv": [0, 0, 2.875, 16], "texture": "#0"},
				"down": {"uv": [0, 0, 2.875, 16], "texture": "#0"}
			}
		},
		{
			"from": [8.7568, 0, 6.76],
			"to": [13.2368, 16, 8.68],
			"rotation": {"angle": 0, "axis": "y", "origin": [8.04, 8, 11.2]},
			"faces": {
				"north": {"uv": [0, 0, 16, 4.688], "rotation": 270, "texture": "#0"},
				"east": {"uv": [0, 0, 16, 4.688], "rotation": 270, "texture": "#0"},
				"south": {"uv": [0, 0, 16, 4.688], "rotation": 270, "texture": "#0"},
				"west": {"uv": [0, 0, 16, 4.688], "rotation": 270, "texture": "#0"},
				"up": {"uv": [0, 0, 16, 4.688], "rotation": 270, "texture": "#0"},
				"down": {"uv": [0, 0, 16, 4.688], "rotation": 270, "texture": "#0"}
			}
		},
		{
			"from": [4.9232, 0, 7.16],
			"to": [11.4832, 16, 9.08],
			"rotation": {"angle": -22.5, "axis": "y", "origin": [10.12, 8, 4.64]},
			"faces": {
				"north": {"uv": [0, 0, 16, 16], "rotation": 270, "texture": "#0"},
				"east": {"uv": [0, 0, 16, 16], "rotation": 270, "texture": "#0"},
				"south": {"uv": [0, 0, 16, 16], "rotation": 270, "texture": "#0"},
				"west": {"uv": [0, 0, 16, 16], "rotation": 270, "texture": "#0"},
				"up": {"uv": [0, 0, 16, 16], "rotation": 270, "texture": "#0"},
				"down": {"uv": [0, 0, 16, 16], "rotation": 270, "texture": "#0"}
			}
		},
		{
			"from": [6.72, 0, 0.3232],
			"to": [8.64, 16, 7.6832],
			"rotation": {"angle": 45, "axis": "y", "origin": [11.16, 8, 5.52]},
			"faces": {
				"north": {"uv": [0, 0, 16, 16], "texture": "#0"},
				"east": {"uv": [0, 0, 16, 16], "texture": "#0"},
				"south": {"uv": [0, 0, 16, 16], "texture": "#0"},
				"west": {"uv": [0, 0, 16, 16], "texture": "#0"},
				"up": {"uv": [0, 0, 16, 16], "texture": "#0"},
				"down": {"uv": [0, 0, 16, 16], "texture": "#0"}
			}
		},
		{
			"from": [7.36, 0, 1.5232],
			"to": [9.28, 16, 6.1632],
			"rotation": {"angle": 22.5, "axis": "y", "origin": [11.8, 8, 6.72]},
			"faces": {
				"north": {"uv": [0, 0, 16, 16], "texture": "#0"},
				"east": {"uv": [0, 0, 16, 16], "texture": "#0"},
				"south": {"uv": [0, 0, 16, 16], "texture": "#0"},
				"west": {"uv": [0, 0, 16, 16], "texture": "#0"},
				"up": {"uv": [0, 0, 16, 16], "texture": "#0"},
				"down": {"uv": [0, 0, 16, 16], "texture": "#0"}
			}
		},
		{
			"from": [7.9568, 0, 7.16],
			"to": [11.9568, 16, 9.08],
			"rotation": {"angle": 22.5, "axis": "y", "origin": [6.76, 8, 4.64]},
			"faces": {
				"north": {"uv": [0, 0, 16, 2.813], "rotation": 270, "texture": "#0"},
				"east": {"uv": [0, 0, 16, 2.813], "rotation": 270, "texture": "#0"},
				"south": {"uv": [0, 0, 16, 2.813], "rotation": 270, "texture": "#0"},
				"west": {"uv": [0, 0, 16, 2.813], "rotation": 270, "texture": "#0"},
				"up": {"uv": [0, 0, 16, 2.813], "rotation": 270, "texture": "#0"},
				"down": {"uv": [0, 0, 16, 2.813], "rotation": 270, "texture": "#0"}
			}
		},
		{
			"from": [8.24, 0, 0.3232],
			"to": [10.16, 16, 4.8832],
			"rotation": {"angle": -45, "axis": "y", "origin": [5.72, 8, 5.52]},
			"faces": {
				"north": {"uv": [0, 0, 16, 16], "texture": "#0"},
				"east": {"uv": [0, 0, 16, 16], "texture": "#0"},
				"south": {"uv": [0, 0, 16, 16], "texture": "#0"},
				"west": {"uv": [0, 0, 16, 16], "texture": "#0"},
				"up": {"uv": [0, 0, 16, 16], "texture": "#0"},
				"down": {"uv": [0, 0, 16, 16], "texture": "#0"}
			}
		},
		{
			"from": [7.48, 0, 2.88],
			"to": [9.4, 16, 7.2],
			"rotation": {"angle": 0, "axis": "y", "origin": [4.2, 8, 8]},
			"faces": {
				"north": {"uv": [0, 0, 16, 16], "texture": "#0"},
				"east": {"uv": [0, 0, 16, 16], "texture": "#0"},
				"south": {"uv": [0, 0, 16, 16], "texture": "#0"},
				"west": {"uv": [0, 0, 16, 16], "texture": "#0"},
				"up": {"uv": [0, 0, 16, 16], "texture": "#0"},
				"down": {"uv": [0, 0, 16, 16], "texture": "#0"}
			}
		},
		{
			"from": [7.6, 0, 1.5232],
			"to": [9.52, 16, 5.6832],
			"rotation": {"angle": -22.5, "axis": "y", "origin": [5.08, 8, 6.72]},
			"faces": {
				"north": {"uv": [0, 0, 16, 16], "texture": "#0"},
				"east": {"uv": [0, 0, 16, 16], "texture": "#0"},
				"south": {"uv": [0, 0, 16, 16], "texture": "#0"},
				"west": {"uv": [0, 0, 16, 16], "texture": "#0"},
				"up": {"uv": [0, 0, 16, 16], "texture": "#0"},
				"down": {"uv": [0, 0, 16, 16], "texture": "#0"}
			}
		}
	],
	"groups": [
		{
			"name": "all",
			"origin": [8, 8, 8],
			"children": [
				{
					"name": "group",
					"origin": [8, 8, 8],
					"children": [
						{
							"name": "group",
							"origin": [13.9375, 8, 8],
							"children": [0, 1, 2, 3]
						},
						{
							"name": "group",
							"origin": [13.9375, 8, 8],
							"children": [4, 5, 6, 7, 8,
								{
									"name": "group",
									"origin": [13.9375, 8, 8],
									"children": []
								}
							]
						}
					]
				},
				{
					"name": "group",
					"origin": [8, 8, 8],
					"children": [
						{
							"name": "group",
							"origin": [13.9375, 8, 8],
							"children": [9, 10, 11]
						},
						{
							"name": "group",
							"origin": [13.9375, 8, 8],
							"children": [12, 13, 14, 15,
								{
									"name": "group",
									"origin": [13.9375, 8, 8],
									"children": []
								},
								{
									"name": "group",
									"origin": [13.9375, 8, 8],
									"children": []
								}
							]
						}
					]
				}
			]
		}
	]
}