{
	"__comment": "Model generated using MrCrayfish's Model Creator (http://mrcrayfish.com/modelcreator/)",
	"textures": {
		"0": "block/piston_bottom",
		"1": "block/acacia_planks",
		"2": "block/glowstone",
		"3": "block/jungle_planks",
		"-1": "block/e_texture",
		"particle": "block/acacia_planks"
	},
	"elements": [ 	 
		{
			"__comment": "Element",
			"from": [ 7.5, 7, 7.5 ],
			"to": [ 8.5, 14, 8.5 ],
			"faces": {
				"down": { "uv": [ 0, 0, 1, 1 ], "texture": "#-1" },
				"up": { "uv": [ 0, 0, 1, 1 ], "texture": "#-1" },
				"north": { "uv": [ 0, 0, 16, 16 ], "texture": "#0" },
				"south": { "uv": [ 0, 0, 16, 16 ], "texture": "#0" },
				"west": { "uv": [ 0, 0, 16, 16 ], "texture": "#0" },
				"east": { "uv": [ 0, 0, 16, 16 ], "texture": "#0" }
			}
		},
		{
			"__comment": "Element",
			"from": [ 6, 14, 6 ],
			"to": [ 10, 15, 10 ],
			"faces": {
				"down": { "uv": [ 0, 0, 2, 2 ], "texture": "#1" },
				"up": { "uv": [ 0, 0, 2, 2 ], "texture": "#1" },
				"north": { "uv": [ 0, 0, 2, 1 ], "texture": "#1" },
				"south": { "uv": [ 0, 0, 2, 1 ], "texture": "#1" },
				"west": { "uv": [ 0, 0, 2, 1 ], "texture": "#1" },
				"east": { "uv": [ 0, 0, 2, 1 ], "texture": "#1" }
			}
		},
		{
			"__comment": "Element",
			"from": [ 6.5, 6, 6.5 ],
			"to": [ 9.5, 7, 9.5 ],
			"faces": {
				"down": { "uv": [ 0, 0, 3, 3 ], "texture": "#1" },
				"up": { "uv": [ 0, 0, 3, 3 ], "texture": "#1" },
				"north": { "uv": [ 0, 0, 3, 1 ], "texture": "#1" },
				"south": { "uv": [ 0, 0, 3, 1 ], "texture": "#1" },
				"west": { "uv": [ 0, 0, 3, 1 ], "texture": "#1" },
				"east": { "uv": [ 0, 0, 3, 1 ], "texture": "#1" }
			}
		},
		{
			"__comment": "Element",
			"from": [ 6, 5, 6 ],
			"to": [ 10, 6, 10 ],
			"faces": {
				"down": { "uv": [ 0, 0, 4, 4 ], "texture": "#1" },
				"up": { "uv": [ 0, 0, 4, 4 ], "texture": "#1" },
				"north": { "uv": [ 0, 0, 4, 1 ], "texture": "#1" },
				"south": { "uv": [ 0, 0, 4, 1 ], "texture": "#1" },
				"west": { "uv": [ 0, 0, 4, 1 ], "texture": "#1" },
				"east": { "uv": [ 0, 0, 4, 1 ], "texture": "#1" }
			}
		},
		{
			"__comment": "Element",
			"from": [ 5.5, 4, 5.5 ],
			"to": [ 10.5, 5, 10.5 ],
			"faces": {
				"down": { "uv": [ 0, 0, 1, 1 ], "texture": "#0" },
				"up": { "uv": [ 0, 0, 1, 1 ], "texture": "#0" },
				"north": { "uv": [ 0, 0, 16, 16 ], "texture": "#0", "rotation": 90 },
				"south": { "uv": [ 0, 0, 16, 16 ], "texture": "#0", "rotation": 90 },
				"west": { "uv": [ 0, 0, 16, 16 ], "texture": "#0", "rotation": 90 },
				"east": { "uv": [ 0, 0, 16, 16 ], "texture": "#0", "rotation": 90 }
			}
		},
		{
			"__comment": "Element",
			"from": [ 10.5, 4, 7.5 ],
			"to": [ 22.5, 5, 8.5 ],
			"faces": {
				"down": { "uv": [ 0, 0, 15, 7 ], "texture": "#1" },
				"up": { "uv": [ 0, 4, 16, 10 ], "texture": "#1" },
				"north": { "uv": [ 0, 0, 12, 10 ], "texture": "#1" },
				"south": { "uv": [ 0, 0, 12, 9 ], "texture": "#1" },
				"west": { "uv": [ 0, 0, 1, 1 ], "texture": "#1" },
				"east": { "uv": [ 0, 0, 1, 1 ], "texture": "#1" }
			}
		},
		{
			"__comment": "Element",
			"from": [ 13, 4.3, 6.5 ],
			"to": [ 22, 5, 7.5 ],
			"faces": {
				"down": { "uv": [ 0, 0, 13, 9 ], "texture": "#1" },
				"up": { "uv": [ 0, 0, 16, 5 ], "texture": "#1" },
				"north": { "uv": [ 0, 0, 9, 9.7 ], "texture": "#1" },
				"south": { "uv": [ 0, 0, 9, 0.6999998 ], "texture": "#1" },
				"west": { "uv": [ 0, 0, 1, 0.6999998 ], "texture": "#1" },
				"east": { "uv": [ 0, 0, 1, 0.6999998 ], "texture": "#1" }
			}
		},
		{
			"__comment": "Element",
			"from": [ 13, 4.3, 8.5 ],
			"to": [ 22, 5, 9.5 ],
			"faces": {
				"down": { "uv": [ 0, 0, 15, 9 ], "texture": "#1" },
				"up": { "uv": [ 0, 9, 16, 15 ], "texture": "#1" },
				"north": { "uv": [ 0, 0, 9, 0.6999998 ], "texture": "#1" },
				"south": { "uv": [ 0, 0, 9, 8.7 ], "texture": "#1" },
				"west": { "uv": [ 0, 0, 1, 0.6999998 ], "texture": "#1" },
				"east": { "uv": [ 0, 0, 1, 0.6999998 ], "texture": "#1" }
			}
		},
		{
			"__comment": "Element",
			"from": [ -6.5, 4, 7.5 ],
			"to": [ 5.5, 5, 8.5 ],
			"faces": {
				"down": { "uv": [ 0, 0, 16, 8 ], "texture": "#1" },
				"up": { "uv": [ 0, 6, 16, 11 ], "texture": "#1" },
				"north": { "uv": [ 0, 0, 12, 11 ], "texture": "#1" },
				"south": { "uv": [ 0, 0, 12, 1 ], "texture": "#1" },
				"west": { "uv": [ 0, 0, 1, 1 ], "texture": "#1" },
				"east": { "uv": [ 0, 0, 1, 1 ], "texture": "#1" }
			}
		},
		{
			"__comment": "Element",
			"from": [ -6, 4.3, 6.5 ],
			"to": [ 3, 5, 7.5 ],
			"faces": {
				"down": { "uv": [ 0, 0, 16, 8 ], "texture": "#1" },
				"up": { "uv": [ 0, 10, 16, 16 ], "texture": "#1" },
				"north": { "uv": [ 0, 0, 9, 9.7 ], "texture": "#1" },
				"south": { "uv": [ 0, 0, 9, 0.6999998 ], "texture": "#1" },
				"west": { "uv": [ 0, 0, 1, 0.6999998 ], "texture": "#1" },
				"east": { "uv": [ 0, 0, 1, 0.6999998 ], "texture": "#1" }
			}
		},
		{
			"__comment": "Element",
			"from": [ -6, 4.3, 8.5 ],
			"to": [ 3, 5, 9.5 ],
			"faces": {
				"down": { "uv": [ 0, 0, 16, 7 ], "texture": "#1" },
				"up": { "uv": [ 0, 0, 14, 6 ], "texture": "#1" },
				"north": { "uv": [ 0, 0, 9, 0.6999998 ], "texture": "#1" },
				"south": { "uv": [ 0, 0, 9, 0.6999998 ], "texture": "#1" },
				"west": { "uv": [ 0, 0, 1, 0.6999998 ], "texture": "#1" },
				"east": { "uv": [ 0, 0, 1, 0.6999998 ], "texture": "#1" }
			}
		},
		{
			"__comment": "Element",
			"from": [ 7.5, 4, -6.5 ],
			"to": [ 8.5, 5, 5.5 ],
			"faces": {
				"down": { "uv": [ 0, 5, 16, 10 ], "texture": "#1", "rotation": 90 },
				"up": { "uv": [ 4, 0, 5, 12 ], "texture": "#1", "rotation": 90 },
				"north": { "uv": [ 0, 0, 1, 1 ], "texture": "#1" },
				"south": { "uv": [ 0, 0, 1, 1 ], "texture": "#1" },
				"west": { "uv": [ 0, 0, 12, 9 ], "texture": "#1" },
				"east": { "uv": [ 0, 0, 12, 8 ], "texture": "#1" }
			}
		},
		{
			"__comment": "Element",
			"from": [ 6.5, 4.3, -6 ],
			"to": [ 7.5, 5, 3 ],
			"faces": {
				"down": { "uv": [ 1, 9, 15.5, 13 ], "texture": "#1", "rotation": 90 },
				"up": { "uv": [ 0, 0, 16, 9 ], "texture": "#1", "rotation": 90 },
				"north": { "uv": [ 0, 0, 1, 0.6999998 ], "texture": "#1" },
				"south": { "uv": [ 0, 0, 1, 0.6999998 ], "texture": "#1" },
				"west": { "uv": [ 1, 0, 15.5, 5 ], "texture": "#1" },
				"east": { "uv": [ 0, 0, 9, 0.6999998 ], "texture": "#1" }
			}
		},
		{
			"__comment": "Element",
			"from": [ 8.5, 4.3, -6 ],
			"to": [ 9.5, 5, 3 ],
			"faces": {
				"down": { "uv": [ 1, 0, 15.5, 4 ], "texture": "#1", "rotation": 90 },
				"up": { "uv": [ 0, 0, 1, 9 ], "texture": "#1", "rotation": 90 },
				"north": { "uv": [ 0, 0, 1, 0.6999998 ], "texture": "#1" },
				"south": { "uv": [ 0, 0, 1, 0.6999998 ], "texture": "#1" },
				"west": { "uv": [ 0, 0, 9, 0.6999998 ], "texture": "#1" },
				"east": { "uv": [ 1, 0, 10, 8.7 ], "texture": "#1" }
			}
		},
		{
			"__comment": "Element",
			"from": [ 7.5, 4, 10.5 ],
			"to": [ 8.5, 5, 22.5 ],
			"faces": {
				"down": { "uv": [ 0, 5, 16, 10 ], "texture": "#1", "rotation": 90 },
				"up": { "uv": [ 0, 0, 16, 8 ], "texture": "#1", "rotation": 90 },
				"north": { "uv": [ 0, 0, 1, 1 ], "texture": "#1" },
				"south": { "uv": [ 0, 0, 6, 7 ], "texture": "#1" },
				"west": { "uv": [ 0, 0, 15, 9 ], "texture": "#1" },
				"east": { "uv": [ 0, 0, 16, 8 ], "texture": "#1" }
			}
		},
		{
			"__comment": "Element",
			"from": [ 6.5, 4.3, 13 ],
			"to": [ 7.5, 5, 22 ],
			"faces": {
				"down": { "uv": [ 0, 0, 16, 7 ], "texture": "#1", "rotation": 90 },
				"up": { "uv": [ 0, 0, 1, 9 ], "texture": "#1", "rotation": 90 },
				"north": { "uv": [ 0, 0, 1, 0.6999998 ], "texture": "#1" },
				"south": { "uv": [ 0, 0, 1, 0.6999998 ], "texture": "#1" },
				"west": { "uv": [ 0, 0, 14, 8.7 ], "texture": "#1" },
				"east": { "uv": [ 0, 0, 16, 8.7 ], "texture": "#1" }
			}
		},
		{
			"__comment": "Element",
			"from": [ 8.5, 4.3, 13 ],
			"to": [ 9.5, 5, 22 ],
			"faces": {
				"down": { "uv": [ 0, 9, 16, 16 ], "texture": "#1", "rotation": 90 },
				"up": { "uv": [ 0, 0, 16, 8 ], "texture": "#1", "rotation": 90 },
				"north": { "uv": [ 0, 0, 1, 0.6999998 ], "texture": "#1" },
				"south": { "uv": [ 0, 0, 1, 0.6999998 ], "texture": "#1" },
				"west": { "uv": [ 0, 0, 9, 0.6999998 ], "texture": "#1" },
				"east": { "uv": [ 0, 0, 14, 9.7 ], "texture": "#1" }
			}
		},
		{
			"__comment": "Element",
			"from": [ 6.5, 2, 6.5 ],
			"to": [ 9.5, 3, 9.5 ],
			"faces": {
				"down": { "uv": [ 0, 0, 16, 16 ], "texture": "#2" },
				"up": { "uv": [ 0, 0, 16, 16 ], "texture": "#2" },
				"north": { "uv": [ 0, 12, 16, 16 ], "texture": "#2" },
				"south": { "uv": [ 0, 12, 16, 16 ], "texture": "#2" },
				"west": { "uv": [ 0, 12, 16, 16 ], "texture": "#2" },
				"east": { "uv": [ 0, 12, 16, 16 ], "texture": "#2" }
			}
		},
		{
			"__comment": "Element",
			"from": [ 6, 3, 6 ],
			"to": [ 10, 4, 10 ],
			"faces": {
				"down": { "uv": [ 0, 0, 4, 4 ], "texture": "#1" },
				"up": { "uv": [ 0, 0, 4, 4 ], "texture": "#1" },
				"north": { "uv": [ 0, 0, 4, 1 ], "texture": "#1" },
				"south": { "uv": [ 0, 0, 4, 1 ], "texture": "#1" },
				"west": { "uv": [ 0, 0, 4, 1 ], "texture": "#1" },
				"east": { "uv": [ 0, 0, 4, 1 ], "texture": "#1" }
			}
		},
		{
			"__comment": "Element",
			"from": [ 0, 15, 0 ],
			"to": [ 16, 16, 16 ],
			"faces": {
				"down": { "uv": [ 0, 0, 16, 16 ], "texture": "#3" },
				"up": { "uv": [ 0, 0, 16, 16 ], "texture": "#3" },
				"north": { "uv": [ 0, 0, 16, 1 ], "texture": "#3" },
				"south": { "uv": [ 0, 0, 16, 1 ], "texture": "#3" },
				"west": { "uv": [ 0, 0, 16, 1 ], "texture": "#3" },
				"east": { "uv": [ 0, 0, 16, 1 ], "texture": "#3" }
			}
		}
	]
}