{
    "textures": {
	    "particle": "block/red_mushroom",
        "0": "block/hydrant_red",
        "1": "block/hydrant_yellow",
        "2": "block/yellow_terracotta",
        "3": "block/red_terracotta"
    },
    "elements": [
        {
            "name": "Main 1",
            "from": [ 4.000000014901161, 0.0, 5.500000022351742 ], 
            "to": [ 12.000000014901161, 17.0, 10.500000022351742 ], 
            "faces": {
                "north": { "texture": "#0", "uv": [ 0.0, 0.0, 8.0, 17.0 ] },
                "east": { "texture": "#0", "uv": [ 0.0, 0.0, 5.0, 17.0 ] },
                "south": { "texture": "#0", "uv": [ 0.0, 0.0, 8.0, 17.0 ] },
                "west": { "texture": "#0", "uv": [ 0.0, 0.0, 5.0, 17.0 ] },
                "up": { "texture": "#0", "uv": [ 0.0, 0.0, 8.0, 5.0 ] },
                "down": { "texture": "#0", "uv": [ 0.0, 0.0, 8.0, 5.0 ] }
            }
        },
        {
            "name": "Main 2",
            "from": [ 5.500000022351742, 0.0, 4.000000014901161 ], 
            "to": [ 10.500000022351742, 17.0, 12.000000014901161 ], 
            "faces": {
                "north": { "texture": "#0", "uv": [ 0.0, 0.0, 5.0, 17.0 ] },
                "east": { "texture": "#0", "uv": [ 0.0, 0.0, 8.0, 17.0 ] },
                "south": { "texture": "#0", "uv": [ 0.0, 0.0, 5.0, 17.0 ] },
                "west": { "texture": "#0", "uv": [ 0.0, 0.0, 8.0, 17.0 ] },
                "up": { "texture": "#0", "uv": [ 0.0, 0.0, 5.0, 8.0 ] },
                "down": { "texture": "#0", "uv": [ 0.0, 0.0, 5.0, 8.0 ] }
            }
        },
        {
            "name": "Main 3",
            "from": [ 4.600000008940697, 0.0, 4.600000023841858 ], 
            "to": [ 11.400000005960464, 17.0, 11.400000020861626 ], 
            "faces": {
                "north": { "texture": "#0", "uv": [ 0.0, 0.0, 6.799999997019768, 17.0 ] },
                "east": { "texture": "#0", "uv": [ 0.0, 0.0, 6.799999997019768, 17.0 ] },
                "south": { "texture": "#0", "uv": [ 0.0, 0.0, 6.799999997019768, 17.0 ] },
                "west": { "texture": "#0", "uv": [ 0.0, 0.0, 6.799999997019768, 17.0 ] },
                "up": { "texture": "#0", "uv": [ 0.0, 0.0, 6.799999997019768, 6.799999997019768 ] },
                "down": { "texture": "#0", "uv": [ 0.0, 0.0, 6.799999997019768, 6.799999997019768 ] }
            }
        },
        {
            "name": "Lower Ring 1",
            "from": [ 4.500000007450581, 2.0, 3.000000014901161 ], 
            "to": [ 11.49999999254942, 4.0, 13.000000014901161 ], 
            "faces": {
                "north": { "texture": "#1", "uv": [ 0.0, 0.0, 6.999999985098839, 2.0 ] },
                "east": { "texture": "#1", "uv": [ 0.0, 0.0, 10.0, 2.0 ] },
                "south": { "texture": "#1", "uv": [ 0.0, 0.0, 6.999999985098839, 2.0 ] },
                "west": { "texture": "#1", "uv": [ 0.0, 0.0, 10.0, 2.0 ] },
                "up": { "texture": "#1", "uv": [ 0.0, 0.0, 6.999999985098839, 10.0 ] },
                "down": { "texture": "#1", "uv": [ 0.0, 0.0, 6.999999985098839, 10.0 ] }
            }
        },
        {
            "name": "Lower Ring 2",
            "from": [ 3.0, 2.0, 4.500000022351742 ], 
            "to": [ 13.0, 4.0, 11.500000022351742 ], 
            "faces": {
                "north": { "texture": "#1", "uv": [ 0.0, 0.0, 10.0, 2.0 ] },
                "east": { "texture": "#1", "uv": [ 0.0, 0.0, 7.0, 2.0 ] },
                "south": { "texture": "#1", "uv": [ 0.0, 0.0, 10.0, 2.0 ] },
                "west": { "texture": "#1", "uv": [ 0.0, 0.0, 7.0, 2.0 ] },
                "up": { "texture": "#1", "uv": [ 0.0, 0.0, 10.0, 7.0 ] },
                "down": { "texture": "#1", "uv": [ 0.0, 0.0, 10.0, 7.0 ] }
            }
        },
        {
            "name": "Lower Ring 3",
            "from": [ 3.6999999955296516, 2.0, 3.700000010430813 ], 
            "to": [ 12.300000004470348, 4.0, 12.30000001937151 ], 
            "faces": {
                "north": { "texture": "#1", "uv": [ 0.0, 0.0, 8.600000008940697, 2.0 ] },
                "east": { "texture": "#1", "uv": [ 0.0, 0.0, 8.600000008940697, 2.0 ] },
                "south": { "texture": "#1", "uv": [ 0.0, 0.0, 8.600000008940697, 2.0 ] },
                "west": { "texture": "#1", "uv": [ 0.0, 0.0, 8.600000008940697, 2.0 ] },
                "up": { "texture": "#1", "uv": [ 0.0, 0.0, 8.600000008940697, 8.600000008940697 ] },
                "down": { "texture": "#1", "uv": [ 0.0, 0.0, 8.600000008940697, 8.600000008940697 ] }
            }
        },
        {
            "name": "Upper Ring 1",
            "from": [ 4.500000007450581, 14.0, 3.000000014901161 ], 
            "to": [ 11.49999999254942, 16.0, 13.000000014901161 ], 
            "faces": {
                "north": { "texture": "#1", "uv": [ 0.0, 0.0, 6.999999985098839, 2.0 ] },
                "east": { "texture": "#1", "uv": [ 0.0, 0.0, 10.0, 2.0 ] },
                "south": { "texture": "#1", "uv": [ 0.0, 0.0, 6.999999985098839, 2.0 ] },
                "west": { "texture": "#1", "uv": [ 0.0, 0.0, 10.0, 2.0 ] },
                "up": { "texture": "#1", "uv": [ 0.0, 0.0, 6.999999985098839, 10.0 ] },
                "down": { "texture": "#1", "uv": [ 0.0, 0.0, 6.999999985098839, 10.0 ] }
            }
        },
        {
            "name": "Upper Ring 2",
            "from": [ 3.0, 14.0, 4.500000022351742 ], 
            "to": [ 13.0, 16.0, 11.500000022351742 ], 
            "faces": {
                "north": { "texture": "#1", "uv": [ 0.0, 0.0, 10.0, 2.0 ] },
                "east": { "texture": "#1", "uv": [ 0.0, 0.0, 7.0, 2.0 ] },
                "south": { "texture": "#1", "uv": [ 0.0, 0.0, 10.0, 2.0 ] },
                "west": { "texture": "#1", "uv": [ 0.0, 0.0, 7.0, 2.0 ] },
                "up": { "texture": "#1", "uv": [ 0.0, 0.0, 10.0, 7.0 ] },
                "down": { "texture": "#1", "uv": [ 0.0, 0.0, 10.0, 7.0 ] }
            }
        },
        {
            "name": "Upper Ring 3",
            "from": [ 3.6999999955296516, 14.0, 3.700000010430813 ], 
            "to": [ 12.300000004470348, 16.0, 12.30000001937151 ], 
            "faces": {
                "north": { "texture": "#1", "uv": [ 0.0, 0.0, 8.600000008940697, 2.0 ] },
                "east": { "texture": "#1", "uv": [ 0.0, 0.0, 8.600000008940697, 2.0 ] },
                "south": { "texture": "#1", "uv": [ 0.0, 0.0, 8.600000008940697, 2.0 ] },
                "west": { "texture": "#1", "uv": [ 0.0, 0.0, 8.600000008940697, 2.0 ] },
                "up": { "texture": "#1", "uv": [ 0.0, 0.0, 8.600000008940697, 8.600000008940697 ] },
                "down": { "texture": "#1", "uv": [ 0.0, 0.0, 8.600000008940697, 8.600000008940697 ] }
            }
        },
        {
            "name": "C Nozzle 1",
            "from": [ 6.0, 9.50000000745058, 12.0 ], 
            "to": [ 10.0, 12.50000000745058, 13.50000000745058 ], 
            "faces": {
                "north": { "texture": "#1", "uv": [ 0.0, 0.0, 4.0, 3.0 ] },
                "east": { "texture": "#1", "uv": [ 0.0, 0.0, 1.5000000074505806, 3.0 ] },
                "south": { "texture": "#1", "uv": [ 0.0, 0.0, 4.0, 3.0 ] },
                "west": { "texture": "#1", "uv": [ 0.0, 0.0, 1.5000000074505806, 3.0 ] },
                "up": { "texture": "#1", "uv": [ 0.0, 0.0, 4.0, 1.5000000074505806 ] },
                "down": { "texture": "#1", "uv": [ 0.0, 0.0, 4.0, 1.5000000074505806 ] }
            }
        },
        {
            "name": "C Nozzle 2",
            "from": [ 6.500000007450581, 9.0, 12.0 ], 
            "to": [ 9.50000000745058, 13.0, 13.50000000745058 ], 
            "faces": {
                "north": { "texture": "#1", "uv": [ 0.0, 0.0, 3.0, 4.0 ] },
                "east": { "texture": "#1", "uv": [ 0.0, 0.0, 1.5000000074505806, 4.0 ] },
                "south": { "texture": "#1", "uv": [ 0.0, 0.0, 3.0, 4.0 ] },
                "west": { "texture": "#1", "uv": [ 0.0, 0.0, 1.5000000074505806, 4.0 ] },
                "up": { "texture": "#1", "uv": [ 0.0, 0.0, 3.0, 1.5000000074505806 ] },
                "down": { "texture": "#1", "uv": [ 0.0, 0.0, 3.0, 1.5000000074505806 ] }
            }
        },
        {
            "name": "C Nozzle Bolt",
            "from": [ 7.500000007450581, 10.50000000745058, 13.700000010430813 ], 
            "to": [ 8.50000000745058, 11.50000000745058, 14.700000010430813 ], 
            "faces": {
                "north": { "texture": "#2", "uv": [ 0.0, 0.0, 1.0, 1.0 ] },
                "east": { "texture": "#2", "uv": [ 0.0, 0.0, 1.0, 1.0 ] },
                "south": { "texture": "#2", "uv": [ 0.0, 0.0, 1.0, 1.0 ] },
                "west": { "texture": "#2", "uv": [ 0.0, 0.0, 1.0, 1.0 ] },
                "up": { "texture": "#2", "uv": [ 0.0, 0.0, 1.0, 1.0 ] },
                "down": { "texture": "#2", "uv": [ 0.0, 0.0, 1.0, 1.0 ] }
            }
        },
        {
            "name": "C Nozzle 3",
            "from": [ 6.500000007450581, 9.50000000745058, 13.500000022351742 ], 
            "to": [ 9.50000000745058, 12.49999999254942, 14.000000014901161 ], 
            "faces": {
                "north": { "texture": "#1", "uv": [ 0.0, 0.0, 3.0, 2.999999985098839 ] },
                "east": { "texture": "#1", "uv": [ 0.0, 0.0, 0.4999999925494194, 2.999999985098839 ] },
                "south": { "texture": "#1", "uv": [ 0.0, 0.0, 3.0, 2.999999985098839 ] },
                "west": { "texture": "#1", "uv": [ 0.0, 0.0, 0.4999999925494194, 2.999999985098839 ] },
                "up": { "texture": "#1", "uv": [ 0.0, 0.0, 3.0, 0.4999999925494194 ] },
                "down": { "texture": "#1", "uv": [ 0.0, 0.0, 3.0, 0.4999999925494194 ] }
            }
        },
        {
            "name": "R Nozzle 1",
            "from": [ 12.0, 9.0, 6.499999992549419 ], 
            "to": [ 13.0, 13.0, 9.49999999254942 ], 
            "faces": {
                "north": { "texture": "#1", "uv": [ 0.0, 0.0, 1.0, 4.0 ] },
                "east": { "texture": "#1", "uv": [ 0.0, 0.0, 3.0, 4.0 ] },
                "south": { "texture": "#1", "uv": [ 0.0, 0.0, 1.0, 4.0 ] },
                "west": { "texture": "#1", "uv": [ 0.0, 0.0, 3.0, 4.0 ] },
                "up": { "texture": "#1", "uv": [ 0.0, 0.0, 1.0, 3.0 ] },
                "down": { "texture": "#1", "uv": [ 0.0, 0.0, 1.0, 3.0 ] }
            }
        },
        {
            "name": "R Nozzle 2",
            "from": [ 12.0, 9.50000000745058, 5.999999985098839 ], 
            "to": [ 13.0, 12.50000000745058, 10.0 ], 
            "faces": {
                "north": { "texture": "#1", "uv": [ 0.0, 0.0, 1.0, 3.0 ] },
                "east": { "texture": "#1", "uv": [ 0.0, 0.0, 4.000000014901161, 3.0 ] },
                "south": { "texture": "#1", "uv": [ 0.0, 0.0, 1.0, 3.0 ] },
                "west": { "texture": "#1", "uv": [ 0.0, 0.0, 4.000000014901161, 3.0 ] },
                "up": { "texture": "#1", "uv": [ 0.0, 0.0, 1.0, 4.000000014901161 ] },
                "down": { "texture": "#1", "uv": [ 0.0, 0.0, 1.0, 4.000000014901161 ] }
            }
        },
        {
            "name": "R Nozzle 3",
            "from": [ 13.000000014901161, 9.50000000745058, 6.499999992549419 ], 
            "to": [ 13.50000000745058, 12.49999999254942, 9.49999999254942 ], 
            "faces": {
                "north": { "texture": "#1", "uv": [ 0.0, 0.0, 0.4999999925494194, 2.999999985098839 ] },
                "east": { "texture": "#1", "uv": [ 0.0, 0.0, 3.0, 2.999999985098839 ] },
                "south": { "texture": "#1", "uv": [ 0.0, 0.0, 0.4999999925494194, 2.999999985098839 ] },
                "west": { "texture": "#1", "uv": [ 0.0, 0.0, 3.0, 2.999999985098839 ] },
                "up": { "texture": "#1", "uv": [ 0.0, 0.0, 0.4999999925494194, 3.0 ] },
                "down": { "texture": "#1", "uv": [ 0.0, 0.0, 0.4999999925494194, 3.0 ] }
            }
        },
        {
            "name": "R Nozzle Bolt",
            "from": [ 13.300000004470348, 10.50000000745058, 7.500000007450581 ], 
            "to": [ 14.300000004470348, 11.50000000745058, 8.50000000745058 ], 
            "faces": {
                "north": { "texture": "#2", "uv": [ 0.0, 0.0, 1.0, 1.0 ] },
                "east": { "texture": "#2", "uv": [ 0.0, 0.0, 1.0, 1.0 ] },
                "south": { "texture": "#2", "uv": [ 0.0, 0.0, 1.0, 1.0 ] },
                "west": { "texture": "#2", "uv": [ 0.0, 0.0, 1.0, 1.0 ] },
                "up": { "texture": "#2", "uv": [ 0.0, 0.0, 1.0, 1.0 ] },
                "down": { "texture": "#2", "uv": [ 0.0, 0.0, 1.0, 1.0 ] }
            }
        },
        {
            "name": "L Nozzle 1",
            "from": [ 3.0, 9.0, 6.499999992549419 ], 
            "to": [ 4.0, 13.0, 9.49999999254942 ], 
            "faces": {
                "north": { "texture": "#1", "uv": [ 0.0, 0.0, 1.0, 4.0 ] },
                "east": { "texture": "#1", "uv": [ 0.0, 0.0, 3.0, 4.0 ] },
                "south": { "texture": "#1", "uv": [ 0.0, 0.0, 1.0, 4.0 ] },
                "west": { "texture": "#1", "uv": [ 0.0, 0.0, 3.0, 4.0 ] },
                "up": { "texture": "#1", "uv": [ 0.0, 0.0, 1.0, 3.0 ] },
                "down": { "texture": "#1", "uv": [ 0.0, 0.0, 1.0, 3.0 ] }
            }
        },
        {
            "name": "L Nozzle 2",
            "from": [ 3.0, 9.50000000745058, 5.999999985098839 ], 
            "to": [ 4.0, 12.50000000745058, 10.0 ], 
            "faces": {
                "north": { "texture": "#1", "uv": [ 0.0, 0.0, 1.0, 3.0 ] },
                "east": { "texture": "#1", "uv": [ 0.0, 0.0, 4.000000014901161, 3.0 ] },
                "south": { "texture": "#1", "uv": [ 0.0, 0.0, 1.0, 3.0 ] },
                "west": { "texture": "#1", "uv": [ 0.0, 0.0, 4.000000014901161, 3.0 ] },
                "up": { "texture": "#1", "uv": [ 0.0, 0.0, 1.0, 4.000000014901161 ] },
                "down": { "texture": "#1", "uv": [ 0.0, 0.0, 1.0, 4.000000014901161 ] }
            }
        },
        {
            "name": "L Nozzle 3",
            "from": [ 2.5000000074505806, 9.50000000745058, 6.499999992549419 ], 
            "to": [ 3.0, 12.49999999254942, 9.49999999254942 ], 
            "faces": {
                "north": { "texture": "#1", "uv": [ 0.0, 0.0, 0.4999999925494194, 2.999999985098839 ] },
                "east": { "texture": "#1", "uv": [ 0.0, 0.0, 3.0, 2.999999985098839 ] },
                "south": { "texture": "#1", "uv": [ 0.0, 0.0, 0.4999999925494194, 2.999999985098839 ] },
                "west": { "texture": "#1", "uv": [ 0.0, 0.0, 3.0, 2.999999985098839 ] },
                "up": { "texture": "#1", "uv": [ 0.0, 0.0, 0.4999999925494194, 3.0 ] },
                "down": { "texture": "#1", "uv": [ 0.0, 0.0, 0.4999999925494194, 3.0 ] }
            }
        },
        {
            "name": "L Nozzle Bolt",
            "from": [ 1.7000000104308128, 10.50000000745058, 7.500000007450581 ], 
            "to": [ 2.700000010430813, 11.50000000745058, 8.50000000745058 ], 
            "faces": {
                "north": { "texture": "#2", "uv": [ 0.0, 0.0, 1.0, 1.0 ] },
                "east": { "texture": "#2", "uv": [ 0.0, 0.0, 1.0, 1.0 ] },
                "south": { "texture": "#2", "uv": [ 0.0, 0.0, 1.0, 1.0 ] },
                "west": { "texture": "#2", "uv": [ 0.0, 0.0, 1.0, 1.0 ] },
                "up": { "texture": "#2", "uv": [ 0.0, 0.0, 1.0, 1.0 ] },
                "down": { "texture": "#2", "uv": [ 0.0, 0.0, 1.0, 1.0 ] }
            }
        },
        {
            "name": "Top 1",
            "from": [ 5.000000014901161, 17.0, 6.000000029802322 ], 
            "to": [ 11.000000014901161, 19.0, 10.000000029802322 ], 
            "faces": {
                "north": { "texture": "#0", "uv": [ 0.0, 0.0, 6.0, 2.0 ] },
                "east": { "texture": "#0", "uv": [ 0.0, 0.0, 4.0, 2.0 ] },
                "south": { "texture": "#0", "uv": [ 0.0, 0.0, 6.0, 2.0 ] },
                "west": { "texture": "#0", "uv": [ 0.0, 0.0, 4.0, 2.0 ] },
                "up": { "texture": "#0", "uv": [ 0.0, 0.0, 6.0, 4.0 ] },
                "down": { "texture": "#0", "uv": [ 0.0, 0.0, 6.0, 4.0 ] }
            }
        },
        {
            "name": "Top 2",
            "from": [ 6.000000014901161, 17.0, 5.000000014901161 ], 
            "to": [ 10.000000014901161, 19.0, 11.000000014901161 ], 
            "faces": {
                "north": { "texture": "#0", "uv": [ 0.0, 0.0, 4.0, 2.0 ] },
                "east": { "texture": "#0", "uv": [ 0.0, 0.0, 6.0, 2.0 ] },
                "south": { "texture": "#0", "uv": [ 0.0, 0.0, 4.0, 2.0 ] },
                "west": { "texture": "#0", "uv": [ 0.0, 0.0, 6.0, 2.0 ] },
                "up": { "texture": "#0", "uv": [ 0.0, 0.0, 4.0, 6.0 ] },
                "down": { "texture": "#0", "uv": [ 0.0, 0.0, 4.0, 6.0 ] }
            }
        },
        {
            "name": "Top 3",
            "from": [ 6.500000007450581, 19.0, 6.000000029802322 ], 
            "to": [ 9.50000000745058, 20.49999999254942, 10.000000029802322 ], 
            "faces": {
                "north": { "texture": "#0", "uv": [ 0.0, 0.0, 3.0, 1.4999999925494194 ] },
                "east": { "texture": "#0", "uv": [ 0.0, 0.0, 4.0, 1.4999999925494194 ] },
                "south": { "texture": "#0", "uv": [ 0.0, 0.0, 3.0, 1.4999999925494194 ] },
                "west": { "texture": "#0", "uv": [ 0.0, 0.0, 4.0, 1.4999999925494194 ] },
                "up": { "texture": "#0", "uv": [ 0.0, 0.0, 3.0, 4.0 ] },
                "down": { "texture": "#0", "uv": [ 0.0, 0.0, 3.0, 4.0 ] }
            }
        },
        {
            "name": "Top Bolt",
            "from": [ 7.500000007450581, 20.0, 7.500000037252903 ], 
            "to": [ 8.50000000745058, 21.299999989569187, 8.500000037252903 ], 
            "faces": {
                "north": { "texture": "#3", "uv": [ 0.0, 0.0, 1.0, 1.2999999895691872 ] },
                "east": { "texture": "#3", "uv": [ 0.0, 0.0, 1.0, 1.2999999895691872 ] },
                "south": { "texture": "#3", "uv": [ 0.0, 0.0, 1.0, 1.2999999895691872 ] },
                "west": { "texture": "#3", "uv": [ 0.0, 0.0, 1.0, 1.2999999895691872 ] },
                "up": { "texture": "#3", "uv": [ 0.0, 0.0, 1.0, 1.0 ] },
                "down": { "texture": "#3", "uv": [ 0.0, 0.0, 1.0, 1.0 ] }
            }
        },
        {
            "name": "Top 4",
            "from": [ 6.0, 19.0, 6.500000037252903 ], 
            "to": [ 10.000000014901161, 20.49999999254942, 9.500000022351742 ], 
            "faces": {
                "north": { "texture": "#0", "uv": [ 0.0, 0.0, 4.000000014901161, 1.4999999925494194 ] },
                "east": { "texture": "#0", "uv": [ 0.0, 0.0, 2.999999985098839, 1.4999999925494194 ] },
                "south": { "texture": "#0", "uv": [ 0.0, 0.0, 4.000000014901161, 1.4999999925494194 ] },
                "west": { "texture": "#0", "uv": [ 0.0, 0.0, 2.999999985098839, 1.4999999925494194 ] },
                "up": { "texture": "#0", "uv": [ 0.0, 0.0, 4.000000014901161, 2.999999985098839 ] },
                "down": { "texture": "#0", "uv": [ 0.0, 0.0, 4.000000014901161, 2.999999985098839 ] }
            }
        },
        {
            "name": "Top 5",
            "from": [ 5.499999992549419, 17.0, 5.500000037252903 ], 
            "to": [ 10.50000000745058, 18.99999998509884, 10.500000022351742 ], 
            "faces": {
                "north": { "texture": "#0", "uv": [ 0.0, 0.0, 5.000000014901161, 1.9999999850988388 ] },
                "east": { "texture": "#0", "uv": [ 0.0, 0.0, 4.999999985098839, 1.9999999850988388 ] },
                "south": { "texture": "#0", "uv": [ 0.0, 0.0, 5.000000014901161, 1.9999999850988388 ] },
                "west": { "texture": "#0", "uv": [ 0.0, 0.0, 4.999999985098839, 1.9999999850988388 ] },
                "up": { "texture": "#0", "uv": [ 0.0, 0.0, 5.000000014901161, 4.999999985098839 ] },
                "down": { "texture": "#0", "uv": [ 0.0, 0.0, 5.000000014901161, 4.999999985098839 ] }
            }
        }
    ]
}