{
	"credit": "Made by oldfarmer for AmberstoneDream",
	"textures": {
		"1": "block/3d/stone",
		"wall": "block/anvil",
		"particle": "block/anvil"
	},
	"elements": [
		{
			"name": "Element",
			"from": [8.39022, 7.92856, 5.10418],
			"to": [9.47872, 8.09286, 5.51494],
			"rotation": {"angle": -22.5, "axis": "y", "origin": [8, 8.95585, 5.53547]},
			"faces": {
				"north": {"uv": [0, 0, 1.431, 0.216], "texture": "#1"},
				"east": {"uv": [0, 0, 0.54, 0.216], "texture": "#1"},
				"south": {"uv": [0, 0, 1.431, 0.216], "texture": "#1"},
				"west": {"uv": [0, 0, 0.54, 0.216], "texture": "#1"},
				"up": {"uv": [0, 0, 2.45, 0.7], "texture": "#1"},
				"down": {"uv": [0, 0, 2.45, 0.7], "texture": "#1"}
			}
		},
		{
			"name": "Element",
			"from": [9.19119, 7.92486, 4.5702],
			"to": [10.30022, 8.08916, 4.98096],
			"rotation": {"angle": -45, "axis": "y", "origin": [8, 8.95585, 5.53547]},
			"faces": {
				"north": {"uv": [0, 0, 1.458, 0.216], "texture": "#1"},
				"east": {"uv": [0, 0, 0.54, 0.216], "texture": "#1"},
				"south": {"uv": [0, 0, 1.458, 0.216], "texture": "#1"},
				"west": {"uv": [0, 0, 0.54, 0.216], "texture": "#1"},
				"up": {"uv": [0, 0, 2.5, 0.7], "texture": "#1"},
				"down": {"uv": [0, 0, 2.5, 0.7], "texture": "#1"}
			}
		},
		{
			"name": "Element",
			"from": [9.35549, 7.92856, 7.28118],
			"to": [9.76624, 8.09286, 8.39022],
			"rotation": {"angle": 22.5, "axis": "y", "origin": [8, 8.95585, 5.53547]},
			"faces": {
				"north": {"uv": [0, 0, 0.54, 0.216], "texture": "#1"},
				"east": {"uv": [0, 0, 1.458, 0.216], "texture": "#1"},
				"south": {"uv": [0, 0, 0.54, 0.216], "texture": "#1"},
				"west": {"uv": [0, 0, 1.458, 0.216], "texture": "#1"},
				"up": {"uv": [0, 0, 2.5, 0.7], "rotation": 90, "texture": "#1"},
				"down": {"uv": [0, 0, 2.5, 0.7], "rotation": 270, "texture": "#1"}
			}
		},
		{
			"name": "Element",
			"from": [10.30639, 7.92486, 7.49477],
			"to": [10.71714, 8.08916, 8.5422],
			"rotation": {"angle": 0, "axis": "y", "origin": [8, 9.48984, 8]},
			"faces": {
				"north": {"uv": [0, 0, 0.54, 0.216], "texture": "#1"},
				"east": {"uv": [0, 0, 1.377, 0.216], "texture": "#1"},
				"south": {"uv": [0, 0, 0.54, 0.216], "texture": "#1"},
				"west": {"uv": [0, 0, 1.377, 0.216], "texture": "#1"},
				"up": {"uv": [0, 0, 2.5, 0.7], "rotation": 90, "texture": "#1"},
				"down": {"uv": [0, 0, 2.5, 0.7], "rotation": 270, "texture": "#1"}
			}
		},
		{
			"name": "Element",
			"from": [9.35549, 7.92856, 7.65086],
			"to": [9.76624, 8.09286, 8.71882],
			"rotation": {"angle": -22.5, "axis": "y", "origin": [8, 8.95585, 10.46453]},
			"faces": {
				"north": {"uv": [0, 0, 0.54, 0.216], "texture": "#1"},
				"east": {"uv": [0, 0, 1.404, 0.216], "texture": "#1"},
				"south": {"uv": [0, 0, 0.54, 0.216], "texture": "#1"},
				"west": {"uv": [0, 0, 1.404, 0.216], "texture": "#1"},
				"up": {"uv": [2.5, 0, 0, 0.7], "rotation": 90, "texture": "#1"},
				"down": {"uv": [2.5, 0, 0, 0.7], "rotation": 270, "texture": "#1"}
			}
		},
		{
			"name": "Element",
			"from": [9.19119, 7.92486, 11.01904],
			"to": [10.30022, 8.08916, 11.4298],
			"rotation": {"angle": 45, "axis": "y", "origin": [8, 8.95585, 10.46453]},
			"faces": {
				"north": {"uv": [0, 0, 1.458, 0.216], "texture": "#1"},
				"east": {"uv": [0, 0, 0.54, 0.216], "texture": "#1"},
				"south": {"uv": [0, 0, 1.458, 0.216], "texture": "#1"},
				"west": {"uv": [0, 0, 0.54, 0.216], "texture": "#1"},
				"up": {"uv": [0, 0.7, 2.5, 0], "texture": "#1"},
				"down": {"uv": [0, 0.7, 2.5, 0], "texture": "#1"}
			}
		},
		{
			"name": "Element",
			"from": [8.39022, 7.92856, 10.48506],
			"to": [9.47872, 8.09286, 10.89582],
			"rotation": {"angle": 22.5, "axis": "y", "origin": [8, 8.95585, 10.46453]},
			"faces": {
				"north": {"uv": [0, 0, 1.431, 0.216], "texture": "#1"},
				"east": {"uv": [0, 0, 0.54, 0.216], "texture": "#1"},
				"south": {"uv": [0, 0, 1.431, 0.216], "texture": "#1"},
				"west": {"uv": [0, 0, 0.54, 0.216], "texture": "#1"},
				"up": {"uv": [0, 0.7, 2.45, 0], "texture": "#1"},
				"down": {"uv": [0, 0.7, 2.45, 0], "texture": "#1"}
			}
		},
		{
			"name": "Element",
			"from": [7.46602, 7.92486, 10.30022],
			"to": [8.55452, 8.08916, 10.71098],
			"rotation": {"angle": 0, "axis": "y", "origin": [8, 9.48984, 8]},
			"faces": {
				"north": {"uv": [0, 0, 1.431, 0.216], "texture": "#1"},
				"east": {"uv": [0, 0, 0.54, 0.216], "texture": "#1"},
				"south": {"uv": [0, 0, 1.431, 0.216], "texture": "#1"},
				"west": {"uv": [0, 0, 0.54, 0.216], "texture": "#1"},
				"up": {"uv": [2.5, 0.7, 0, 0], "texture": "#1"},
				"down": {"uv": [2.5, 0.7, 0, 0], "texture": "#1"}
			}
		},
		{
			"name": "Element",
			"from": [6.52128, 7.92856, 10.48506],
			"to": [7.60978, 8.09286, 10.89582],
			"rotation": {"angle": -22.5, "axis": "y", "origin": [8, 8.95585, 10.46453]},
			"faces": {
				"north": {"uv": [0, 0, 1.431, 0.216], "texture": "#1"},
				"east": {"uv": [0, 0, 0.54, 0.216], "texture": "#1"},
				"south": {"uv": [0, 0, 1.431, 0.216], "texture": "#1"},
				"west": {"uv": [0, 0, 0.54, 0.216], "texture": "#1"},
				"up": {"uv": [2.45, 0.7, 0, 0], "texture": "#1"},
				"down": {"uv": [2.45, 0.7, 0, 0], "texture": "#1"}
			}
		},
		{
			"name": "Element",
			"from": [5.69978, 7.92486, 11.01904],
			"to": [6.80881, 8.08916, 11.4298],
			"rotation": {"angle": -45, "axis": "y", "origin": [8, 8.95585, 10.46453]},
			"faces": {
				"north": {"uv": [0, 0, 1.458, 0.216], "texture": "#1"},
				"east": {"uv": [0, 0, 0.54, 0.216], "texture": "#1"},
				"south": {"uv": [0, 0, 1.458, 0.216], "texture": "#1"},
				"west": {"uv": [0, 0, 0.54, 0.216], "texture": "#1"},
				"up": {"uv": [2.5, 0.7, 0, 0], "texture": "#1"},
				"down": {"uv": [2.5, 0.7, 0, 0], "texture": "#1"}
			}
		},
		{
			"name": "Element",
			"from": [6.23376, 7.92856, 7.60978],
			"to": [6.64451, 8.09286, 8.71882],
			"rotation": {"angle": 22.5, "axis": "y", "origin": [8, 8.95585, 10.46453]},
			"faces": {
				"north": {"uv": [0, 0, 0.54, 0.216], "texture": "#1"},
				"east": {"uv": [0, 0, 1.458, 0.216], "texture": "#1"},
				"south": {"uv": [0, 0, 0.54, 0.216], "texture": "#1"},
				"west": {"uv": [0, 0, 1.458, 0.216], "texture": "#1"},
				"up": {"uv": [2.5, 0.7, 0, 0], "rotation": 90, "texture": "#1"},
				"down": {"uv": [2.5, 0.7, 0, 0], "rotation": 270, "texture": "#1"}
			}
		},
		{
			"name": "Element",
			"from": [5.27875, 7.92486, 7.48656],
			"to": [5.68951, 8.08916, 8.51344],
			"rotation": {"angle": 0, "axis": "y", "origin": [8, 9.48984, 8]},
			"faces": {
				"north": {"uv": [0, 0, 0.54, 0.216], "texture": "#1"},
				"east": {"uv": [0, 0, 1.35, 0.216], "texture": "#1"},
				"south": {"uv": [0, 0, 0.54, 0.216], "texture": "#1"},
				"west": {"uv": [0, 0, 1.35, 0.216], "texture": "#1"},
				"up": {"uv": [0, 0.7, 2.5, 0], "rotation": 90, "texture": "#1"},
				"down": {"uv": [0, 0.7, 2.5, 0], "rotation": 270, "texture": "#1"}
			}
		},
		{
			"name": "Element",
			"from": [6.23376, 7.92856, 7.28118],
			"to": [6.64451, 8.09286, 8.39022],
			"rotation": {"angle": -22.5, "axis": "y", "origin": [8, 8.95585, 5.53547]},
			"faces": {
				"north": {"uv": [0, 0, 0.54, 0.216], "texture": "#1"},
				"east": {"uv": [0, 0, 1.458, 0.216], "texture": "#1"},
				"south": {"uv": [0, 0, 0.54, 0.216], "texture": "#1"},
				"west": {"uv": [0, 0, 1.458, 0.216], "texture": "#1"},
				"up": {"uv": [0, 0.7, 2.5, 0], "rotation": 90, "texture": "#1"},
				"down": {"uv": [0, 0.7, 2.5, 0], "rotation": 270, "texture": "#1"}
			}
		},
		{
			"name": "Element",
			"from": [5.69978, 7.92486, 4.5702],
			"to": [6.80881, 8.08916, 4.98096],
			"rotation": {"angle": 45, "axis": "y", "origin": [8, 8.95585, 5.53547]},
			"faces": {
				"north": {"uv": [0, 0, 1.458, 0.216], "texture": "#1"},
				"east": {"uv": [0, 0, 0.54, 0.216], "texture": "#1"},
				"south": {"uv": [0, 0, 1.458, 0.216], "texture": "#1"},
				"west": {"uv": [0, 0, 0.54, 0.216], "texture": "#1"},
				"up": {"uv": [2.5, 0, 0, 0.7], "texture": "#1"},
				"down": {"uv": [2.5, 0, 0, 0.7], "texture": "#1"}
			}
		},
		{
			"name": "Element",
			"from": [6.52128, 7.92856, 5.10418],
			"to": [7.58925, 8.09286, 5.51494],
			"rotation": {"angle": 22.5, "axis": "y", "origin": [8, 8.95585, 5.53547]},
			"faces": {
				"north": {"uv": [0, 0, 1.404, 0.216], "texture": "#1"},
				"east": {"uv": [0, 0, 0.54, 0.216], "texture": "#1"},
				"south": {"uv": [0, 0, 1.404, 0.216], "texture": "#1"},
				"west": {"uv": [0, 0, 0.54, 0.216], "texture": "#1"},
				"up": {"uv": [2.45, 0, 0, 0.7], "texture": "#1"},
				"down": {"uv": [2.45, 0, 0, 0.7], "texture": "#1"}
			}
		},
		{
			"name": "Element",
			"from": [7.44548, 7.92486, 5.28902],
			"to": [8.55452, 8.08916, 5.69978],
			"rotation": {"angle": 0, "axis": "y", "origin": [8, 9.48984, 8]},
			"faces": {
				"north": {"uv": [0, 0, 1.458, 0.216], "texture": "#1"},
				"east": {"uv": [0, 0, 0.54, 0.216], "texture": "#1"},
				"south": {"uv": [0, 0, 1.458, 0.216], "texture": "#1"},
				"west": {"uv": [0, 0, 0.54, 0.216], "texture": "#1"},
				"up": {"uv": [0, 0, 2.5, 0.7], "texture": "#1"},
				"down": {"uv": [0, 0, 2.5, 0.7], "texture": "#1"}
			}
		},
		{
			"name": "Element",
			"from": [7.475, 0.1958, 5.416],
			"to": [8.525, 16.1958, 5.71],
			"rotation": {"angle": 0, "axis": "y", "origin": [8, 3.56, 8.02]},
			"faces": {
				"north": {"uv": [1, 0, 2.25, 16], "texture": "#wall"},
				"east": {"uv": [8, 0, 8.35, 16], "texture": "#wall"},
				"south": {"uv": [3, 0, 4.25, 16], "texture": "#wall"},
				"west": {"uv": [5, 0, 5.35, 16], "texture": "#wall"},
				"up": {"uv": [0, 0, 2.5, 0.7], "texture": "#wall"},
				"down": {"uv": [0, 0, 2.5, 0.7], "texture": "#wall"}
			}
		},
		{
			"name": "Element",
			"from": [6.53, 0.19958, 5.227],
			"to": [7.559, 16.19958, 5.521],
			"rotation": {"angle": 22.5, "axis": "y", "origin": [8, 1.25, 5.5]},
			"faces": {
				"north": {"uv": [1, 0, 2.25, 16], "texture": "#wall"},
				"east": {"uv": [8, 0, 8.35, 16], "texture": "#wall"},
				"south": {"uv": [3, 0, 4.25, 16], "texture": "#wall"},
				"west": {"uv": [5, 0, 5.35, 16], "texture": "#wall"},
				"up": {"uv": [2.45, 0, 0, 0.7], "texture": "#wall"},
				"down": {"uv": [2.45, 0, 0, 0.7], "texture": "#wall"}
			}
		},
		{
			"name": "Element",
			"from": [5.69, 0.1958, 4.681],
			"to": [6.74, 16.1958, 4.975],
			"rotation": {"angle": 45, "axis": "y", "origin": [8, 1.25, 5.5]},
			"faces": {
				"north": {"uv": [1, 0, 2.25, 16], "texture": "#wall"},
				"east": {"uv": [8, 0, 8.35, 16], "texture": "#wall"},
				"south": {"uv": [3, 0, 4.25, 16], "texture": "#wall"},
				"west": {"uv": [5, 0, 5.35, 16], "texture": "#wall"},
				"up": {"uv": [2.5, 0, 0, 0.7], "texture": "#wall"},
				"down": {"uv": [2.5, 0, 0, 0.7], "texture": "#wall"}
			}
		},
		{
			"name": "Element",
			"from": [6.362, 0.19958, 7.327],
			"to": [6.656, 16.19958, 8.377],
			"rotation": {"angle": -22.5, "axis": "y", "origin": [8, 1.25, 5.5]},
			"faces": {
				"north": {"uv": [1, 0, 2.25, 16], "texture": "#wall"},
				"east": {"uv": [8, 0, 9.25, 16], "texture": "#wall"},
				"south": {"uv": [3, 0, 4.25, 16], "texture": "#wall"},
				"west": {"uv": [5, 0, 6.25, 16], "texture": "#wall"},
				"up": {"uv": [0, 0.7, 2.5, 0], "rotation": 90, "texture": "#wall"},
				"down": {"uv": [0, 0.7, 2.5, 0], "rotation": 270, "texture": "#wall"}
			}
		},
		{
			"name": "Element",
			"from": [5.3855, 0.1958, 7.516],
			"to": [5.6795, 16.1958, 8.524],
			"rotation": {"angle": 0, "axis": "y", "origin": [8, 3.56, 8.02]},
			"faces": {
				"north": {"uv": [1, 0, 2.25, 16], "texture": "#wall"},
				"east": {"uv": [8, 0, 9.2, 16], "texture": "#wall"},
				"south": {"uv": [3, 0, 4.25, 16], "texture": "#wall"},
				"west": {"uv": [5, 0, 6.2, 16], "texture": "#wall"},
				"up": {"uv": [0, 0.7, 2.5, 0], "rotation": 90, "texture": "#wall"},
				"down": {"uv": [0, 0.7, 2.5, 0], "rotation": 270, "texture": "#wall"}
			}
		},
		{
			"name": "Element",
			"from": [6.362, 0.19958, 7.663],
			"to": [6.656, 16.19958, 8.713],
			"rotation": {"angle": 22.5, "axis": "y", "origin": [8, 1.25, 10.54]},
			"faces": {
				"north": {"uv": [1, 0, 2.25, 16], "texture": "#wall"},
				"east": {"uv": [8, 0, 9.25, 16], "texture": "#wall"},
				"south": {"uv": [3, 0, 4.25, 16], "texture": "#wall"},
				"west": {"uv": [5, 0, 6.25, 16], "texture": "#wall"},
				"up": {"uv": [2.5, 0.7, 0, 0], "rotation": 90, "texture": "#wall"},
				"down": {"uv": [2.5, 0.7, 0, 0], "rotation": 270, "texture": "#wall"}
			}
		},
		{
			"name": "Element",
			"from": [5.69, 0.1958, 11.065],
			"to": [6.74, 16.1958, 11.359],
			"rotation": {"angle": -45, "axis": "y", "origin": [8, 1.25, 10.54]},
			"faces": {
				"north": {"uv": [1, 0, 2.25, 16], "texture": "#wall"},
				"east": {"uv": [8, 0, 8.35, 16], "texture": "#wall"},
				"south": {"uv": [3, 0, 4.25, 16], "texture": "#wall"},
				"west": {"uv": [5, 0, 5.35, 16], "texture": "#wall"},
				"up": {"uv": [2.5, 0.7, 0, 0], "texture": "#wall"},
				"down": {"uv": [2.5, 0.7, 0, 0], "texture": "#wall"}
			}
		},
		{
			"name": "Element",
			"from": [6.53, 0.19958, 10.519],
			"to": [7.559, 16.19958, 10.813],
			"rotation": {"angle": -22.5, "axis": "y", "origin": [8, 1.25, 10.54]},
			"faces": {
				"north": {"uv": [1, 0, 2.25, 16], "texture": "#wall"},
				"east": {"uv": [8, 0, 8.35, 16], "texture": "#wall"},
				"south": {"uv": [3, 0, 4.25, 16], "texture": "#wall"},
				"west": {"uv": [5, 0, 5.35, 16], "texture": "#wall"},
				"up": {"uv": [2.45, 0.7, 0, 0], "texture": "#wall"},
				"down": {"uv": [2.45, 0.7, 0, 0], "texture": "#wall"}
			}
		},
		{
			"name": "Element",
			"from": [7.475, 0.1958, 10.33],
			"to": [8.525, 16.1958, 10.624],
			"rotation": {"angle": 0, "axis": "y", "origin": [8, 3.56, 8.02]},
			"faces": {
				"north": {"uv": [1, 0, 2.25, 16], "texture": "#wall"},
				"east": {"uv": [8, 0, 8.35, 16], "texture": "#wall"},
				"south": {"uv": [3, 0, 4.25, 16], "texture": "#wall"},
				"west": {"uv": [5, 0, 5.35, 16], "texture": "#wall"},
				"up": {"uv": [2.5, 0.7, 0, 0], "texture": "#wall"},
				"down": {"uv": [2.5, 0.7, 0, 0], "texture": "#wall"}
			}
		},
		{
			"name": "Element",
			"from": [8.441, 0.19958, 10.519],
			"to": [9.47, 16.19958, 10.813],
			"rotation": {"angle": 22.5, "axis": "y", "origin": [8, 1.25, 10.54]},
			"faces": {
				"north": {"uv": [1, 0, 2.25, 16], "texture": "#wall"},
				"east": {"uv": [8, 0, 8.35, 16], "texture": "#wall"},
				"south": {"uv": [3, 0, 4.25, 16], "texture": "#wall"},
				"west": {"uv": [5, 0, 5.35, 16], "texture": "#wall"},
				"up": {"uv": [0, 0.7, 2.45, 0], "texture": "#wall"},
				"down": {"uv": [0, 0.7, 2.45, 0], "texture": "#wall"}
			}
		},
		{
			"name": "Element",
			"from": [9.26, 0.1958, 11.065],
			"to": [10.31, 16.1958, 11.359],
			"rotation": {"angle": 45, "axis": "y", "origin": [8, 1.25, 10.54]},
			"faces": {
				"north": {"uv": [1, 0, 2.25, 16], "texture": "#wall"},
				"east": {"uv": [8, 0, 8.35, 16], "texture": "#wall"},
				"south": {"uv": [3, 0, 4.25, 16], "texture": "#wall"},
				"west": {"uv": [5, 0, 5.35, 16], "texture": "#wall"},
				"up": {"uv": [0, 0.7, 2.5, 0], "texture": "#wall"},
				"down": {"uv": [0, 0.7, 2.5, 0], "texture": "#wall"}
			}
		},
		{
			"name": "Element",
			"from": [9.344, 0.19958, 7.663],
			"to": [9.638, 16.19958, 8.713],
			"rotation": {"angle": -22.5, "axis": "y", "origin": [8, 1.25, 10.54]},
			"faces": {
				"north": {"uv": [1, 0, 2.25, 16], "texture": "#wall"},
				"east": {"uv": [8, 0, 9.25, 16], "texture": "#wall"},
				"south": {"uv": [3, 0, 4.25, 16], "texture": "#wall"},
				"west": {"uv": [5, 0, 6.25, 16], "texture": "#wall"},
				"up": {"uv": [2.5, 0, 0, 0.7], "rotation": 90, "texture": "#wall"},
				"down": {"uv": [2.5, 0, 0, 0.7], "rotation": 270, "texture": "#wall"}
			}
		},
		{
			"name": "Element",
			"from": [10.3205, 0.1958, 7.516],
			"to": [10.6145, 16.1958, 8.524],
			"rotation": {"angle": 0, "axis": "y", "origin": [8, 3.56, 8.02]},
			"faces": {
				"north": {"uv": [1, 0, 2.25, 16], "texture": "#wall"},
				"east": {"uv": [8, 0, 9.2, 16], "texture": "#wall"},
				"south": {"uv": [3, 0, 4.25, 16], "texture": "#wall"},
				"west": {"uv": [5, 0, 6.2, 16], "texture": "#wall"},
				"up": {"uv": [0, 0, 2.5, 0.7], "rotation": 90, "texture": "#wall"},
				"down": {"uv": [0, 0, 2.5, 0.7], "rotation": 270, "texture": "#wall"}
			}
		},
		{
			"name": "Element",
			"from": [9.344, 0.19958, 7.327],
			"to": [9.638, 16.19958, 8.377],
			"rotation": {"angle": 22.5, "axis": "y", "origin": [8, 1.25, 5.5]},
			"faces": {
				"north": {"uv": [1, 0, 2.25, 16], "texture": "#wall"},
				"east": {"uv": [8, 0, 9.25, 16], "texture": "#wall"},
				"south": {"uv": [3, 0, 4.25, 16], "texture": "#wall"},
				"west": {"uv": [5, 0, 6.25, 16], "texture": "#wall"},
				"up": {"uv": [0, 0, 2.5, 0.7], "rotation": 90, "texture": "#wall"},
				"down": {"uv": [0, 0, 2.5, 0.7], "rotation": 270, "texture": "#wall"}
			}
		},
		{
			"name": "Element",
			"from": [9.26, 0.1958, 4.681],
			"to": [10.31, 16.1958, 4.975],
			"rotation": {"angle": -45, "axis": "y", "origin": [8, 1.25, 5.5]},
			"faces": {
				"north": {"uv": [1, 0, 2.25, 16], "texture": "#wall"},
				"east": {"uv": [8, 0, 8.35, 16], "texture": "#wall"},
				"south": {"uv": [3, 0, 4.25, 16], "texture": "#wall"},
				"west": {"uv": [5, 0, 5.35, 16], "texture": "#wall"},
				"up": {"uv": [0, 0, 2.5, 0.7], "texture": "#wall"},
				"down": {"uv": [0, 0, 2.5, 0.7], "texture": "#wall"}
			}
		},
		{
			"name": "Element",
			"from": [8.441, 0.19958, 5.227],
			"to": [9.47, 16.19958, 5.521],
			"rotation": {"angle": -22.5, "axis": "y", "origin": [8, 1.25, 5.5]},
			"faces": {
				"north": {"uv": [1, 0, 2.25, 16], "texture": "#wall"},
				"east": {"uv": [8, 0, 8.35, 16], "texture": "#wall"},
				"south": {"uv": [3, 0, 4.25, 16], "texture": "#wall"},
				"west": {"uv": [5, 0, 5.35, 16], "texture": "#wall"},
				"up": {"uv": [0, 0, 2.45, 0.7], "texture": "#wall"},
				"down": {"uv": [0, 0, 2.45, 0.7], "texture": "#wall"}
			}
		}
	],
	"display": {
		"thirdperson_righthand": {
			"rotation": [75, 0, -10],
			"translation": [-5.565, -0.5, 7],
			"scale": [0.6, 0.6, 0.6]
		},
		"thirdperson_lefthand": {
			"rotation": [80, 0, -10],
			"translation": [-5.565, -0.5, 6],
			"scale": [0.42, 0.42, 0.42]
		},
		"firstperson_righthand": {
			"translation": [0, 3, 0],
			"scale": [0.6, 0.6, 0.6]
		},
		"firstperson_lefthand": {
			"translation": [0, 3, 0],
			"scale": [0.6, 0.6, 0.6]
		},
		"ground": {
			"translation": [0, 2, 0],
			"scale": [0.4, 0.4, 0.4]
		},
		"gui": {
			"rotation": [32, -45, 0],
			"translation": [0, 3, 0],
			"scale": [0.8, 0.8, 0.8]
		},
		"head": {
			"translation": [0, -13, 0],
			"scale": [1.3, 1.3, 1.3]
		},
		"fixed": {
			"translation": [0, -4, -15],
			"scale": [1.6, 1.6, 1.6]
		}
	},
	"groups": [
		{
			"name": "cercle",
			"origin": [8, 8, 8],
			"children": [
				{
					"name": "cercle 1",
					"origin": [8, 13.5, 8],
					"children": [0, 1, 2, 3, 4, 5, 6, 7, 8, 9, 10, 11, 12, 13, 14, 15]
				},
				{
					"name": "cercle 2",
					"origin": [8, 1.25, 5],
					"children": [16, 17, 18, 19, 20, 21, 22, 23, 24, 25, 26, 27, 28, 29, 30, 31]
				}
			]
		}
	]
}