{
	"credit": "ALTA Official CONTENT -- Do not use without credits !",
	"textures": {
		"2": "block/3d/metal",
		"particle": "block/3d/metal"
	},
	"elements": [
		{
			"name": "Element",
			"from": [10.31, -0.0213, 7.4645],
			"to": [10.604, 16.1037, 8.5145],
			"rotation": {"angle": 0, "axis": "y", "origin": [8, 7.9895, 7.9895]},
			"faces": {
				"north": {"uv": [0, 0, 1.75, 16], "rotation": 270, "texture": "#2"},
				"east": {"uv": [0, 0, 1.75, 16], "texture": "#2"},
				"south": {"uv": [0, 0, 1.75, 16], "rotation": 90, "texture": "#2"},
				"west": {"uv": [0, 0, 1.75, 16], "rotation": 180, "texture": "#2"},
				"up": {"uv": [0, 0, 1.75, 16], "rotation": 270, "texture": "#2"},
				"down": {"uv": [0, 0, 1.75, 16], "rotation": 90, "texture": "#2"}
			}
		},
		{
			"name": "Element",
			"from": [10.499, -0.02508, 8.4305],
			"to": [10.793, 16.09992, 9.4595],
			"rotation": {"angle": -22.5, "axis": "y", "origin": [10.52, 10.2995, 7.9895]},
			"faces": {
				"north": {"uv": [0, 0, 1.75, 16], "rotation": 270, "texture": "#2"},
				"east": {"uv": [0, 0, 1.75, 16], "texture": "#2"},
				"south": {"uv": [0, 0, 1.75, 16], "rotation": 90, "texture": "#2"},
				"west": {"uv": [0, 0, 1.75, 16], "rotation": 180, "texture": "#2"},
				"up": {"uv": [0, 0, 1.75, 16], "rotation": 270, "texture": "#2"},
				"down": {"uv": [0, 0, 1.75, 16], "rotation": 90, "texture": "#2"}
			}
		},
		{
			"name": "Element",
			"from": [11.045, -0.0213, 9.2495],
			"to": [11.339, 16.1037, 10.2995],
			"rotation": {"angle": -45, "axis": "y", "origin": [10.52, 10.2995, 7.9895]},
			"faces": {
				"north": {"uv": [0, 0, 1.75, 16], "rotation": 270, "texture": "#2"},
				"east": {"uv": [0, 0, 1.75, 16], "texture": "#2"},
				"south": {"uv": [0, 0, 1.75, 16], "rotation": 90, "texture": "#2"},
				"west": {"uv": [0, 0, 1.75, 16], "rotation": 180, "texture": "#2"},
				"up": {"uv": [0, 0, 1.75, 16], "rotation": 270, "texture": "#2"},
				"down": {"uv": [0, 0, 1.75, 16], "rotation": 90, "texture": "#2"}
			}
		},
		{
			"name": "Element",
			"from": [7.643, -0.02508, 9.3335],
			"to": [8.693, 16.09992, 9.6275],
			"rotation": {"angle": 22.5, "axis": "y", "origin": [10.52, 10.2995, 7.9895]},
			"faces": {
				"north": {"uv": [0, 0, 1.75, 16], "rotation": 180, "texture": "#2"},
				"east": {"uv": [0, 0, 1.75, 16], "rotation": 270, "texture": "#2"},
				"south": {"uv": [0, 0, 1.75, 16], "texture": "#2"},
				"west": {"uv": [0, 0, 1.75, 16], "rotation": 90, "texture": "#2"},
				"up": {"uv": [0, 0, 1.75, 16], "rotation": 180, "texture": "#2"},
				"down": {"uv": [0, 0, 1.75, 16], "texture": "#2"}
			}
		},
		{
			"name": "Element",
			"from": [7.496, -0.0213, 10.31],
			"to": [8.504, 16.1037, 10.604],
			"rotation": {"angle": 0, "axis": "y", "origin": [8, 7.9895, 7.9895]},
			"faces": {
				"north": {"uv": [0, 0, 1.75, 16], "rotation": 180, "texture": "#2"},
				"east": {"uv": [0, 0, 1.75, 16], "rotation": 270, "texture": "#2"},
				"south": {"uv": [0, 0, 1.75, 16], "texture": "#2"},
				"west": {"uv": [0, 0, 1.75, 16], "rotation": 90, "texture": "#2"},
				"up": {"uv": [0, 0, 1.75, 16], "rotation": 180, "texture": "#2"},
				"down": {"uv": [0, 0, 1.75, 16], "texture": "#2"}
			}
		},
		{
			"name": "Element",
			"from": [7.307, -0.02508, 9.3335],
			"to": [8.357, 16.09992, 9.6275],
			"rotation": {"angle": -22.5, "axis": "y", "origin": [5.48, 10.2995, 7.9895]},
			"faces": {
				"north": {"uv": [0, 0, 1.75, 16], "rotation": 180, "texture": "#2"},
				"east": {"uv": [0, 0, 1.75, 16], "rotation": 270, "texture": "#2"},
				"south": {"uv": [0, 0, 1.75, 16], "texture": "#2"},
				"west": {"uv": [0, 0, 1.75, 16], "rotation": 90, "texture": "#2"},
				"up": {"uv": [0, 0, 1.75, 16], "rotation": 180, "texture": "#2"},
				"down": {"uv": [0, 0, 1.75, 16], "texture": "#2"}
			}
		},
		{
			"name": "Element",
			"from": [4.661, -0.0213, 9.2495],
			"to": [4.955, 16.1037, 10.2995],
			"rotation": {"angle": 45, "axis": "y", "origin": [5.48, 10.2995, 7.9895]},
			"faces": {
				"north": {"uv": [0, 0, 1.75, 16], "rotation": 270, "texture": "#2"},
				"east": {"uv": [0, 0, 1.75, 16], "texture": "#2"},
				"south": {"uv": [0, 0, 1.75, 16], "rotation": 90, "texture": "#2"},
				"west": {"uv": [0, 0, 1.75, 16], "rotation": 180, "texture": "#2"},
				"up": {"uv": [0, 0, 1.75, 16], "rotation": 270, "texture": "#2"},
				"down": {"uv": [0, 0, 1.75, 16], "rotation": 90, "texture": "#2"}
			}
		},
		{
			"name": "Element",
			"from": [5.207, -0.02508, 8.4305],
			"to": [5.501, 16.09992, 9.4595],
			"rotation": {"angle": 22.5, "axis": "y", "origin": [5.48, 10.2995, 7.9895]},
			"faces": {
				"north": {"uv": [0, 0, 1.75, 16], "rotation": 270, "texture": "#2"},
				"east": {"uv": [0, 0, 1.75, 16], "texture": "#2"},
				"south": {"uv": [0, 0, 1.75, 16], "rotation": 90, "texture": "#2"},
				"west": {"uv": [0, 0, 1.75, 16], "rotation": 180, "texture": "#2"},
				"up": {"uv": [0, 0, 1.75, 16], "rotation": 270, "texture": "#2"},
				"down": {"uv": [0, 0, 1.75, 16], "rotation": 90, "texture": "#2"}
			}
		},
		{
			"name": "Element",
			"from": [5.396, -0.0213, 7.4645],
			"to": [5.69, 16.1037, 8.5145],
			"rotation": {"angle": 0, "axis": "y", "origin": [8, 7.9895, 7.9895]},
			"faces": {
				"north": {"uv": [0, 0, 1.75, 16], "rotation": 270, "texture": "#2"},
				"east": {"uv": [0, 0, 1.75, 16], "texture": "#2"},
				"south": {"uv": [0, 0, 1.75, 16], "rotation": 90, "texture": "#2"},
				"west": {"uv": [0, 0, 1.75, 16], "rotation": 180, "texture": "#2"},
				"up": {"uv": [0, 0, 1.75, 16], "rotation": 270, "texture": "#2"},
				"down": {"uv": [0, 0, 1.75, 16], "rotation": 90, "texture": "#2"}
			}
		},
		{
			"name": "Element",
			"from": [5.207, -0.02508, 6.5195],
			"to": [5.501, 16.09992, 7.5485],
			"rotation": {"angle": -22.5, "axis": "y", "origin": [5.48, 10.2995, 7.9895]},
			"faces": {
				"north": {"uv": [0, 0, 1.75, 16], "rotation": 270, "texture": "#2"},
				"east": {"uv": [0, 0, 1.75, 16], "texture": "#2"},
				"south": {"uv": [0, 0, 1.75, 16], "rotation": 90, "texture": "#2"},
				"west": {"uv": [0, 0, 1.75, 16], "rotation": 180, "texture": "#2"},
				"up": {"uv": [0, 0, 1.75, 16], "rotation": 270, "texture": "#2"},
				"down": {"uv": [0, 0, 1.75, 16], "rotation": 90, "texture": "#2"}
			}
		},
		{
			"name": "Element",
			"from": [4.661, -0.0213, 5.6795],
			"to": [4.955, 16.1037, 6.7295],
			"rotation": {"angle": -45, "axis": "y", "origin": [5.48, 10.2995, 7.9895]},
			"faces": {
				"north": {"uv": [0, 0, 1.75, 16], "rotation": 270, "texture": "#2"},
				"east": {"uv": [0, 0, 1.75, 16], "texture": "#2"},
				"south": {"uv": [0, 0, 1.75, 16], "rotation": 90, "texture": "#2"},
				"west": {"uv": [0, 0, 1.75, 16], "rotation": 180, "texture": "#2"},
				"up": {"uv": [0, 0, 1.75, 16], "rotation": 270, "texture": "#2"},
				"down": {"uv": [0, 0, 1.75, 16], "rotation": 90, "texture": "#2"}
			}
		},
		{
			"name": "Element",
			"from": [7.307, -0.02508, 6.3515],
			"to": [8.357, 16.09992, 6.6455],
			"rotation": {"angle": 22.5, "axis": "y", "origin": [5.48, 10.2995, 7.9895]},
			"faces": {
				"north": {"uv": [0, 0, 1.75, 16], "rotation": 180, "texture": "#2"},
				"east": {"uv": [0, 0, 1.75, 16], "rotation": 270, "texture": "#2"},
				"south": {"uv": [0, 0, 1.75, 16], "texture": "#2"},
				"west": {"uv": [0, 0, 1.75, 16], "rotation": 90, "texture": "#2"},
				"up": {"uv": [0, 0, 1.75, 16], "rotation": 180, "texture": "#2"},
				"down": {"uv": [0, 0, 1.75, 16], "texture": "#2"}
			}
		},
		{
			"name": "Element",
			"from": [7.496, -0.0213, 5.375],
			"to": [8.504, 16.1037, 5.669],
			"rotation": {"angle": 0, "axis": "y", "origin": [8, 7.9895, 7.9895]},
			"faces": {
				"north": {"uv": [0, 0, 1.75, 16], "rotation": 180, "texture": "#2"},
				"east": {"uv": [0, 0, 1.75, 16], "rotation": 270, "texture": "#2"},
				"south": {"uv": [0, 0, 1.75, 16], "texture": "#2"},
				"west": {"uv": [0, 0, 1.75, 16], "rotation": 90, "texture": "#2"},
				"up": {"uv": [0, 0, 1.75, 16], "rotation": 180, "texture": "#2"},
				"down": {"uv": [0, 0, 1.75, 16], "texture": "#2"}
			}
		},
		{
			"name": "Element",
			"from": [7.643, -0.02508, 6.3515],
			"to": [8.693, 16.09992, 6.6455],
			"rotation": {"angle": -22.5, "axis": "y", "origin": [10.52, 10.2995, 7.9895]},
			"faces": {
				"north": {"uv": [0, 0, 1.75, 16], "rotation": 180, "texture": "#2"},
				"east": {"uv": [0, 0, 1.75, 16], "rotation": 270, "texture": "#2"},
				"south": {"uv": [0, 0, 1.75, 16], "texture": "#2"},
				"west": {"uv": [0, 0, 1.75, 16], "rotation": 90, "texture": "#2"},
				"up": {"uv": [0, 0, 1.75, 16], "rotation": 180, "texture": "#2"},
				"down": {"uv": [0, 0, 1.75, 16], "texture": "#2"}
			}
		},
		{
			"name": "Element",
			"from": [11.045, -0.0213, 5.6795],
			"to": [11.339, 16.1037, 6.7295],
			"rotation": {"angle": 45, "axis": "y", "origin": [10.52, 10.2995, 7.9895]},
			"faces": {
				"north": {"uv": [0, 0, 1.75, 16], "rotation": 270, "texture": "#2"},
				"east": {"uv": [0, 0, 1.75, 16], "texture": "#2"},
				"south": {"uv": [0, 0, 1.75, 16], "rotation": 90, "texture": "#2"},
				"west": {"uv": [0, 0, 1.75, 16], "rotation": 180, "texture": "#2"},
				"up": {"uv": [0, 0, 1.75, 16], "rotation": 270, "texture": "#2"},
				"down": {"uv": [0, 0, 1.75, 16], "rotation": 90, "texture": "#2"}
			}
		},
		{
			"name": "Element",
			"from": [10.499, -0.02508, 6.5195],
			"to": [10.793, 16.09992, 7.5485],
			"rotation": {"angle": 22.5, "axis": "y", "origin": [10.52, 10.2995, 7.9895]},
			"faces": {
				"north": {"uv": [0, 0, 1.75, 16], "rotation": 270, "texture": "#2"},
				"east": {"uv": [0, 0, 1.75, 16], "texture": "#2"},
				"south": {"uv": [0, 0, 1.75, 16], "rotation": 90, "texture": "#2"},
				"west": {"uv": [0, 0, 1.75, 16], "rotation": 180, "texture": "#2"},
				"up": {"uv": [0, 0, 1.75, 16], "rotation": 270, "texture": "#2"},
				"down": {"uv": [0, 0, 1.75, 16], "rotation": 90, "texture": "#2"}
			}
		},
		{
			"name": "Element",
			"from": [5.57, -0.01502, 7.403],
			"to": [10.43, -0.01502, 8.618],
			"rotation": {"angle": -22.5, "axis": "y", "origin": [8, 0.0595, 8.0105]},
			"faces": {
				"north": {"uv": [0, 0, 1.75, 16], "rotation": 90, "texture": "#2"},
				"east": {"uv": [0, 0, 1.75, 16], "rotation": 180, "texture": "#2"},
				"south": {"uv": [0, 0, 1.75, 16], "rotation": 270, "texture": "#2"},
				"west": {"uv": [0, 0, 1.75, 16], "texture": "#2"},
				"up": {"uv": [0, 0, 1.75, 16], "rotation": 90, "texture": "#2"},
				"down": {"uv": [0, 0, 1.75, 16], "rotation": 270, "texture": "#2"}
			}
		},
		{
			"name": "Element",
			"from": [7.3925, -0.01826, 5.5805],
			"to": [8.6075, -0.01826, 10.4405],
			"rotation": {"angle": -22.5, "axis": "y", "origin": [8, 0.0595, 8.0105]},
			"faces": {
				"north": {"uv": [0, 0, 1.75, 16], "texture": "#2"},
				"east": {"uv": [0, 0, 1.75, 16], "rotation": 90, "texture": "#2"},
				"south": {"uv": [0, 0, 1.75, 16], "rotation": 180, "texture": "#2"},
				"west": {"uv": [0, 0, 1.75, 16], "rotation": 270, "texture": "#2"},
				"up": {"uv": [0, 0, 1.75, 16], "texture": "#2"},
				"down": {"uv": [0, 0, 1.75, 16], "rotation": 180, "texture": "#2"}
			}
		},
		{
			"name": "Element",
			"from": [5.57, -0.01988, 7.403],
			"to": [10.43, -0.01988, 8.618],
			"rotation": {"angle": 45, "axis": "y", "origin": [8, 0.0595, 8.0105]},
			"faces": {
				"north": {"uv": [0, 0, 1.75, 16], "rotation": 90, "texture": "#2"},
				"east": {"uv": [0, 0, 1.75, 16], "rotation": 180, "texture": "#2"},
				"south": {"uv": [0, 0, 1.75, 16], "rotation": 270, "texture": "#2"},
				"west": {"uv": [0, 0, 1.75, 16], "texture": "#2"},
				"up": {"uv": [0, 0, 1.75, 16], "rotation": 90, "texture": "#2"},
				"down": {"uv": [0, 0, 1.75, 16], "rotation": 270, "texture": "#2"}
			}
		},
		{
			"name": "Element",
			"from": [7.3925, -0.01786, 5.5805],
			"to": [8.6075, -0.01786, 10.4405],
			"rotation": {"angle": 22.5, "axis": "y", "origin": [8, 0.0595, 8.0105]},
			"faces": {
				"north": {"uv": [0, 0, 1.75, 16], "rotation": 180, "texture": "#2"},
				"east": {"uv": [0, 0, 1.75, 16], "rotation": 270, "texture": "#2"},
				"south": {"uv": [0, 0, 1.75, 16], "texture": "#2"},
				"west": {"uv": [0, 0, 1.75, 16], "rotation": 90, "texture": "#2"},
				"up": {"uv": [0, 0, 1.75, 16], "rotation": 180, "texture": "#2"},
				"down": {"uv": [0, 0, 1.75, 16], "texture": "#2"}
			}
		},
		{
			"name": "Element",
			"from": [7.3925, -0.02211, 5.5805],
			"to": [8.6075, -0.02211, 10.4405],
			"rotation": {"angle": 45, "axis": "y", "origin": [8, 0.0595, 8.0105]},
			"faces": {
				"north": {"uv": [0, 0, 1.75, 16], "rotation": 180, "texture": "#2"},
				"east": {"uv": [0, 0, 1.75, 16], "rotation": 270, "texture": "#2"},
				"south": {"uv": [0, 0, 1.75, 16], "texture": "#2"},
				"west": {"uv": [0, 0, 1.75, 16], "rotation": 90, "texture": "#2"},
				"up": {"uv": [0, 0, 1.75, 16], "rotation": 180, "texture": "#2"},
				"down": {"uv": [0, 0, 1.75, 16], "texture": "#2"}
			}
		},
		{
			"name": "Element",
			"from": [5.57, -0.02069, 7.403],
			"to": [10.43, -0.02069, 8.618],
			"rotation": {"angle": 0, "axis": "y", "origin": [8, -3.1805, 8.0105]},
			"faces": {
				"north": {"uv": [0, 0, 1.75, 16], "rotation": 270, "texture": "#2"},
				"east": {"uv": [0, 0, 1.75, 16], "texture": "#2"},
				"south": {"uv": [0, 0, 1.75, 16], "rotation": 90, "texture": "#2"},
				"west": {"uv": [0, 0, 1.75, 16], "rotation": 180, "texture": "#2"},
				"up": {"uv": [0, 0, 1.75, 16], "rotation": 270, "texture": "#2"},
				"down": {"uv": [0, 0, 1.75, 16], "rotation": 90, "texture": "#2"}
			}
		},
		{
			"name": "Element",
			"from": [7.3925, -0.02191, 5.5805],
			"to": [8.6075, -0.02191, 10.4405],
			"rotation": {"angle": 0, "axis": "y", "origin": [8, -3.1805, 8.0105]},
			"faces": {
				"north": {"uv": [0, 0, 1.75, 16], "texture": "#2"},
				"east": {"uv": [0, 0, 1.75, 16], "rotation": 90, "texture": "#2"},
				"south": {"uv": [0, 0, 1.75, 16], "rotation": 180, "texture": "#2"},
				"west": {"uv": [0, 0, 1.75, 16], "rotation": 270, "texture": "#2"},
				"up": {"uv": [0, 0, 1.75, 16], "texture": "#2"},
				"down": {"uv": [0, 0, 1.75, 16], "rotation": 180, "texture": "#2"}
			}
		},
		{
			"name": "Element",
			"from": [5.57, -0.01745, 7.403],
			"to": [10.43, -0.01745, 8.618],
			"rotation": {"angle": 22.5, "axis": "y", "origin": [8, 0.0595, 8.0105]},
			"faces": {
				"north": {"uv": [0, 0, 1.75, 16], "rotation": 90, "texture": "#2"},
				"east": {"uv": [0, 0, 1.75, 16], "rotation": 180, "texture": "#2"},
				"south": {"uv": [0, 0, 1.75, 16], "rotation": 270, "texture": "#2"},
				"west": {"uv": [0, 0, 1.75, 16], "texture": "#2"},
				"up": {"uv": [0, 0, 1.75, 16], "rotation": 90, "texture": "#2"},
				"down": {"uv": [0, 0, 1.75, 16], "rotation": 270, "texture": "#2"}
			}
		},
		{
			"name": "Element",
			"from": [5.57, 12.93498, 7.403],
			"to": [10.43, 16.05998, 8.618],
			"rotation": {"angle": -22.5, "axis": "y", "origin": [8, 21.5095, 8.0105]},
			"faces": {
				"north": {"uv": [0, 0, 1.75, 16], "rotation": 90, "texture": "#2"},
				"east": {"uv": [0, 0, 1.75, 16], "rotation": 180, "texture": "#2"},
				"south": {"uv": [0, 0, 1.75, 16], "rotation": 270, "texture": "#2"},
				"west": {"uv": [0, 0, 1.75, 16], "texture": "#2"},
				"up": {"uv": [0, 0, 1.75, 16], "rotation": 90, "texture": "#2"},
				"down": {"uv": [0, 0, 1.75, 16], "rotation": 270, "texture": "#2"}
			}
		},
		{
			"name": "Element",
			"from": [7.3925, 12.93174, 5.5805],
			"to": [8.6075, 16.05674, 10.4405],
			"rotation": {"angle": -22.5, "axis": "y", "origin": [8, 21.5095, 8.0105]},
			"faces": {
				"north": {"uv": [0, 0, 1.75, 16], "texture": "#2"},
				"east": {"uv": [0, 0, 1.75, 16], "rotation": 90, "texture": "#2"},
				"south": {"uv": [0, 0, 1.75, 16], "rotation": 180, "texture": "#2"},
				"west": {"uv": [0, 0, 1.75, 16], "rotation": 270, "texture": "#2"},
				"up": {"uv": [0, 0, 1.75, 16], "texture": "#2"},
				"down": {"uv": [0, 0, 1.75, 16], "rotation": 180, "texture": "#2"}
			}
		},
		{
			"name": "Element",
			"from": [5.57, 12.93012, 7.403],
			"to": [10.43, 16.05512, 8.618],
			"rotation": {"angle": 45, "axis": "y", "origin": [8, 21.5095, 8.0105]},
			"faces": {
				"north": {"uv": [0, 0, 1.75, 16], "rotation": 90, "texture": "#2"},
				"east": {"uv": [0, 0, 1.75, 16], "rotation": 180, "texture": "#2"},
				"south": {"uv": [0, 0, 1.75, 16], "rotation": 270, "texture": "#2"},
				"west": {"uv": [0, 0, 1.75, 16], "texture": "#2"},
				"up": {"uv": [0, 0, 1.75, 16], "rotation": 90, "texture": "#2"},
				"down": {"uv": [0, 0, 1.75, 16], "rotation": 270, "texture": "#2"}
			}
		},
		{
			"name": "Element",
			"from": [7.3925, 12.93214, 5.5805],
			"to": [8.6075, 16.05714, 10.4405],
			"rotation": {"angle": 22.5, "axis": "y", "origin": [8, 21.5095, 8.0105]},
			"faces": {
				"north": {"uv": [0, 0, 1.75, 16], "rotation": 180, "texture": "#2"},
				"east": {"uv": [0, 0, 1.75, 16], "rotation": 270, "texture": "#2"},
				"south": {"uv": [0, 0, 1.75, 16], "texture": "#2"},
				"west": {"uv": [0, 0, 1.75, 16], "rotation": 90, "texture": "#2"},
				"up": {"uv": [0, 0, 1.75, 16], "rotation": 180, "texture": "#2"},
				"down": {"uv": [0, 0, 1.75, 16], "texture": "#2"}
			}
		},
		{
			"name": "Element",
			"from": [7.3925, 12.92789, 5.5805],
			"to": [8.6075, 16.05289, 10.4405],
			"rotation": {"angle": 45, "axis": "y", "origin": [8, 21.5095, 8.0105]},
			"faces": {
				"north": {"uv": [0, 0, 1.75, 16], "rotation": 180, "texture": "#2"},
				"east": {"uv": [0, 0, 1.75, 16], "rotation": 270, "texture": "#2"},
				"south": {"uv": [0, 0, 1.75, 16], "texture": "#2"},
				"west": {"uv": [0, 0, 1.75, 16], "rotation": 90, "texture": "#2"},
				"up": {"uv": [0, 0, 1.75, 16], "rotation": 180, "texture": "#2"},
				"down": {"uv": [0, 0, 1.75, 16], "texture": "#2"}
			}
		},
		{
			"name": "Element",
			"from": [5.57, 12.92931, 7.403],
			"to": [10.43, 16.05431, 8.618],
			"rotation": {"angle": 0, "axis": "y", "origin": [8, 18.2695, 8.0105]},
			"faces": {
				"north": {"uv": [0, 0, 1.75, 16], "rotation": 270, "texture": "#2"},
				"east": {"uv": [0, 0, 1.75, 16], "texture": "#2"},
				"south": {"uv": [0, 0, 1.75, 16], "rotation": 90, "texture": "#2"},
				"west": {"uv": [0, 0, 1.75, 16], "rotation": 180, "texture": "#2"},
				"up": {"uv": [0, 0, 1.75, 16], "rotation": 270, "texture": "#2"},
				"down": {"uv": [0, 0, 1.75, 16], "rotation": 90, "texture": "#2"}
			}
		},
		{
			"name": "Element",
			"from": [7.3925, 12.92809, 5.5805],
			"to": [8.6075, 16.05309, 10.4405],
			"rotation": {"angle": 0, "axis": "y", "origin": [8, 18.2695, 8.0105]},
			"faces": {
				"north": {"uv": [0, 0, 1.75, 16], "texture": "#2"},
				"east": {"uv": [0, 0, 1.75, 16], "rotation": 90, "texture": "#2"},
				"south": {"uv": [0, 0, 1.75, 16], "rotation": 180, "texture": "#2"},
				"west": {"uv": [0, 0, 1.75, 16], "rotation": 270, "texture": "#2"},
				"up": {"uv": [0, 0, 1.75, 16], "texture": "#2"},
				"down": {"uv": [0, 0, 1.75, 16], "rotation": 180, "texture": "#2"}
			}
		},
		{
			"name": "Element",
			"from": [5.57, 12.93255, 7.403],
			"to": [10.43, 16.05755, 8.618],
			"rotation": {"angle": 22.5, "axis": "y", "origin": [8, 21.5095, 8.0105]},
			"faces": {
				"north": {"uv": [0, 0, 1.75, 16], "rotation": 90, "texture": "#2"},
				"east": {"uv": [0, 0, 1.75, 16], "rotation": 180, "texture": "#2"},
				"south": {"uv": [0, 0, 1.75, 16], "rotation": 270, "texture": "#2"},
				"west": {"uv": [0, 0, 1.75, 16], "texture": "#2"},
				"up": {"uv": [0, 0, 1.75, 16], "rotation": 90, "texture": "#2"},
				"down": {"uv": [0, 0, 1.75, 16], "rotation": 270, "texture": "#2"}
			}
		}
	],
	"display": {
		"thirdperson_righthand": {
			"rotation": [75, 0, -10],
			"translation": [-5.565, -0.5, 7],
			"scale": [0.6, 0.6, 0.6]
		},
		"thirdperson_lefthand": {
			"rotation": [80, 0, -10],
			"translation": [-5.565, -0.5, 6],
			"scale": [0.42, 0.42, 0.42]
		},
		"firstperson_righthand": {
			"translation": [0, 3, 0],
			"scale": [0.6, 0.6, 0.6]
		},
		"firstperson_lefthand": {
			"translation": [0, 3, 0],
			"scale": [0.6, 0.6, 0.6]
		},
		"ground": {
			"translation": [0, 2, 0],
			"scale": [0.4, 0.4, 0.4]
		},
		"gui": {
			"rotation": [32, -45, 0],
			"translation": [0, 3, 0],
			"scale": [0.8, 0.8, 0.8]
		},
		"head": {
			"translation": [0, -13, 0],
			"scale": [1.3, 1.3, 1.3]
		},
		"fixed": {
			"translation": [0, -4, -15],
			"scale": [1.6, 1.6, 1.6]
		}
	},
	"groups": [
		{
			"name": "group",
			"origin": [8, 8, 8],
			"children": [
				{
					"name": "cercle",
					"origin": [8, 8, 8],
					"children": [
						{
							"name": "cercle 2",
							"origin": [8, 1.25, 5],
							"children": [0, 1, 2, 3, 4, 5, 6, 7, 8, 9, 10, 11, 12, 13, 14, 15]
						}
					]
				},
				{
					"name": "fond",
					"origin": [8, 8, 8],
					"children": [16, 17, 18, 19, 20, 21, 22, 23]
				},
				{
					"name": "fond",
					"origin": [8, 8, 8],
					"children": [24, 25, 26, 27, 28, 29, 30, 31]
				}
			]
		}
	]
}