{
	"credit": "Made with Blockbench",
	"textures": {
		"redstone_dust_line2": "block/3d_objects/random/redstone_dust_line2"
	},
	"elements": [
		{
			"name": "Element",
			"from": [5, 0, 0],
			"to": [11, 0.2, 8],
			"rotation": {"angle": 0, "axis": "y", "origin": [9, 8, 8]},
			"faces": {
				"north": {"uv": [5.625, 0, 10.375, 16], "texture": "#redstone_dust_line2"},
				"east": {"uv": [5.625, 0, 10.375, 16], "texture": "#redstone_dust_line2"},
				"south": {"uv": [5.625, 0, 10.375, 16], "texture": "#redstone_dust_line2"},
				"west": {"uv": [5.625, 0, 10.375, 16], "texture": "#redstone_dust_line2"},
				"up": {"uv": [5.625, 0, 10.375, 16], "texture": "#redstone_dust_line2"},
				"down": {"uv": [5.625, 0, 10.375, 16], "texture": "#redstone_dust_line2"}
			}
		}
	]
}