{
	"credit": "Made with Blockbench",
	"ambientocclusion": false,
	"textures": {
		"0": "block/glowstone_red",
		"1": "block/acacia_planks",
		"particle": "block/glowstone_red"
	},
	"elements": [
		{
			"name": "Main",
			"from": [0, 5, 5],
			"to": [0.4, 11, 11],
			"faces": {
				"north": {"uv": [0, 0, 0.4, 6], "texture": "#1"},
				"east": {"uv": [0, 0, 0.4, 6], "texture": "#1"},
				"south": {"uv": [0, 0, 0.4, 6], "texture": "#1"},
				"west": {"uv": [0, 0, 0.4, 6], "texture": "#1"},
				"up": {"uv": [0, 0, 0.4, 6], "texture": "#1"},
				"down": {"uv": [0, 0, 0.4, 6], "texture": "#1"}
			}
		},
		{
			"name": "Light",
			"from": [0.4, 5.3, 5.3],
			"to": [1, 10.7, 10.7],
			"faces": {
				"north": {"uv": [0, 0, 0.6, 5], "texture": "#1"},
				"east": {"uv": [0, 0, 16, 16], "texture": "#0"},
				"south": {"uv": [0, 0, 0.6, 5.4], "texture": "#1"},
				"west": {"uv": [0, 0, 5.4, 5.4], "texture": "#1"},
				"up": {"uv": [0, 0, 0.6, 5.4], "texture": "#1"},
				"down": {"uv": [0, 0, 0.6, 5.4], "texture": "#1"}
			}
		}
	]
}