{
"textures": {
    "particle": "block/redstone_dust_dot",
    "redstone_dust_overlay": "block/redstone_dust_overlay",
    "line": "block/redstone_dust_dot",
    "redstone_dust_dot1": "block/3d_objects/random/redstone_dust_dot1"
},
"elements": [ 
{
    "from": [ 4.875, 0.1875, 7.25 ],
    "to": [ 6.125, 0.25, 8.75 ],
    "shade": false,
    "faces": {
        "up":    { "uv": [ 4.875, 7.25, 6.125, 8.75 ], "texture": "#redstone_dust_overlay" }
    }
},
{
    "from": [ 10, 0.1875, 7.25 ],
    "to": [ 11.25, 0.25, 8.75 ],
    "shade": false,
    "faces": {
        "up":    { "uv": [ 9.875, 7.25, 11.125, 8.75 ], "texture": "#redstone_dust_overlay" }
    }
},
{
    "from": [ 7.25, 0.1875, 9.875 ],
    "to": [ 8.75, 0.25, 11.125 ],
    "shade": false,
    "faces": {
        "up":    { "uv": [ 7.25, 9.875, 8.75, 11.125 ], "texture": "#redstone_dust_overlay" }
    }
},
{
    "from": [ 7.25, 0.1875, 4.75 ],
    "to": [ 8.75, 0.25, 6 ],
    "shade": false,
    "faces": {
        "up":    { "uv": [ 7.25, 4.875, 8.75, 6.125 ], "texture": "#redstone_dust_overlay" }
    }
},
{
    "from": [ 4.875, 0.1875, 4.75 ],
    "to": [ 11.25, 0.25, 11.125 ],
    "faces": {
        "up":    { "uv": [ 4.875, 4.75, 11.25, 11.125 ], "texture": "#line", "tintindex": 0 }
    }
},
{
    "from": [ 4.875, 0.25, 4.75 ],
    "to": [ 11.25, 0.3125, 11.125 ],
    "shade": false,
    "faces": {
        "up":    { "uv": [ 4.875, 4.75, 11.25, 11.125 ], "texture": "#redstone_dust_dot1" }
    }
}
]
}