{
"textures": {
    "particle": "block/redstone_dust_dot",
    "overlay": "block/redstone_dust_overlay",
    "redstone_dust_line2": "block/3d_objects/random/redstone_dust_line2"
},
"elements": [ 
{
    "from": [ 0, 0.25, 0 ],
    "to": [ 16, 0.3125, 8 ],
    "shade": false,
    "faces": {
        "up":    { "uv": [ 0, 0, 16, 8 ], "texture": "#line", "tintindex": 0 }
    }
},
{
    "from": [ 0, 0.25, 0 ],
    "to": [ 16, 0.3125, 8 ],
    "shade": false,
    "faces": {
        "up":    { "uv": [ 0, 0, 16, 8 ], "texture": "#overlay" }
    }
},
{
    "from": [ 6, 0.25, 0 ],
    "to": [ 10, 0.3125, 8.125 ],
    "shade": false,
    "faces": {
        "up":    { "uv": [ 6, 0, 10, 8.125 ], "texture": "#redstone_dust_line2" }
    }
}
]
}