{
	"credit": "ALTA Official CONTENT -- Do not use without credits !",
	"textures": {
		"1": "block/acacia_planks"
	},
	"elements": [
		{
			"name": "Center post",
			"from": [5, -0.001, 5],
			"to": [11, 16.001, 11],
			"faces": {
				"north": {"uv": [5, 0, 11, 16], "texture": "#1"},
				"east": {"uv": [5, 0, 11, 16], "texture": "#1"},
				"south": {"uv": [5, 0, 11, 16], "texture": "#1"},
				"west": {"uv": [5, 0, 11, 16], "texture": "#1"},
				"up": {"uv": [5, 0, 11, 16], "texture": "#1"},
				"down": {"uv": [5, 0, 11, 16], "texture": "#1"}
			}
		}
	]
}