{
	"credit": "ALTA Official CONTENT -- Do not use without credits !",
	"textures": {
		"1": "block/acacia_planks"
	},
	"elements": [
		{
			"name": "wall",
			"from": [7.2, 0.6, 0],
			"to": [8.8, 15.4, 8],
			"faces": {
				"north": {"uv": [0.25, 2.75, 8.25, 15.15], "texture": "#1"},
				"east": {"uv": [0.25, 2.75, 8.25, 15.15], "texture": "#1"},
				"south": {"uv": [0.25, 2.75, 8.25, 15.15], "texture": "#1"},
				"west": {"uv": [0.25, 2.75, 8.25, 15.15], "texture": "#1"},
				"up": {"uv": [0.25, 2.75, 8.25, 15.15], "texture": "#1"},
				"down": {"uv": [0.25, 2.75, 8.25, 15.15], "texture": "#1"}
			}
		},
		{
			"name": "wall",
			"from": [3.5, 15.4, 0],
			"to": [12.5, 16, 8],
			"rotation": {"angle": 0, "axis": "y", "origin": [8, 23, 8]},
			"faces": {
				"north": {"uv": [0, 2, 8, 2.8], "texture": "#1"},
				"east": {"uv": [0, 2, 8, 2.8], "texture": "#1"},
				"south": {"uv": [0, 2, 8, 2.8], "texture": "#1"},
				"west": {"uv": [0, 2, 8, 2.8], "texture": "#1"},
				"up": {"uv": [0, 2, 8, 2.8], "texture": "#1"},
				"down": {"uv": [0, 2, 8, 2.8], "texture": "#1"}
			}
		},
		{
			"name": "wall",
			"from": [3.5, 0, 0],
			"to": [12.5, 0.6, 8],
			"faces": {
				"north": {"uv": [0, 15.2, 8, 16], "texture": "#1"},
				"east": {"uv": [0, 15.2, 8, 16], "texture": "#1"},
				"south": {"uv": [0, 15.2, 8, 16], "texture": "#1"},
				"west": {"uv": [0, 15.2, 8, 16], "texture": "#1"},
				"up": {"uv": [0, 15.2, 8, 16], "texture": "#1"},
				"down": {"uv": [0, 15.2, 8, 16], "texture": "#1"}
			}
		}
	],
	"display": {
		"thirdperson_righthand": {
			"rotation": [75, 45, 0],
			"translation": [0, 2.5, 0],
			"scale": [0.375, 0.375, 0.375]
		},
		"gui": {
			"rotation": [17, -39, 0],
			"scale": [0.71, 0.72, 0.75]
		}
	},
	"groups": [
		{
			"name": "group",
			"origin": [8, 8, 8],
			"children": [0, 1, 2]
		}
	]
}