{
	"credit": "ALTA Official CONTENT -- Do not use without credits !",
	"textures": {
		"1": "block/crackedbrick"
	},
	"elements": [
		{
			"from": [2.375, 12.125, 13.75],
			"to": [14.875, 15, 14.375],
			"rotation": {"angle": 0, "axis": "y", "origin": [6.875, 8, 7]},
			"faces": {
				"north": {"uv": [1, 7.25, 13.125, 12.125], "texture": "#1"},
				"east": {"uv": [1, 7.25, 13.125, 12.125], "texture": "#1"},
				"south": {"uv": [1, 7.25, 13.125, 12.125], "texture": "#1"},
				"west": {"uv": [1, 7.25, 13.125, 12.125], "texture": "#1"},
				"up": {"uv": [1, 7.25, 13.125, 12.125], "texture": "#1"},
				"down": {"uv": [1, 7.25, 13.125, 12.125], "texture": "#1"}
			}
		},
		{
			"from": [13.375, 0, 13.375],
			"to": [14.875, 15, 14.875],
			"rotation": {"angle": 0, "axis": "y", "origin": [6.875, 8, 7]},
			"faces": {
				"north": {"uv": [1, 7.25, 13.125, 12.125], "texture": "#1"},
				"east": {"uv": [1, 7.25, 13.125, 12.125], "texture": "#1"},
				"south": {"uv": [1, 7.25, 13.125, 12.125], "texture": "#1"},
				"west": {"uv": [1, 7.25, 13.125, 12.125], "texture": "#1"},
				"up": {"uv": [1, 7.25, 13.125, 12.125], "texture": "#1"},
				"down": {"uv": [1, 7.25, 13.125, 12.125], "texture": "#1"}
			}
		},
		{
			"from": [1.125, 0, 13.375],
			"to": [2.625, 15, 14.875],
			"rotation": {"angle": 0, "axis": "y", "origin": [9.125, 8, 7]},
			"faces": {
				"north": {"uv": [1, 7.25, 13.125, 12.125], "texture": "#1"},
				"east": {"uv": [1, 7.25, 13.125, 12.125], "texture": "#1"},
				"south": {"uv": [1, 7.25, 13.125, 12.125], "texture": "#1"},
				"west": {"uv": [1, 7.25, 13.125, 12.125], "texture": "#1"},
				"up": {"uv": [1, 7.25, 13.125, 12.125], "texture": "#1"},
				"down": {"uv": [1, 7.25, 13.125, 12.125], "texture": "#1"}
			}
		},
		{
			"from": [14.125, 12.125, 1.625],
			"to": [14.125, 15, 13.75],
			"rotation": {"angle": 0, "axis": "y", "origin": [6.125, 8, 9]},
			"faces": {
				"north": {"uv": [1, 7.25, 13.125, 12.125], "texture": "#1"},
				"east": {"uv": [1, 7.25, 13.125, 12.125], "texture": "#1"},
				"south": {"uv": [1, 7.25, 13.125, 12.125], "texture": "#1"},
				"west": {"uv": [1, 7.25, 13.125, 12.125], "texture": "#1"},
				"up": {"uv": [1, 7.25, 13.125, 12.125], "texture": "#1"},
				"down": {"uv": [1, 7.25, 13.125, 12.125], "texture": "#1"}
			}
		},
		{
			"from": [1.625, 12.125, 1.625],
			"to": [1.625, 15, 13.75],
			"rotation": {"angle": 0, "axis": "y", "origin": [-6.375, 8, 9]},
			"faces": {
				"north": {"uv": [1, 7.25, 13.125, 12.125], "texture": "#1"},
				"east": {"uv": [1, 7.25, 13.125, 12.125], "texture": "#1"},
				"south": {"uv": [1, 7.25, 13.125, 12.125], "texture": "#1"},
				"west": {"uv": [1, 7.25, 13.125, 12.125], "texture": "#1"},
				"up": {"uv": [1, 7.25, 13.125, 12.125], "texture": "#1"},
				"down": {"uv": [1, 7.25, 13.125, 12.125], "texture": "#1"}
			}
		},
		{
			"from": [2.375, 12.125, 1.625],
			"to": [14.875, 15, 2.25],
			"rotation": {"angle": 0, "axis": "y", "origin": [6.875, 8, 9]},
			"faces": {
				"north": {"uv": [1, 7.25, 13.125, 12.125], "texture": "#1"},
				"east": {"uv": [1, 7.25, 13.125, 12.125], "texture": "#1"},
				"south": {"uv": [1, 7.25, 13.125, 12.125], "texture": "#1"},
				"west": {"uv": [1, 7.25, 13.125, 12.125], "texture": "#1"},
				"up": {"uv": [1, 7.25, 13.125, 12.125], "texture": "#1"},
				"down": {"uv": [1, 7.25, 13.125, 12.125], "texture": "#1"}
			}
		},
		{
			"from": [13.375, 0, 1.125],
			"to": [14.875, 15, 2.625],
			"rotation": {"angle": 0, "axis": "y", "origin": [6.875, 8, 9]},
			"faces": {
				"north": {"uv": [1, 7.25, 13.125, 12.125], "texture": "#1"},
				"east": {"uv": [1, 7.25, 13.125, 12.125], "texture": "#1"},
				"south": {"uv": [1, 7.25, 13.125, 12.125], "texture": "#1"},
				"west": {"uv": [1, 7.25, 13.125, 12.125], "texture": "#1"},
				"up": {"uv": [1, 7.25, 13.125, 12.125], "texture": "#1"},
				"down": {"uv": [1, 7.25, 13.125, 12.125], "texture": "#1"}
			}
		},
		{
			"from": [1.125, 0, 1.125],
			"to": [2.625, 15, 2.625],
			"rotation": {"angle": 0, "axis": "y", "origin": [9.125, 8, 9]},
			"faces": {
				"north": {"uv": [1, 7.25, 13.125, 12.125], "texture": "#1"},
				"east": {"uv": [1, 7.25, 13.125, 12.125], "texture": "#1"},
				"south": {"uv": [1, 7.25, 13.125, 12.125], "texture": "#1"},
				"west": {"uv": [1, 7.25, 13.125, 12.125], "texture": "#1"},
				"up": {"uv": [1, 7.25, 13.125, 12.125], "texture": "#1"},
				"down": {"uv": [1, 7.25, 13.125, 12.125], "texture": "#1"}
			}
		},
		{
			"from": [0, 15, 0],
			"to": [16, 16.875, 16],
			"rotation": {"angle": 0, "axis": "y", "origin": [4.5, 8, 9]},
			"faces": {
				"north": {"uv": [1, 7.25, 12.125, 12.625], "texture": "#1"},
				"east": {"uv": [1, 7.25, 12.125, 12.625], "texture": "#1"},
				"south": {"uv": [1, 7.25, 12.125, 12.625], "texture": "#1"},
				"west": {"uv": [1, 7.25, 12.125, 12.625], "texture": "#1"},
				"up": {"uv": [0, 0, 16, 16], "texture": "#1"},
				"down": {"uv": [1, 7.25, 12.125, 12.625], "texture": "#1"}
			}
		}
	],
	"display": {
		"thirdperson_righthand": {
			"scale": [0.44, 0.41, 0.39]
		},
		"thirdperson_lefthand": {
			"scale": [0.43, 0.36, 0.33]
		},
		"firstperson_righthand": {
			"scale": [0.27, 0.29, 0.31]
		},
		"firstperson_lefthand": {
			"scale": [0.3, 0.24, 0.29]
		},
		"gui": {
			"rotation": [36, 46, 0],
			"translation": [0, -0.25, 0],
			"scale": [0.52, 0.49, 0.53]
		}
	},
	"groups": [
		{
			"name": "group",
			"origin": [4.5, 8, 9],
			"children": [0, 1, 2,
				{
					"name": "group",
					"origin": [4.5, 8, 9],
					"children": [3, 4, 5, 6, 7]
				}, 8]
		}
	]
}