{
	"credit": "Made with Blockbench",
	"textures": {
		"0": "block/daylight_detector_top",
		"1": "block/jungle_planks",
		"particle": "block/daylight_detector_top"
	},
	"elements": [
		{
			"from": [0, 0, 0],
			"to": [16, 22.6, 6],
			"rotation": {"angle": 45, "axis": "x", "origin": [0, 0, 0]},
			"faces": {
				"north": {"uv": [0, 0, 16, 16], "texture": "#0"},
				"east": {"uv": [0, 0, 16, 16], "texture": "#1"},
				"south": {"uv": [0, 0, 16, 16], "texture": "#1"},
				"west": {"uv": [0, 0, 16, 16], "texture": "#1"},
				"up": {"uv": [0, 0, 16, 16], "texture": "#1"},
				"down": {"uv": [0, 0, 16, 16], "texture": "#1"}
			}
		}
	],
	"display": {
		"thirdperson_righthand": {
			"scale": [0.17, 0.16, 0.16]
		},
		"thirdperson_lefthand": {
			"scale": [0.17, 0.16, 0.16]
		},
		"firstperson_righthand": {
			"scale": [0.58, 0.58, 0.57]
		},
		"firstperson_lefthand": {
			"scale": [0.58, 0.58, 0.57]
		},
		"gui": {
			"rotation": [9, 154, 5],
			"translation": [-0.5, 1.25, 0],
			"scale": [0.56, 0.56, 0.55]
		}
	},
	"groups": [
		{
			"name": "group",
			"origin": [0, 0, 0],
			"color": 0,
			"children": [0]
		}
	]
}