{
	"credit": "Made with Blockbench",
	"textures": {
		"3": "block/glass",
		"4": "block/acacia_planks",
		"5": "block/3d_objects/props05a",
		"particle": "block/beetroots_stage1"
	},
	"elements": [
		{
			"from": [2.88, 1, 2.88],
			"to": [13.12, 21.48, 3.52],
			"rotation": {"angle": 0, "axis": "y", "origin": [2.88, 1, 2.88]},
			"faces": {
				"north": {"uv": [0, 0, 16, 16], "texture": "#3"},
				"east": {"uv": [0, 0, 16, 16], "texture": "#4"},
				"south": {"uv": [0, 0, 16, 16], "texture": "#3"},
				"west": {"uv": [0, 0, 16, 16], "texture": "#4"},
				"up": {"uv": [0, 0, 16, 16], "texture": "#4"},
				"down": {"uv": [0, 0, 16, 16], "texture": "#4"}
			}
		},
		{
			"from": [5.44, 10.6, 2.88],
			"to": [6.08, 11.88, 6.08],
			"rotation": {"angle": 0, "axis": "y", "origin": [2.88, 1, 2.88]},
			"faces": {
				"north": {"uv": [0, 0, 5, 2], "texture": "#4"},
				"east": {"uv": [0, 0, 5, 2], "texture": "#4"},
				"south": {"uv": [0, 0, 5, 2], "texture": "#4"},
				"west": {"uv": [0, 0, 5, 2], "texture": "#4"},
				"up": {"uv": [0, 0, 5, 2], "texture": "#4"},
				"down": {"uv": [0, 0, 5, 2], "texture": "#4"}
			}
		},
		{
			"from": [9.92, 10.6, 2.88],
			"to": [10.56, 11.88, 6.08],
			"rotation": {"angle": 0, "axis": "y", "origin": [7.36, 1, 2.88]},
			"faces": {
				"north": {"uv": [0, 0, 5, 2], "texture": "#4"},
				"east": {"uv": [0, 0, 5, 2], "texture": "#4"},
				"south": {"uv": [0, 0, 5, 2], "texture": "#4"},
				"west": {"uv": [0, 0, 5, 2], "texture": "#4"},
				"up": {"uv": [0, 0, 5, 2], "texture": "#4"},
				"down": {"uv": [0, 0, 5, 2], "texture": "#4"}
			}
		},
		{
			"from": [4.8, 9.96, 2.848],
			"to": [11.2, 12.52, 2.848],
			"rotation": {"angle": 0, "axis": "y", "origin": [2.88, 1, 2.88]},
			"faces": {
				"north": {"uv": [0, 10.625, 3, 11.34375], "texture": "#5"},
				"east": {"uv": [0, 10.625, 3, 11.34375], "texture": "#5"},
				"south": {"uv": [0, 10.625, 3, 11.34375], "texture": "#4"},
				"west": {"uv": [0, 10.625, 3, 11.34375], "texture": "#5"},
				"up": {"uv": [0, 10.625, 3, 11.34375], "texture": "#5"},
				"down": {"uv": [0, 10.625, 3, 11.34375], "texture": "#5"}
			}
		},
		{
			"from": [-1.92, 1, 4.8],
			"to": [3.2, 21.48, 5.44],
			"rotation": {"angle": 22.5, "axis": "y", "origin": [-1.6, 1, 4.8]},
			"faces": {
				"north": {"uv": [0, 0, 16, 16], "texture": "#3"},
				"east": {"uv": [0, 0, 8, 16], "texture": "#4"},
				"south": {"uv": [0, 0, 16, 16], "texture": "#3"},
				"west": {"uv": [0, 0, 8, 16], "texture": "#4"},
				"up": {"uv": [0, 0, 8, 16], "texture": "#4"},
				"down": {"uv": [0, 0, 8, 16], "texture": "#4"}
			}
		},
		{
			"from": [12.8, 1, 4.8],
			"to": [17.92, 21.48, 5.44],
			"rotation": {"angle": -22.5, "axis": "y", "origin": [17.6, 1, 4.8]},
			"faces": {
				"north": {"uv": [0, 0, 16, 16], "texture": "#3"},
				"east": {"uv": [8, 0, 0, 16], "texture": "#4"},
				"south": {"uv": [0, 0, 16, 16], "texture": "#3"},
				"west": {"uv": [8, 0, 0, 16], "texture": "#4"},
				"up": {"uv": [8, 0, 0, 16], "texture": "#4"},
				"down": {"uv": [8, 0, 0, 16], "texture": "#4"}
			}
		}
	],
	"display": {
		"thirdperson_righthand": {
			"rotation": [69, 0, 0],
			"translation": [-6.25, -3, 0]
		},
		"thirdperson_lefthand": {
			"rotation": [69, 0, 0],
			"translation": [-6.25, -3, 0]
		},
		"firstperson_righthand": {
			"translation": [-9, -6, 5.5]
		},
		"firstperson_lefthand": {
			"translation": [-9, -6, 5.5]
		},
		"gui": {
			"rotation": [17, 158, 0],
			"translation": [0.5, -1.5, 0],
			"scale": [0.64, 0.65, 0.65]
		}
	}
}