{
	"credit": "Made with Blockbench",
	"textures": {
		"2": "block/3d_objects/meubles_t1_props",
		"10": "block/oak_log",
		"11": "block/grass_block_top",
		"particle": "block/oak_log"
	},
	"elements": [
		{
			"from": [0, 0.125, 0],
			"to": [16, 16, 16],
			"faces": {
				"north": {"uv": [0, 0, 16, 16], "texture": "#10"},
				"east": {"uv": [0, 0, 16, 16], "texture": "#10"},
				"south": {"uv": [0, 0, 16, 16], "texture": "#10"},
				"west": {"uv": [0, 0, 16, 16], "texture": "#10"},
				"up": {"uv": [0, 0, 16, 16], "texture": "#10"},
				"down": {"uv": [0, 0, 16, 16], "texture": "#10"}
			}
		},
		{
			"from": [-6.9, 0, -7.9],
			"to": [23.1, 3.875, -6.9],
			"rotation": {"angle": 0, "axis": "y", "origin": [13.6, 8, 1.1]},
			"faces": {
				"north": {"uv": [0, 6.219, 5.75, 11.843], "texture": "#2"},
				"east": {"uv": [0, 6.219, 5.75, 11.843], "texture": "#2"},
				"south": {"uv": [0, 6.219, 5.75, 11.843], "texture": "#2"},
				"west": {"uv": [0, 6.219, 5.75, 11.843], "texture": "#2"},
				"up": {"uv": [0, 6.219, 5.75, 11.843], "texture": "#2"},
				"down": {"uv": [0, 6.219, 5.75, 11.843], "texture": "#2"}
			}
		},
		{
			"from": [-7.9, 0, 23.1],
			"to": [23.1, 3.875, 24.1],
			"rotation": {"angle": 0, "axis": "y", "origin": [13.6, 8, 32.1]},
			"faces": {
				"north": {"uv": [0, 6.219, 5.75, 11.843], "texture": "#2"},
				"east": {"uv": [0, 6.219, 5.75, 11.843], "texture": "#2"},
				"south": {"uv": [0, 6.219, 5.75, 11.843], "texture": "#2"},
				"west": {"uv": [0, 6.219, 5.75, 11.843], "texture": "#2"},
				"up": {"uv": [0, 6.219, 5.75, 11.843], "texture": "#2"},
				"down": {"uv": [0, 6.219, 5.75, 11.843], "texture": "#2"}
			}
		},
		{
			"from": [-7.9, 0, -7.9],
			"to": [-6.9, 3.875, 23.1],
			"rotation": {"angle": 0, "axis": "y", "origin": [8.6, 8, 27.1]},
			"faces": {
				"north": {"uv": [0, 6.219, 5.75, 11.843], "texture": "#2"},
				"east": {"uv": [0, 6.219, 5.75, 11.843], "texture": "#2"},
				"south": {"uv": [0, 6.219, 5.75, 11.843], "texture": "#2"},
				"west": {"uv": [0, 6.219, 5.75, 11.843], "texture": "#2"},
				"up": {"uv": [0, 6.219, 5.75, 11.843], "texture": "#2"},
				"down": {"uv": [0, 6.219, 5.75, 11.843], "texture": "#2"}
			}
		},
		{
			"from": [23.1, 0, -7.9],
			"to": [24.1, 3.875, 24.1],
			"rotation": {"angle": 0, "axis": "y", "origin": [39.6, 8, 27.1]},
			"faces": {
				"north": {"uv": [0, 6.219, 5.75, 11.843], "texture": "#2"},
				"east": {"uv": [0, 6.219, 5.75, 11.843], "texture": "#2"},
				"south": {"uv": [0, 6.219, 5.75, 11.843], "texture": "#2"},
				"west": {"uv": [0, 6.219, 5.75, 11.843], "texture": "#2"},
				"up": {"uv": [0, 6.219, 5.75, 11.843], "texture": "#2"},
				"down": {"uv": [0, 6.219, 5.75, 11.843], "texture": "#2"}
			}
		},
		{
			"from": [-6.9, 0, -6.9],
			"to": [23.1, 0.75, 23.1],
			"rotation": {"angle": 0, "axis": "y", "origin": [13.6, 8, 1.1]},
			"faces": {
				"north": {"uv": [0, 6.219, 5.75, 11.843], "texture": "#2"},
				"east": {"uv": [0, 6.219, 5.75, 11.843], "texture": "#2"},
				"south": {"uv": [0, 6.219, 5.75, 11.843], "texture": "#2"},
				"west": {"uv": [0, 6.219, 5.75, 11.843], "texture": "#2"},
				"up": {"uv": [0, 0, 16, 16], "texture": "#11"},
				"down": {"uv": [0, 6.219, 5.75, 11.843], "texture": "#2"}
			}
		}
	],
	"display": {
		"thirdperson_righthand": {
			"rotation": [90, 0, 0],
			"translation": [-6.565, -0.5, 7],
			"scale": [0.6, 0.6, 0.6]
		},
		"thirdperson_lefthand": {
			"rotation": [90, 0, 0],
			"translation": [-6.565, -0.5, 7],
			"scale": [0.6, 0.6, 0.6]
		},
		"firstperson_righthand": {
			"translation": [0, 3, 0],
			"scale": [0, 0, 0]
		},
		"firstperson_lefthand": {
			"translation": [0, 3, 0],
			"scale": [0, 0, 0]
		},
		"ground": {
			"translation": [0, 2, 0],
			"scale": [0.4, 0.4, 0.4]
		},
		"gui": {
			"rotation": [39, -45, 0],
			"translation": [0, 1.5, 0],
			"scale": [0.34, 0.34, 0.34]
		},
		"head": {
			"translation": [0, -13, 0],
			"scale": [1.3, 1.3, 1.3]
		},
		"fixed": {
			"translation": [0, -4, -15],
			"scale": [1.6, 1.6, 1.6]
		}
	}
}