{
	"credit": "ALTA Official CONTENT -- Do not use without credits !",
	"textures": {
		"0": "block/nether_bricks",
		"particle": "block/nether_bricks"
	},
	"elements": [
		{
			"from": [0, 10, 0],
			"to": [16, 16, 16],
			"rotation": {"angle": 0, "axis": "y", "origin": [8, 18, 8]},
			"faces": {
				"north": {"uv": [0, 0, 16, 6.25], "texture": "#0"},
				"east": {"uv": [0, 0, 16, 6.25], "texture": "#0"},
				"south": {"uv": [0, 0, 16, 6.25], "texture": "#0"},
				"west": {"uv": [0, 0, 16, 6.25], "texture": "#0"},
				"up": {"uv": [0, 0, 16, 16], "texture": "#0"},
				"down": {"uv": [0, 0, 16, 16], "texture": "#0"}
			}
		}
	]
}