{
	"credit": "Made with Blockbench",
	"textures": {
		"1": "block/3d/metal",
		"3": "block/cauldron_inner",
		"5": "block/traffic_cone_white",
		"particle": "block/cauldron_inner"
	},
	"elements": [
		{
			"from": [14.44817, -7.875, 6.3125],
			"to": [17.82317, -6.125, 9.6875],
			"rotation": {"angle": 0, "axis": "x", "origin": [24.19817, 4.5, 16.1875]},
			"faces": {
				"north": {"uv": [0, 0, 16, 16], "texture": "#3"},
				"east": {"uv": [0, 0, 16, 16], "texture": "#3"},
				"south": {"uv": [0, 0, 16, 16], "texture": "#3"},
				"west": {"uv": [0, 0, 16, 16], "texture": "#3"},
				"up": {"uv": [0, 0, 16, 16], "texture": "#3"},
				"down": {"uv": [0, 0, 16, 16], "texture": "#3"}
			}
		},
		{
			"from": [11.07317, -1.375, 7.6875],
			"to": [11.69817, 0.5, 8.3125],
			"rotation": {"angle": 22.5, "axis": "z", "origin": [19.44817, 9.5, 16.1875]},
			"faces": {
				"north": {"uv": [0, 0, 16, 16], "texture": "#1"},
				"east": {"uv": [0, 0, 16, 16], "texture": "#1"},
				"south": {"uv": [0, 0, 16, 16], "texture": "#1"},
				"west": {"uv": [0, 0, 16, 16], "texture": "#1"},
				"up": {"uv": [0, 0, 16, 16], "texture": "#1"},
				"down": {"uv": [0, 0, 16, 16], "texture": "#1"}
			}
		},
		{
			"from": [15.44817, -5.5, 7.3125],
			"to": [16.82317, -4.75, 8.6875],
			"rotation": {"angle": 0, "axis": "x", "origin": [24.19817, 5.5, 16.1875]},
			"faces": {
				"north": {"uv": [0, 0, 16, 16], "texture": "#3"},
				"east": {"uv": [0, 0, 16, 16], "texture": "#3"},
				"south": {"uv": [0, 0, 16, 16], "texture": "#3"},
				"west": {"uv": [0, 0, 16, 16], "texture": "#3"},
				"up": {"uv": [0, 0, 16, 16], "texture": "#3"},
				"down": {"uv": [0, 0, 16, 16], "texture": "#3"}
			}
		},
		{
			"from": [15.82317, -5.375, 7.6875],
			"to": [16.44817, -3.5, 8.3125],
			"rotation": {"angle": 0, "axis": "x", "origin": [24.19817, 5.5, 16.1875]},
			"faces": {
				"north": {"uv": [0, 0, 16, 16], "texture": "#1"},
				"east": {"uv": [0, 0, 16, 16], "texture": "#1"},
				"south": {"uv": [0, 0, 16, 16], "texture": "#1"},
				"west": {"uv": [0, 0, 16, 16], "texture": "#1"},
				"up": {"uv": [0, 0, 16, 16], "texture": "#1"},
				"down": {"uv": [0, 0, 16, 16], "texture": "#1"}
			}
		},
		{
			"from": [14.57317, -7.875, 6.4375],
			"to": [17.69817, -5.75, 9.5625],
			"rotation": {"angle": 0, "axis": "x", "origin": [24.19817, 4.5, 16.1875]},
			"faces": {
				"north": {"uv": [0, 0, 16, 16], "texture": "#3"},
				"east": {"uv": [0, 0, 16, 16], "texture": "#3"},
				"south": {"uv": [0, 0, 16, 16], "texture": "#3"},
				"west": {"uv": [0, 0, 16, 16], "texture": "#3"},
				"up": {"uv": [0, 0, 16, 16], "texture": "#3"},
				"down": {"uv": [0, 0, 16, 16], "texture": "#3"}
			}
		},
		{
			"from": [14.82317, -5.75, 6.6875],
			"to": [17.44817, -5.5, 9.3125],
			"rotation": {"angle": 0, "axis": "x", "origin": [24.19817, 4.75, 16.1875]},
			"faces": {
				"north": {"uv": [0, 0, 16, 16], "texture": "#3"},
				"east": {"uv": [0, 0, 16, 16], "texture": "#3"},
				"south": {"uv": [0, 0, 16, 16], "texture": "#3"},
				"west": {"uv": [0, 0, 16, 16], "texture": "#3"},
				"up": {"uv": [0, 0, 16, 16], "texture": "#3"},
				"down": {"uv": [0, 0, 16, 16], "texture": "#3"}
			}
		},
		{
			"from": [14.32317, -8.5, 6.1875],
			"to": [17.94817, -6.75, 9.8125],
			"rotation": {"angle": 0, "axis": "x", "origin": [24.19817, 3.875, 16.1875]},
			"faces": {
				"north": {"uv": [0, 0, 16, 16], "rotation": 270, "texture": "#3"},
				"east": {"uv": [0, 0, 16, 16], "rotation": 270, "texture": "#3"},
				"south": {"uv": [0, 0, 16, 16], "rotation": 270, "texture": "#3"},
				"west": {"uv": [0, 0, 16, 16], "rotation": 270, "texture": "#3"},
				"up": {"uv": [0, 0, 16, 16], "rotation": 270, "texture": "#3"},
				"down": {"uv": [0, 0, 16, 16], "rotation": 270, "texture": "#3"}
			}
		},
		{
			"from": [14.07317, -9.125, 6.1875],
			"to": [14.44817, -7.5, 9.8125],
			"rotation": {"angle": 0, "axis": "x", "origin": [20.44817, 3.875, 16.1875]},
			"faces": {
				"north": {"uv": [0, 0, 16, 16], "texture": "#3"},
				"east": {"uv": [0, 0, 16, 16], "texture": "#3"},
				"south": {"uv": [0, 0, 16, 16], "texture": "#3"},
				"west": {"uv": [0, 0, 16, 16], "texture": "#3"},
				"up": {"uv": [0, 0, 16, 16], "texture": "#3"},
				"down": {"uv": [0, 0, 16, 16], "texture": "#3"}
			}
		},
		{
			"from": [17.00567, 2.53, 7.6875],
			"to": [18.13067, 3.155, 8.3125],
			"rotation": {"angle": -22.5, "axis": "z", "origin": [7.19817, 10.75, 16.1875]},
			"faces": {
				"north": {"uv": [0, 0, 16, 16], "texture": "#1"},
				"east": {"uv": [0, 0, 16, 16], "texture": "#1"},
				"south": {"uv": [0, 0, 16, 16], "texture": "#1"},
				"west": {"uv": [0, 0, 16, 16], "texture": "#1"},
				"up": {"uv": [0, 0, 16, 16], "texture": "#1"},
				"down": {"uv": [0, 0, 16, 16], "texture": "#1"}
			}
		},
		{
			"from": [5.13867, 0.465, 7.6875],
			"to": [5.76367, 2.34, 8.3125],
			"rotation": {"angle": 45, "axis": "z", "origin": [13.44817, 11.375, 16.1875]},
			"faces": {
				"north": {"uv": [0, 0, 16, 16], "texture": "#1"},
				"east": {"uv": [0, 0, 16, 16], "texture": "#1"},
				"south": {"uv": [0, 0, 16, 16], "texture": "#1"},
				"west": {"uv": [0, 0, 16, 16], "texture": "#1"},
				"up": {"uv": [0, 0, 16, 16], "texture": "#1"},
				"down": {"uv": [0, 0, 16, 16], "texture": "#1"}
			}
		},
		{
			"from": [12.04567, -0.65, 7.6875],
			"to": [13.42067, -0.025, 8.3125],
			"rotation": {"angle": 0, "axis": "x", "origin": [22.94817, 7.625, 16.1875]},
			"faces": {
				"north": {"uv": [0, 0, 16, 16], "texture": "#1"},
				"east": {"uv": [0, 0, 16, 16], "texture": "#1"},
				"south": {"uv": [0, 0, 16, 16], "texture": "#1"},
				"west": {"uv": [0, 0, 16, 16], "texture": "#1"},
				"up": {"uv": [0, 0, 16, 16], "texture": "#1"},
				"down": {"uv": [0, 0, 16, 16], "texture": "#1"}
			}
		},
		{
			"from": [7.26567, 2.53, 7.6875],
			"to": [8.39067, 3.155, 8.3125],
			"rotation": {"angle": 22.5, "axis": "z", "origin": [18.19817, 10.75, 16.1875]},
			"faces": {
				"north": {"uv": [0, 0, 16, 16], "texture": "#1"},
				"east": {"uv": [0, 0, 16, 16], "texture": "#1"},
				"south": {"uv": [0, 0, 16, 16], "texture": "#1"},
				"west": {"uv": [0, 0, 16, 16], "texture": "#1"},
				"up": {"uv": [0, 0, 16, 16], "texture": "#1"},
				"down": {"uv": [0, 0, 16, 16], "texture": "#1"}
			}
		},
		{
			"from": [19.63267, 0.465, 7.6875],
			"to": [20.25767, 2.34, 8.3125],
			"rotation": {"angle": -45, "axis": "z", "origin": [11.94817, 11.375, 16.1875]},
			"faces": {
				"north": {"uv": [0, 0, 16, 16], "texture": "#1"},
				"east": {"uv": [0, 0, 16, 16], "texture": "#1"},
				"south": {"uv": [0, 0, 16, 16], "texture": "#1"},
				"west": {"uv": [0, 0, 16, 16], "texture": "#1"},
				"up": {"uv": [0, 0, 16, 16], "texture": "#1"},
				"down": {"uv": [0, 0, 16, 16], "texture": "#1"}
			}
		},
		{
			"from": [13.69817, -1.375, 7.6875],
			"to": [14.32317, 0.5, 8.3125],
			"rotation": {"angle": -22.5, "axis": "z", "origin": [5.94817, 9.5, 16.1875]},
			"faces": {
				"north": {"uv": [0, 0, 16, 16], "texture": "#1"},
				"east": {"uv": [0, 0, 16, 16], "texture": "#1"},
				"south": {"uv": [0, 0, 16, 16], "texture": "#1"},
				"west": {"uv": [0, 0, 16, 16], "texture": "#1"},
				"up": {"uv": [0, 0, 16, 16], "texture": "#1"},
				"down": {"uv": [0, 0, 16, 16], "texture": "#1"}
			}
		},
		{
			"from": [17.82317, -9.125, 6.1875],
			"to": [18.19817, -7.5, 9.8125],
			"rotation": {"angle": 0, "axis": "x", "origin": [24.19817, 3.875, 16.1875]},
			"faces": {
				"north": {"uv": [0, 0, 16, 16], "texture": "#3"},
				"east": {"uv": [0, 0, 16, 16], "texture": "#3"},
				"south": {"uv": [0, 0, 16, 16], "texture": "#3"},
				"west": {"uv": [0, 0, 16, 16], "texture": "#3"},
				"up": {"uv": [0, 0, 16, 16], "texture": "#3"},
				"down": {"uv": [0, 0, 16, 16], "texture": "#3"}
			}
		},
		{
			"from": [14.32317, -9.125, 5.9375],
			"to": [17.82317, -7.5, 6.1875],
			"rotation": {"angle": 0, "axis": "x", "origin": [20.44817, 3.875, 16.1875]},
			"faces": {
				"north": {"uv": [0, 0, 16, 16], "texture": "#3"},
				"east": {"uv": [0, 0, 16, 16], "texture": "#3"},
				"south": {"uv": [0, 0, 16, 16], "texture": "#3"},
				"west": {"uv": [0, 0, 16, 16], "texture": "#3"},
				"up": {"uv": [0, 0, 16, 16], "texture": "#3"},
				"down": {"uv": [0, 0, 16, 16], "texture": "#3"}
			}
		},
		{
			"from": [14.32317, -9.125, 9.8125],
			"to": [17.82317, -7.5, 10.0625],
			"rotation": {"angle": 0, "axis": "x", "origin": [20.44817, 3.875, 20.0625]},
			"faces": {
				"north": {"uv": [0, 0, 16, 16], "texture": "#3"},
				"east": {"uv": [0, 0, 16, 16], "texture": "#3"},
				"south": {"uv": [0, 0, 16, 16], "texture": "#3"},
				"west": {"uv": [0, 0, 16, 16], "texture": "#3"},
				"up": {"uv": [0, 0, 16, 16], "texture": "#3"},
				"down": {"uv": [0, 0, 16, 16], "texture": "#3"}
			}
		},
		{
			"from": [15.69817, -9.125, 7.1875],
			"to": [16.82317, -8.375, 7.3125],
			"rotation": {"angle": 0, "axis": "x", "origin": [24.19817, 3.875, 16.0625]},
			"faces": {
				"north": {"uv": [0, 0, 16, 16], "texture": "#5"},
				"east": {"uv": [0, 0, 16, 16], "texture": "#5"},
				"south": {"uv": [0, 0, 16, 16], "texture": "#5"},
				"west": {"uv": [0, 0, 16, 16], "texture": "#5"},
				"up": {"uv": [0, 0, 16, 16], "texture": "#5"},
				"down": {"uv": [0, 0, 16, 16], "texture": "#5"}
			}
		},
		{
			"from": [15.57317, -9.125, 7.3125],
			"to": [16.94817, -8.375, 8.6875],
			"rotation": {"angle": 0, "axis": "x", "origin": [24.19817, 3.875, 16.0625]},
			"faces": {
				"north": {"uv": [0, 0, 16, 16], "texture": "#5"},
				"east": {"uv": [0, 0, 16, 16], "texture": "#5"},
				"south": {"uv": [0, 0, 16, 16], "texture": "#5"},
				"west": {"uv": [0, 0, 16, 16], "texture": "#5"},
				"up": {"uv": [0, 0, 16, 16], "texture": "#5"},
				"down": {"uv": [0, 0, 16, 16], "texture": "#5"}
			}
		},
		{
			"from": [15.94817, -9.375, 7.4375],
			"to": [16.57317, -9.125, 7.5625],
			"rotation": {"angle": 0, "axis": "x", "origin": [24.19817, 3.875, 15.9375]},
			"faces": {
				"north": {"uv": [0, 0, 16, 16], "texture": "#5"},
				"east": {"uv": [0, 0, 16, 16], "texture": "#5"},
				"south": {"uv": [0, 0, 16, 16], "texture": "#5"},
				"west": {"uv": [0, 0, 16, 16], "texture": "#5"},
				"up": {"uv": [0, 0, 16, 16], "texture": "#5"},
				"down": {"uv": [0, 0, 16, 16], "texture": "#5"}
			}
		},
		{
			"from": [15.82317, -9.375, 7.5625],
			"to": [16.69817, -9.125, 8.4375],
			"rotation": {"angle": 0, "axis": "x", "origin": [24.19817, 3.875, 16.0625]},
			"faces": {
				"north": {"uv": [0, 0, 16, 16], "texture": "#5"},
				"east": {"uv": [0, 0, 16, 16], "texture": "#5"},
				"south": {"uv": [0, 0, 16, 16], "texture": "#5"},
				"west": {"uv": [0, 0, 16, 16], "texture": "#5"},
				"up": {"uv": [0, 0, 16, 16], "texture": "#5"},
				"down": {"uv": [0, 0, 16, 16], "texture": "#5"}
			}
		},
		{
			"from": [15.69817, -9.375, 7.6875],
			"to": [15.82317, -9.125, 8.3125],
			"rotation": {"angle": 0, "axis": "x", "origin": [23.19817, 3.875, 16.0625]},
			"faces": {
				"north": {"uv": [0, 0, 16, 16], "texture": "#5"},
				"east": {"uv": [0, 0, 16, 16], "texture": "#5"},
				"south": {"uv": [0, 0, 16, 16], "texture": "#5"},
				"west": {"uv": [0, 0, 16, 16], "texture": "#5"},
				"up": {"uv": [0, 0, 16, 16], "texture": "#5"},
				"down": {"uv": [0, 0, 16, 16], "texture": "#5"}
			}
		},
		{
			"from": [16.69817, -9.375, 7.6875],
			"to": [16.82317, -9.125, 8.3125],
			"rotation": {"angle": 0, "axis": "x", "origin": [24.19817, 3.875, 16.0625]},
			"faces": {
				"north": {"uv": [0, 0, 16, 16], "texture": "#5"},
				"east": {"uv": [0, 0, 16, 16], "texture": "#5"},
				"south": {"uv": [0, 0, 16, 16], "texture": "#5"},
				"west": {"uv": [0, 0, 16, 16], "texture": "#5"},
				"up": {"uv": [0, 0, 16, 16], "texture": "#5"},
				"down": {"uv": [0, 0, 16, 16], "texture": "#5"}
			}
		},
		{
			"from": [15.44817, -9.125, 7.4375],
			"to": [17.07317, -8.375, 8.5625],
			"rotation": {"angle": 0, "axis": "x", "origin": [24.19817, 3.875, 16.0625]},
			"faces": {
				"north": {"uv": [0, 0, 16, 16], "texture": "#5"},
				"east": {"uv": [0, 0, 16, 16], "texture": "#5"},
				"south": {"uv": [0, 0, 16, 16], "texture": "#5"},
				"west": {"uv": [0, 0, 16, 16], "texture": "#5"},
				"up": {"uv": [0, 0, 16, 16], "texture": "#5"},
				"down": {"uv": [0, 0, 16, 16], "texture": "#5"}
			}
		},
		{
			"from": [15.69817, -9.125, 8.6875],
			"to": [16.82317, -8.375, 8.8125],
			"rotation": {"angle": 0, "axis": "x", "origin": [24.19817, 3.875, 17.5625]},
			"faces": {
				"north": {"uv": [0, 0, 16, 16], "texture": "#5"},
				"east": {"uv": [0, 0, 16, 16], "texture": "#5"},
				"south": {"uv": [0, 0, 16, 16], "texture": "#5"},
				"west": {"uv": [0, 0, 16, 16], "texture": "#5"},
				"up": {"uv": [0, 0, 16, 16], "texture": "#5"},
				"down": {"uv": [0, 0, 16, 16], "texture": "#5"}
			}
		},
		{
			"from": [15.94817, -9.375, 8.4375],
			"to": [16.57317, -9.125, 8.5625],
			"rotation": {"angle": 0, "axis": "x", "origin": [24.19817, 3.875, 16.9375]},
			"faces": {
				"north": {"uv": [0, 0, 16, 16], "texture": "#5"},
				"east": {"uv": [0, 0, 16, 16], "texture": "#5"},
				"south": {"uv": [0, 0, 16, 16], "texture": "#5"},
				"west": {"uv": [0, 0, 16, 16], "texture": "#5"},
				"up": {"uv": [0, 0, 16, 16], "texture": "#5"},
				"down": {"uv": [0, 0, 16, 16], "texture": "#5"}
			}
		},
		{
			"from": [-1.82317, -7.875, 6.3125],
			"to": [1.55183, -6.125, 9.6875],
			"rotation": {"angle": 0, "axis": "x", "origin": [-8.19817, 4.5, 16.1875]},
			"faces": {
				"north": {"uv": [0, 0, 16, 16], "texture": "#3"},
				"east": {"uv": [0, 0, 16, 16], "texture": "#3"},
				"south": {"uv": [0, 0, 16, 16], "texture": "#3"},
				"west": {"uv": [0, 0, 16, 16], "texture": "#3"},
				"up": {"uv": [0, 0, 16, 16], "texture": "#3"},
				"down": {"uv": [0, 0, 16, 16], "texture": "#3"}
			}
		},
		{
			"from": [4.30183, -1.375, 7.6875],
			"to": [4.92683, 0.5, 8.3125],
			"rotation": {"angle": -22.5, "axis": "z", "origin": [-3.44817, 9.5, 16.1875]},
			"faces": {
				"north": {"uv": [0, 0, 16, 16], "texture": "#1"},
				"east": {"uv": [0, 0, 16, 16], "texture": "#1"},
				"south": {"uv": [0, 0, 16, 16], "texture": "#1"},
				"west": {"uv": [0, 0, 16, 16], "texture": "#1"},
				"up": {"uv": [0, 0, 16, 16], "texture": "#1"},
				"down": {"uv": [0, 0, 16, 16], "texture": "#1"}
			}
		},
		{
			"from": [-0.82317, -5.5, 7.3125],
			"to": [0.55183, -4.75, 8.6875],
			"rotation": {"angle": 0, "axis": "x", "origin": [-8.19817, 5.5, 16.1875]},
			"faces": {
				"north": {"uv": [0, 0, 16, 16], "texture": "#3"},
				"east": {"uv": [0, 0, 16, 16], "texture": "#3"},
				"south": {"uv": [0, 0, 16, 16], "texture": "#3"},
				"west": {"uv": [0, 0, 16, 16], "texture": "#3"},
				"up": {"uv": [0, 0, 16, 16], "texture": "#3"},
				"down": {"uv": [0, 0, 16, 16], "texture": "#3"}
			}
		},
		{
			"from": [-0.44817, -5.375, 7.6875],
			"to": [0.17683, -3.5, 8.3125],
			"rotation": {"angle": 0, "axis": "x", "origin": [-8.19817, 5.5, 16.1875]},
			"faces": {
				"north": {"uv": [0, 0, 16, 16], "texture": "#1"},
				"east": {"uv": [0, 0, 16, 16], "texture": "#1"},
				"south": {"uv": [0, 0, 16, 16], "texture": "#1"},
				"west": {"uv": [0, 0, 16, 16], "texture": "#1"},
				"up": {"uv": [0, 0, 16, 16], "texture": "#1"},
				"down": {"uv": [0, 0, 16, 16], "texture": "#1"}
			}
		},
		{
			"from": [-1.69817, -7.875, 6.4375],
			"to": [1.42683, -5.75, 9.5625],
			"rotation": {"angle": 0, "axis": "x", "origin": [-8.19817, 4.5, 16.1875]},
			"faces": {
				"north": {"uv": [0, 0, 16, 16], "texture": "#3"},
				"east": {"uv": [0, 0, 16, 16], "texture": "#3"},
				"south": {"uv": [0, 0, 16, 16], "texture": "#3"},
				"west": {"uv": [0, 0, 16, 16], "texture": "#3"},
				"up": {"uv": [0, 0, 16, 16], "texture": "#3"},
				"down": {"uv": [0, 0, 16, 16], "texture": "#3"}
			}
		},
		{
			"from": [-1.44817, -5.75, 6.6875],
			"to": [1.17683, -5.5, 9.3125],
			"rotation": {"angle": 0, "axis": "x", "origin": [-8.19817, 4.75, 16.1875]},
			"faces": {
				"north": {"uv": [0, 0, 16, 16], "texture": "#3"},
				"east": {"uv": [0, 0, 16, 16], "texture": "#3"},
				"south": {"uv": [0, 0, 16, 16], "texture": "#3"},
				"west": {"uv": [0, 0, 16, 16], "texture": "#3"},
				"up": {"uv": [0, 0, 16, 16], "texture": "#3"},
				"down": {"uv": [0, 0, 16, 16], "texture": "#3"}
			}
		},
		{
			"from": [-1.94817, -8.5, 6.1875],
			"to": [1.67683, -6.75, 9.8125],
			"rotation": {"angle": 0, "axis": "x", "origin": [-8.19817, 3.875, 16.1875]},
			"faces": {
				"north": {"uv": [0, 0, 16, 16], "rotation": 270, "texture": "#3"},
				"east": {"uv": [0, 0, 16, 16], "rotation": 270, "texture": "#3"},
				"south": {"uv": [0, 0, 16, 16], "rotation": 270, "texture": "#3"},
				"west": {"uv": [0, 0, 16, 16], "rotation": 270, "texture": "#3"},
				"up": {"uv": [0, 0, 16, 16], "rotation": 270, "texture": "#3"},
				"down": {"uv": [0, 0, 16, 16], "rotation": 270, "texture": "#3"}
			}
		},
		{
			"from": [1.55183, -9.125, 6.1875],
			"to": [1.92683, -7.5, 9.8125],
			"rotation": {"angle": 0, "axis": "x", "origin": [-4.44817, 3.875, 16.1875]},
			"faces": {
				"north": {"uv": [0, 0, 16, 16], "texture": "#3"},
				"east": {"uv": [0, 0, 16, 16], "texture": "#3"},
				"south": {"uv": [0, 0, 16, 16], "texture": "#3"},
				"west": {"uv": [0, 0, 16, 16], "texture": "#3"},
				"up": {"uv": [0, 0, 16, 16], "texture": "#3"},
				"down": {"uv": [0, 0, 16, 16], "texture": "#3"}
			}
		},
		{
			"from": [-2.13067, 2.53, 7.6875],
			"to": [-1.00567, 3.155, 8.3125],
			"rotation": {"angle": 22.5, "axis": "z", "origin": [8.80183, 10.75, 16.1875]},
			"faces": {
				"north": {"uv": [0, 0, 16, 16], "texture": "#1"},
				"east": {"uv": [0, 0, 16, 16], "texture": "#1"},
				"south": {"uv": [0, 0, 16, 16], "texture": "#1"},
				"west": {"uv": [0, 0, 16, 16], "texture": "#1"},
				"up": {"uv": [0, 0, 16, 16], "texture": "#1"},
				"down": {"uv": [0, 0, 16, 16], "texture": "#1"}
			}
		},
		{
			"from": [10.23633, 0.465, 7.6875],
			"to": [10.86133, 2.34, 8.3125],
			"rotation": {"angle": -45, "axis": "z", "origin": [2.55183, 11.375, 16.1875]},
			"faces": {
				"north": {"uv": [0, 0, 16, 16], "texture": "#1"},
				"east": {"uv": [0, 0, 16, 16], "texture": "#1"},
				"south": {"uv": [0, 0, 16, 16], "texture": "#1"},
				"west": {"uv": [0, 0, 16, 16], "texture": "#1"},
				"up": {"uv": [0, 0, 16, 16], "texture": "#1"},
				"down": {"uv": [0, 0, 16, 16], "texture": "#1"}
			}
		},
		{
			"from": [2.57933, -0.65, 7.6875],
			"to": [3.95433, -0.025, 8.3125],
			"rotation": {"angle": 0, "axis": "x", "origin": [-6.94817, 7.625, 16.1875]},
			"faces": {
				"north": {"uv": [0, 0, 16, 16], "texture": "#1"},
				"east": {"uv": [0, 0, 16, 16], "texture": "#1"},
				"south": {"uv": [0, 0, 16, 16], "texture": "#1"},
				"west": {"uv": [0, 0, 16, 16], "texture": "#1"},
				"up": {"uv": [0, 0, 16, 16], "texture": "#1"},
				"down": {"uv": [0, 0, 16, 16], "texture": "#1"}
			}
		},
		{
			"from": [7.60933, 2.53, 7.6875],
			"to": [8.73433, 3.155, 8.3125],
			"rotation": {"angle": -22.5, "axis": "z", "origin": [-2.19817, 10.75, 16.1875]},
			"faces": {
				"north": {"uv": [0, 0, 16, 16], "texture": "#1"},
				"east": {"uv": [0, 0, 16, 16], "texture": "#1"},
				"south": {"uv": [0, 0, 16, 16], "texture": "#1"},
				"west": {"uv": [0, 0, 16, 16], "texture": "#1"},
				"up": {"uv": [0, 0, 16, 16], "texture": "#1"},
				"down": {"uv": [0, 0, 16, 16], "texture": "#1"}
			}
		},
		{
			"from": [-4.25767, 0.465, 7.6875],
			"to": [-3.63267, 2.34, 8.3125],
			"rotation": {"angle": 45, "axis": "z", "origin": [4.05183, 11.375, 16.1875]},
			"faces": {
				"north": {"uv": [0, 0, 16, 16], "texture": "#1"},
				"east": {"uv": [0, 0, 16, 16], "texture": "#1"},
				"south": {"uv": [0, 0, 16, 16], "texture": "#1"},
				"west": {"uv": [0, 0, 16, 16], "texture": "#1"},
				"up": {"uv": [0, 0, 16, 16], "texture": "#1"},
				"down": {"uv": [0, 0, 16, 16], "texture": "#1"}
			}
		},
		{
			"from": [1.67683, -1.375, 7.6875],
			"to": [2.30183, 0.5, 8.3125],
			"rotation": {"angle": 22.5, "axis": "z", "origin": [10.05183, 9.5, 16.1875]},
			"faces": {
				"north": {"uv": [0, 0, 16, 16], "texture": "#1"},
				"east": {"uv": [0, 0, 16, 16], "texture": "#1"},
				"south": {"uv": [0, 0, 16, 16], "texture": "#1"},
				"west": {"uv": [0, 0, 16, 16], "texture": "#1"},
				"up": {"uv": [0, 0, 16, 16], "texture": "#1"},
				"down": {"uv": [0, 0, 16, 16], "texture": "#1"}
			}
		},
		{
			"from": [-2.19817, -9.125, 6.1875],
			"to": [-1.82317, -7.5, 9.8125],
			"rotation": {"angle": 0, "axis": "x", "origin": [-8.19817, 3.875, 16.1875]},
			"faces": {
				"north": {"uv": [0, 0, 16, 16], "texture": "#3"},
				"east": {"uv": [0, 0, 16, 16], "texture": "#3"},
				"south": {"uv": [0, 0, 16, 16], "texture": "#3"},
				"west": {"uv": [0, 0, 16, 16], "texture": "#3"},
				"up": {"uv": [0, 0, 16, 16], "texture": "#3"},
				"down": {"uv": [0, 0, 16, 16], "texture": "#3"}
			}
		},
		{
			"from": [-1.82317, -9.125, 5.9375],
			"to": [1.67683, -7.5, 6.1875],
			"rotation": {"angle": 0, "axis": "x", "origin": [-4.44817, 3.875, 16.1875]},
			"faces": {
				"north": {"uv": [0, 0, 16, 16], "texture": "#3"},
				"east": {"uv": [0, 0, 16, 16], "texture": "#3"},
				"south": {"uv": [0, 0, 16, 16], "texture": "#3"},
				"west": {"uv": [0, 0, 16, 16], "texture": "#3"},
				"up": {"uv": [0, 0, 16, 16], "texture": "#3"},
				"down": {"uv": [0, 0, 16, 16], "texture": "#3"}
			}
		},
		{
			"from": [-1.82317, -9.125, 9.8125],
			"to": [1.67683, -7.5, 10.0625],
			"rotation": {"angle": 0, "axis": "x", "origin": [-4.44817, 3.875, 20.0625]},
			"faces": {
				"north": {"uv": [0, 0, 16, 16], "texture": "#3"},
				"east": {"uv": [0, 0, 16, 16], "texture": "#3"},
				"south": {"uv": [0, 0, 16, 16], "texture": "#3"},
				"west": {"uv": [0, 0, 16, 16], "texture": "#3"},
				"up": {"uv": [0, 0, 16, 16], "texture": "#3"},
				"down": {"uv": [0, 0, 16, 16], "texture": "#3"}
			}
		},
		{
			"from": [-0.82317, -9.125, 7.1875],
			"to": [0.30183, -8.375, 7.3125],
			"rotation": {"angle": 0, "axis": "x", "origin": [-8.19817, 3.875, 16.0625]},
			"faces": {
				"north": {"uv": [0, 0, 16, 16], "texture": "#5"},
				"east": {"uv": [0, 0, 16, 16], "texture": "#5"},
				"south": {"uv": [0, 0, 16, 16], "texture": "#5"},
				"west": {"uv": [0, 0, 16, 16], "texture": "#5"},
				"up": {"uv": [0, 0, 16, 16], "texture": "#5"},
				"down": {"uv": [0, 0, 16, 16], "texture": "#5"}
			}
		},
		{
			"from": [-0.94817, -9.125, 7.3125],
			"to": [0.42683, -8.375, 8.6875],
			"rotation": {"angle": 0, "axis": "x", "origin": [-8.19817, 3.875, 16.0625]},
			"faces": {
				"north": {"uv": [0, 0, 16, 16], "texture": "#5"},
				"east": {"uv": [0, 0, 16, 16], "texture": "#5"},
				"south": {"uv": [0, 0, 16, 16], "texture": "#5"},
				"west": {"uv": [0, 0, 16, 16], "texture": "#5"},
				"up": {"uv": [0, 0, 16, 16], "texture": "#5"},
				"down": {"uv": [0, 0, 16, 16], "texture": "#5"}
			}
		},
		{
			"from": [-0.57317, -9.375, 7.4375],
			"to": [0.05183, -9.125, 7.5625],
			"rotation": {"angle": 0, "axis": "x", "origin": [-8.19817, 3.875, 15.9375]},
			"faces": {
				"north": {"uv": [0, 0, 16, 16], "texture": "#5"},
				"east": {"uv": [0, 0, 16, 16], "texture": "#5"},
				"south": {"uv": [0, 0, 16, 16], "texture": "#5"},
				"west": {"uv": [0, 0, 16, 16], "texture": "#5"},
				"up": {"uv": [0, 0, 16, 16], "texture": "#5"},
				"down": {"uv": [0, 0, 16, 16], "texture": "#5"}
			}
		},
		{
			"from": [-0.69817, -9.375, 7.5625],
			"to": [0.17683, -9.125, 8.4375],
			"rotation": {"angle": 0, "axis": "x", "origin": [-8.19817, 3.875, 16.0625]},
			"faces": {
				"north": {"uv": [0, 0, 16, 16], "texture": "#5"},
				"east": {"uv": [0, 0, 16, 16], "texture": "#5"},
				"south": {"uv": [0, 0, 16, 16], "texture": "#5"},
				"west": {"uv": [0, 0, 16, 16], "texture": "#5"},
				"up": {"uv": [0, 0, 16, 16], "texture": "#5"},
				"down": {"uv": [0, 0, 16, 16], "texture": "#5"}
			}
		},
		{
			"from": [0.17683, -9.375, 7.6875],
			"to": [0.30183, -9.125, 8.3125],
			"rotation": {"angle": 0, "axis": "x", "origin": [-7.19817, 3.875, 16.0625]},
			"faces": {
				"north": {"uv": [0, 0, 16, 16], "texture": "#5"},
				"east": {"uv": [0, 0, 16, 16], "texture": "#5"},
				"south": {"uv": [0, 0, 16, 16], "texture": "#5"},
				"west": {"uv": [0, 0, 16, 16], "texture": "#5"},
				"up": {"uv": [0, 0, 16, 16], "texture": "#5"},
				"down": {"uv": [0, 0, 16, 16], "texture": "#5"}
			}
		},
		{
			"from": [-0.82317, -9.375, 7.6875],
			"to": [-0.69817, -9.125, 8.3125],
			"rotation": {"angle": 0, "axis": "x", "origin": [-8.19817, 3.875, 16.0625]},
			"faces": {
				"north": {"uv": [0, 0, 16, 16], "texture": "#5"},
				"east": {"uv": [0, 0, 16, 16], "texture": "#5"},
				"south": {"uv": [0, 0, 16, 16], "texture": "#5"},
				"west": {"uv": [0, 0, 16, 16], "texture": "#5"},
				"up": {"uv": [0, 0, 16, 16], "texture": "#5"},
				"down": {"uv": [0, 0, 16, 16], "texture": "#5"}
			}
		},
		{
			"from": [-1.07317, -9.125, 7.4375],
			"to": [0.55183, -8.375, 8.5625],
			"rotation": {"angle": 0, "axis": "x", "origin": [-8.19817, 3.875, 16.0625]},
			"faces": {
				"north": {"uv": [0, 0, 16, 16], "texture": "#5"},
				"east": {"uv": [0, 0, 16, 16], "texture": "#5"},
				"south": {"uv": [0, 0, 16, 16], "texture": "#5"},
				"west": {"uv": [0, 0, 16, 16], "texture": "#5"},
				"up": {"uv": [0, 0, 16, 16], "texture": "#5"},
				"down": {"uv": [0, 0, 16, 16], "texture": "#5"}
			}
		},
		{
			"from": [-0.82317, -9.125, 8.6875],
			"to": [0.30183, -8.375, 8.8125],
			"rotation": {"angle": 0, "axis": "x", "origin": [-8.19817, 3.875, 17.5625]},
			"faces": {
				"north": {"uv": [0, 0, 16, 16], "texture": "#5"},
				"east": {"uv": [0, 0, 16, 16], "texture": "#5"},
				"south": {"uv": [0, 0, 16, 16], "texture": "#5"},
				"west": {"uv": [0, 0, 16, 16], "texture": "#5"},
				"up": {"uv": [0, 0, 16, 16], "texture": "#5"},
				"down": {"uv": [0, 0, 16, 16], "texture": "#5"}
			}
		},
		{
			"from": [-0.57317, -9.375, 8.4375],
			"to": [0.05183, -9.125, 8.5625],
			"rotation": {"angle": 0, "axis": "x", "origin": [-8.19817, 3.875, 16.9375]},
			"faces": {
				"north": {"uv": [0, 0, 16, 16], "texture": "#5"},
				"east": {"uv": [0, 0, 16, 16], "texture": "#5"},
				"south": {"uv": [0, 0, 16, 16], "texture": "#5"},
				"west": {"uv": [0, 0, 16, 16], "texture": "#5"},
				"up": {"uv": [0, 0, 16, 16], "texture": "#5"},
				"down": {"uv": [0, 0, 16, 16], "texture": "#5"}
			}
		},
		{
			"from": [6.0625, -7.875, 14.4375],
			"to": [9.4375, -6.125, 17.8125],
			"rotation": {"angle": 0, "axis": "x", "origin": [15.9375, 4.5, 24.1875]},
			"faces": {
				"north": {"uv": [0, 0, 16, 16], "texture": "#3"},
				"east": {"uv": [0, 0, 16, 16], "texture": "#3"},
				"south": {"uv": [0, 0, 16, 16], "texture": "#3"},
				"west": {"uv": [0, 0, 16, 16], "texture": "#3"},
				"up": {"uv": [0, 0, 16, 16], "texture": "#3"},
				"down": {"uv": [0, 0, 16, 16], "texture": "#3"}
			}
		},
		{
			"from": [7.4375, -1.375, 11.0625],
			"to": [8.0625, 0.5, 11.6875],
			"rotation": {"angle": -22.5, "axis": "x", "origin": [15.9375, 9.5, 19.4375]},
			"faces": {
				"north": {"uv": [0, 0, 16, 16], "texture": "#1"},
				"east": {"uv": [0, 0, 16, 16], "texture": "#1"},
				"south": {"uv": [0, 0, 16, 16], "texture": "#1"},
				"west": {"uv": [0, 0, 16, 16], "texture": "#1"},
				"up": {"uv": [0, 0, 16, 16], "texture": "#1"},
				"down": {"uv": [0, 0, 16, 16], "texture": "#1"}
			}
		},
		{
			"from": [7.0625, -5.5, 15.4375],
			"to": [8.4375, -4.75, 16.8125],
			"rotation": {"angle": 0, "axis": "x", "origin": [15.9375, 5.5, 24.1875]},
			"faces": {
				"north": {"uv": [0, 0, 16, 16], "texture": "#3"},
				"east": {"uv": [0, 0, 16, 16], "texture": "#3"},
				"south": {"uv": [0, 0, 16, 16], "texture": "#3"},
				"west": {"uv": [0, 0, 16, 16], "texture": "#3"},
				"up": {"uv": [0, 0, 16, 16], "texture": "#3"},
				"down": {"uv": [0, 0, 16, 16], "texture": "#3"}
			}
		},
		{
			"from": [7.4375, -5.375, 15.8125],
			"to": [8.0625, -3.5, 16.4375],
			"rotation": {"angle": 0, "axis": "x", "origin": [15.9375, 5.5, 24.1875]},
			"faces": {
				"north": {"uv": [0, 0, 16, 16], "texture": "#1"},
				"east": {"uv": [0, 0, 16, 16], "texture": "#1"},
				"south": {"uv": [0, 0, 16, 16], "texture": "#1"},
				"west": {"uv": [0, 0, 16, 16], "texture": "#1"},
				"up": {"uv": [0, 0, 16, 16], "texture": "#1"},
				"down": {"uv": [0, 0, 16, 16], "texture": "#1"}
			}
		},
		{
			"from": [6.1875, -7.875, 14.5625],
			"to": [9.3125, -5.75, 17.6875],
			"rotation": {"angle": 0, "axis": "x", "origin": [15.9375, 4.5, 24.1875]},
			"faces": {
				"north": {"uv": [0, 0, 16, 16], "texture": "#3"},
				"east": {"uv": [0, 0, 16, 16], "texture": "#3"},
				"south": {"uv": [0, 0, 16, 16], "texture": "#3"},
				"west": {"uv": [0, 0, 16, 16], "texture": "#3"},
				"up": {"uv": [0, 0, 16, 16], "texture": "#3"},
				"down": {"uv": [0, 0, 16, 16], "texture": "#3"}
			}
		},
		{
			"from": [6.4375, -5.75, 14.8125],
			"to": [9.0625, -5.5, 17.4375],
			"rotation": {"angle": 0, "axis": "x", "origin": [15.9375, 4.75, 24.1875]},
			"faces": {
				"north": {"uv": [0, 0, 16, 16], "texture": "#3"},
				"east": {"uv": [0, 0, 16, 16], "texture": "#3"},
				"south": {"uv": [0, 0, 16, 16], "texture": "#3"},
				"west": {"uv": [0, 0, 16, 16], "texture": "#3"},
				"up": {"uv": [0, 0, 16, 16], "texture": "#3"},
				"down": {"uv": [0, 0, 16, 16], "texture": "#3"}
			}
		},
		{
			"from": [5.9375, -8.5, 14.3125],
			"to": [9.5625, -6.75, 17.9375],
			"rotation": {"angle": 0, "axis": "x", "origin": [15.9375, 3.875, 24.1875]},
			"faces": {
				"north": {"uv": [0, 0, 16, 16], "texture": "#3"},
				"east": {"uv": [0, 0, 16, 16], "texture": "#3"},
				"south": {"uv": [0, 0, 16, 16], "texture": "#3"},
				"west": {"uv": [0, 0, 16, 16], "texture": "#3"},
				"up": {"uv": [0, 0, 16, 16], "texture": "#3"},
				"down": {"uv": [0, 0, 16, 16], "texture": "#3"}
			}
		},
		{
			"from": [5.9375, -9.125, 14.0625],
			"to": [9.5625, -7.5, 14.4375],
			"rotation": {"angle": 0, "axis": "x", "origin": [15.9375, 3.875, 20.4375]},
			"faces": {
				"north": {"uv": [0, 0, 16, 16], "texture": "#3"},
				"east": {"uv": [0, 0, 16, 16], "texture": "#3"},
				"south": {"uv": [0, 0, 16, 16], "texture": "#3"},
				"west": {"uv": [0, 0, 16, 16], "texture": "#3"},
				"up": {"uv": [0, 0, 16, 16], "texture": "#3"},
				"down": {"uv": [0, 0, 16, 16], "texture": "#3"}
			}
		},
		{
			"from": [7.4375, 2.53, 16.995],
			"to": [8.0625, 3.155, 18.12],
			"rotation": {"angle": 22.5, "axis": "x", "origin": [15.9375, 10.75, 7.1875]},
			"faces": {
				"north": {"uv": [0, 0, 16, 16], "texture": "#1"},
				"east": {"uv": [0, 0, 16, 16], "texture": "#1"},
				"south": {"uv": [0, 0, 16, 16], "texture": "#1"},
				"west": {"uv": [0, 0, 16, 16], "texture": "#1"},
				"up": {"uv": [0, 0, 16, 16], "texture": "#1"},
				"down": {"uv": [0, 0, 16, 16], "texture": "#1"}
			}
		},
		{
			"from": [7.4375, 0.465, 5.128],
			"to": [8.0625, 2.34, 5.753],
			"rotation": {"angle": -45, "axis": "x", "origin": [15.9375, 11.375, 13.4375]},
			"faces": {
				"north": {"uv": [0, 0, 16, 16], "texture": "#1"},
				"east": {"uv": [0, 0, 16, 16], "texture": "#1"},
				"south": {"uv": [0, 0, 16, 16], "texture": "#1"},
				"west": {"uv": [0, 0, 16, 16], "texture": "#1"},
				"up": {"uv": [0, 0, 16, 16], "texture": "#1"},
				"down": {"uv": [0, 0, 16, 16], "texture": "#1"}
			}
		},
		{
			"from": [7.4375, -0.65, 12.035],
			"to": [8.0625, -0.025, 13.41],
			"rotation": {"angle": 0, "axis": "x", "origin": [15.9375, 7.625, 22.9375]},
			"faces": {
				"north": {"uv": [0, 0, 16, 16], "texture": "#1"},
				"east": {"uv": [0, 0, 16, 16], "texture": "#1"},
				"south": {"uv": [0, 0, 16, 16], "texture": "#1"},
				"west": {"uv": [0, 0, 16, 16], "texture": "#1"},
				"up": {"uv": [0, 0, 16, 16], "texture": "#1"},
				"down": {"uv": [0, 0, 16, 16], "texture": "#1"}
			}
		},
		{
			"from": [7.4375, 2.53, 7.255],
			"to": [8.0625, 3.155, 8.38],
			"rotation": {"angle": -22.5, "axis": "x", "origin": [15.9375, 10.75, 18.1875]},
			"faces": {
				"north": {"uv": [0, 0, 16, 16], "texture": "#1"},
				"east": {"uv": [0, 0, 16, 16], "texture": "#1"},
				"south": {"uv": [0, 0, 16, 16], "texture": "#1"},
				"west": {"uv": [0, 0, 16, 16], "texture": "#1"},
				"up": {"uv": [0, 0, 16, 16], "texture": "#1"},
				"down": {"uv": [0, 0, 16, 16], "texture": "#1"}
			}
		},
		{
			"from": [7.4375, 0.465, 19.622],
			"to": [8.0625, 2.34, 20.247],
			"rotation": {"angle": 45, "axis": "x", "origin": [15.9375, 11.375, 11.9375]},
			"faces": {
				"north": {"uv": [0, 0, 16, 16], "texture": "#1"},
				"east": {"uv": [0, 0, 16, 16], "texture": "#1"},
				"south": {"uv": [0, 0, 16, 16], "texture": "#1"},
				"west": {"uv": [0, 0, 16, 16], "texture": "#1"},
				"up": {"uv": [0, 0, 16, 16], "texture": "#1"},
				"down": {"uv": [0, 0, 16, 16], "texture": "#1"}
			}
		},
		{
			"from": [7.4375, -1.375, 13.6875],
			"to": [8.0625, 0.5, 14.3125],
			"rotation": {"angle": 22.5, "axis": "x", "origin": [15.9375, 9.5, 5.9375]},
			"faces": {
				"north": {"uv": [0, 0, 16, 16], "texture": "#1"},
				"east": {"uv": [0, 0, 16, 16], "texture": "#1"},
				"south": {"uv": [0, 0, 16, 16], "texture": "#1"},
				"west": {"uv": [0, 0, 16, 16], "texture": "#1"},
				"up": {"uv": [0, 0, 16, 16], "texture": "#1"},
				"down": {"uv": [0, 0, 16, 16], "texture": "#1"}
			}
		},
		{
			"from": [5.9375, -9.125, 17.8125],
			"to": [9.5625, -7.5, 18.1875],
			"rotation": {"angle": 0, "axis": "x", "origin": [15.9375, 3.875, 24.1875]},
			"faces": {
				"north": {"uv": [0, 0, 16, 16], "texture": "#3"},
				"east": {"uv": [0, 0, 16, 16], "texture": "#3"},
				"south": {"uv": [0, 0, 16, 16], "texture": "#3"},
				"west": {"uv": [0, 0, 16, 16], "texture": "#3"},
				"up": {"uv": [0, 0, 16, 16], "texture": "#3"},
				"down": {"uv": [0, 0, 16, 16], "texture": "#3"}
			}
		},
		{
			"from": [5.6875, -9.125, 14.3125],
			"to": [5.9375, -7.5, 17.8125],
			"rotation": {"angle": 0, "axis": "x", "origin": [15.9375, 3.875, 20.4375]},
			"faces": {
				"north": {"uv": [0, 0, 16, 16], "texture": "#3"},
				"east": {"uv": [0, 0, 16, 16], "texture": "#3"},
				"south": {"uv": [0, 0, 16, 16], "texture": "#3"},
				"west": {"uv": [0, 0, 16, 16], "texture": "#3"},
				"up": {"uv": [0, 0, 16, 16], "texture": "#3"},
				"down": {"uv": [0, 0, 16, 16], "texture": "#3"}
			}
		},
		{
			"from": [9.5625, -9.125, 14.3125],
			"to": [9.8125, -7.5, 17.8125],
			"rotation": {"angle": 0, "axis": "x", "origin": [19.8125, 3.875, 20.4375]},
			"faces": {
				"north": {"uv": [0, 0, 16, 16], "texture": "#3"},
				"east": {"uv": [0, 0, 16, 16], "texture": "#3"},
				"south": {"uv": [0, 0, 16, 16], "texture": "#3"},
				"west": {"uv": [0, 0, 16, 16], "texture": "#3"},
				"up": {"uv": [0, 0, 16, 16], "texture": "#3"},
				"down": {"uv": [0, 0, 16, 16], "texture": "#3"}
			}
		},
		{
			"from": [6.9375, -9.125, 15.6875],
			"to": [7.0625, -8.375, 16.8125],
			"rotation": {"angle": 0, "axis": "x", "origin": [15.8125, 3.875, 24.1875]},
			"faces": {
				"north": {"uv": [0, 0, 16, 16], "texture": "#5"},
				"east": {"uv": [0, 0, 16, 16], "texture": "#5"},
				"south": {"uv": [0, 0, 16, 16], "texture": "#5"},
				"west": {"uv": [0, 0, 16, 16], "texture": "#5"},
				"up": {"uv": [0, 0, 16, 16], "texture": "#5"},
				"down": {"uv": [0, 0, 16, 16], "texture": "#5"}
			}
		},
		{
			"from": [7.0625, -9.125, 15.5625],
			"to": [8.4375, -8.375, 16.9375],
			"rotation": {"angle": 0, "axis": "x", "origin": [15.8125, 3.875, 24.1875]},
			"faces": {
				"north": {"uv": [0, 0, 16, 16], "texture": "#5"},
				"east": {"uv": [0, 0, 16, 16], "texture": "#5"},
				"south": {"uv": [0, 0, 16, 16], "texture": "#5"},
				"west": {"uv": [0, 0, 16, 16], "texture": "#5"},
				"up": {"uv": [0, 0, 16, 16], "texture": "#5"},
				"down": {"uv": [0, 0, 16, 16], "texture": "#5"}
			}
		},
		{
			"from": [7.1875, -9.375, 15.9375],
			"to": [7.3125, -9.125, 16.5625],
			"rotation": {"angle": 0, "axis": "x", "origin": [15.6875, 3.875, 24.1875]},
			"faces": {
				"north": {"uv": [0, 0, 16, 16], "texture": "#5"},
				"east": {"uv": [0, 0, 16, 16], "texture": "#5"},
				"south": {"uv": [0, 0, 16, 16], "texture": "#5"},
				"west": {"uv": [0, 0, 16, 16], "texture": "#5"},
				"up": {"uv": [0, 0, 16, 16], "texture": "#5"},
				"down": {"uv": [0, 0, 16, 16], "texture": "#5"}
			}
		},
		{
			"from": [7.3125, -9.375, 15.8125],
			"to": [8.1875, -9.125, 16.6875],
			"rotation": {"angle": 0, "axis": "x", "origin": [15.8125, 3.875, 24.1875]},
			"faces": {
				"north": {"uv": [0, 0, 16, 16], "texture": "#5"},
				"east": {"uv": [0, 0, 16, 16], "texture": "#5"},
				"south": {"uv": [0, 0, 16, 16], "texture": "#5"},
				"west": {"uv": [0, 0, 16, 16], "texture": "#5"},
				"up": {"uv": [0, 0, 16, 16], "texture": "#5"},
				"down": {"uv": [0, 0, 16, 16], "texture": "#5"}
			}
		},
		{
			"from": [7.4375, -9.375, 15.6875],
			"to": [8.0625, -9.125, 15.8125],
			"rotation": {"angle": 0, "axis": "x", "origin": [15.8125, 3.875, 23.1875]},
			"faces": {
				"north": {"uv": [0, 0, 16, 16], "texture": "#5"},
				"east": {"uv": [0, 0, 16, 16], "texture": "#5"},
				"south": {"uv": [0, 0, 16, 16], "texture": "#5"},
				"west": {"uv": [0, 0, 16, 16], "texture": "#5"},
				"up": {"uv": [0, 0, 16, 16], "texture": "#5"},
				"down": {"uv": [0, 0, 16, 16], "texture": "#5"}
			}
		},
		{
			"from": [7.4375, -9.375, 16.6875],
			"to": [8.0625, -9.125, 16.8125],
			"rotation": {"angle": 0, "axis": "x", "origin": [15.8125, 3.875, 24.1875]},
			"faces": {
				"north": {"uv": [0, 0, 16, 16], "texture": "#5"},
				"east": {"uv": [0, 0, 16, 16], "texture": "#5"},
				"south": {"uv": [0, 0, 16, 16], "texture": "#5"},
				"west": {"uv": [0, 0, 16, 16], "texture": "#5"},
				"up": {"uv": [0, 0, 16, 16], "texture": "#5"},
				"down": {"uv": [0, 0, 16, 16], "texture": "#5"}
			}
		},
		{
			"from": [7.1875, -9.125, 15.4375],
			"to": [8.3125, -8.375, 17.0625],
			"rotation": {"angle": 0, "axis": "x", "origin": [15.8125, 3.875, 24.1875]},
			"faces": {
				"north": {"uv": [0, 0, 16, 16], "texture": "#5"},
				"east": {"uv": [0, 0, 16, 16], "texture": "#5"},
				"south": {"uv": [0, 0, 16, 16], "texture": "#5"},
				"west": {"uv": [0, 0, 16, 16], "texture": "#5"},
				"up": {"uv": [0, 0, 16, 16], "texture": "#5"},
				"down": {"uv": [0, 0, 16, 16], "texture": "#5"}
			}
		},
		{
			"from": [8.4375, -9.125, 15.6875],
			"to": [8.5625, -8.375, 16.8125],
			"rotation": {"angle": 0, "axis": "x", "origin": [17.3125, 3.875, 24.1875]},
			"faces": {
				"north": {"uv": [0, 0, 16, 16], "texture": "#5"},
				"east": {"uv": [0, 0, 16, 16], "texture": "#5"},
				"south": {"uv": [0, 0, 16, 16], "texture": "#5"},
				"west": {"uv": [0, 0, 16, 16], "texture": "#5"},
				"up": {"uv": [0, 0, 16, 16], "texture": "#5"},
				"down": {"uv": [0, 0, 16, 16], "texture": "#5"}
			}
		},
		{
			"from": [8.1875, -9.375, 15.9375],
			"to": [8.3125, -9.125, 16.5625],
			"rotation": {"angle": 0, "axis": "x", "origin": [16.6875, 3.875, 24.1875]},
			"faces": {
				"north": {"uv": [0, 0, 16, 16], "texture": "#5"},
				"east": {"uv": [0, 0, 16, 16], "texture": "#5"},
				"south": {"uv": [0, 0, 16, 16], "texture": "#5"},
				"west": {"uv": [0, 0, 16, 16], "texture": "#5"},
				"up": {"uv": [0, 0, 16, 16], "texture": "#5"},
				"down": {"uv": [0, 0, 16, 16], "texture": "#5"}
			}
		},
		{
			"name": "cube2",
			"from": [6.5625, -3.75, 6.5625],
			"to": [9.4375, -3.125, 9.4375],
			"rotation": {"angle": 0, "axis": "y", "origin": [15.9375, 7.125, 14.3125]},
			"faces": {
				"north": {"uv": [0, 0, 16, 16], "texture": "#3"},
				"east": {"uv": [0, 0, 16, 16], "texture": "#3"},
				"south": {"uv": [0, 0, 16, 16], "texture": "#3"},
				"west": {"uv": [0, 0, 16, 16], "texture": "#3"},
				"up": {"uv": [0, 0, 16, 16], "texture": "#3"},
				"down": {"uv": [0, 0, 16, 16], "texture": "#3"}
			}
		},
		{
			"from": [7.0625, -2.75, 7.0625],
			"to": [8.9375, 0, 8.9375],
			"rotation": {"angle": 0, "axis": "y", "origin": [15.9375, 8, 14.3125]},
			"faces": {
				"north": {"uv": [0, 0, 16, 16], "texture": "#3"},
				"east": {"uv": [0, 0, 16, 16], "texture": "#3"},
				"south": {"uv": [0, 0, 16, 16], "texture": "#3"},
				"west": {"uv": [0, 0, 16, 16], "texture": "#3"},
				"up": {"uv": [0, 0, 16, 16], "texture": "#3"},
				"down": {"uv": [0, 0, 16, 16], "texture": "#3"}
			}
		},
		{
			"from": [7.5, 0, 7.5],
			"to": [8.5, 31.625, 8.5],
			"rotation": {"angle": 0, "axis": "y", "origin": [15.5, 0.5, 15.5]},
			"faces": {
				"north": {"uv": [0, 0, 16, 16], "texture": "#1"},
				"east": {"uv": [0, 0, 16, 16], "texture": "#1"},
				"south": {"uv": [0, 0, 16, 16], "texture": "#1"},
				"west": {"uv": [0, 0, 16, 16], "texture": "#1"},
				"up": {"uv": [0, 0, 16, 16], "texture": "#1"},
				"down": {"uv": [0, 0, 16, 16], "texture": "#1"}
			}
		},
		{
			"from": [6.6875, -3.625, 6.6875],
			"to": [9.3125, -0.875, 9.3125],
			"rotation": {"angle": 0, "axis": "y", "origin": [15.9375, 7.125, 14.3125]},
			"faces": {
				"north": {"uv": [0, 0, 16, 16], "texture": "#3"},
				"east": {"uv": [0, 0, 16, 16], "texture": "#3"},
				"south": {"uv": [0, 0, 16, 16], "texture": "#3"},
				"west": {"uv": [0, 0, 16, 16], "texture": "#3"},
				"up": {"uv": [0, 0, 16, 16], "texture": "#3"},
				"down": {"uv": [0, 0, 16, 16], "texture": "#3"}
			}
		},
		{
			"from": [6.0625, -7.875, -1.8125],
			"to": [9.4375, -6.125, 1.5625],
			"rotation": {"angle": 0, "axis": "x", "origin": [15.9375, 4.5, -8.1875]},
			"faces": {
				"north": {"uv": [0, 0, 16, 16], "texture": "#3"},
				"east": {"uv": [0, 0, 16, 16], "texture": "#3"},
				"south": {"uv": [0, 0, 16, 16], "texture": "#3"},
				"west": {"uv": [0, 0, 16, 16], "texture": "#3"},
				"up": {"uv": [0, 0, 16, 16], "texture": "#3"},
				"down": {"uv": [0, 0, 16, 16], "texture": "#3"}
			}
		},
		{
			"from": [7.4375, -1.375, 4.3125],
			"to": [8.0625, 0.5, 4.9375],
			"rotation": {"angle": 22.5, "axis": "x", "origin": [15.9375, 9.5, -3.4375]},
			"faces": {
				"north": {"uv": [0, 0, 16, 16], "texture": "#1"},
				"east": {"uv": [0, 0, 16, 16], "texture": "#1"},
				"south": {"uv": [0, 0, 16, 16], "texture": "#1"},
				"west": {"uv": [0, 0, 16, 16], "texture": "#1"},
				"up": {"uv": [0, 0, 16, 16], "texture": "#1"},
				"down": {"uv": [0, 0, 16, 16], "texture": "#1"}
			}
		},
		{
			"from": [7.0625, -5.5, -0.8125],
			"to": [8.4375, -4.75, 0.5625],
			"rotation": {"angle": 0, "axis": "x", "origin": [15.9375, 5.5, -8.1875]},
			"faces": {
				"north": {"uv": [0, 0, 16, 16], "texture": "#3"},
				"east": {"uv": [0, 0, 16, 16], "texture": "#3"},
				"south": {"uv": [0, 0, 16, 16], "texture": "#3"},
				"west": {"uv": [0, 0, 16, 16], "texture": "#3"},
				"up": {"uv": [0, 0, 16, 16], "texture": "#3"},
				"down": {"uv": [0, 0, 16, 16], "texture": "#3"}
			}
		},
		{
			"from": [7.4375, -5.375, -0.4375],
			"to": [8.0625, -3.5, 0.1875],
			"rotation": {"angle": 0, "axis": "x", "origin": [15.9375, 5.5, -8.1875]},
			"faces": {
				"north": {"uv": [0, 0, 16, 16], "texture": "#1"},
				"east": {"uv": [0, 0, 16, 16], "texture": "#1"},
				"south": {"uv": [0, 0, 16, 16], "texture": "#1"},
				"west": {"uv": [0, 0, 16, 16], "texture": "#1"},
				"up": {"uv": [0, 0, 16, 16], "texture": "#1"},
				"down": {"uv": [0, 0, 16, 16], "texture": "#1"}
			}
		},
		{
			"from": [6.1875, -7.875, -1.6875],
			"to": [9.3125, -5.75, 1.4375],
			"rotation": {"angle": 0, "axis": "x", "origin": [15.9375, 4.5, -8.1875]},
			"faces": {
				"north": {"uv": [0, 0, 16, 16], "texture": "#3"},
				"east": {"uv": [0, 0, 16, 16], "texture": "#3"},
				"south": {"uv": [0, 0, 16, 16], "texture": "#3"},
				"west": {"uv": [0, 0, 16, 16], "texture": "#3"},
				"up": {"uv": [0, 0, 16, 16], "texture": "#3"},
				"down": {"uv": [0, 0, 16, 16], "texture": "#3"}
			}
		},
		{
			"from": [6.4375, -5.75, -1.4375],
			"to": [9.0625, -5.5, 1.1875],
			"rotation": {"angle": 0, "axis": "x", "origin": [15.9375, 4.75, -8.1875]},
			"faces": {
				"north": {"uv": [0, 0, 16, 16], "texture": "#3"},
				"east": {"uv": [0, 0, 16, 16], "texture": "#3"},
				"south": {"uv": [0, 0, 16, 16], "texture": "#3"},
				"west": {"uv": [0, 0, 16, 16], "texture": "#3"},
				"up": {"uv": [0, 0, 16, 16], "texture": "#3"},
				"down": {"uv": [0, 0, 16, 16], "texture": "#3"}
			}
		},
		{
			"from": [5.9375, -8.5, -1.9375],
			"to": [9.5625, -6.75, 1.6875],
			"rotation": {"angle": 0, "axis": "x", "origin": [15.9375, 3.875, -8.1875]},
			"faces": {
				"north": {"uv": [0, 0, 16, 16], "texture": "#3"},
				"east": {"uv": [0, 0, 16, 16], "texture": "#3"},
				"south": {"uv": [0, 0, 16, 16], "texture": "#3"},
				"west": {"uv": [0, 0, 16, 16], "texture": "#3"},
				"up": {"uv": [0, 0, 16, 16], "texture": "#3"},
				"down": {"uv": [0, 0, 16, 16], "texture": "#3"}
			}
		},
		{
			"from": [5.9375, -9.125, 1.5625],
			"to": [9.5625, -7.5, 1.9375],
			"rotation": {"angle": 0, "axis": "x", "origin": [15.9375, 3.875, -4.4375]},
			"faces": {
				"north": {"uv": [0, 0, 16, 16], "texture": "#3"},
				"east": {"uv": [0, 0, 16, 16], "texture": "#3"},
				"south": {"uv": [0, 0, 16, 16], "texture": "#3"},
				"west": {"uv": [0, 0, 16, 16], "texture": "#3"},
				"up": {"uv": [0, 0, 16, 16], "texture": "#3"},
				"down": {"uv": [0, 0, 16, 16], "texture": "#3"}
			}
		},
		{
			"from": [7.4375, 2.53, -2.12],
			"to": [8.0625, 3.155, -0.995],
			"rotation": {"angle": -22.5, "axis": "x", "origin": [15.9375, 10.75, 8.8125]},
			"faces": {
				"north": {"uv": [0, 0, 16, 16], "texture": "#1"},
				"east": {"uv": [0, 0, 16, 16], "texture": "#1"},
				"south": {"uv": [0, 0, 16, 16], "texture": "#1"},
				"west": {"uv": [0, 0, 16, 16], "texture": "#1"},
				"up": {"uv": [0, 0, 16, 16], "texture": "#1"},
				"down": {"uv": [0, 0, 16, 16], "texture": "#1"}
			}
		},
		{
			"from": [7.4375, 0.465, 10.247],
			"to": [8.0625, 2.34, 10.872],
			"rotation": {"angle": 45, "axis": "x", "origin": [15.9375, 11.375, 2.5625]},
			"faces": {
				"north": {"uv": [0, 0, 16, 16], "texture": "#1"},
				"east": {"uv": [0, 0, 16, 16], "texture": "#1"},
				"south": {"uv": [0, 0, 16, 16], "texture": "#1"},
				"west": {"uv": [0, 0, 16, 16], "texture": "#1"},
				"up": {"uv": [0, 0, 16, 16], "texture": "#1"},
				"down": {"uv": [0, 0, 16, 16], "texture": "#1"}
			}
		},
		{
			"from": [7.4375, -0.65, 2.59],
			"to": [8.0625, -0.025, 3.965],
			"rotation": {"angle": 0, "axis": "x", "origin": [15.9375, 7.625, -6.9375]},
			"faces": {
				"north": {"uv": [0, 0, 16, 16], "texture": "#1"},
				"east": {"uv": [0, 0, 16, 16], "texture": "#1"},
				"south": {"uv": [0, 0, 16, 16], "texture": "#1"},
				"west": {"uv": [0, 0, 16, 16], "texture": "#1"},
				"up": {"uv": [0, 0, 16, 16], "texture": "#1"},
				"down": {"uv": [0, 0, 16, 16], "texture": "#1"}
			}
		},
		{
			"from": [7.4375, 2.53, 7.62],
			"to": [8.0625, 3.155, 8.745],
			"rotation": {"angle": 22.5, "axis": "x", "origin": [15.9375, 10.75, -2.1875]},
			"faces": {
				"north": {"uv": [0, 12.719, 4.063, 15.373], "texture": "#1"},
				"east": {"uv": [0, 12.719, 4.063, 15.373], "texture": "#1"},
				"south": {"uv": [0, 12.719, 4.063, 15.373], "texture": "#1"},
				"west": {"uv": [0, 12.719, 4.063, 15.373], "texture": "#1"},
				"up": {"uv": [0, 12.719, 4.063, 15.373], "texture": "#1"},
				"down": {"uv": [0, 12.719, 4.063, 15.373], "texture": "#1"}
			}
		},
		{
			"from": [7.4375, 0.465, -4.247],
			"to": [8.0625, 2.34, -3.622],
			"rotation": {"angle": -45, "axis": "x", "origin": [15.9375, 11.375, 4.0625]},
			"faces": {
				"north": {"uv": [0, 0, 16, 16], "texture": "#1"},
				"east": {"uv": [0, 0, 16, 16], "texture": "#1"},
				"south": {"uv": [0, 0, 16, 16], "texture": "#1"},
				"west": {"uv": [0, 0, 16, 16], "texture": "#1"},
				"up": {"uv": [0, 0, 16, 16], "texture": "#1"},
				"down": {"uv": [0, 0, 16, 16], "texture": "#1"}
			}
		},
		{
			"from": [7.4375, -1.375, 1.6875],
			"to": [8.0625, 0.5, 2.3125],
			"rotation": {"angle": -22.5, "axis": "x", "origin": [15.9375, 9.5, 10.0625]},
			"faces": {
				"north": {"uv": [0, 0, 16, 16], "texture": "#1"},
				"east": {"uv": [0, 0, 16, 16], "texture": "#1"},
				"south": {"uv": [0, 0, 16, 16], "texture": "#1"},
				"west": {"uv": [0, 0, 16, 16], "texture": "#1"},
				"up": {"uv": [0, 0, 16, 16], "texture": "#1"},
				"down": {"uv": [0, 0, 16, 16], "texture": "#1"}
			}
		},
		{
			"from": [5.9375, -9.125, -2.1875],
			"to": [9.5625, -7.5, -1.8125],
			"rotation": {"angle": 0, "axis": "x", "origin": [15.9375, 3.875, -8.1875]},
			"faces": {
				"north": {"uv": [0, 0, 16, 16], "texture": "#3"},
				"east": {"uv": [0, 0, 16, 16], "texture": "#3"},
				"south": {"uv": [0, 0, 16, 16], "texture": "#3"},
				"west": {"uv": [0, 0, 16, 16], "texture": "#3"},
				"up": {"uv": [0, 0, 16, 16], "texture": "#3"},
				"down": {"uv": [0, 0, 16, 16], "texture": "#3"}
			}
		},
		{
			"from": [5.6875, -9.125, -1.8125],
			"to": [5.9375, -7.5, 1.6875],
			"rotation": {"angle": 0, "axis": "x", "origin": [15.9375, 3.875, -4.4375]},
			"faces": {
				"north": {"uv": [0, 0, 16, 16], "texture": "#3"},
				"east": {"uv": [0, 0, 16, 16], "texture": "#3"},
				"south": {"uv": [0, 0, 16, 16], "texture": "#3"},
				"west": {"uv": [0, 0, 16, 16], "texture": "#3"},
				"up": {"uv": [0, 0, 16, 16], "texture": "#3"},
				"down": {"uv": [0, 0, 16, 16], "texture": "#3"}
			}
		},
		{
			"from": [9.5625, -9.125, -1.8125],
			"to": [9.8125, -7.5, 1.6875],
			"rotation": {"angle": 0, "axis": "x", "origin": [19.8125, 3.875, -4.4375]},
			"faces": {
				"north": {"uv": [0, 0, 16, 16], "texture": "#3"},
				"east": {"uv": [0, 0, 16, 16], "texture": "#3"},
				"south": {"uv": [0, 0, 16, 16], "texture": "#3"},
				"west": {"uv": [0, 0, 16, 16], "texture": "#3"},
				"up": {"uv": [0, 0, 16, 16], "texture": "#3"},
				"down": {"uv": [0, 0, 16, 16], "texture": "#3"}
			}
		},
		{
			"from": [6.9375, -9.125, -0.8125],
			"to": [7.0625, -8.375, 0.3125],
			"rotation": {"angle": 0, "axis": "x", "origin": [15.8125, 3.875, -8.1875]},
			"faces": {
				"north": {"uv": [0, 0, 16, 16], "texture": "#5"},
				"east": {"uv": [0, 0, 16, 16], "texture": "#5"},
				"south": {"uv": [0, 0, 16, 16], "texture": "#5"},
				"west": {"uv": [0, 0, 16, 16], "texture": "#5"},
				"up": {"uv": [0, 0, 16, 16], "texture": "#5"},
				"down": {"uv": [0, 0, 16, 16], "texture": "#5"}
			}
		},
		{
			"from": [7.0625, -9.125, -0.9375],
			"to": [8.4375, -8.375, 0.4375],
			"rotation": {"angle": 0, "axis": "x", "origin": [15.8125, 3.875, -8.1875]},
			"faces": {
				"north": {"uv": [0, 0, 16, 16], "texture": "#5"},
				"east": {"uv": [0, 0, 16, 16], "texture": "#5"},
				"south": {"uv": [0, 0, 16, 16], "texture": "#5"},
				"west": {"uv": [0, 0, 16, 16], "texture": "#5"},
				"up": {"uv": [0, 0, 16, 16], "texture": "#5"},
				"down": {"uv": [0, 0, 16, 16], "texture": "#5"}
			}
		},
		{
			"from": [7.1875, -9.375, -0.5625],
			"to": [7.3125, -9.125, 0.0625],
			"rotation": {"angle": 0, "axis": "x", "origin": [15.6875, 3.875, -8.1875]},
			"faces": {
				"north": {"uv": [0, 0, 16, 16], "texture": "#5"},
				"east": {"uv": [0, 0, 16, 16], "texture": "#5"},
				"south": {"uv": [0, 0, 16, 16], "texture": "#5"},
				"west": {"uv": [0, 0, 16, 16], "texture": "#5"},
				"up": {"uv": [0, 0, 16, 16], "texture": "#5"},
				"down": {"uv": [0, 0, 16, 16], "texture": "#5"}
			}
		},
		{
			"from": [7.3125, -9.375, -0.6875],
			"to": [8.1875, -9.125, 0.1875],
			"rotation": {"angle": 0, "axis": "x", "origin": [15.8125, 3.875, -8.1875]},
			"faces": {
				"north": {"uv": [0, 0, 16, 16], "texture": "#5"},
				"east": {"uv": [0, 0, 16, 16], "texture": "#5"},
				"south": {"uv": [0, 0, 16, 16], "texture": "#5"},
				"west": {"uv": [0, 0, 16, 16], "texture": "#5"},
				"up": {"uv": [0, 0, 16, 16], "texture": "#5"},
				"down": {"uv": [0, 0, 16, 16], "texture": "#5"}
			}
		},
		{
			"from": [7.4375, -9.375, 0.1875],
			"to": [8.0625, -9.125, 0.3125],
			"rotation": {"angle": 0, "axis": "x", "origin": [15.8125, 3.875, -7.1875]},
			"faces": {
				"north": {"uv": [0, 0, 16, 16], "texture": "#5"},
				"east": {"uv": [0, 0, 16, 16], "texture": "#5"},
				"south": {"uv": [0, 0, 16, 16], "texture": "#5"},
				"west": {"uv": [0, 0, 16, 16], "texture": "#5"},
				"up": {"uv": [0, 0, 16, 16], "texture": "#5"},
				"down": {"uv": [0, 0, 16, 16], "texture": "#5"}
			}
		},
		{
			"from": [7.4375, -9.375, -0.8125],
			"to": [8.0625, -9.125, -0.6875],
			"rotation": {"angle": 0, "axis": "x", "origin": [15.8125, 3.875, -8.1875]},
			"faces": {
				"north": {"uv": [0, 0, 16, 16], "texture": "#5"},
				"east": {"uv": [0, 0, 16, 16], "texture": "#5"},
				"south": {"uv": [0, 0, 16, 16], "texture": "#5"},
				"west": {"uv": [0, 0, 16, 16], "texture": "#5"},
				"up": {"uv": [0, 0, 16, 16], "texture": "#5"},
				"down": {"uv": [0, 0, 16, 16], "texture": "#5"}
			}
		},
		{
			"from": [7.1875, -9.125, -1.0625],
			"to": [8.3125, -8.375, 0.5625],
			"rotation": {"angle": 0, "axis": "x", "origin": [15.8125, 3.875, -8.1875]},
			"faces": {
				"north": {"uv": [0, 0, 16, 16], "texture": "#5"},
				"east": {"uv": [0, 0, 16, 16], "texture": "#5"},
				"south": {"uv": [0, 0, 16, 16], "texture": "#5"},
				"west": {"uv": [0, 0, 16, 16], "texture": "#5"},
				"up": {"uv": [0, 0, 16, 16], "texture": "#5"},
				"down": {"uv": [0, 0, 16, 16], "texture": "#5"}
			}
		},
		{
			"from": [8.4375, -9.125, -0.8125],
			"to": [8.5625, -8.375, 0.3125],
			"rotation": {"angle": 0, "axis": "x", "origin": [17.3125, 3.875, -8.1875]},
			"faces": {
				"north": {"uv": [0, 0, 16, 16], "texture": "#5"},
				"east": {"uv": [0, 0, 16, 16], "texture": "#5"},
				"south": {"uv": [0, 0, 16, 16], "texture": "#5"},
				"west": {"uv": [0, 0, 16, 16], "texture": "#5"},
				"up": {"uv": [0, 0, 16, 16], "texture": "#5"},
				"down": {"uv": [0, 0, 16, 16], "texture": "#5"}
			}
		},
		{
			"from": [8.1875, -9.375, -0.5625],
			"to": [8.3125, -9.125, 0.0625],
			"rotation": {"angle": 0, "axis": "x", "origin": [16.6875, 3.875, -8.1875]},
			"faces": {
				"north": {"uv": [0, 0, 16, 16], "texture": "#5"},
				"east": {"uv": [0, 0, 16, 16], "texture": "#5"},
				"south": {"uv": [0, 0, 16, 16], "texture": "#5"},
				"west": {"uv": [0, 0, 16, 16], "texture": "#5"},
				"up": {"uv": [0, 0, 16, 16], "texture": "#5"},
				"down": {"uv": [0, 0, 16, 16], "texture": "#5"}
			}
		}
	],
	"display": {
		"thirdperson_righthand": {
			"rotation": [90, 0, 0],
			"scale": [0.49, 0.48, 0.49]
		},
		"thirdperson_lefthand": {
			"rotation": [90, 0, 0],
			"scale": [0.49, 0.48, 0.49]
		},
		"firstperson_righthand": {
			"scale": [0, 0, 0]
		},
		"firstperson_lefthand": {
			"scale": [0, 0, 0]
		},
		"gui": {
			"rotation": [13, 158, 0],
			"translation": [0.25, 0.25, 0],
			"scale": [0.63, 0.64, 0.64]
		},
		"fixed": {
			"rotation": [-90, 0, 0],
			"translation": [0, 0, -15],
			"scale": [2, 2, 2]
		}
	},
	"groups": [
		{
			"name": "all",
			"origin": [8, 8, 8],
			"color": 0,
			"children": [
				{
					"name": "lum",
					"origin": [15.5, 25.875, 15.5],
					"color": 0,
					"children": [
						0,
						1,
						2,
						3,
						4,
						5,
						6,
						7,
						8,
						9,
						10,
						11,
						12,
						13,
						14,
						15,
						16,
						{
							"name": "group",
							"origin": [15.5, 25.875, 15.5],
							"color": 0,
							"children": []
						},
						{
							"name": "ampoule",
							"origin": [15.8125, 22.625, -8.1875],
							"color": 0,
							"children": [17, 18, 19, 20, 21, 22, 23, 24, 25]
						}
					]
				},
				{
					"name": "lum",
					"origin": [15.5, 25.875, 15.5],
					"color": 0,
					"children": [
						26,
						27,
						28,
						29,
						30,
						31,
						32,
						33,
						34,
						35,
						36,
						37,
						38,
						39,
						40,
						41,
						42,
						{
							"name": "group",
							"origin": [15.5, 25.875, 15.5],
							"color": 0,
							"children": []
						},
						{
							"name": "ampoule",
							"origin": [15.8125, 22.625, -8.1875],
							"color": 0,
							"children": [43, 44, 45, 46, 47, 48, 49, 50, 51]
						}
					]
				},
				{
					"name": "lum",
					"origin": [15.5, 25.875, 15.5],
					"color": 0,
					"children": [
						52,
						53,
						54,
						55,
						56,
						57,
						58,
						59,
						60,
						61,
						62,
						63,
						64,
						65,
						66,
						67,
						68,
						{
							"name": "group",
							"origin": [15.5, 25.875, 15.5],
							"color": 0,
							"children": []
						},
						{
							"name": "ampoule",
							"origin": [15.8125, 22.625, -8.1875],
							"color": 0,
							"children": [69, 70, 71, 72, 73, 74, 75, 76, 77]
						}
					]
				},
				{
					"name": "base",
					"origin": [8, 8, 8],
					"color": 0,
					"children": [78, 79, 80, 81]
				},
				{
					"name": "lum",
					"origin": [15.5, 25.875, 15.5],
					"color": 0,
					"children": [
						82,
						83,
						84,
						85,
						86,
						87,
						88,
						89,
						90,
						91,
						92,
						93,
						94,
						95,
						96,
						97,
						98,
						{
							"name": "group",
							"origin": [15.5, 25.875, 15.5],
							"color": 0,
							"children": []
						},
						{
							"name": "ampoule",
							"origin": [15.8125, 22.625, -8.1875],
							"color": 0,
							"children": [99, 100, 101, 102, 103, 104, 105, 106, 107]
						}
					]
				}
			]
		}
	]
}