{
	"credit": "Made with Blockbench",
	"ambientocclusion": false,
	"textures": {
		"0": "block/3d/stone",
		"1": "block/acacia_log_top",
		"2": "block/acacia_log",
		"3": "block/jungle_planks",
		"4": "block/purple_concrete",
		"particle": "block/3d/stone"
	},
	"elements": [
		{
			"from": [10, 0, -16],
			"to": [16, 25.25, -10],
			"rotation": {"angle": 0, "axis": "y", "origin": [18, -8, -3.25]},
			"faces": {
				"north": {"uv": [0, 0, 4, 16], "texture": "#4"},
				"east": {"uv": [0, 0, 4, 16], "texture": "#4"},
				"south": {"uv": [0, 0, 4, 16], "texture": "#4"},
				"west": {"uv": [0, 0, 4, 16], "texture": "#4"},
				"up": {"uv": [0, 0, 4, 16], "texture": "#4"},
				"down": {"uv": [0, 0, 4, 16], "texture": "#4"}
			}
		},
		{
			"from": [-16, 0, -16],
			"to": [16, 32, -16],
			"rotation": {"angle": 0, "axis": "y", "origin": [18, -8, -3.25]},
			"faces": {
				"north": {"uv": [0, 0, 16, 16], "texture": "#4"},
				"east": {"uv": [0, 0, 16, 16], "texture": "#4"},
				"south": {"uv": [0, 0, 16, 16], "texture": "#4"},
				"west": {"uv": [0, 0, 16, 16], "texture": "#4"},
				"up": {"uv": [0, 0, 16, 16], "texture": "#4"},
				"down": {"uv": [0, 0, 16, 16], "texture": "#4"}
			}
		},
		{
			"from": [-16, 0, 32],
			"to": [16, 32, 32],
			"rotation": {"angle": 0, "axis": "y", "origin": [18, -8, 43.375]},
			"faces": {
				"north": {"uv": [0, 0, 16, 16], "texture": "#4"},
				"east": {"uv": [0, 0, 16, 16], "texture": "#4"},
				"south": {"uv": [0, 0, 16, 16], "texture": "#4"},
				"west": {"uv": [0, 0, 16, 16], "texture": "#4"},
				"up": {"uv": [0, 0, 16, 16], "texture": "#4"},
				"down": {"uv": [0, 0, 16, 16], "texture": "#4"}
			}
		},
		{
			"from": [-16, 0, -16],
			"to": [32, 0.5, 32],
			"rotation": {"angle": 0, "axis": "y", "origin": [18, -8, 43.375]},
			"faces": {
				"north": {"uv": [0, 0, 16, 16], "texture": "#0"},
				"east": {"uv": [0, 0, 16, 16], "texture": "#0"},
				"south": {"uv": [0, 0, 16, 16], "texture": "#0"},
				"west": {"uv": [0, 0, 16, 16], "texture": "#0"},
				"up": {"uv": [0, 0, 16, 16], "texture": "#0"},
				"down": {"uv": [0, 0, 16, 16], "texture": "#0"}
			}
		},
		{
			"from": [10, 25, -16],
			"to": [16, 32, 32],
			"rotation": {"angle": 0, "axis": "y", "origin": [18, -8, 43.375]},
			"faces": {
				"north": {"uv": [0, 0, 16, 16], "texture": "#3"},
				"east": {"uv": [0, 0, 16, 16], "texture": "#3"},
				"south": {"uv": [0, 0, 16, 16], "texture": "#3"},
				"west": {"uv": [0, 0, 16, 16], "texture": "#3"},
				"up": {"uv": [0, 0, 16, 16], "texture": "#3"},
				"down": {"uv": [0, 0, 16, 16], "texture": "#3"}
			}
		},
		{
			"from": [-16, 32, -16],
			"to": [-11.125, 32, 32],
			"rotation": {"angle": 0, "axis": "y", "origin": [-8, -8, 43.375]},
			"faces": {
				"north": {"uv": [0, 0, 16, 16], "texture": "#3"},
				"east": {"uv": [0, 0, 16, 16], "texture": "#3"},
				"south": {"uv": [0, 0, 16, 16], "texture": "#3"},
				"west": {"uv": [0, 0, 16, 16], "texture": "#3"},
				"up": {"uv": [0, 0, 16, 16], "texture": "#3"},
				"down": {"uv": [0, 0, 16, 16], "texture": "#3"}
			}
		},
		{
			"from": [5.25, 32, -16],
			"to": [10.125, 32, 32],
			"rotation": {"angle": 0, "axis": "y", "origin": [13.25, -8, 43.375]},
			"faces": {
				"north": {"uv": [0, 0, 16, 16], "texture": "#3"},
				"east": {"uv": [0, 0, 16, 16], "texture": "#3"},
				"south": {"uv": [0, 0, 16, 16], "texture": "#3"},
				"west": {"uv": [0, 0, 16, 16], "texture": "#3"},
				"up": {"uv": [0, 0, 16, 16], "texture": "#3"},
				"down": {"uv": [0, 0, 16, 16], "texture": "#3"}
			}
		},
		{
			"from": [-11.25, 32, -16],
			"to": [5.25, 32, 0],
			"rotation": {"angle": 0, "axis": "y", "origin": [13.25, -8, 43.375]},
			"faces": {
				"north": {"uv": [0, 0, 16, 16], "texture": "#3"},
				"east": {"uv": [0, 0, 16, 16], "texture": "#3"},
				"south": {"uv": [0, 0, 16, 16], "texture": "#3"},
				"west": {"uv": [0, 0, 16, 16], "texture": "#3"},
				"up": {"uv": [0, 0, 16, 16], "texture": "#3"},
				"down": {"uv": [0, 0, 16, 16], "texture": "#3"}
			}
		},
		{
			"from": [-11.25, 32, 16],
			"to": [5.25, 32, 32],
			"rotation": {"angle": 0, "axis": "y", "origin": [13.25, -8, 75.375]},
			"faces": {
				"north": {"uv": [0, 0, 16, 16], "texture": "#3"},
				"east": {"uv": [0, 0, 16, 16], "texture": "#3"},
				"south": {"uv": [0, 0, 16, 16], "texture": "#3"},
				"west": {"uv": [0, 0, 16, 16], "texture": "#3"},
				"up": {"uv": [0, 0, 16, 16], "texture": "#3"},
				"down": {"uv": [0, 0, 16, 16], "texture": "#3"}
			}
		},
		{
			"from": [-16, 0, -16],
			"to": [-16, 32, 32],
			"rotation": {"angle": 0, "axis": "y", "origin": [18, -8, 43.375]},
			"faces": {
				"north": {"uv": [0, 0, 16, 12.125], "texture": "#4"},
				"east": {"uv": [0, 0, 16, 12.125], "texture": "#4"},
				"south": {"uv": [0, 0, 16, 12.125], "texture": "#4"},
				"west": {"uv": [0, 0, 16, 12.125], "texture": "#4"},
				"up": {"uv": [0, 0, 16, 12.125], "texture": "#4"},
				"down": {"uv": [0, 0, 16, 12.125], "texture": "#4"}
			}
		},
		{
			"from": [10, 22.25, -6],
			"to": [12.25, 25.5, 21.875],
			"rotation": {"angle": 0, "axis": "y", "origin": [18, 1.5, 6.625]},
			"faces": {
				"north": {"uv": [0, 1.75, 16, 3.875], "texture": "#4"},
				"east": {"uv": [0, 1.75, 16, 3.875], "texture": "#4"},
				"south": {"uv": [0, 1.75, 16, 3.875], "texture": "#4"},
				"west": {"uv": [0, 1.75, 16, 3.875], "texture": "#4"},
				"up": {"uv": [0, 1.75, 16, 3.875], "texture": "#4"},
				"down": {"uv": [0, 1.75, 16, 3.875], "texture": "#4"}
			}
		},
		{
			"from": [10, 0, 26],
			"to": [16, 25.125, 32],
			"rotation": {"angle": 0, "axis": "y", "origin": [18, -8, 38.75]},
			"faces": {
				"north": {"uv": [0, 0, 4, 16], "texture": "#4"},
				"east": {"uv": [0, 0, 4, 16], "texture": "#4"},
				"south": {"uv": [0, 0, 4, 16], "texture": "#4"},
				"west": {"uv": [0, 0, 4, 16], "texture": "#4"},
				"up": {"uv": [0, 0, 4, 16], "texture": "#4"},
				"down": {"uv": [0, 0, 4, 16], "texture": "#4"}
			}
		},
		{
			"from": [10, 23.25, -10],
			"to": [15.5, 25, 26],
			"rotation": {"angle": 0, "axis": "y", "origin": [18, 1, 38.75]},
			"faces": {
				"north": {"uv": [0, 1.75, 16, 3.875], "texture": "#4"},
				"east": {"uv": [0, 1.75, 16, 3.875], "texture": "#4"},
				"south": {"uv": [0, 1.75, 16, 3.875], "texture": "#4"},
				"west": {"uv": [0, 1.75, 16, 3.875], "texture": "#4"},
				"up": {"uv": [0, 1.75, 16, 3.875], "texture": "#4"},
				"down": {"uv": [0, 1.75, 16, 3.875], "texture": "#4"}
			}
		},
		{
			"from": [10, 0, 21.875],
			"to": [12.25, 23.875, 26.125],
			"rotation": {"angle": 0, "axis": "y", "origin": [18, -8, 38.75]},
			"faces": {
				"north": {"uv": [0, 0, 2.875, 16], "texture": "#4"},
				"east": {"uv": [0, 0, 2.875, 16], "texture": "#4"},
				"south": {"uv": [0, 0, 2.875, 16], "texture": "#4"},
				"west": {"uv": [0, 0, 2.875, 16], "texture": "#4"},
				"up": {"uv": [0, 0, 2.875, 16], "texture": "#4"},
				"down": {"uv": [0, 0, 2.875, 16], "texture": "#4"}
			}
		},
		{
			"from": [10, 0, -10.25],
			"to": [12.25, 24, -6],
			"rotation": {"angle": 0, "axis": "y", "origin": [18, -8, 6.625]},
			"faces": {
				"north": {"uv": [0, 0, 2.875, 16], "texture": "#4"},
				"east": {"uv": [0, 0, 2.875, 16], "texture": "#4"},
				"south": {"uv": [0, 0, 2.875, 16], "texture": "#4"},
				"west": {"uv": [0, 0, 2.875, 16], "texture": "#4"},
				"up": {"uv": [0, 0, 2.875, 16], "texture": "#4"},
				"down": {"uv": [0, 0, 2.875, 16], "texture": "#4"}
			}
		},
		{
			"from": [10, 26.25, -16],
			"to": [16.5, 30.125, 32],
			"rotation": {"angle": 0, "axis": "y", "origin": [18, 0.375, 38.75]},
			"faces": {
				"north": {"uv": [0, 0, 16, 16], "texture": "#3"},
				"east": {"uv": [0, 0, 16, 16], "texture": "#3"},
				"south": {"uv": [0, 0, 16, 16], "texture": "#3"},
				"west": {"uv": [0, 0, 16, 16], "texture": "#3"},
				"up": {"uv": [0, 0, 16, 16], "texture": "#3"},
				"down": {"uv": [0, 0, 16, 16], "texture": "#3"}
			}
		},
		{
			"from": [15.75, 29.625, -16],
			"to": [21.75, 32, 32],
			"rotation": {"angle": 0, "axis": "y", "origin": [18, 2.25, 38.75]},
			"faces": {
				"north": {"uv": [0, 0, 16, 16], "texture": "#3"},
				"east": {"uv": [0, 0, 16, 16], "texture": "#3"},
				"south": {"uv": [0, 0, 16, 16], "texture": "#3"},
				"west": {"uv": [0, 0, 16, 16], "texture": "#3"},
				"up": {"uv": [0, 0, 16, 16], "texture": "#3"},
				"down": {"uv": [0, 0, 16, 16], "texture": "#3"}
			}
		},
		{
			"from": [3.5, 29.5, -16],
			"to": [5.625, 32, 32],
			"rotation": {"angle": -22.5, "axis": "z", "origin": [6.125, 1, 38.75]},
			"faces": {
				"north": {"uv": [0, 3.625, 16, 5.625], "texture": "#4"},
				"east": {"uv": [0, 3.625, 16, 5.625], "texture": "#4"},
				"south": {"uv": [0, 3.625, 16, 5.625], "texture": "#4"},
				"west": {"uv": [0, 3.625, 16, 5.625], "texture": "#4"},
				"up": {"uv": [0, 3.625, 16, 5.625], "texture": "#4"},
				"down": {"uv": [0, 3.625, 16, 5.625], "texture": "#4"}
			}
		},
		{
			"from": [-9.375, 0, 11],
			"to": [11.875, 5.25, 15.625],
			"rotation": {"angle": -45, "axis": "y", "origin": [-1.375, -8, 11.375]},
			"faces": {
				"north": {"uv": [0, 0, 2.625, 16], "rotation": 90, "texture": "#2"},
				"east": {"uv": [0, 0, 16, 16], "rotation": 90, "texture": "#1"},
				"south": {"uv": [0, 0, 2.625, 16], "rotation": 90, "texture": "#2"},
				"west": {"uv": [0, 0, 16, 16], "rotation": 90, "texture": "#1"},
				"up": {"uv": [0, 0, 2.625, 16], "rotation": 90, "texture": "#2"},
				"down": {"uv": [0, 0, 2.625, 16], "rotation": 90, "texture": "#2"}
			}
		},
		{
			"from": [-2.25, 0, -7.625],
			"to": [2.375, 5.25, 13.625],
			"rotation": {"angle": 22.5, "axis": "y", "origin": [2, -8, 0.375]},
			"faces": {
				"north": {"uv": [0, 0, 16, 16], "rotation": 90, "texture": "#1"},
				"east": {"uv": [0, 0, 2.625, 16], "rotation": 90, "texture": "#2"},
				"south": {"uv": [0, 0, 16, 16], "rotation": 90, "texture": "#1"},
				"west": {"uv": [0, 0, 2.625, 16], "rotation": 90, "texture": "#2"},
				"up": {"uv": [0, 0, 2.625, 16], "rotation": 180, "texture": "#2"},
				"down": {"uv": [0, 0, 2.625, 16], "texture": "#2"}
			}
		},
		{
			"from": [-11.625, 5.375, 0.5],
			"to": [9.625, 10.625, 5.125],
			"rotation": {"angle": 45, "axis": "y", "origin": [-3.625, -2.625, 0.875]},
			"faces": {
				"north": {"uv": [0, 0, 2.625, 16], "rotation": 90, "texture": "#2"},
				"east": {"uv": [0, 0, 16, 16], "rotation": 90, "texture": "#1"},
				"south": {"uv": [0, 0, 2.625, 16], "rotation": 90, "texture": "#2"},
				"west": {"uv": [0, 0, 16, 16], "rotation": 90, "texture": "#1"},
				"up": {"uv": [0, 0, 2.625, 16], "rotation": 90, "texture": "#2"},
				"down": {"uv": [0, 0, 2.625, 16], "rotation": 90, "texture": "#2"}
			}
		},
		{
			"from": [-11.625, 5.375, 13],
			"to": [9.625, 10.625, 17.625],
			"rotation": {"angle": 22.5, "axis": "y", "origin": [-3.625, -2.625, 13.375]},
			"faces": {
				"north": {"uv": [0, 0, 2.625, 16], "rotation": 90, "texture": "#2"},
				"east": {"uv": [0, 0, 16, 16], "rotation": 90, "texture": "#1"},
				"south": {"uv": [0, 0, 2.625, 16], "rotation": 90, "texture": "#2"},
				"west": {"uv": [0, 0, 16, 16], "rotation": 90, "texture": "#1"},
				"up": {"uv": [0, 0, 2.625, 16], "rotation": 90, "texture": "#2"},
				"down": {"uv": [0, 0, 2.625, 16], "rotation": 90, "texture": "#2"}
			}
		},
		{
			"from": [-11.625, 10.875, 4.875],
			"to": [9.625, 16.125, 9.5],
			"rotation": {"angle": -22.5, "axis": "y", "origin": [-3.625, 2.875, 5.25]},
			"faces": {
				"north": {"uv": [0, 0, 2.625, 16], "rotation": 90, "texture": "#2"},
				"east": {"uv": [0, 0, 16, 16], "rotation": 90, "texture": "#1"},
				"south": {"uv": [0, 0, 2.625, 16], "rotation": 90, "texture": "#2"},
				"west": {"uv": [0, 0, 16, 16], "rotation": 90, "texture": "#1"},
				"up": {"uv": [0, 0, 2.625, 16], "rotation": 90, "texture": "#2"},
				"down": {"uv": [0, 0, 2.625, 16], "rotation": 90, "texture": "#2"}
			}
		}
	],
	"display": {
		"thirdperson_righthand": {
			"rotation": [90, 90, 0],
			"translation": [-1.5, 0, -2.25],
			"scale": [0.15, 0.15, 0.15]
		},
		"thirdperson_lefthand": {
			"rotation": [90, 90, 0],
			"translation": [-1.5, 0, -2.25],
			"scale": [0.15, 0.15, 0.15]
		},
		"firstperson_righthand": {
			"rotation": [90, 90, 0],
			"translation": [-1.5, 0, -2.25],
			"scale": [0.15, 0.15, 0.15]
		},
		"firstperson_lefthand": {
			"rotation": [90, 90, 0],
			"translation": [-1.5, 0, -2.25],
			"scale": [0.15, 0.15, 0.15]
		},
		"ground": {
			"scale": [0.4, 0.4, 0.4]
		},
		"gui": {
			"rotation": [28, 51, 0],
			"translation": [0, 4, 0],
			"scale": [0.7, 0.7, 0.7]
		}
	},
	"groups": [
		{
			"name": "group",
			"origin": [6.125, 1, 38.75],
			"color": 0,
			"children": [0, 1, 2, 3, 4, 5, 6, 7, 8, 9, 10, 11, 12, 13, 14, 15, 16, 17]
		},
		18,
		19,
		20,
		21,
		22
	]
}