{
	"credit": "ALTA Official CONTENT -- Do not use without credits !",
	"textures": {
		"0": "block/3d_objects/meubles_t1_props",
		"1": "block/piston_side",
		"particle": "block/3d_objects/meubles_t1_props"
	},
	"elements": [
		{
			"from": [3.625, 23.625, 2.8125],
			"to": [4.125, 32, 13.1875],
			"rotation": {"angle": 0, "axis": "x", "origin": [10.875, -4.875, 15.9375]},
			"faces": {
				"north": {"uv": [6.281, 0.25, 11.717, 5.78], "rotation": 90, "texture": "#0"},
				"east": {"uv": [6.281, 0.25, 11.717, 5.78], "rotation": 90, "texture": "#0"},
				"south": {"uv": [6.281, 0.25, 11.717, 5.78], "rotation": 90, "texture": "#0"},
				"west": {"uv": [6.281, 0.25, 11.717, 5.78], "rotation": 90, "texture": "#0"},
				"up": {"uv": [6.281, 0.25, 11.717, 5.78], "rotation": 90, "texture": "#0"},
				"down": {"uv": [6.281, 0.25, 11.717, 5.78], "rotation": 90, "texture": "#0"}
			}
		},
		{
			"from": [7.5, -5.5, 8.0625],
			"to": [8.5, -4.875, 9.1875],
			"rotation": {"angle": 45, "axis": "x", "origin": [14.75, 1.625, 17.0625]},
			"faces": {
				"north": {"uv": [0.469, 13.312, 6, 15.686], "texture": "#0"},
				"east": {"uv": [0.469, 13.312, 6, 15.686], "texture": "#0"},
				"south": {"uv": [0.469, 13.312, 6, 15.686], "texture": "#0"},
				"west": {"uv": [0.469, 13.312, 6, 15.686], "texture": "#0"},
				"up": {"uv": [0.469, 13.312, 6, 15.686], "texture": "#0"},
				"down": {"uv": [0.469, 13.312, 6, 15.686], "texture": "#0"}
			}
		},
		{
			"from": [7.5, 2.125, 6.4375],
			"to": [8.5, 2.75, 9.5625],
			"rotation": {"angle": 0, "axis": "y", "origin": [14.75, 9.25, 15.4375]},
			"faces": {
				"north": {"uv": [0.469, 13.312, 6, 15.686], "texture": "#0"},
				"east": {"uv": [0.469, 13.312, 6, 15.686], "texture": "#0"},
				"south": {"uv": [0.469, 13.312, 6, 15.686], "texture": "#0"},
				"west": {"uv": [0.469, 13.312, 6, 15.686], "texture": "#0"},
				"up": {"uv": [0.469, 13.312, 6, 15.686], "texture": "#0"},
				"down": {"uv": [0.469, 13.312, 6, 15.686], "texture": "#0"}
			}
		},
		{
			"from": [7.5, -5.5, 6.8125],
			"to": [8.5, -4.875, 7.9375],
			"rotation": {"angle": -45, "axis": "x", "origin": [14.75, 1.625, -1.0625]},
			"faces": {
				"north": {"uv": [0.469, 13.312, 6, 15.686], "texture": "#0"},
				"east": {"uv": [0.469, 13.312, 6, 15.686], "texture": "#0"},
				"south": {"uv": [0.469, 13.312, 6, 15.686], "texture": "#0"},
				"west": {"uv": [0.469, 13.312, 6, 15.686], "texture": "#0"},
				"up": {"uv": [0.469, 13.312, 6, 15.686], "texture": "#0"},
				"down": {"uv": [0.469, 13.312, 6, 15.686], "texture": "#0"}
			}
		},
		{
			"from": [5.25, 0, 2.6875],
			"to": [10.75, 0.875, 13.3125],
			"rotation": {"angle": 0, "axis": "y", "origin": [10, 8, 10.6875]},
			"faces": {
				"north": {"uv": [12.594, 6.313, 15.717, 11.592], "texture": "#0"},
				"east": {"uv": [12.594, 6.313, 15.717, 11.592], "texture": "#0"},
				"south": {"uv": [12.594, 6.313, 15.717, 11.592], "texture": "#0"},
				"west": {"uv": [12.594, 6.313, 15.717, 11.592], "texture": "#0"},
				"up": {"uv": [12.594, 6.313, 15.717, 11.592], "texture": "#0"},
				"down": {"uv": [12.594, 6.313, 15.717, 11.592], "texture": "#0"}
			}
		},
		{
			"from": [7.5, 0.875, 7.5],
			"to": [8.5, 2.125, 8.5],
			"rotation": {"angle": 0, "axis": "y", "origin": [14.75, 8, 15.5]},
			"faces": {
				"north": {"uv": [0.469, 13.312, 6, 15.686], "texture": "#0"},
				"east": {"uv": [0.469, 13.312, 6, 15.686], "texture": "#0"},
				"south": {"uv": [0.469, 13.312, 6, 15.686], "texture": "#0"},
				"west": {"uv": [0.469, 13.312, 6, 15.686], "texture": "#0"},
				"up": {"uv": [0.469, 13.312, 6, 15.686], "texture": "#0"},
				"down": {"uv": [0.469, 13.312, 6, 15.686], "texture": "#0"}
			}
		},
		{
			"from": [7.5, 3, 9.6875],
			"to": [8.5, 17, 10.3125],
			"rotation": {"angle": 0, "axis": "x", "origin": [14.75, -4.875, 16.8125]},
			"faces": {
				"north": {"uv": [0.469, 13.312, 6, 15.686], "rotation": 90, "texture": "#0"},
				"east": {"uv": [0.469, 13.312, 6, 15.686], "rotation": 90, "texture": "#0"},
				"south": {"uv": [0.469, 13.312, 6, 15.686], "rotation": 90, "texture": "#0"},
				"west": {"uv": [0.469, 13.312, 6, 15.686], "rotation": 90, "texture": "#0"},
				"up": {"uv": [0.469, 13.312, 6, 15.686], "rotation": 90, "texture": "#0"},
				"down": {"uv": [0.469, 13.312, 6, 15.686], "rotation": 90, "texture": "#0"}
			}
		},
		{
			"from": [4, 32, 2.8125],
			"to": [12.375, 32, 13.1875],
			"rotation": {"angle": 0, "axis": "x", "origin": [10.875, -4.875, 15.9375]},
			"faces": {
				"north": {"uv": [6.281, 0.25, 11.717, 5.78], "rotation": 90, "texture": "#0"},
				"east": {"uv": [6.281, 0.25, 11.717, 5.78], "rotation": 90, "texture": "#0"},
				"south": {"uv": [6.281, 0.25, 11.717, 5.78], "rotation": 90, "texture": "#0"},
				"west": {"uv": [6.281, 0.25, 11.717, 5.78], "rotation": 90, "texture": "#0"},
				"up": {"uv": [6.281, 0.25, 11.717, 5.78], "rotation": 90, "texture": "#0"},
				"down": {"uv": [6.281, 0.25, 11.717, 5.78], "rotation": 90, "texture": "#0"}
			}
		},
		{
			"from": [6.25, 27.375, 6.0625],
			"to": [9.75, 32, 9.9375],
			"rotation": {"angle": 0, "axis": "x", "origin": [11.75, -4.875, 16.0625]},
			"faces": {
				"north": {"uv": [3.25, 3.75, 10.5, 10.25], "rotation": 90, "texture": "#1"},
				"east": {"uv": [3.25, 3.75, 10.5, 10.25], "rotation": 90, "texture": "#1"},
				"south": {"uv": [3.25, 3.75, 10.5, 10.25], "rotation": 90, "texture": "#1"},
				"west": {"uv": [3.25, 3.75, 10.5, 10.25], "rotation": 90, "texture": "#1"},
				"up": {"uv": [3.25, 3.75, 10.5, 10.25], "rotation": 90, "texture": "#1"},
				"down": {"uv": [3.25, 3.75, 10.5, 10.25], "rotation": 90, "texture": "#1"}
			}
		},
		{
			"from": [4.125, 23.625, 12.5625],
			"to": [11.75, 32, 13.1875],
			"rotation": {"angle": 0, "axis": "y", "origin": [1.375, -4.875, 11.6875]},
			"faces": {
				"north": {"uv": [6.281, 0.25, 11.717, 5.78], "rotation": 90, "texture": "#0"},
				"east": {"uv": [6.281, 0.25, 11.717, 5.78], "rotation": 90, "texture": "#0"},
				"south": {"uv": [6.281, 0.25, 11.717, 5.78], "rotation": 90, "texture": "#0"},
				"west": {"uv": [6.281, 0.25, 11.717, 5.78], "rotation": 90, "texture": "#0"},
				"up": {"uv": [6.281, 0.25, 11.717, 5.78], "rotation": 90, "texture": "#0"},
				"down": {"uv": [6.281, 0.25, 11.717, 5.78], "rotation": 90, "texture": "#0"}
			}
		},
		{
			"from": [11.75, 23.625, 2.8125],
			"to": [12.375, 32, 13.1875],
			"rotation": {"angle": 0, "axis": "x", "origin": [10.875, -4.875, 15.9375]},
			"faces": {
				"north": {"uv": [6.281, 0.25, 11.717, 5.78], "rotation": 90, "texture": "#0"},
				"east": {"uv": [6.281, 0.25, 11.717, 5.78], "rotation": 90, "texture": "#0"},
				"south": {"uv": [6.281, 0.25, 11.717, 5.78], "rotation": 90, "texture": "#0"},
				"west": {"uv": [6.281, 0.25, 11.717, 5.78], "rotation": 90, "texture": "#0"},
				"up": {"uv": [6.281, 0.25, 11.717, 5.78], "rotation": 90, "texture": "#0"},
				"down": {"uv": [6.281, 0.25, 11.717, 5.78], "rotation": 90, "texture": "#0"}
			}
		},
		{
			"from": [7.5, 20.125, 3.1875],
			"to": [8.5, 32, 3.8125],
			"rotation": {"angle": 22.5, "axis": "x", "origin": [14.75, 12.25, -3.3125]},
			"faces": {
				"north": {"uv": [0.469, 13.312, 6, 15.686], "rotation": 90, "texture": "#0"},
				"east": {"uv": [0.469, 13.312, 6, 15.686], "rotation": 90, "texture": "#0"},
				"south": {"uv": [0.469, 13.312, 6, 15.686], "rotation": 90, "texture": "#0"},
				"west": {"uv": [0.469, 13.312, 6, 15.686], "rotation": 90, "texture": "#0"},
				"up": {"uv": [0.469, 13.312, 6, 15.686], "rotation": 90, "texture": "#0"},
				"down": {"uv": [0.469, 13.312, 6, 15.686], "rotation": 90, "texture": "#0"}
			}
		},
		{
			"from": [4.125, 23.625, 2.8125],
			"to": [11.75, 32, 3.4375],
			"rotation": {"angle": 0, "axis": "y", "origin": [1.375, -4.875, 1.9375]},
			"faces": {
				"north": {"uv": [6.281, 0.25, 11.717, 5.78], "rotation": 90, "texture": "#0"},
				"east": {"uv": [6.281, 0.25, 11.717, 5.78], "rotation": 90, "texture": "#0"},
				"south": {"uv": [6.281, 0.25, 11.717, 5.78], "rotation": 90, "texture": "#0"},
				"west": {"uv": [6.281, 0.25, 11.717, 5.78], "rotation": 90, "texture": "#0"},
				"up": {"uv": [6.281, 0.25, 11.717, 5.78], "rotation": 90, "texture": "#0"},
				"down": {"uv": [6.281, 0.25, 11.717, 5.78], "rotation": 90, "texture": "#0"}
			}
		},
		{
			"from": [7.5, 20.125, 12.1875],
			"to": [8.5, 32, 12.8125],
			"rotation": {"angle": -22.5, "axis": "x", "origin": [14.75, 12.25, 19.3125]},
			"faces": {
				"north": {"uv": [0.469, 13.312, 6, 15.686], "rotation": 90, "texture": "#0"},
				"east": {"uv": [0.469, 13.312, 6, 15.686], "rotation": 90, "texture": "#0"},
				"south": {"uv": [0.469, 13.312, 6, 15.686], "rotation": 90, "texture": "#0"},
				"west": {"uv": [0.469, 13.312, 6, 15.686], "rotation": 90, "texture": "#0"},
				"up": {"uv": [0.469, 13.312, 6, 15.686], "rotation": 90, "texture": "#0"},
				"down": {"uv": [0.469, 13.312, 6, 15.686], "rotation": 90, "texture": "#0"}
			}
		},
		{
			"from": [7.5, 3, 5.6875],
			"to": [8.5, 17, 6.3125],
			"rotation": {"angle": 0, "axis": "x", "origin": [14.75, -4.875, 12.8125]},
			"faces": {
				"north": {"uv": [0.469, 13.312, 6, 15.686], "rotation": 90, "texture": "#0"},
				"east": {"uv": [0.469, 13.312, 6, 15.686], "rotation": 90, "texture": "#0"},
				"south": {"uv": [0.469, 13.312, 6, 15.686], "rotation": 90, "texture": "#0"},
				"west": {"uv": [0.469, 13.312, 6, 15.686], "rotation": 90, "texture": "#0"},
				"up": {"uv": [0.469, 13.312, 6, 15.686], "rotation": 90, "texture": "#0"},
				"down": {"uv": [0.469, 13.312, 6, 15.686], "rotation": 90, "texture": "#0"}
			}
		}
	],
	"display": {
		"thirdperson_righthand": {
			"scale": [0.39, 0.33, 0.3]
		},
		"thirdperson_lefthand": {
			"scale": [0.32, 0.31, 0.3]
		},
		"gui": {
			"rotation": [10, 45, 0],
			"translation": [-0.25, -3.5, 0],
			"scale": [0.44, 0.44, 0.42]
		}
	},
	"groups": [
		{
			"name": "group",
			"origin": [8, 8, 8],
			"children": [0, 1, 2, 3, 4, 5, 6, 7, 8, 9, 10, 11, 12, 13, 14]
		}
	]
}