{
	"credit": "Made with Blockbench",
	"textures": {
		"1": "block/3d_objects/meubles_t1_props",
		"particle": "block/acacia_planks"
	},
	"elements": [
		{
			"name": "cube9",
			"from": [7.3125, 12.875, 7.375],
			"to": [8.6875, 14.875, 8.625],
			"rotation": {"angle": 0, "axis": "y", "origin": [15.4375, 7.875, 15.5]},
			"faces": {
				"north": {"uv": [13.094, 6.812, 15.718, 11.748], "texture": "#1"},
				"east": {"uv": [13.094, 6.812, 15.718, 11.748], "texture": "#1"},
				"south": {"uv": [13.094, 6.812, 15.718, 11.748], "texture": "#1"},
				"west": {"uv": [13.094, 6.812, 15.718, 11.748], "texture": "#1"},
				"up": {"uv": [13.094, 6.812, 15.718, 11.748], "texture": "#1"},
				"down": {"uv": [13.094, 6.812, 15.718, 11.748], "texture": "#1"}
			}
		},
		{
			"name": "cube4",
			"from": [4.28136, 12.68932, 6.60551],
			"to": [4.65322, 13.29028, 9.39449],
			"rotation": {"angle": 0, "axis": "y", "origin": [15.43728, 3.7439, 25.19871]},
			"faces": {
				"north": {"uv": [6.313, 0.407, 11.625, 5.813], "texture": "#1"},
				"east": {"uv": [6.313, 0.407, 11.625, 5.813], "texture": "#1"},
				"south": {"uv": [6.313, 0.407, 11.625, 5.813], "texture": "#1"},
				"west": {"uv": [6.313, 0.407, 11.625, 5.813], "texture": "#1"},
				"up": {"uv": [6.313, 0.407, 11.625, 5.813], "texture": "#1"},
				"down": {"uv": [6.313, 0.407, 11.625, 5.813], "texture": "#1"}
			}
		},
		{
			"from": [14.32169, 12.68932, -3.99261],
			"to": [14.69355, 13.29028, -0.83177],
			"rotation": {"angle": 45, "axis": "y", "origin": [25.47761, 3.7439, 14.78652]},
			"faces": {
				"north": {"uv": [6.313, 0.407, 11.625, 5.813], "texture": "#1"},
				"east": {"uv": [6.313, 0.407, 11.625, 5.813], "texture": "#1"},
				"south": {"uv": [6.313, 0.407, 11.625, 5.813], "texture": "#1"},
				"west": {"uv": [6.313, 0.407, 11.625, 5.813], "texture": "#1"},
				"up": {"uv": [6.313, 0.407, 11.625, 5.813], "texture": "#1"},
				"down": {"uv": [6.313, 0.407, 11.625, 5.813], "texture": "#1"}
			}
		},
		{
			"from": [1.30645, 12.68932, -3.99261],
			"to": [1.67831, 13.29028, -0.83177],
			"rotation": {"angle": -45, "axis": "y", "origin": [-9.47761, 3.7439, 14.78652]},
			"faces": {
				"north": {"uv": [6.313, 0.407, 11.625, 5.813], "texture": "#1"},
				"east": {"uv": [6.313, 0.407, 11.625, 5.813], "texture": "#1"},
				"south": {"uv": [6.313, 0.407, 11.625, 5.813], "texture": "#1"},
				"west": {"uv": [6.313, 0.407, 11.625, 5.813], "texture": "#1"},
				"up": {"uv": [6.313, 0.407, 11.625, 5.813], "texture": "#1"},
				"down": {"uv": [6.313, 0.407, 11.625, 5.813], "texture": "#1"}
			}
		},
		{
			"from": [1.30645, 12.68932, 16.83177],
			"to": [1.67831, 13.29028, 19.99261],
			"rotation": {"angle": 45, "axis": "y", "origin": [-9.47761, 3.7439, 1.21348]},
			"faces": {
				"north": {"uv": [6.313, 0.407, 11.625, 5.813], "texture": "#1"},
				"east": {"uv": [6.313, 0.407, 11.625, 5.813], "texture": "#1"},
				"south": {"uv": [6.313, 0.407, 11.625, 5.813], "texture": "#1"},
				"west": {"uv": [6.313, 0.407, 11.625, 5.813], "texture": "#1"},
				"up": {"uv": [6.313, 0.407, 11.625, 5.813], "texture": "#1"},
				"down": {"uv": [6.313, 0.407, 11.625, 5.813], "texture": "#1"}
			}
		},
		{
			"from": [14.32169, 12.68932, 16.83177],
			"to": [14.69355, 13.29028, 19.99261],
			"rotation": {"angle": -45, "axis": "y", "origin": [25.47761, 3.7439, 1.21348]},
			"faces": {
				"north": {"uv": [6.313, 0.407, 11.625, 5.813], "texture": "#1"},
				"east": {"uv": [6.313, 0.407, 11.625, 5.813], "texture": "#1"},
				"south": {"uv": [6.313, 0.407, 11.625, 5.813], "texture": "#1"},
				"west": {"uv": [6.313, 0.407, 11.625, 5.813], "texture": "#1"},
				"up": {"uv": [6.313, 0.407, 11.625, 5.813], "texture": "#1"},
				"down": {"uv": [6.313, 0.407, 11.625, 5.813], "texture": "#1"}
			}
		},
		{
			"from": [11.34678, 12.68932, 6.60551],
			"to": [11.71864, 13.29028, 9.39449],
			"rotation": {"angle": 0, "axis": "y", "origin": [22.5027, 3.7439, 25.19871]},
			"faces": {
				"north": {"uv": [6.313, 0.407, 11.625, 5.813], "texture": "#1"},
				"east": {"uv": [6.313, 0.407, 11.625, 5.813], "texture": "#1"},
				"south": {"uv": [6.313, 0.407, 11.625, 5.813], "texture": "#1"},
				"west": {"uv": [6.313, 0.407, 11.625, 5.813], "texture": "#1"},
				"up": {"uv": [6.313, 0.407, 11.625, 5.813], "texture": "#1"},
				"down": {"uv": [6.313, 0.407, 11.625, 5.813], "texture": "#1"}
			}
		},
		{
			"from": [6.60551, 12.68932, 11.25381],
			"to": [9.39449, 13.29028, 11.62567],
			"rotation": {"angle": 0, "axis": "y", "origin": [-9.19871, 3.7439, 22.40973]},
			"faces": {
				"north": {"uv": [6.313, 0.407, 11.625, 5.813], "rotation": 90, "texture": "#1"},
				"east": {"uv": [6.313, 0.407, 11.625, 5.813], "rotation": 90, "texture": "#1"},
				"south": {"uv": [6.313, 0.407, 11.625, 5.813], "rotation": 90, "texture": "#1"},
				"west": {"uv": [6.313, 0.407, 11.625, 5.813], "rotation": 90, "texture": "#1"},
				"up": {"uv": [6.313, 0.407, 11.625, 5.813], "rotation": 90, "texture": "#1"},
				"down": {"uv": [6.313, 0.407, 11.625, 5.813], "rotation": 90, "texture": "#1"}
			}
		},
		{
			"from": [6.60551, 12.68932, 4.37433],
			"to": [9.39449, 13.29028, 4.74619],
			"rotation": {"angle": 0, "axis": "y", "origin": [-9.19871, 3.7439, 15.53025]},
			"faces": {
				"north": {"uv": [6.313, 0.407, 11.625, 5.813], "rotation": 90, "texture": "#1"},
				"east": {"uv": [6.313, 0.407, 11.625, 5.813], "rotation": 90, "texture": "#1"},
				"south": {"uv": [6.313, 0.407, 11.625, 5.813], "rotation": 90, "texture": "#1"},
				"west": {"uv": [6.313, 0.407, 11.625, 5.813], "rotation": 90, "texture": "#1"},
				"up": {"uv": [6.313, 0.407, 11.625, 5.813], "rotation": 90, "texture": "#1"},
				"down": {"uv": [6.313, 0.407, 11.625, 5.813], "rotation": 90, "texture": "#1"}
			}
		},
		{
			"name": "cube8",
			"from": [5.40921, 16.2426, 7.02846],
			"to": [5.66829, 16.90489, 8.97154],
			"rotation": {"angle": 0, "axis": "y", "origin": [13.18157, 5.8996, 19.98238]},
			"faces": {
				"north": {"uv": [6.313, 0.407, 11.625, 5.813], "texture": "#1"},
				"east": {"uv": [6.313, 0.407, 11.625, 5.813], "texture": "#1"},
				"south": {"uv": [6.313, 0.407, 11.625, 5.813], "texture": "#1"},
				"west": {"uv": [6.313, 0.407, 11.625, 5.813], "texture": "#1"},
				"up": {"uv": [6.313, 0.407, 11.625, 5.813], "texture": "#1"},
				"down": {"uv": [6.313, 0.407, 11.625, 5.813], "texture": "#1"}
			}
		},
		{
			"from": [12.40434, 16.2426, -0.35528],
			"to": [12.66341, 16.90489, 1.84688],
			"rotation": {"angle": 45, "axis": "y", "origin": [20.17669, 5.8996, 12.72818]},
			"faces": {
				"north": {"uv": [6.313, 0.407, 11.625, 5.813], "texture": "#1"},
				"east": {"uv": [6.313, 0.407, 11.625, 5.813], "texture": "#1"},
				"south": {"uv": [6.313, 0.407, 11.625, 5.813], "texture": "#1"},
				"west": {"uv": [6.313, 0.407, 11.625, 5.813], "texture": "#1"},
				"up": {"uv": [6.313, 0.407, 11.625, 5.813], "texture": "#1"},
				"down": {"uv": [6.313, 0.407, 11.625, 5.813], "texture": "#1"}
			}
		},
		{
			"from": [3.33659, 16.2426, -0.35528],
			"to": [3.59566, 16.90489, 1.84688],
			"rotation": {"angle": -45, "axis": "y", "origin": [-4.17669, 5.8996, 12.72818]},
			"faces": {
				"north": {"uv": [6.313, 0.407, 11.625, 5.813], "texture": "#1"},
				"east": {"uv": [6.313, 0.407, 11.625, 5.813], "texture": "#1"},
				"south": {"uv": [6.313, 0.407, 11.625, 5.813], "texture": "#1"},
				"west": {"uv": [6.313, 0.407, 11.625, 5.813], "texture": "#1"},
				"up": {"uv": [6.313, 0.407, 11.625, 5.813], "texture": "#1"},
				"down": {"uv": [6.313, 0.407, 11.625, 5.813], "texture": "#1"}
			}
		},
		{
			"from": [3.33659, 16.2426, 14.15312],
			"to": [3.59566, 16.90489, 16.35528],
			"rotation": {"angle": 45, "axis": "y", "origin": [-4.17669, 5.8996, 3.27182]},
			"faces": {
				"north": {"uv": [6.313, 0.407, 11.625, 5.813], "texture": "#1"},
				"east": {"uv": [6.313, 0.407, 11.625, 5.813], "texture": "#1"},
				"south": {"uv": [6.313, 0.407, 11.625, 5.813], "texture": "#1"},
				"west": {"uv": [6.313, 0.407, 11.625, 5.813], "texture": "#1"},
				"up": {"uv": [6.313, 0.407, 11.625, 5.813], "texture": "#1"},
				"down": {"uv": [6.313, 0.407, 11.625, 5.813], "texture": "#1"}
			}
		},
		{
			"from": [12.40434, 16.2426, 14.15312],
			"to": [12.66341, 16.90489, 16.35528],
			"rotation": {"angle": -45, "axis": "y", "origin": [20.17669, 5.8996, 3.27182]},
			"faces": {
				"north": {"uv": [6.313, 0.407, 11.625, 5.813], "texture": "#1"},
				"east": {"uv": [6.313, 0.407, 11.625, 5.813], "texture": "#1"},
				"south": {"uv": [6.313, 0.407, 11.625, 5.813], "texture": "#1"},
				"west": {"uv": [6.313, 0.407, 11.625, 5.813], "texture": "#1"},
				"up": {"uv": [6.313, 0.407, 11.625, 5.813], "texture": "#1"},
				"down": {"uv": [6.313, 0.407, 11.625, 5.813], "texture": "#1"}
			}
		},
		{
			"from": [10.33171, 16.2426, 7.02846],
			"to": [10.59079, 16.90489, 8.97154],
			"rotation": {"angle": 0, "axis": "y", "origin": [18.10406, 5.8996, 19.98238]},
			"faces": {
				"north": {"uv": [6.313, 0.407, 11.625, 5.813], "texture": "#1"},
				"east": {"uv": [6.313, 0.407, 11.625, 5.813], "texture": "#1"},
				"south": {"uv": [6.313, 0.407, 11.625, 5.813], "texture": "#1"},
				"west": {"uv": [6.313, 0.407, 11.625, 5.813], "texture": "#1"},
				"up": {"uv": [6.313, 0.407, 11.625, 5.813], "texture": "#1"},
				"down": {"uv": [6.313, 0.407, 11.625, 5.813], "texture": "#1"}
			}
		},
		{
			"from": [7.02846, 16.2426, 10.26694],
			"to": [8.97154, 16.90489, 10.52602],
			"rotation": {"angle": 0, "axis": "y", "origin": [-3.98238, 5.8996, 18.03929]},
			"faces": {
				"north": {"uv": [6.313, 0.407, 11.625, 5.813], "rotation": 90, "texture": "#1"},
				"east": {"uv": [6.313, 0.407, 11.625, 5.813], "rotation": 90, "texture": "#1"},
				"south": {"uv": [6.313, 0.407, 11.625, 5.813], "rotation": 90, "texture": "#1"},
				"west": {"uv": [6.313, 0.407, 11.625, 5.813], "rotation": 90, "texture": "#1"},
				"up": {"uv": [6.313, 0.407, 11.625, 5.813], "rotation": 90, "texture": "#1"},
				"down": {"uv": [6.313, 0.407, 11.625, 5.813], "rotation": 90, "texture": "#1"}
			}
		},
		{
			"from": [7.02846, 16.2426, 5.47398],
			"to": [8.97154, 16.90489, 5.73306],
			"rotation": {"angle": 0, "axis": "y", "origin": [-3.98238, 5.8996, 13.24634]},
			"faces": {
				"north": {"uv": [6.313, 0.407, 11.625, 5.813], "rotation": 90, "texture": "#1"},
				"east": {"uv": [6.313, 0.407, 11.625, 5.813], "rotation": 90, "texture": "#1"},
				"south": {"uv": [6.313, 0.407, 11.625, 5.813], "rotation": 90, "texture": "#1"},
				"west": {"uv": [6.313, 0.407, 11.625, 5.813], "rotation": 90, "texture": "#1"},
				"up": {"uv": [6.313, 0.407, 11.625, 5.813], "rotation": 90, "texture": "#1"},
				"down": {"uv": [6.313, 0.407, 11.625, 5.813], "rotation": 90, "texture": "#1"}
			}
		},
		{
			"name": "cube7",
			"from": [5.28429, 15.55828, 6.98161],
			"to": [5.55586, 16.49098, 9.01839],
			"rotation": {"angle": 0, "axis": "y", "origin": [13.43142, 6.10546, 20.56015]},
			"faces": {
				"north": {"uv": [6.313, 0.407, 11.625, 5.813], "texture": "#1"},
				"east": {"uv": [6.313, 0.407, 11.625, 5.813], "texture": "#1"},
				"south": {"uv": [6.313, 0.407, 11.625, 5.813], "texture": "#1"},
				"west": {"uv": [6.313, 0.407, 11.625, 5.813], "texture": "#1"},
				"up": {"uv": [6.313, 0.407, 11.625, 5.813], "texture": "#1"},
				"down": {"uv": [6.313, 0.407, 11.625, 5.813], "texture": "#1"}
			}
		},
		{
			"from": [12.6167, 15.55828, -0.75816],
			"to": [12.88827, 16.49098, 1.55019],
			"rotation": {"angle": 45, "axis": "y", "origin": [20.76383, 6.10546, 12.95617]},
			"faces": {
				"north": {"uv": [6.313, 0.407, 11.625, 5.813], "texture": "#1"},
				"east": {"uv": [6.313, 0.407, 11.625, 5.813], "texture": "#1"},
				"south": {"uv": [6.313, 0.407, 11.625, 5.813], "texture": "#1"},
				"west": {"uv": [6.313, 0.407, 11.625, 5.813], "texture": "#1"},
				"up": {"uv": [6.313, 0.407, 11.625, 5.813], "texture": "#1"},
				"down": {"uv": [6.313, 0.407, 11.625, 5.813], "texture": "#1"}
			}
		},
		{
			"from": [3.11173, 15.55828, -0.75816],
			"to": [3.3833, 16.49098, 1.55019],
			"rotation": {"angle": -45, "axis": "y", "origin": [-4.76383, 6.10546, 12.95617]},
			"faces": {
				"north": {"uv": [6.313, 0.407, 11.625, 5.813], "texture": "#1"},
				"east": {"uv": [6.313, 0.407, 11.625, 5.813], "texture": "#1"},
				"south": {"uv": [6.313, 0.407, 11.625, 5.813], "texture": "#1"},
				"west": {"uv": [6.313, 0.407, 11.625, 5.813], "texture": "#1"},
				"up": {"uv": [6.313, 0.407, 11.625, 5.813], "texture": "#1"},
				"down": {"uv": [6.313, 0.407, 11.625, 5.813], "texture": "#1"}
			}
		},
		{
			"from": [3.11173, 15.55828, 14.44981],
			"to": [3.3833, 16.49098, 16.75816],
			"rotation": {"angle": 45, "axis": "y", "origin": [-4.76383, 6.10546, 3.04383]},
			"faces": {
				"north": {"uv": [6.313, 0.407, 11.625, 5.813], "texture": "#1"},
				"east": {"uv": [6.313, 0.407, 11.625, 5.813], "texture": "#1"},
				"south": {"uv": [6.313, 0.407, 11.625, 5.813], "texture": "#1"},
				"west": {"uv": [6.313, 0.407, 11.625, 5.813], "texture": "#1"},
				"up": {"uv": [6.313, 0.407, 11.625, 5.813], "texture": "#1"},
				"down": {"uv": [6.313, 0.407, 11.625, 5.813], "texture": "#1"}
			}
		},
		{
			"from": [12.6167, 15.55828, 14.44981],
			"to": [12.88827, 16.49098, 16.75816],
			"rotation": {"angle": -45, "axis": "y", "origin": [20.76383, 6.10546, 3.04383]},
			"faces": {
				"north": {"uv": [6.313, 0.407, 11.625, 5.813], "texture": "#1"},
				"east": {"uv": [6.313, 0.407, 11.625, 5.813], "texture": "#1"},
				"south": {"uv": [6.313, 0.407, 11.625, 5.813], "texture": "#1"},
				"west": {"uv": [6.313, 0.407, 11.625, 5.813], "texture": "#1"},
				"up": {"uv": [6.313, 0.407, 11.625, 5.813], "texture": "#1"},
				"down": {"uv": [6.313, 0.407, 11.625, 5.813], "texture": "#1"}
			}
		},
		{
			"from": [10.44414, 15.55828, 6.98161],
			"to": [10.71571, 16.49098, 9.01839],
			"rotation": {"angle": 0, "axis": "y", "origin": [18.59126, 6.10546, 20.56015]},
			"faces": {
				"north": {"uv": [6.313, 0.407, 11.625, 5.813], "texture": "#1"},
				"east": {"uv": [6.313, 0.407, 11.625, 5.813], "texture": "#1"},
				"south": {"uv": [6.313, 0.407, 11.625, 5.813], "texture": "#1"},
				"west": {"uv": [6.313, 0.407, 11.625, 5.813], "texture": "#1"},
				"up": {"uv": [6.313, 0.407, 11.625, 5.813], "texture": "#1"},
				"down": {"uv": [6.313, 0.407, 11.625, 5.813], "texture": "#1"}
			}
		},
		{
			"from": [6.98161, 15.55828, 10.37624],
			"to": [9.01839, 16.49098, 10.64782],
			"rotation": {"angle": 0, "axis": "y", "origin": [-4.56015, 6.10546, 18.52337]},
			"faces": {
				"north": {"uv": [6.313, 0.407, 11.625, 5.813], "rotation": 90, "texture": "#1"},
				"east": {"uv": [6.313, 0.407, 11.625, 5.813], "rotation": 90, "texture": "#1"},
				"south": {"uv": [6.313, 0.407, 11.625, 5.813], "rotation": 90, "texture": "#1"},
				"west": {"uv": [6.313, 0.407, 11.625, 5.813], "rotation": 90, "texture": "#1"},
				"up": {"uv": [6.313, 0.407, 11.625, 5.813], "rotation": 90, "texture": "#1"},
				"down": {"uv": [6.313, 0.407, 11.625, 5.813], "rotation": 90, "texture": "#1"}
			}
		},
		{
			"from": [6.98161, 15.55828, 5.35218],
			"to": [9.01839, 16.49098, 5.62376],
			"rotation": {"angle": 0, "axis": "y", "origin": [-4.56015, 6.10546, 13.49931]},
			"faces": {
				"north": {"uv": [6.313, 0.407, 11.625, 5.813], "rotation": 90, "texture": "#1"},
				"east": {"uv": [6.313, 0.407, 11.625, 5.813], "rotation": 90, "texture": "#1"},
				"south": {"uv": [6.313, 0.407, 11.625, 5.813], "rotation": 90, "texture": "#1"},
				"west": {"uv": [6.313, 0.407, 11.625, 5.813], "rotation": 90, "texture": "#1"},
				"up": {"uv": [6.313, 0.407, 11.625, 5.813], "rotation": 90, "texture": "#1"},
				"down": {"uv": [6.313, 0.407, 11.625, 5.813], "rotation": 90, "texture": "#1"}
			}
		},
		{
			"name": "cube5",
			"from": [4.65322, 13.17038, 6.74496],
			"to": [4.9879, 14.21125, 9.25504],
			"rotation": {"angle": 0, "axis": "y", "origin": [14.69355, 4.61951, 23.47884]},
			"faces": {
				"north": {"uv": [6.313, 0.407, 11.625, 5.813], "texture": "#1"},
				"east": {"uv": [6.313, 0.407, 11.625, 5.813], "texture": "#1"},
				"south": {"uv": [6.313, 0.407, 11.625, 5.813], "texture": "#1"},
				"west": {"uv": [6.313, 0.407, 11.625, 5.813], "texture": "#1"},
				"up": {"uv": [6.313, 0.407, 11.625, 5.813], "texture": "#1"},
				"down": {"uv": [6.313, 0.407, 11.625, 5.813], "texture": "#1"}
			}
		},
		{
			"from": [13.68952, 13.17038, -2.79335],
			"to": [14.0242, 14.21125, 0.05141],
			"rotation": {"angle": 45, "axis": "y", "origin": [23.72985, 4.61951, 14.10787]},
			"faces": {
				"north": {"uv": [6.313, 0.407, 11.625, 5.813], "texture": "#1"},
				"east": {"uv": [6.313, 0.407, 11.625, 5.813], "texture": "#1"},
				"south": {"uv": [6.313, 0.407, 11.625, 5.813], "texture": "#1"},
				"west": {"uv": [6.313, 0.407, 11.625, 5.813], "texture": "#1"},
				"up": {"uv": [6.313, 0.407, 11.625, 5.813], "texture": "#1"},
				"down": {"uv": [6.313, 0.407, 11.625, 5.813], "texture": "#1"}
			}
		},
		{
			"from": [1.9758, 13.17038, -2.79335],
			"to": [2.31048, 14.21125, 0.05141],
			"rotation": {"angle": -45, "axis": "y", "origin": [-7.72985, 4.61951, 14.10787]},
			"faces": {
				"north": {"uv": [6.313, 0.407, 11.625, 5.813], "texture": "#1"},
				"east": {"uv": [6.313, 0.407, 11.625, 5.813], "texture": "#1"},
				"south": {"uv": [6.313, 0.407, 11.625, 5.813], "texture": "#1"},
				"west": {"uv": [6.313, 0.407, 11.625, 5.813], "texture": "#1"},
				"up": {"uv": [6.313, 0.407, 11.625, 5.813], "texture": "#1"},
				"down": {"uv": [6.313, 0.407, 11.625, 5.813], "texture": "#1"}
			}
		},
		{
			"from": [1.9758, 13.17038, 15.94859],
			"to": [2.31048, 14.21125, 18.79335],
			"rotation": {"angle": 45, "axis": "y", "origin": [-7.72985, 4.61951, 1.89213]},
			"faces": {
				"north": {"uv": [6.313, 0.407, 11.625, 5.813], "texture": "#1"},
				"east": {"uv": [6.313, 0.407, 11.625, 5.813], "texture": "#1"},
				"south": {"uv": [6.313, 0.407, 11.625, 5.813], "texture": "#1"},
				"west": {"uv": [6.313, 0.407, 11.625, 5.813], "texture": "#1"},
				"up": {"uv": [6.313, 0.407, 11.625, 5.813], "texture": "#1"},
				"down": {"uv": [6.313, 0.407, 11.625, 5.813], "texture": "#1"}
			}
		},
		{
			"from": [13.68952, 13.17038, 15.94859],
			"to": [14.0242, 14.21125, 18.79335],
			"rotation": {"angle": -45, "axis": "y", "origin": [23.72985, 4.61951, 1.89213]},
			"faces": {
				"north": {"uv": [6.313, 0.407, 11.625, 5.813], "texture": "#1"},
				"east": {"uv": [6.313, 0.407, 11.625, 5.813], "texture": "#1"},
				"south": {"uv": [6.313, 0.407, 11.625, 5.813], "texture": "#1"},
				"west": {"uv": [6.313, 0.407, 11.625, 5.813], "texture": "#1"},
				"up": {"uv": [6.313, 0.407, 11.625, 5.813], "texture": "#1"},
				"down": {"uv": [6.313, 0.407, 11.625, 5.813], "texture": "#1"}
			}
		},
		{
			"from": [11.0121, 13.17038, 6.74496],
			"to": [11.34678, 14.21125, 9.25504],
			"rotation": {"angle": 0, "axis": "y", "origin": [21.05243, 4.61951, 23.47884]},
			"faces": {
				"north": {"uv": [6.313, 0.407, 11.625, 5.813], "texture": "#1"},
				"east": {"uv": [6.313, 0.407, 11.625, 5.813], "texture": "#1"},
				"south": {"uv": [6.313, 0.407, 11.625, 5.813], "texture": "#1"},
				"west": {"uv": [6.313, 0.407, 11.625, 5.813], "texture": "#1"},
				"up": {"uv": [6.313, 0.407, 11.625, 5.813], "texture": "#1"},
				"down": {"uv": [6.313, 0.407, 11.625, 5.813], "texture": "#1"}
			}
		},
		{
			"from": [6.74496, 13.17038, 10.92843],
			"to": [9.25504, 14.21125, 11.26311],
			"rotation": {"angle": 0, "axis": "y", "origin": [-7.47884, 4.61951, 20.96876]},
			"faces": {
				"north": {"uv": [6.313, 0.407, 11.625, 5.813], "rotation": 90, "texture": "#1"},
				"east": {"uv": [6.313, 0.407, 11.625, 5.813], "rotation": 90, "texture": "#1"},
				"south": {"uv": [6.313, 0.407, 11.625, 5.813], "rotation": 90, "texture": "#1"},
				"west": {"uv": [6.313, 0.407, 11.625, 5.813], "rotation": 90, "texture": "#1"},
				"up": {"uv": [6.313, 0.407, 11.625, 5.813], "rotation": 90, "texture": "#1"},
				"down": {"uv": [6.313, 0.407, 11.625, 5.813], "rotation": 90, "texture": "#1"}
			}
		},
		{
			"from": [6.74496, 13.17038, 4.73689],
			"to": [9.25504, 14.21125, 5.07157],
			"rotation": {"angle": 0, "axis": "y", "origin": [-7.47884, 4.61951, 14.77722]},
			"faces": {
				"north": {"uv": [6.313, 0.407, 11.625, 5.813], "rotation": 90, "texture": "#1"},
				"east": {"uv": [6.313, 0.407, 11.625, 5.813], "rotation": 90, "texture": "#1"},
				"south": {"uv": [6.313, 0.407, 11.625, 5.813], "rotation": 90, "texture": "#1"},
				"west": {"uv": [6.313, 0.407, 11.625, 5.813], "rotation": 90, "texture": "#1"},
				"up": {"uv": [6.313, 0.407, 11.625, 5.813], "rotation": 90, "texture": "#1"},
				"down": {"uv": [6.313, 0.407, 11.625, 5.813], "rotation": 90, "texture": "#1"}
			}
		},
		{
			"name": "cube6",
			"from": [4.9879, 14.22835, 6.87046],
			"to": [5.28911, 15.54013, 9.12954],
			"rotation": {"angle": 0, "axis": "y", "origin": [14.0242, 5.40756, 21.93096]},
			"faces": {
				"north": {"uv": [6.313, 0.407, 11.625, 5.813], "texture": "#1"},
				"east": {"uv": [6.313, 0.407, 11.625, 5.813], "texture": "#1"},
				"south": {"uv": [6.313, 0.407, 11.625, 5.813], "texture": "#1"},
				"west": {"uv": [6.313, 0.407, 11.625, 5.813], "texture": "#1"},
				"up": {"uv": [6.313, 0.407, 11.625, 5.813], "texture": "#1"},
				"down": {"uv": [6.313, 0.407, 11.625, 5.813], "texture": "#1"}
			}
		},
		{
			"from": [13.12057, 14.22835, -1.71402],
			"to": [13.42178, 15.54013, 0.84627],
			"rotation": {"angle": 45, "axis": "y", "origin": [22.15686, 5.40756, 13.49708]},
			"faces": {
				"north": {"uv": [6.313, 0.407, 11.625, 5.813], "texture": "#1"},
				"east": {"uv": [6.313, 0.407, 11.625, 5.813], "texture": "#1"},
				"south": {"uv": [6.313, 0.407, 11.625, 5.813], "texture": "#1"},
				"west": {"uv": [6.313, 0.407, 11.625, 5.813], "texture": "#1"},
				"up": {"uv": [6.313, 0.407, 11.625, 5.813], "texture": "#1"},
				"down": {"uv": [6.313, 0.407, 11.625, 5.813], "texture": "#1"}
			}
		},
		{
			"from": [2.57822, 14.22835, -1.71402],
			"to": [2.87943, 15.54013, 0.84627],
			"rotation": {"angle": -45, "axis": "y", "origin": [-6.15686, 5.40756, 13.49708]},
			"faces": {
				"north": {"uv": [6.313, 0.407, 11.625, 5.813], "texture": "#1"},
				"east": {"uv": [6.313, 0.407, 11.625, 5.813], "texture": "#1"},
				"south": {"uv": [6.313, 0.407, 11.625, 5.813], "texture": "#1"},
				"west": {"uv": [6.313, 0.407, 11.625, 5.813], "texture": "#1"},
				"up": {"uv": [6.313, 0.407, 11.625, 5.813], "texture": "#1"},
				"down": {"uv": [6.313, 0.407, 11.625, 5.813], "texture": "#1"}
			}
		},
		{
			"from": [2.57822, 14.22835, 15.15373],
			"to": [2.87943, 15.54013, 17.71402],
			"rotation": {"angle": 45, "axis": "y", "origin": [-6.15686, 5.40756, 2.50292]},
			"faces": {
				"north": {"uv": [6.313, 0.407, 11.625, 5.813], "texture": "#1"},
				"east": {"uv": [6.313, 0.407, 11.625, 5.813], "texture": "#1"},
				"south": {"uv": [6.313, 0.407, 11.625, 5.813], "texture": "#1"},
				"west": {"uv": [6.313, 0.407, 11.625, 5.813], "texture": "#1"},
				"up": {"uv": [6.313, 0.407, 11.625, 5.813], "texture": "#1"},
				"down": {"uv": [6.313, 0.407, 11.625, 5.813], "texture": "#1"}
			}
		},
		{
			"from": [13.12057, 14.22835, 15.15373],
			"to": [13.42178, 15.54013, 17.71402],
			"rotation": {"angle": -45, "axis": "y", "origin": [22.15686, 5.40756, 2.50292]},
			"faces": {
				"north": {"uv": [6.313, 0.407, 11.625, 5.813], "texture": "#1"},
				"east": {"uv": [6.313, 0.407, 11.625, 5.813], "texture": "#1"},
				"south": {"uv": [6.313, 0.407, 11.625, 5.813], "texture": "#1"},
				"west": {"uv": [6.313, 0.407, 11.625, 5.813], "texture": "#1"},
				"up": {"uv": [6.313, 0.407, 11.625, 5.813], "texture": "#1"},
				"down": {"uv": [6.313, 0.407, 11.625, 5.813], "texture": "#1"}
			}
		},
		{
			"from": [10.71089, 14.22835, 6.87046],
			"to": [11.0121, 15.54013, 9.12954],
			"rotation": {"angle": 0, "axis": "y", "origin": [19.74718, 5.40756, 21.93096]},
			"faces": {
				"north": {"uv": [6.313, 0.407, 11.625, 5.813], "texture": "#1"},
				"east": {"uv": [6.313, 0.407, 11.625, 5.813], "texture": "#1"},
				"south": {"uv": [6.313, 0.407, 11.625, 5.813], "texture": "#1"},
				"west": {"uv": [6.313, 0.407, 11.625, 5.813], "texture": "#1"},
				"up": {"uv": [6.313, 0.407, 11.625, 5.813], "texture": "#1"},
				"down": {"uv": [6.313, 0.407, 11.625, 5.813], "texture": "#1"}
			}
		},
		{
			"from": [6.87046, 14.22835, 10.63559],
			"to": [9.12954, 15.54013, 10.9368],
			"rotation": {"angle": 0, "axis": "y", "origin": [-5.93096, 5.40756, 19.67188]},
			"faces": {
				"north": {"uv": [6.313, 0.407, 11.625, 5.813], "rotation": 90, "texture": "#1"},
				"east": {"uv": [6.313, 0.407, 11.625, 5.813], "rotation": 90, "texture": "#1"},
				"south": {"uv": [6.313, 0.407, 11.625, 5.813], "rotation": 90, "texture": "#1"},
				"west": {"uv": [6.313, 0.407, 11.625, 5.813], "rotation": 90, "texture": "#1"},
				"up": {"uv": [6.313, 0.407, 11.625, 5.813], "rotation": 90, "texture": "#1"},
				"down": {"uv": [6.313, 0.407, 11.625, 5.813], "rotation": 90, "texture": "#1"}
			}
		},
		{
			"from": [6.87046, 14.22835, 5.0632],
			"to": [9.12954, 15.54013, 5.36441],
			"rotation": {"angle": 0, "axis": "y", "origin": [-5.93096, 5.40756, 14.0995]},
			"faces": {
				"north": {"uv": [6.313, 0.407, 11.625, 5.813], "rotation": 90, "texture": "#1"},
				"east": {"uv": [6.313, 0.407, 11.625, 5.813], "rotation": 90, "texture": "#1"},
				"south": {"uv": [6.313, 0.407, 11.625, 5.813], "rotation": 90, "texture": "#1"},
				"west": {"uv": [6.313, 0.407, 11.625, 5.813], "rotation": 90, "texture": "#1"},
				"up": {"uv": [6.313, 0.407, 11.625, 5.813], "rotation": 90, "texture": "#1"},
				"down": {"uv": [6.313, 0.407, 11.625, 5.813], "rotation": 90, "texture": "#1"}
			}
		},
		{
			"name": "cube3",
			"from": [3.958, 12.1623, 6.48425],
			"to": [4.3622, 12.734, 9.51575],
			"rotation": {"angle": 0, "axis": "y", "origin": [16.084, 2.9825, 26.69425]},
			"faces": {
				"north": {"uv": [6.313, 0.407, 11.625, 5.813], "texture": "#1"},
				"east": {"uv": [6.313, 0.407, 11.625, 5.813], "texture": "#1"},
				"south": {"uv": [6.313, 0.407, 11.625, 5.813], "texture": "#1"},
				"west": {"uv": [6.313, 0.407, 11.625, 5.813], "texture": "#1"},
				"up": {"uv": [6.313, 0.407, 11.625, 5.813], "texture": "#1"},
				"down": {"uv": [6.313, 0.407, 11.625, 5.813], "texture": "#1"}
			}
		},
		{
			"from": [14.8714, 12.1623, -5.03545],
			"to": [15.2756, 12.734, -1.59975],
			"rotation": {"angle": 45, "axis": "y", "origin": [26.9974, 2.9825, 15.37665]},
			"faces": {
				"north": {"uv": [6.313, 0.407, 11.625, 5.813], "texture": "#1"},
				"east": {"uv": [6.313, 0.407, 11.625, 5.813], "texture": "#1"},
				"south": {"uv": [6.313, 0.407, 11.625, 5.813], "texture": "#1"},
				"west": {"uv": [6.313, 0.407, 11.625, 5.813], "texture": "#1"},
				"up": {"uv": [6.313, 0.407, 11.625, 5.813], "texture": "#1"},
				"down": {"uv": [6.313, 0.407, 11.625, 5.813], "texture": "#1"}
			}
		},
		{
			"from": [0.7244, 12.1623, -5.03545],
			"to": [1.1286, 12.734, -1.59975],
			"rotation": {"angle": -45, "axis": "y", "origin": [-10.9974, 2.9825, 15.37665]},
			"faces": {
				"north": {"uv": [6.313, 0.407, 11.625, 5.813], "texture": "#1"},
				"east": {"uv": [6.313, 0.407, 11.625, 5.813], "texture": "#1"},
				"south": {"uv": [6.313, 0.407, 11.625, 5.813], "texture": "#1"},
				"west": {"uv": [6.313, 0.407, 11.625, 5.813], "texture": "#1"},
				"up": {"uv": [6.313, 0.407, 11.625, 5.813], "texture": "#1"},
				"down": {"uv": [6.313, 0.407, 11.625, 5.813], "texture": "#1"}
			}
		},
		{
			"from": [0.7244, 12.1623, 17.59975],
			"to": [1.1286, 12.734, 21.03545],
			"rotation": {"angle": 45, "axis": "y", "origin": [-10.9974, 2.9825, 0.62335]},
			"faces": {
				"north": {"uv": [6.313, 0.407, 11.625, 5.813], "texture": "#1"},
				"east": {"uv": [6.313, 0.407, 11.625, 5.813], "texture": "#1"},
				"south": {"uv": [6.313, 0.407, 11.625, 5.813], "texture": "#1"},
				"west": {"uv": [6.313, 0.407, 11.625, 5.813], "texture": "#1"},
				"up": {"uv": [6.313, 0.407, 11.625, 5.813], "texture": "#1"},
				"down": {"uv": [6.313, 0.407, 11.625, 5.813], "texture": "#1"}
			}
		},
		{
			"from": [14.8714, 12.1623, 17.59975],
			"to": [15.2756, 12.734, 21.03545],
			"rotation": {"angle": -45, "axis": "y", "origin": [26.9974, 2.9825, 0.62335]},
			"faces": {
				"north": {"uv": [6.313, 0.407, 11.625, 5.813], "texture": "#1"},
				"east": {"uv": [6.313, 0.407, 11.625, 5.813], "texture": "#1"},
				"south": {"uv": [6.313, 0.407, 11.625, 5.813], "texture": "#1"},
				"west": {"uv": [6.313, 0.407, 11.625, 5.813], "texture": "#1"},
				"up": {"uv": [6.313, 0.407, 11.625, 5.813], "texture": "#1"},
				"down": {"uv": [6.313, 0.407, 11.625, 5.813], "texture": "#1"}
			}
		},
		{
			"from": [11.6378, 12.1623, 6.48425],
			"to": [12.042, 12.734, 9.51575],
			"rotation": {"angle": 0, "axis": "y", "origin": [23.7638, 2.9825, 26.69425]},
			"faces": {
				"north": {"uv": [6.313, 0.407, 11.625, 5.813], "texture": "#1"},
				"east": {"uv": [6.313, 0.407, 11.625, 5.813], "texture": "#1"},
				"south": {"uv": [6.313, 0.407, 11.625, 5.813], "texture": "#1"},
				"west": {"uv": [6.313, 0.407, 11.625, 5.813], "texture": "#1"},
				"up": {"uv": [6.313, 0.407, 11.625, 5.813], "texture": "#1"},
				"down": {"uv": [6.313, 0.407, 11.625, 5.813], "texture": "#1"}
			}
		},
		{
			"from": [6.48425, 12.1623, 11.53675],
			"to": [9.51575, 12.734, 11.94095],
			"rotation": {"angle": 0, "axis": "y", "origin": [-10.69425, 2.9825, 23.66275]},
			"faces": {
				"north": {"uv": [6.313, 0.407, 11.625, 5.813], "rotation": 90, "texture": "#1"},
				"east": {"uv": [6.313, 0.407, 11.625, 5.813], "rotation": 90, "texture": "#1"},
				"south": {"uv": [6.313, 0.407, 11.625, 5.813], "rotation": 90, "texture": "#1"},
				"west": {"uv": [6.313, 0.407, 11.625, 5.813], "rotation": 90, "texture": "#1"},
				"up": {"uv": [6.313, 0.407, 11.625, 5.813], "rotation": 90, "texture": "#1"},
				"down": {"uv": [6.313, 0.407, 11.625, 5.813], "rotation": 90, "texture": "#1"}
			}
		},
		{
			"from": [6.48425, 12.1623, 4.05905],
			"to": [9.51575, 12.734, 4.46325],
			"rotation": {"angle": 0, "axis": "y", "origin": [-10.69425, 2.9825, 16.18505]},
			"faces": {
				"north": {"uv": [6.313, 0.407, 11.625, 5.813], "rotation": 90, "texture": "#1"},
				"east": {"uv": [6.313, 0.407, 11.625, 5.813], "rotation": 90, "texture": "#1"},
				"south": {"uv": [6.313, 0.407, 11.625, 5.813], "rotation": 90, "texture": "#1"},
				"west": {"uv": [6.313, 0.407, 11.625, 5.813], "rotation": 90, "texture": "#1"},
				"up": {"uv": [6.313, 0.407, 11.625, 5.813], "rotation": 90, "texture": "#1"},
				"down": {"uv": [6.313, 0.407, 11.625, 5.813], "rotation": 90, "texture": "#1"}
			}
		},
		{
			"name": "cube2",
			"from": [3.7, 10.545, 6.3875],
			"to": [4.13, 12.35, 9.6125],
			"rotation": {"angle": 0, "axis": "y", "origin": [16.6, 2.375, 27.8875]},
			"faces": {
				"north": {"uv": [6.313, 0.407, 11.625, 5.813], "texture": "#1"},
				"east": {"uv": [6.313, 0.407, 11.625, 5.813], "texture": "#1"},
				"south": {"uv": [6.313, 0.407, 11.625, 5.813], "texture": "#1"},
				"west": {"uv": [6.313, 0.407, 11.625, 5.813], "texture": "#1"},
				"up": {"uv": [6.313, 0.407, 11.625, 5.813], "texture": "#1"},
				"down": {"uv": [6.313, 0.407, 11.625, 5.813], "texture": "#1"}
			}
		},
		{
			"from": [15.31, 10.545, -5.8675],
			"to": [15.74, 12.35, -2.2125],
			"rotation": {"angle": 45, "axis": "y", "origin": [28.21, 2.375, 15.8475]},
			"faces": {
				"north": {"uv": [6.313, 0.407, 11.625, 5.813], "texture": "#1"},
				"east": {"uv": [6.313, 0.407, 11.625, 5.813], "texture": "#1"},
				"south": {"uv": [6.313, 0.407, 11.625, 5.813], "texture": "#1"},
				"west": {"uv": [6.313, 0.407, 11.625, 5.813], "texture": "#1"},
				"up": {"uv": [6.313, 0.407, 11.625, 5.813], "texture": "#1"},
				"down": {"uv": [6.313, 0.407, 11.625, 5.813], "texture": "#1"}
			}
		},
		{
			"from": [0.26, 10.545, -5.8675],
			"to": [0.69, 12.35, -2.2125],
			"rotation": {"angle": -45, "axis": "y", "origin": [-12.21, 2.375, 15.8475]},
			"faces": {
				"north": {"uv": [6.313, 0.407, 11.625, 5.813], "texture": "#1"},
				"east": {"uv": [6.313, 0.407, 11.625, 5.813], "texture": "#1"},
				"south": {"uv": [6.313, 0.407, 11.625, 5.813], "texture": "#1"},
				"west": {"uv": [6.313, 0.407, 11.625, 5.813], "texture": "#1"},
				"up": {"uv": [6.313, 0.407, 11.625, 5.813], "texture": "#1"},
				"down": {"uv": [6.313, 0.407, 11.625, 5.813], "texture": "#1"}
			}
		},
		{
			"from": [0.26, 10.545, 18.2125],
			"to": [0.69, 12.35, 21.8675],
			"rotation": {"angle": 45, "axis": "y", "origin": [-12.21, 2.375, 0.1525]},
			"faces": {
				"north": {"uv": [6.313, 0.407, 11.625, 5.813], "texture": "#1"},
				"east": {"uv": [6.313, 0.407, 11.625, 5.813], "texture": "#1"},
				"south": {"uv": [6.313, 0.407, 11.625, 5.813], "texture": "#1"},
				"west": {"uv": [6.313, 0.407, 11.625, 5.813], "texture": "#1"},
				"up": {"uv": [6.313, 0.407, 11.625, 5.813], "texture": "#1"},
				"down": {"uv": [6.313, 0.407, 11.625, 5.813], "texture": "#1"}
			}
		},
		{
			"from": [15.31, 10.545, 18.2125],
			"to": [15.74, 12.35, 21.8675],
			"rotation": {"angle": -45, "axis": "y", "origin": [28.21, 2.375, 0.1525]},
			"faces": {
				"north": {"uv": [6.313, 0.407, 11.625, 5.813], "texture": "#1"},
				"east": {"uv": [6.313, 0.407, 11.625, 5.813], "texture": "#1"},
				"south": {"uv": [6.313, 0.407, 11.625, 5.813], "texture": "#1"},
				"west": {"uv": [6.313, 0.407, 11.625, 5.813], "texture": "#1"},
				"up": {"uv": [6.313, 0.407, 11.625, 5.813], "texture": "#1"},
				"down": {"uv": [6.313, 0.407, 11.625, 5.813], "texture": "#1"}
			}
		},
		{
			"from": [11.87, 10.545, 6.3875],
			"to": [12.3, 12.35, 9.6125],
			"rotation": {"angle": 0, "axis": "y", "origin": [24.77, 2.375, 27.8875]},
			"faces": {
				"north": {"uv": [6.313, 0.407, 11.625, 5.813], "texture": "#1"},
				"east": {"uv": [6.313, 0.407, 11.625, 5.813], "texture": "#1"},
				"south": {"uv": [6.313, 0.407, 11.625, 5.813], "texture": "#1"},
				"west": {"uv": [6.313, 0.407, 11.625, 5.813], "texture": "#1"},
				"up": {"uv": [6.313, 0.407, 11.625, 5.813], "texture": "#1"},
				"down": {"uv": [6.313, 0.407, 11.625, 5.813], "texture": "#1"}
			}
		},
		{
			"from": [6.3875, 10.545, 11.7625],
			"to": [9.6125, 12.35, 12.1925],
			"rotation": {"angle": 0, "axis": "y", "origin": [-11.8875, 2.375, 24.6625]},
			"faces": {
				"north": {"uv": [6.313, 0.407, 11.625, 5.813], "rotation": 90, "texture": "#1"},
				"east": {"uv": [6.313, 0.407, 11.625, 5.813], "rotation": 90, "texture": "#1"},
				"south": {"uv": [6.313, 0.407, 11.625, 5.813], "rotation": 90, "texture": "#1"},
				"west": {"uv": [6.313, 0.407, 11.625, 5.813], "rotation": 90, "texture": "#1"},
				"up": {"uv": [6.313, 0.407, 11.625, 5.813], "rotation": 90, "texture": "#1"},
				"down": {"uv": [6.313, 0.407, 11.625, 5.813], "rotation": 90, "texture": "#1"}
			}
		},
		{
			"from": [6.3875, 10.545, 3.8075],
			"to": [9.6125, 12.35, 4.2375],
			"rotation": {"angle": 0, "axis": "y", "origin": [-11.8875, 2.375, 16.7075]},
			"faces": {
				"north": {"uv": [6.313, 0.407, 11.625, 5.813], "rotation": 90, "texture": "#1"},
				"east": {"uv": [6.313, 0.407, 11.625, 5.813], "rotation": 90, "texture": "#1"},
				"south": {"uv": [6.313, 0.407, 11.625, 5.813], "rotation": 90, "texture": "#1"},
				"west": {"uv": [6.313, 0.407, 11.625, 5.813], "rotation": 90, "texture": "#1"},
				"up": {"uv": [6.313, 0.407, 11.625, 5.813], "rotation": 90, "texture": "#1"},
				"down": {"uv": [6.313, 0.407, 11.625, 5.813], "rotation": 90, "texture": "#1"}
			}
		},
		{
			"from": [5.25, -0.125, 5.0625],
			"to": [10.75, 0.625, 10.9375],
			"rotation": {"angle": 0, "axis": "y", "origin": [14.25, 7.875, 17.9375]},
			"faces": {
				"north": {"uv": [0.25, 6.407, 5.562, 11.812], "texture": "#1"},
				"east": {"uv": [0.25, 6.407, 5.562, 11.812], "texture": "#1"},
				"south": {"uv": [0.25, 6.407, 5.562, 11.812], "texture": "#1"},
				"west": {"uv": [0.25, 6.407, 5.562, 11.812], "texture": "#1"},
				"up": {"uv": [0.25, 6.407, 5.562, 11.812], "texture": "#1"},
				"down": {"uv": [0.25, 6.407, 5.562, 11.812], "texture": "#1"}
			}
		},
		{
			"from": [7.4375, -0.125, 7.5],
			"to": [8.5625, 12.875, 8.5],
			"rotation": {"angle": 0, "axis": "y", "origin": [15.4375, 7.875, 15.5]},
			"faces": {
				"north": {"uv": [0.25, 6.407, 5.562, 11.812], "texture": "#1"},
				"east": {"uv": [0.25, 6.407, 5.562, 11.812], "texture": "#1"},
				"south": {"uv": [0.25, 6.407, 5.562, 11.812], "texture": "#1"},
				"west": {"uv": [0.25, 6.407, 5.562, 11.812], "texture": "#1"},
				"up": {"uv": [0.25, 6.407, 5.562, 11.812], "texture": "#1"},
				"down": {"uv": [0.25, 6.407, 5.562, 11.812], "texture": "#1"}
			}
		},
		{
			"from": [7.9375, 15.875, 5.5],
			"to": [8.1875, 16.125, 10.5],
			"rotation": {"angle": 0, "axis": "y", "origin": [15.4375, 11.125, 19.625]},
			"faces": {
				"north": {"uv": [0.25, 6.407, 5.562, 11.812], "texture": "#1"},
				"east": {"uv": [0.25, 6.407, 5.562, 11.812], "texture": "#1"},
				"south": {"uv": [0.25, 6.407, 5.562, 11.812], "texture": "#1"},
				"west": {"uv": [0.25, 6.407, 5.562, 11.812], "texture": "#1"},
				"up": {"uv": [0.25, 6.407, 5.562, 11.812], "texture": "#1"},
				"down": {"uv": [0.25, 6.407, 5.562, 11.812], "texture": "#1"}
			}
		},
		{
			"from": [5.5, 15.875, 7.0625],
			"to": [5.75, 16.125, 8.9375],
			"rotation": {"angle": 0, "axis": "y", "origin": [13, 11.125, 19.5625]},
			"faces": {
				"north": {"uv": [0.25, 6.407, 5.562, 11.812], "texture": "#1"},
				"east": {"uv": [0.25, 6.407, 5.562, 11.812], "texture": "#1"},
				"south": {"uv": [0.25, 6.407, 5.562, 11.812], "texture": "#1"},
				"west": {"uv": [0.25, 6.407, 5.562, 11.812], "texture": "#1"},
				"up": {"uv": [0.25, 6.407, 5.562, 11.812], "texture": "#1"},
				"down": {"uv": [0.25, 6.407, 5.562, 11.812], "texture": "#1"}
			}
		},
		{
			"from": [12.25, 15.875, -0.0625],
			"to": [12.5, 16.125, 2.0625],
			"rotation": {"angle": 45, "axis": "y", "origin": [19.75, 11.125, 12.5625]},
			"faces": {
				"north": {"uv": [0.25, 6.407, 5.562, 11.812], "texture": "#1"},
				"east": {"uv": [0.25, 6.407, 5.562, 11.812], "texture": "#1"},
				"south": {"uv": [0.25, 6.407, 5.562, 11.812], "texture": "#1"},
				"west": {"uv": [0.25, 6.407, 5.562, 11.812], "texture": "#1"},
				"up": {"uv": [0.25, 6.407, 5.562, 11.812], "texture": "#1"},
				"down": {"uv": [0.25, 6.407, 5.562, 11.812], "texture": "#1"}
			}
		},
		{
			"from": [3.5, 15.875, -0.0625],
			"to": [3.75, 16.125, 2.0625],
			"rotation": {"angle": -45, "axis": "y", "origin": [-3.75, 11.125, 12.5625]},
			"faces": {
				"north": {"uv": [0.25, 6.407, 5.562, 11.812], "texture": "#1"},
				"east": {"uv": [0.25, 6.407, 5.562, 11.812], "texture": "#1"},
				"south": {"uv": [0.25, 6.407, 5.562, 11.812], "texture": "#1"},
				"west": {"uv": [0.25, 6.407, 5.562, 11.812], "texture": "#1"},
				"up": {"uv": [0.25, 6.407, 5.562, 11.812], "texture": "#1"},
				"down": {"uv": [0.25, 6.407, 5.562, 11.812], "texture": "#1"}
			}
		},
		{
			"from": [3.5, 15.875, 13.9375],
			"to": [3.75, 16.125, 16.0625],
			"rotation": {"angle": 45, "axis": "y", "origin": [-3.75, 11.125, 3.4375]},
			"faces": {
				"north": {"uv": [0.25, 6.407, 5.562, 11.812], "texture": "#1"},
				"east": {"uv": [0.25, 6.407, 5.562, 11.812], "texture": "#1"},
				"south": {"uv": [0.25, 6.407, 5.562, 11.812], "texture": "#1"},
				"west": {"uv": [0.25, 6.407, 5.562, 11.812], "texture": "#1"},
				"up": {"uv": [0.25, 6.407, 5.562, 11.812], "texture": "#1"},
				"down": {"uv": [0.25, 6.407, 5.562, 11.812], "texture": "#1"}
			}
		},
		{
			"from": [12.25, 15.875, 13.9375],
			"to": [12.5, 16.125, 16.0625],
			"rotation": {"angle": -45, "axis": "y", "origin": [19.75, 11.125, 3.4375]},
			"faces": {
				"north": {"uv": [0.25, 6.407, 5.562, 11.812], "texture": "#1"},
				"east": {"uv": [0.25, 6.407, 5.562, 11.812], "texture": "#1"},
				"south": {"uv": [0.25, 6.407, 5.562, 11.812], "texture": "#1"},
				"west": {"uv": [0.25, 6.407, 5.562, 11.812], "texture": "#1"},
				"up": {"uv": [0.25, 6.407, 5.562, 11.812], "texture": "#1"},
				"down": {"uv": [0.25, 6.407, 5.562, 11.812], "texture": "#1"}
			}
		},
		{
			"from": [10.25, 15.875, 7.0625],
			"to": [10.5, 16.125, 8.9375],
			"rotation": {"angle": 0, "axis": "y", "origin": [17.75, 11.125, 19.5625]},
			"faces": {
				"north": {"uv": [0.25, 6.407, 5.562, 11.812], "texture": "#1"},
				"east": {"uv": [0.25, 6.407, 5.562, 11.812], "texture": "#1"},
				"south": {"uv": [0.25, 6.407, 5.562, 11.812], "texture": "#1"},
				"west": {"uv": [0.25, 6.407, 5.562, 11.812], "texture": "#1"},
				"up": {"uv": [0.25, 6.407, 5.562, 11.812], "texture": "#1"},
				"down": {"uv": [0.25, 6.407, 5.562, 11.812], "texture": "#1"}
			}
		},
		{
			"from": [7.0625, 15.875, 10.1875],
			"to": [8.9375, 16.125, 10.4375],
			"rotation": {"angle": 0, "axis": "y", "origin": [-3.5625, 11.125, 17.6875]},
			"faces": {
				"north": {"uv": [0.25, 6.407, 5.562, 11.812], "rotation": 90, "texture": "#1"},
				"east": {"uv": [0.25, 6.407, 5.562, 11.812], "rotation": 90, "texture": "#1"},
				"south": {"uv": [0.25, 6.407, 5.562, 11.812], "rotation": 90, "texture": "#1"},
				"west": {"uv": [0.25, 6.407, 5.562, 11.812], "rotation": 90, "texture": "#1"},
				"up": {"uv": [0.25, 6.407, 5.562, 11.812], "rotation": 90, "texture": "#1"},
				"down": {"uv": [0.25, 6.407, 5.562, 11.812], "rotation": 90, "texture": "#1"}
			}
		},
		{
			"from": [7.0625, 15.875, 5.5625],
			"to": [8.9375, 16.125, 5.8125],
			"rotation": {"angle": 0, "axis": "y", "origin": [-3.5625, 11.125, 13.0625]},
			"faces": {
				"north": {"uv": [0.25, 6.407, 5.562, 11.812], "rotation": 90, "texture": "#1"},
				"east": {"uv": [0.25, 6.407, 5.562, 11.812], "rotation": 90, "texture": "#1"},
				"south": {"uv": [0.25, 6.407, 5.562, 11.812], "rotation": 90, "texture": "#1"},
				"west": {"uv": [0.25, 6.407, 5.562, 11.812], "rotation": 90, "texture": "#1"},
				"up": {"uv": [0.25, 6.407, 5.562, 11.812], "rotation": 90, "texture": "#1"},
				"down": {"uv": [0.25, 6.407, 5.562, 11.812], "rotation": 90, "texture": "#1"}
			}
		},
		{
			"from": [5.5, 15.875, 7.875],
			"to": [10.5, 16.125, 8.125],
			"rotation": {"angle": 0, "axis": "y", "origin": [-3.625, 11.125, 15.375]},
			"faces": {
				"north": {"uv": [0.25, 6.407, 5.562, 11.812], "rotation": 90, "texture": "#1"},
				"east": {"uv": [0.25, 6.407, 5.562, 11.812], "rotation": 90, "texture": "#1"},
				"south": {"uv": [0.25, 6.407, 5.562, 11.812], "rotation": 90, "texture": "#1"},
				"west": {"uv": [0.25, 6.407, 5.562, 11.812], "rotation": 90, "texture": "#1"},
				"up": {"uv": [0.25, 6.407, 5.562, 11.812], "rotation": 90, "texture": "#1"},
				"down": {"uv": [0.25, 6.407, 5.562, 11.812], "rotation": 90, "texture": "#1"}
			}
		},
		{
			"from": [6.555, 11.07, 7.875],
			"to": [7.555, 11.32, 8.125],
			"rotation": {"angle": 0, "axis": "z", "origin": [15.4375, 1.75, 15.5]},
			"faces": {
				"north": {"uv": [0.25, 6.407, 5.562, 11.812], "texture": "#1"},
				"east": {"uv": [0.25, 6.407, 5.562, 11.812], "texture": "#1"},
				"south": {"uv": [0.25, 6.407, 5.562, 11.812], "texture": "#1"},
				"west": {"uv": [0.25, 6.407, 5.562, 11.812], "texture": "#1"},
				"up": {"uv": [0.25, 6.407, 5.562, 11.812], "texture": "#1"},
				"down": {"uv": [0.25, 6.407, 5.562, 11.812], "texture": "#1"}
			}
		},
		{
			"from": [8.89, -1.59, 7.875],
			"to": [9.14, -1.09, 8.125],
			"rotation": {"angle": -22.5, "axis": "z", "origin": [17.6875, 5, 15.5]},
			"faces": {
				"north": {"uv": [0.25, 6.407, 5.562, 11.812], "texture": "#1"},
				"east": {"uv": [0.25, 6.407, 5.562, 11.812], "texture": "#1"},
				"south": {"uv": [0.25, 6.407, 5.562, 11.812], "texture": "#1"},
				"west": {"uv": [0.25, 6.407, 5.562, 11.812], "texture": "#1"},
				"up": {"uv": [0.25, 6.407, 5.562, 11.812], "texture": "#1"},
				"down": {"uv": [0.25, 6.407, 5.562, 11.812], "texture": "#1"}
			}
		},
		{
			"from": [5.7, 6.695, 7.875],
			"to": [5.95, 7.82, 8.125],
			"rotation": {"angle": 0, "axis": "z", "origin": [14.5625, -2.375, 15.5]},
			"faces": {
				"north": {"uv": [0.25, 6.407, 5.562, 11.812], "texture": "#1"},
				"east": {"uv": [0.25, 6.407, 5.562, 11.812], "texture": "#1"},
				"south": {"uv": [0.25, 6.407, 5.562, 11.812], "texture": "#1"},
				"west": {"uv": [0.25, 6.407, 5.562, 11.812], "texture": "#1"},
				"up": {"uv": [0.25, 6.407, 5.562, 11.812], "texture": "#1"},
				"down": {"uv": [0.25, 6.407, 5.562, 11.812], "texture": "#1"}
			}
		},
		{
			"from": [2.85, 7.225, 7.875],
			"to": [3.1, 7.725, 8.125],
			"rotation": {"angle": -22.5, "axis": "z", "origin": [11.6875, -2, 15.5]},
			"faces": {
				"north": {"uv": [0.25, 6.407, 5.562, 11.812], "texture": "#1"},
				"east": {"uv": [0.25, 6.407, 5.562, 11.812], "texture": "#1"},
				"south": {"uv": [0.25, 6.407, 5.562, 11.812], "texture": "#1"},
				"west": {"uv": [0.25, 6.407, 5.562, 11.812], "texture": "#1"},
				"up": {"uv": [0.25, 6.407, 5.562, 11.812], "texture": "#1"},
				"down": {"uv": [0.25, 6.407, 5.562, 11.812], "texture": "#1"}
			}
		},
		{
			"from": [4.28, -6.015, 7.875],
			"to": [4.53, -5.64, 8.125],
			"rotation": {"angle": 45, "axis": "z", "origin": [-4.1875, 0.625, 15.5]},
			"faces": {
				"north": {"uv": [0.25, 6.407, 5.562, 11.812], "texture": "#1"},
				"east": {"uv": [0.25, 6.407, 5.562, 11.812], "texture": "#1"},
				"south": {"uv": [0.25, 6.407, 5.562, 11.812], "texture": "#1"},
				"west": {"uv": [0.25, 6.407, 5.562, 11.812], "texture": "#1"},
				"up": {"uv": [0.25, 6.407, 5.562, 11.812], "texture": "#1"},
				"down": {"uv": [0.25, 6.407, 5.562, 11.812], "texture": "#1"}
			}
		},
		{
			"from": [8.89, 6.84, 7.875],
			"to": [9.14, 10.84, 8.125],
			"rotation": {"angle": 22.5, "axis": "z", "origin": [17.6875, 0.75, 15.5]},
			"faces": {
				"north": {"uv": [0.25, 6.407, 5.562, 11.812], "texture": "#1"},
				"east": {"uv": [0.25, 6.407, 5.562, 11.812], "texture": "#1"},
				"south": {"uv": [0.25, 6.407, 5.562, 11.812], "texture": "#1"},
				"west": {"uv": [0.25, 6.407, 5.562, 11.812], "texture": "#1"},
				"up": {"uv": [0.25, 6.407, 5.562, 11.812], "texture": "#1"},
				"down": {"uv": [0.25, 6.407, 5.562, 11.812], "texture": "#1"}
			}
		},
		{
			"from": [7.2, 2.66, 7.875],
			"to": [7.45, 3.16, 8.125],
			"rotation": {"angle": 0, "axis": "z", "origin": [15.9375, 9.25, 15.5]},
			"faces": {
				"north": {"uv": [0.25, 6.407, 5.562, 11.812], "texture": "#1"},
				"east": {"uv": [0.25, 6.407, 5.562, 11.812], "texture": "#1"},
				"south": {"uv": [0.25, 6.407, 5.562, 11.812], "texture": "#1"},
				"west": {"uv": [0.25, 6.407, 5.562, 11.812], "texture": "#1"},
				"up": {"uv": [0.25, 6.407, 5.562, 11.812], "texture": "#1"},
				"down": {"uv": [0.25, 6.407, 5.562, 11.812], "texture": "#1"}
			}
		},
		{
			"from": [4.49, 6.5, 7.875],
			"to": [4.74, 6.875, 8.125],
			"rotation": {"angle": -22.5, "axis": "z", "origin": [-4.1875, 0.5, 15.5]},
			"faces": {
				"north": {"uv": [0.25, 6.407, 5.562, 11.812], "texture": "#1"},
				"east": {"uv": [0.25, 6.407, 5.562, 11.812], "texture": "#1"},
				"south": {"uv": [0.25, 6.407, 5.562, 11.812], "texture": "#1"},
				"west": {"uv": [0.25, 6.407, 5.562, 11.812], "texture": "#1"},
				"up": {"uv": [0.25, 6.407, 5.562, 11.812], "texture": "#1"},
				"down": {"uv": [0.25, 6.407, 5.562, 11.812], "texture": "#1"}
			}
		},
		{
			"from": [6.5, 1.925, 7.875],
			"to": [7, 2.175, 8.125],
			"rotation": {"angle": 0, "axis": "z", "origin": [13.1875, -6.5, 15.5]},
			"faces": {
				"north": {"uv": [0.25, 6.407, 5.562, 11.812], "rotation": 90, "texture": "#1"},
				"east": {"uv": [0.25, 6.407, 5.562, 11.812], "rotation": 90, "texture": "#1"},
				"south": {"uv": [0.25, 6.407, 5.562, 11.812], "rotation": 90, "texture": "#1"},
				"west": {"uv": [0.25, 6.407, 5.562, 11.812], "rotation": 90, "texture": "#1"},
				"up": {"uv": [0.25, 6.407, 5.562, 11.812], "rotation": 90, "texture": "#1"},
				"down": {"uv": [0.25, 6.407, 5.562, 11.812], "rotation": 90, "texture": "#1"}
			}
		},
		{
			"from": [8.97, -6.015, 7.875],
			"to": [9.22, -5.64, 8.125],
			"rotation": {"angle": -45, "axis": "z", "origin": [17.6875, 0.625, 15.5]},
			"faces": {
				"north": {"uv": [0.25, 6.407, 5.562, 11.812], "texture": "#1"},
				"east": {"uv": [0.25, 6.407, 5.562, 11.812], "texture": "#1"},
				"south": {"uv": [0.25, 6.407, 5.562, 11.812], "texture": "#1"},
				"west": {"uv": [0.25, 6.407, 5.562, 11.812], "texture": "#1"},
				"up": {"uv": [0.25, 6.407, 5.562, 11.812], "texture": "#1"},
				"down": {"uv": [0.25, 6.407, 5.562, 11.812], "texture": "#1"}
			}
		},
		{
			"from": [6.12, 2.465, 7.875],
			"to": [6.37, 2.715, 8.125],
			"rotation": {"angle": 0, "axis": "z", "origin": [-2.5625, 9.25, 15.5]},
			"faces": {
				"north": {"uv": [0.25, 6.407, 5.562, 11.812], "texture": "#1"},
				"east": {"uv": [0.25, 6.407, 5.562, 11.812], "texture": "#1"},
				"south": {"uv": [0.25, 6.407, 5.562, 11.812], "texture": "#1"},
				"west": {"uv": [0.25, 6.407, 5.562, 11.812], "texture": "#1"},
				"up": {"uv": [0.25, 6.407, 5.562, 11.812], "texture": "#1"},
				"down": {"uv": [0.25, 6.407, 5.562, 11.812], "texture": "#1"}
			}
		},
		{
			"from": [6.555, 10.82, 7.875],
			"to": [6.805, 11.32, 8.125],
			"rotation": {"angle": 0, "axis": "z", "origin": [15.4375, 1.75, 15.5]},
			"faces": {
				"north": {"uv": [0.25, 6.407, 5.562, 11.812], "texture": "#1"},
				"east": {"uv": [0.25, 6.407, 5.562, 11.812], "texture": "#1"},
				"south": {"uv": [0.25, 6.407, 5.562, 11.812], "texture": "#1"},
				"west": {"uv": [0.25, 6.407, 5.562, 11.812], "texture": "#1"},
				"up": {"uv": [0.25, 6.407, 5.562, 11.812], "texture": "#1"},
				"down": {"uv": [0.25, 6.407, 5.562, 11.812], "texture": "#1"}
			}
		},
		{
			"from": [11.055, 19.07, 7.875],
			"to": [11.305, 20.07, 8.125],
			"rotation": {"angle": 45, "axis": "z", "origin": [19.9375, 10, 15.5]},
			"faces": {
				"north": {"uv": [0.25, 6.407, 5.562, 11.812], "texture": "#1"},
				"east": {"uv": [0.25, 6.407, 5.562, 11.812], "texture": "#1"},
				"south": {"uv": [0.25, 6.407, 5.562, 11.812], "texture": "#1"},
				"west": {"uv": [0.25, 6.407, 5.562, 11.812], "texture": "#1"},
				"up": {"uv": [0.25, 6.407, 5.562, 11.812], "texture": "#1"},
				"down": {"uv": [0.25, 6.407, 5.562, 11.812], "texture": "#1"}
			}
		},
		{
			"from": [4.37, -1.625, 7.875],
			"to": [4.62, -1.25, 8.125],
			"rotation": {"angle": 22.5, "axis": "z", "origin": [-4.1875, 5, 15.5]},
			"faces": {
				"north": {"uv": [0.25, 6.407, 5.562, 11.812], "texture": "#1"},
				"east": {"uv": [0.25, 6.407, 5.562, 11.812], "texture": "#1"},
				"south": {"uv": [0.25, 6.407, 5.562, 11.812], "texture": "#1"},
				"west": {"uv": [0.25, 6.407, 5.562, 11.812], "texture": "#1"},
				"up": {"uv": [0.25, 6.407, 5.562, 11.812], "texture": "#1"},
				"down": {"uv": [0.25, 6.407, 5.562, 11.812], "texture": "#1"}
			}
		},
		{
			"from": [1.55, 5.07, 7.875],
			"to": [1.8, 6.695, 8.125],
			"rotation": {"angle": -22.5, "axis": "z", "origin": [10.4375, -4, 15.5]},
			"faces": {
				"north": {"uv": [0.25, 6.407, 5.562, 11.812], "texture": "#1"},
				"east": {"uv": [0.25, 6.407, 5.562, 11.812], "texture": "#1"},
				"south": {"uv": [0.25, 6.407, 5.562, 11.812], "texture": "#1"},
				"west": {"uv": [0.25, 6.407, 5.562, 11.812], "texture": "#1"},
				"up": {"uv": [0.25, 6.407, 5.562, 11.812], "texture": "#1"},
				"down": {"uv": [0.25, 6.407, 5.562, 11.812], "texture": "#1"}
			}
		},
		{
			"from": [-2.67, 5.685, 7.875],
			"to": [-2.42, 6.81, 8.125],
			"rotation": {"angle": -45, "axis": "z", "origin": [6.1875, -3.375, 15.5]},
			"faces": {
				"north": {"uv": [0.25, 6.407, 5.562, 11.812], "texture": "#1"},
				"east": {"uv": [0.25, 6.407, 5.562, 11.812], "texture": "#1"},
				"south": {"uv": [0.25, 6.407, 5.562, 11.812], "texture": "#1"},
				"west": {"uv": [0.25, 6.407, 5.562, 11.812], "texture": "#1"},
				"up": {"uv": [0.25, 6.407, 5.562, 11.812], "texture": "#1"},
				"down": {"uv": [0.25, 6.407, 5.562, 11.812], "texture": "#1"}
			}
		},
		{
			"from": [7.9375, 11.07, 6.44219],
			"to": [8.1875, 11.32, 7.56719],
			"rotation": {"angle": 0, "axis": "z", "origin": [0.5625, 1.75, 15.32469]},
			"faces": {
				"north": {"uv": [0.25, 6.407, 5.562, 11.812], "rotation": 90, "texture": "#1"},
				"east": {"uv": [0.25, 6.407, 5.562, 11.812], "rotation": 90, "texture": "#1"},
				"south": {"uv": [0.25, 6.407, 5.562, 11.812], "rotation": 90, "texture": "#1"},
				"west": {"uv": [0.25, 6.407, 5.562, 11.812], "rotation": 90, "texture": "#1"},
				"up": {"uv": [0.25, 6.407, 5.562, 11.812], "rotation": 90, "texture": "#1"},
				"down": {"uv": [0.25, 6.407, 5.562, 11.812], "rotation": 90, "texture": "#1"}
			}
		},
		{
			"from": [7.9375, -1.59, 8.77719],
			"to": [8.1875, -1.09, 9.02719],
			"rotation": {"angle": 22.5, "axis": "x", "origin": [0.5625, 5, 17.57469]},
			"faces": {
				"north": {"uv": [0.25, 6.407, 5.562, 11.812], "rotation": 90, "texture": "#1"},
				"east": {"uv": [0.25, 6.407, 5.562, 11.812], "rotation": 90, "texture": "#1"},
				"south": {"uv": [0.25, 6.407, 5.562, 11.812], "rotation": 90, "texture": "#1"},
				"west": {"uv": [0.25, 6.407, 5.562, 11.812], "rotation": 90, "texture": "#1"},
				"up": {"uv": [0.25, 6.407, 5.562, 11.812], "rotation": 90, "texture": "#1"},
				"down": {"uv": [0.25, 6.407, 5.562, 11.812], "rotation": 90, "texture": "#1"}
			}
		},
		{
			"from": [7.9375, 6.695, 5.58719],
			"to": [8.1875, 7.82, 5.83719],
			"rotation": {"angle": 0, "axis": "z", "origin": [0.5625, -2.375, 14.44969]},
			"faces": {
				"north": {"uv": [0.25, 6.407, 5.562, 11.812], "rotation": 90, "texture": "#1"},
				"east": {"uv": [0.25, 6.407, 5.562, 11.812], "rotation": 90, "texture": "#1"},
				"south": {"uv": [0.25, 6.407, 5.562, 11.812], "rotation": 90, "texture": "#1"},
				"west": {"uv": [0.25, 6.407, 5.562, 11.812], "rotation": 90, "texture": "#1"},
				"up": {"uv": [0.25, 6.407, 5.562, 11.812], "rotation": 90, "texture": "#1"},
				"down": {"uv": [0.25, 6.407, 5.562, 11.812], "rotation": 90, "texture": "#1"}
			}
		},
		{
			"from": [7.9375, 7.225, 2.73719],
			"to": [8.1875, 7.725, 2.98719],
			"rotation": {"angle": 22.5, "axis": "x", "origin": [0.5625, -2, 11.57469]},
			"faces": {
				"north": {"uv": [0.25, 6.407, 5.562, 11.812], "rotation": 90, "texture": "#1"},
				"east": {"uv": [0.25, 6.407, 5.562, 11.812], "rotation": 90, "texture": "#1"},
				"south": {"uv": [0.25, 6.407, 5.562, 11.812], "rotation": 90, "texture": "#1"},
				"west": {"uv": [0.25, 6.407, 5.562, 11.812], "rotation": 90, "texture": "#1"},
				"up": {"uv": [0.25, 6.407, 5.562, 11.812], "rotation": 90, "texture": "#1"},
				"down": {"uv": [0.25, 6.407, 5.562, 11.812], "rotation": 90, "texture": "#1"}
			}
		},
		{
			"from": [7.9375, -6.015, 4.16719],
			"to": [8.1875, -5.64, 4.41719],
			"rotation": {"angle": -45, "axis": "x", "origin": [0.5625, 0.625, -4.30031]},
			"faces": {
				"north": {"uv": [0.25, 6.407, 5.562, 11.812], "rotation": 90, "texture": "#1"},
				"east": {"uv": [0.25, 6.407, 5.562, 11.812], "rotation": 90, "texture": "#1"},
				"south": {"uv": [0.25, 6.407, 5.562, 11.812], "rotation": 90, "texture": "#1"},
				"west": {"uv": [0.25, 6.407, 5.562, 11.812], "rotation": 90, "texture": "#1"},
				"up": {"uv": [0.25, 6.407, 5.562, 11.812], "rotation": 90, "texture": "#1"},
				"down": {"uv": [0.25, 6.407, 5.562, 11.812], "rotation": 90, "texture": "#1"}
			}
		},
		{
			"from": [7.9375, 6.84, 8.77719],
			"to": [8.1875, 10.84, 9.02719],
			"rotation": {"angle": -22.5, "axis": "x", "origin": [0.5625, 0.75, 17.57469]},
			"faces": {
				"north": {"uv": [0.25, 6.407, 5.562, 11.812], "rotation": 90, "texture": "#1"},
				"east": {"uv": [0.25, 6.407, 5.562, 11.812], "rotation": 90, "texture": "#1"},
				"south": {"uv": [0.25, 6.407, 5.562, 11.812], "rotation": 90, "texture": "#1"},
				"west": {"uv": [0.25, 6.407, 5.562, 11.812], "rotation": 90, "texture": "#1"},
				"up": {"uv": [0.25, 6.407, 5.562, 11.812], "rotation": 90, "texture": "#1"},
				"down": {"uv": [0.25, 6.407, 5.562, 11.812], "rotation": 90, "texture": "#1"}
			}
		},
		{
			"from": [7.9375, 2.66, 7.08719],
			"to": [8.1875, 3.16, 7.33719],
			"rotation": {"angle": 0, "axis": "z", "origin": [0.5625, 9.25, 15.82469]},
			"faces": {
				"north": {"uv": [0.25, 6.407, 5.562, 11.812], "rotation": 90, "texture": "#1"},
				"east": {"uv": [0.25, 6.407, 5.562, 11.812], "rotation": 90, "texture": "#1"},
				"south": {"uv": [0.25, 6.407, 5.562, 11.812], "rotation": 90, "texture": "#1"},
				"west": {"uv": [0.25, 6.407, 5.562, 11.812], "rotation": 90, "texture": "#1"},
				"up": {"uv": [0.25, 6.407, 5.562, 11.812], "rotation": 90, "texture": "#1"},
				"down": {"uv": [0.25, 6.407, 5.562, 11.812], "rotation": 90, "texture": "#1"}
			}
		},
		{
			"from": [7.9375, 6.5, 4.37719],
			"to": [8.1875, 6.875, 4.62719],
			"rotation": {"angle": 22.5, "axis": "x", "origin": [0.5625, 0.5, -4.30031]},
			"faces": {
				"north": {"uv": [0.25, 6.407, 5.562, 11.812], "rotation": 90, "texture": "#1"},
				"east": {"uv": [0.25, 6.407, 5.562, 11.812], "rotation": 90, "texture": "#1"},
				"south": {"uv": [0.25, 6.407, 5.562, 11.812], "rotation": 90, "texture": "#1"},
				"west": {"uv": [0.25, 6.407, 5.562, 11.812], "rotation": 90, "texture": "#1"},
				"up": {"uv": [0.25, 6.407, 5.562, 11.812], "rotation": 90, "texture": "#1"},
				"down": {"uv": [0.25, 6.407, 5.562, 11.812], "rotation": 90, "texture": "#1"}
			}
		},
		{
			"from": [7.9375, 1.925, 6.38719],
			"to": [8.1875, 2.175, 6.88719],
			"rotation": {"angle": 0, "axis": "z", "origin": [0.5625, -6.5, 13.07469]},
			"faces": {
				"north": {"uv": [0.25, 6.407, 5.562, 11.812], "rotation": 180, "texture": "#1"},
				"east": {"uv": [0.25, 6.407, 5.562, 11.812], "rotation": 180, "texture": "#1"},
				"south": {"uv": [0.25, 6.407, 5.562, 11.812], "rotation": 180, "texture": "#1"},
				"west": {"uv": [0.25, 6.407, 5.562, 11.812], "rotation": 180, "texture": "#1"},
				"up": {"uv": [0.25, 6.407, 5.562, 11.812], "rotation": 180, "texture": "#1"},
				"down": {"uv": [0.25, 6.407, 5.562, 11.812], "rotation": 180, "texture": "#1"}
			}
		},
		{
			"from": [7.9375, -6.015, 8.85719],
			"to": [8.1875, -5.64, 9.10719],
			"rotation": {"angle": 45, "axis": "x", "origin": [0.5625, 0.625, 17.57469]},
			"faces": {
				"north": {"uv": [0.25, 6.407, 5.562, 11.812], "rotation": 90, "texture": "#1"},
				"east": {"uv": [0.25, 6.407, 5.562, 11.812], "rotation": 90, "texture": "#1"},
				"south": {"uv": [0.25, 6.407, 5.562, 11.812], "rotation": 90, "texture": "#1"},
				"west": {"uv": [0.25, 6.407, 5.562, 11.812], "rotation": 90, "texture": "#1"},
				"up": {"uv": [0.25, 6.407, 5.562, 11.812], "rotation": 90, "texture": "#1"},
				"down": {"uv": [0.25, 6.407, 5.562, 11.812], "rotation": 90, "texture": "#1"}
			}
		},
		{
			"from": [7.9375, 2.465, 6.00719],
			"to": [8.1875, 2.715, 6.25719],
			"rotation": {"angle": 0, "axis": "z", "origin": [0.5625, 9.25, -2.67531]},
			"faces": {
				"north": {"uv": [0.25, 6.407, 5.562, 11.812], "rotation": 90, "texture": "#1"},
				"east": {"uv": [0.25, 6.407, 5.562, 11.812], "rotation": 90, "texture": "#1"},
				"south": {"uv": [0.25, 6.407, 5.562, 11.812], "rotation": 90, "texture": "#1"},
				"west": {"uv": [0.25, 6.407, 5.562, 11.812], "rotation": 90, "texture": "#1"},
				"up": {"uv": [0.25, 6.407, 5.562, 11.812], "rotation": 90, "texture": "#1"},
				"down": {"uv": [0.25, 6.407, 5.562, 11.812], "rotation": 90, "texture": "#1"}
			}
		},
		{
			"from": [7.9375, 10.82, 6.44219],
			"to": [8.1875, 11.32, 6.69219],
			"rotation": {"angle": 0, "axis": "z", "origin": [0.5625, 1.75, 15.32469]},
			"faces": {
				"north": {"uv": [0.25, 6.407, 5.562, 11.812], "rotation": 90, "texture": "#1"},
				"east": {"uv": [0.25, 6.407, 5.562, 11.812], "rotation": 90, "texture": "#1"},
				"south": {"uv": [0.25, 6.407, 5.562, 11.812], "rotation": 90, "texture": "#1"},
				"west": {"uv": [0.25, 6.407, 5.562, 11.812], "rotation": 90, "texture": "#1"},
				"up": {"uv": [0.25, 6.407, 5.562, 11.812], "rotation": 90, "texture": "#1"},
				"down": {"uv": [0.25, 6.407, 5.562, 11.812], "rotation": 90, "texture": "#1"}
			}
		},
		{
			"from": [7.9375, 19.07, 10.94219],
			"to": [8.1875, 20.07, 11.19219],
			"rotation": {"angle": -45, "axis": "x", "origin": [0.5625, 10, 19.82469]},
			"faces": {
				"north": {"uv": [0.25, 6.407, 5.562, 11.812], "rotation": 90, "texture": "#1"},
				"east": {"uv": [0.25, 6.407, 5.562, 11.812], "rotation": 90, "texture": "#1"},
				"south": {"uv": [0.25, 6.407, 5.562, 11.812], "rotation": 90, "texture": "#1"},
				"west": {"uv": [0.25, 6.407, 5.562, 11.812], "rotation": 90, "texture": "#1"},
				"up": {"uv": [0.25, 6.407, 5.562, 11.812], "rotation": 90, "texture": "#1"},
				"down": {"uv": [0.25, 6.407, 5.562, 11.812], "rotation": 90, "texture": "#1"}
			}
		},
		{
			"from": [7.9375, -1.625, 4.25719],
			"to": [8.1875, -1.25, 4.50719],
			"rotation": {"angle": -22.5, "axis": "x", "origin": [0.5625, 5, -4.30031]},
			"faces": {
				"north": {"uv": [0.25, 6.407, 5.562, 11.812], "rotation": 90, "texture": "#1"},
				"east": {"uv": [0.25, 6.407, 5.562, 11.812], "rotation": 90, "texture": "#1"},
				"south": {"uv": [0.25, 6.407, 5.562, 11.812], "rotation": 90, "texture": "#1"},
				"west": {"uv": [0.25, 6.407, 5.562, 11.812], "rotation": 90, "texture": "#1"},
				"up": {"uv": [0.25, 6.407, 5.562, 11.812], "rotation": 90, "texture": "#1"},
				"down": {"uv": [0.25, 6.407, 5.562, 11.812], "rotation": 90, "texture": "#1"}
			}
		},
		{
			"from": [7.9375, 5.07, 1.43719],
			"to": [8.1875, 6.695, 1.68719],
			"rotation": {"angle": 22.5, "axis": "x", "origin": [0.5625, -4, 10.32469]},
			"faces": {
				"north": {"uv": [0.25, 6.407, 5.562, 11.812], "rotation": 90, "texture": "#1"},
				"east": {"uv": [0.25, 6.407, 5.562, 11.812], "rotation": 90, "texture": "#1"},
				"south": {"uv": [0.25, 6.407, 5.562, 11.812], "rotation": 90, "texture": "#1"},
				"west": {"uv": [0.25, 6.407, 5.562, 11.812], "rotation": 90, "texture": "#1"},
				"up": {"uv": [0.25, 6.407, 5.562, 11.812], "rotation": 90, "texture": "#1"},
				"down": {"uv": [0.25, 6.407, 5.562, 11.812], "rotation": 90, "texture": "#1"}
			}
		},
		{
			"from": [7.9375, 5.685, -2.78281],
			"to": [8.1875, 6.81, -2.53281],
			"rotation": {"angle": 45, "axis": "x", "origin": [0.5625, -3.375, 6.07469]},
			"faces": {
				"north": {"uv": [0.25, 6.407, 5.562, 11.812], "rotation": 90, "texture": "#1"},
				"east": {"uv": [0.25, 6.407, 5.562, 11.812], "rotation": 90, "texture": "#1"},
				"south": {"uv": [0.25, 6.407, 5.562, 11.812], "rotation": 90, "texture": "#1"},
				"west": {"uv": [0.25, 6.407, 5.562, 11.812], "rotation": 90, "texture": "#1"},
				"up": {"uv": [0.25, 6.407, 5.562, 11.812], "rotation": 90, "texture": "#1"},
				"down": {"uv": [0.25, 6.407, 5.562, 11.812], "rotation": 90, "texture": "#1"}
			}
		},
		{
			"from": [7.9375, 11.07, 8.55781],
			"to": [8.1875, 11.32, 9.55781],
			"rotation": {"angle": 0, "axis": "z", "origin": [0.5625, 1.75, 0.67531]},
			"faces": {
				"north": {"uv": [0.25, 6.407, 5.562, 11.812], "rotation": 90, "texture": "#1"},
				"east": {"uv": [0.25, 6.407, 5.562, 11.812], "rotation": 90, "texture": "#1"},
				"south": {"uv": [0.25, 6.407, 5.562, 11.812], "rotation": 90, "texture": "#1"},
				"west": {"uv": [0.25, 6.407, 5.562, 11.812], "rotation": 90, "texture": "#1"},
				"up": {"uv": [0.25, 6.407, 5.562, 11.812], "rotation": 90, "texture": "#1"},
				"down": {"uv": [0.25, 6.407, 5.562, 11.812], "rotation": 90, "texture": "#1"}
			}
		},
		{
			"from": [7.9375, -1.59, 6.97281],
			"to": [8.1875, -1.09, 7.22281],
			"rotation": {"angle": -22.5, "axis": "x", "origin": [0.5625, 5, -1.57469]},
			"faces": {
				"north": {"uv": [0.25, 6.407, 5.562, 11.812], "rotation": 90, "texture": "#1"},
				"east": {"uv": [0.25, 6.407, 5.562, 11.812], "rotation": 90, "texture": "#1"},
				"south": {"uv": [0.25, 6.407, 5.562, 11.812], "rotation": 90, "texture": "#1"},
				"west": {"uv": [0.25, 6.407, 5.562, 11.812], "rotation": 90, "texture": "#1"},
				"up": {"uv": [0.25, 6.407, 5.562, 11.812], "rotation": 90, "texture": "#1"},
				"down": {"uv": [0.25, 6.407, 5.562, 11.812], "rotation": 90, "texture": "#1"}
			}
		},
		{
			"from": [7.9375, 6.695, 10.16281],
			"to": [8.1875, 7.82, 10.41281],
			"rotation": {"angle": 0, "axis": "z", "origin": [0.5625, -2.375, 1.55031]},
			"faces": {
				"north": {"uv": [0.25, 6.407, 5.562, 11.812], "rotation": 90, "texture": "#1"},
				"east": {"uv": [0.25, 6.407, 5.562, 11.812], "rotation": 90, "texture": "#1"},
				"south": {"uv": [0.25, 6.407, 5.562, 11.812], "rotation": 90, "texture": "#1"},
				"west": {"uv": [0.25, 6.407, 5.562, 11.812], "rotation": 90, "texture": "#1"},
				"up": {"uv": [0.25, 6.407, 5.562, 11.812], "rotation": 90, "texture": "#1"},
				"down": {"uv": [0.25, 6.407, 5.562, 11.812], "rotation": 90, "texture": "#1"}
			}
		},
		{
			"from": [7.9375, 7.225, 13.01281],
			"to": [8.1875, 7.725, 13.26281],
			"rotation": {"angle": -22.5, "axis": "x", "origin": [0.5625, -2, 4.42531]},
			"faces": {
				"north": {"uv": [0.25, 6.407, 5.562, 11.812], "rotation": 90, "texture": "#1"},
				"east": {"uv": [0.25, 6.407, 5.562, 11.812], "rotation": 90, "texture": "#1"},
				"south": {"uv": [0.25, 6.407, 5.562, 11.812], "rotation": 90, "texture": "#1"},
				"west": {"uv": [0.25, 6.407, 5.562, 11.812], "rotation": 90, "texture": "#1"},
				"up": {"uv": [0.25, 6.407, 5.562, 11.812], "rotation": 90, "texture": "#1"},
				"down": {"uv": [0.25, 6.407, 5.562, 11.812], "rotation": 90, "texture": "#1"}
			}
		},
		{
			"from": [7.9375, -6.015, 11.58281],
			"to": [8.1875, -5.64, 11.83281],
			"rotation": {"angle": 45, "axis": "x", "origin": [0.5625, 0.625, 20.30031]},
			"faces": {
				"north": {"uv": [0.25, 6.407, 5.562, 11.812], "rotation": 90, "texture": "#1"},
				"east": {"uv": [0.25, 6.407, 5.562, 11.812], "rotation": 90, "texture": "#1"},
				"south": {"uv": [0.25, 6.407, 5.562, 11.812], "rotation": 90, "texture": "#1"},
				"west": {"uv": [0.25, 6.407, 5.562, 11.812], "rotation": 90, "texture": "#1"},
				"up": {"uv": [0.25, 6.407, 5.562, 11.812], "rotation": 90, "texture": "#1"},
				"down": {"uv": [0.25, 6.407, 5.562, 11.812], "rotation": 90, "texture": "#1"}
			}
		},
		{
			"from": [7.9375, 6.84, 6.97281],
			"to": [8.1875, 10.84, 7.22281],
			"rotation": {"angle": 22.5, "axis": "x", "origin": [0.5625, 0.75, -1.57469]},
			"faces": {
				"north": {"uv": [0.25, 6.407, 5.562, 11.812], "rotation": 90, "texture": "#1"},
				"east": {"uv": [0.25, 6.407, 5.562, 11.812], "rotation": 90, "texture": "#1"},
				"south": {"uv": [0.25, 6.407, 5.562, 11.812], "rotation": 90, "texture": "#1"},
				"west": {"uv": [0.25, 6.407, 5.562, 11.812], "rotation": 90, "texture": "#1"},
				"up": {"uv": [0.25, 6.407, 5.562, 11.812], "rotation": 90, "texture": "#1"},
				"down": {"uv": [0.25, 6.407, 5.562, 11.812], "rotation": 90, "texture": "#1"}
			}
		},
		{
			"from": [7.9375, 2.66, 8.66281],
			"to": [8.1875, 3.16, 8.91281],
			"rotation": {"angle": 0, "axis": "z", "origin": [0.5625, 9.25, 0.17531]},
			"faces": {
				"north": {"uv": [0.25, 6.407, 5.562, 11.812], "rotation": 90, "texture": "#1"},
				"east": {"uv": [0.25, 6.407, 5.562, 11.812], "rotation": 90, "texture": "#1"},
				"south": {"uv": [0.25, 6.407, 5.562, 11.812], "rotation": 90, "texture": "#1"},
				"west": {"uv": [0.25, 6.407, 5.562, 11.812], "rotation": 90, "texture": "#1"},
				"up": {"uv": [0.25, 6.407, 5.562, 11.812], "rotation": 90, "texture": "#1"},
				"down": {"uv": [0.25, 6.407, 5.562, 11.812], "rotation": 90, "texture": "#1"}
			}
		},
		{
			"from": [7.9375, 6.5, 11.37281],
			"to": [8.1875, 6.875, 11.62281],
			"rotation": {"angle": -22.5, "axis": "x", "origin": [0.5625, 0.5, 20.30031]},
			"faces": {
				"north": {"uv": [0.25, 6.407, 5.562, 11.812], "rotation": 90, "texture": "#1"},
				"east": {"uv": [0.25, 6.407, 5.562, 11.812], "rotation": 90, "texture": "#1"},
				"south": {"uv": [0.25, 6.407, 5.562, 11.812], "rotation": 90, "texture": "#1"},
				"west": {"uv": [0.25, 6.407, 5.562, 11.812], "rotation": 90, "texture": "#1"},
				"up": {"uv": [0.25, 6.407, 5.562, 11.812], "rotation": 90, "texture": "#1"},
				"down": {"uv": [0.25, 6.407, 5.562, 11.812], "rotation": 90, "texture": "#1"}
			}
		},
		{
			"from": [7.9375, 1.925, 9.11281],
			"to": [8.1875, 2.175, 9.61281],
			"rotation": {"angle": 0, "axis": "z", "origin": [0.5625, -6.5, 2.92531]},
			"faces": {
				"north": {"uv": [0.25, 6.407, 5.562, 11.812], "rotation": 180, "texture": "#1"},
				"east": {"uv": [0.25, 6.407, 5.562, 11.812], "rotation": 180, "texture": "#1"},
				"south": {"uv": [0.25, 6.407, 5.562, 11.812], "rotation": 180, "texture": "#1"},
				"west": {"uv": [0.25, 6.407, 5.562, 11.812], "rotation": 180, "texture": "#1"},
				"up": {"uv": [0.25, 6.407, 5.562, 11.812], "rotation": 180, "texture": "#1"},
				"down": {"uv": [0.25, 6.407, 5.562, 11.812], "rotation": 180, "texture": "#1"}
			}
		},
		{
			"from": [7.9375, -6.015, 6.89281],
			"to": [8.1875, -5.64, 7.14281],
			"rotation": {"angle": -45, "axis": "x", "origin": [0.5625, 0.625, -1.57469]},
			"faces": {
				"north": {"uv": [0.25, 6.407, 5.562, 11.812], "rotation": 90, "texture": "#1"},
				"east": {"uv": [0.25, 6.407, 5.562, 11.812], "rotation": 90, "texture": "#1"},
				"south": {"uv": [0.25, 6.407, 5.562, 11.812], "rotation": 90, "texture": "#1"},
				"west": {"uv": [0.25, 6.407, 5.562, 11.812], "rotation": 90, "texture": "#1"},
				"up": {"uv": [0.25, 6.407, 5.562, 11.812], "rotation": 90, "texture": "#1"},
				"down": {"uv": [0.25, 6.407, 5.562, 11.812], "rotation": 90, "texture": "#1"}
			}
		},
		{
			"from": [7.9375, 2.465, 9.74281],
			"to": [8.1875, 2.715, 9.99281],
			"rotation": {"angle": 0, "axis": "z", "origin": [0.5625, 9.25, 18.67531]},
			"faces": {
				"north": {"uv": [0.25, 6.407, 5.562, 11.812], "rotation": 90, "texture": "#1"},
				"east": {"uv": [0.25, 6.407, 5.562, 11.812], "rotation": 90, "texture": "#1"},
				"south": {"uv": [0.25, 6.407, 5.562, 11.812], "rotation": 90, "texture": "#1"},
				"west": {"uv": [0.25, 6.407, 5.562, 11.812], "rotation": 90, "texture": "#1"},
				"up": {"uv": [0.25, 6.407, 5.562, 11.812], "rotation": 90, "texture": "#1"},
				"down": {"uv": [0.25, 6.407, 5.562, 11.812], "rotation": 90, "texture": "#1"}
			}
		},
		{
			"from": [7.9375, 10.82, 9.30781],
			"to": [8.1875, 11.32, 9.55781],
			"rotation": {"angle": 0, "axis": "z", "origin": [0.5625, 1.75, 0.67531]},
			"faces": {
				"north": {"uv": [0.25, 6.407, 5.562, 11.812], "rotation": 90, "texture": "#1"},
				"east": {"uv": [0.25, 6.407, 5.562, 11.812], "rotation": 90, "texture": "#1"},
				"south": {"uv": [0.25, 6.407, 5.562, 11.812], "rotation": 90, "texture": "#1"},
				"west": {"uv": [0.25, 6.407, 5.562, 11.812], "rotation": 90, "texture": "#1"},
				"up": {"uv": [0.25, 6.407, 5.562, 11.812], "rotation": 90, "texture": "#1"},
				"down": {"uv": [0.25, 6.407, 5.562, 11.812], "rotation": 90, "texture": "#1"}
			}
		},
		{
			"from": [7.9375, 19.07, 4.80781],
			"to": [8.1875, 20.07, 5.05781],
			"rotation": {"angle": 45, "axis": "x", "origin": [0.5625, 10, -3.82469]},
			"faces": {
				"north": {"uv": [0.25, 6.407, 5.562, 11.812], "rotation": 90, "texture": "#1"},
				"east": {"uv": [0.25, 6.407, 5.562, 11.812], "rotation": 90, "texture": "#1"},
				"south": {"uv": [0.25, 6.407, 5.562, 11.812], "rotation": 90, "texture": "#1"},
				"west": {"uv": [0.25, 6.407, 5.562, 11.812], "rotation": 90, "texture": "#1"},
				"up": {"uv": [0.25, 6.407, 5.562, 11.812], "rotation": 90, "texture": "#1"},
				"down": {"uv": [0.25, 6.407, 5.562, 11.812], "rotation": 90, "texture": "#1"}
			}
		},
		{
			"from": [7.9375, -1.625, 11.49281],
			"to": [8.1875, -1.25, 11.74281],
			"rotation": {"angle": 22.5, "axis": "x", "origin": [0.5625, 5, 20.30031]},
			"faces": {
				"north": {"uv": [0.25, 6.407, 5.562, 11.812], "rotation": 90, "texture": "#1"},
				"east": {"uv": [0.25, 6.407, 5.562, 11.812], "rotation": 90, "texture": "#1"},
				"south": {"uv": [0.25, 6.407, 5.562, 11.812], "rotation": 90, "texture": "#1"},
				"west": {"uv": [0.25, 6.407, 5.562, 11.812], "rotation": 90, "texture": "#1"},
				"up": {"uv": [0.25, 6.407, 5.562, 11.812], "rotation": 90, "texture": "#1"},
				"down": {"uv": [0.25, 6.407, 5.562, 11.812], "rotation": 90, "texture": "#1"}
			}
		},
		{
			"from": [7.9375, 5.07, 14.31281],
			"to": [8.1875, 6.695, 14.56281],
			"rotation": {"angle": -22.5, "axis": "x", "origin": [0.5625, -4, 5.67531]},
			"faces": {
				"north": {"uv": [0.25, 6.407, 5.562, 11.812], "rotation": 90, "texture": "#1"},
				"east": {"uv": [0.25, 6.407, 5.562, 11.812], "rotation": 90, "texture": "#1"},
				"south": {"uv": [0.25, 6.407, 5.562, 11.812], "rotation": 90, "texture": "#1"},
				"west": {"uv": [0.25, 6.407, 5.562, 11.812], "rotation": 90, "texture": "#1"},
				"up": {"uv": [0.25, 6.407, 5.562, 11.812], "rotation": 90, "texture": "#1"},
				"down": {"uv": [0.25, 6.407, 5.562, 11.812], "rotation": 90, "texture": "#1"}
			}
		},
		{
			"from": [7.9375, 5.685, 18.53281],
			"to": [8.1875, 6.81, 18.78281],
			"rotation": {"angle": -45, "axis": "x", "origin": [0.5625, -3.375, 9.92531]},
			"faces": {
				"north": {"uv": [0.25, 6.407, 5.562, 11.812], "rotation": 90, "texture": "#1"},
				"east": {"uv": [0.25, 6.407, 5.562, 11.812], "rotation": 90, "texture": "#1"},
				"south": {"uv": [0.25, 6.407, 5.562, 11.812], "rotation": 90, "texture": "#1"},
				"west": {"uv": [0.25, 6.407, 5.562, 11.812], "rotation": 90, "texture": "#1"},
				"up": {"uv": [0.25, 6.407, 5.562, 11.812], "rotation": 90, "texture": "#1"},
				"down": {"uv": [0.25, 6.407, 5.562, 11.812], "rotation": 90, "texture": "#1"}
			}
		},
		{
			"from": [8.445, 11.07, 7.875],
			"to": [9.445, 11.32, 8.125],
			"rotation": {"angle": 0, "axis": "z", "origin": [0.5625, 1.75, 15.5]},
			"faces": {
				"north": {"uv": [0.25, 6.407, 5.562, 11.812], "texture": "#1"},
				"east": {"uv": [0.25, 6.407, 5.562, 11.812], "texture": "#1"},
				"south": {"uv": [0.25, 6.407, 5.562, 11.812], "texture": "#1"},
				"west": {"uv": [0.25, 6.407, 5.562, 11.812], "texture": "#1"},
				"up": {"uv": [0.25, 6.407, 5.562, 11.812], "texture": "#1"},
				"down": {"uv": [0.25, 6.407, 5.562, 11.812], "texture": "#1"}
			}
		},
		{
			"from": [6.86, -1.59, 7.875],
			"to": [7.11, -1.09, 8.125],
			"rotation": {"angle": 22.5, "axis": "z", "origin": [-1.6875, 5, 15.5]},
			"faces": {
				"north": {"uv": [0.25, 6.407, 5.562, 11.812], "texture": "#1"},
				"east": {"uv": [0.25, 6.407, 5.562, 11.812], "texture": "#1"},
				"south": {"uv": [0.25, 6.407, 5.562, 11.812], "texture": "#1"},
				"west": {"uv": [0.25, 6.407, 5.562, 11.812], "texture": "#1"},
				"up": {"uv": [0.25, 6.407, 5.562, 11.812], "texture": "#1"},
				"down": {"uv": [0.25, 6.407, 5.562, 11.812], "texture": "#1"}
			}
		},
		{
			"from": [10.05, 6.695, 7.875],
			"to": [10.3, 7.82, 8.125],
			"rotation": {"angle": 0, "axis": "z", "origin": [1.4375, -2.375, 15.5]},
			"faces": {
				"north": {"uv": [0.25, 6.407, 5.562, 11.812], "texture": "#1"},
				"east": {"uv": [0.25, 6.407, 5.562, 11.812], "texture": "#1"},
				"south": {"uv": [0.25, 6.407, 5.562, 11.812], "texture": "#1"},
				"west": {"uv": [0.25, 6.407, 5.562, 11.812], "texture": "#1"},
				"up": {"uv": [0.25, 6.407, 5.562, 11.812], "texture": "#1"},
				"down": {"uv": [0.25, 6.407, 5.562, 11.812], "texture": "#1"}
			}
		},
		{
			"from": [12.9, 7.225, 7.875],
			"to": [13.15, 7.725, 8.125],
			"rotation": {"angle": 22.5, "axis": "z", "origin": [4.3125, -2, 15.5]},
			"faces": {
				"north": {"uv": [0.25, 6.407, 5.562, 11.812], "texture": "#1"},
				"east": {"uv": [0.25, 6.407, 5.562, 11.812], "texture": "#1"},
				"south": {"uv": [0.25, 6.407, 5.562, 11.812], "texture": "#1"},
				"west": {"uv": [0.25, 6.407, 5.562, 11.812], "texture": "#1"},
				"up": {"uv": [0.25, 6.407, 5.562, 11.812], "texture": "#1"},
				"down": {"uv": [0.25, 6.407, 5.562, 11.812], "texture": "#1"}
			}
		},
		{
			"from": [11.47, -6.015, 7.875],
			"to": [11.72, -5.64, 8.125],
			"rotation": {"angle": -45, "axis": "z", "origin": [20.1875, 0.625, 15.5]},
			"faces": {
				"north": {"uv": [0.25, 6.407, 5.562, 11.812], "texture": "#1"},
				"east": {"uv": [0.25, 6.407, 5.562, 11.812], "texture": "#1"},
				"south": {"uv": [0.25, 6.407, 5.562, 11.812], "texture": "#1"},
				"west": {"uv": [0.25, 6.407, 5.562, 11.812], "texture": "#1"},
				"up": {"uv": [0.25, 6.407, 5.562, 11.812], "texture": "#1"},
				"down": {"uv": [0.25, 6.407, 5.562, 11.812], "texture": "#1"}
			}
		},
		{
			"from": [6.86, 6.84, 7.875],
			"to": [7.11, 10.84, 8.125],
			"rotation": {"angle": -22.5, "axis": "z", "origin": [-1.6875, 0.75, 15.5]},
			"faces": {
				"north": {"uv": [0.25, 6.407, 5.562, 11.812], "texture": "#1"},
				"east": {"uv": [0.25, 6.407, 5.562, 11.812], "texture": "#1"},
				"south": {"uv": [0.25, 6.407, 5.562, 11.812], "texture": "#1"},
				"west": {"uv": [0.25, 6.407, 5.562, 11.812], "texture": "#1"},
				"up": {"uv": [0.25, 6.407, 5.562, 11.812], "texture": "#1"},
				"down": {"uv": [0.25, 6.407, 5.562, 11.812], "texture": "#1"}
			}
		},
		{
			"from": [8.55, 2.66, 7.875],
			"to": [8.8, 3.16, 8.125],
			"rotation": {"angle": 0, "axis": "z", "origin": [0.0625, 9.25, 15.5]},
			"faces": {
				"north": {"uv": [0.25, 6.407, 5.562, 11.812], "texture": "#1"},
				"east": {"uv": [0.25, 6.407, 5.562, 11.812], "texture": "#1"},
				"south": {"uv": [0.25, 6.407, 5.562, 11.812], "texture": "#1"},
				"west": {"uv": [0.25, 6.407, 5.562, 11.812], "texture": "#1"},
				"up": {"uv": [0.25, 6.407, 5.562, 11.812], "texture": "#1"},
				"down": {"uv": [0.25, 6.407, 5.562, 11.812], "texture": "#1"}
			}
		},
		{
			"from": [11.26, 6.5, 7.875],
			"to": [11.51, 6.875, 8.125],
			"rotation": {"angle": 22.5, "axis": "z", "origin": [20.1875, 0.5, 15.5]},
			"faces": {
				"north": {"uv": [0.25, 6.407, 5.562, 11.812], "texture": "#1"},
				"east": {"uv": [0.25, 6.407, 5.562, 11.812], "texture": "#1"},
				"south": {"uv": [0.25, 6.407, 5.562, 11.812], "texture": "#1"},
				"west": {"uv": [0.25, 6.407, 5.562, 11.812], "texture": "#1"},
				"up": {"uv": [0.25, 6.407, 5.562, 11.812], "texture": "#1"},
				"down": {"uv": [0.25, 6.407, 5.562, 11.812], "texture": "#1"}
			}
		},
		{
			"from": [9, 1.925, 7.875],
			"to": [9.5, 2.175, 8.125],
			"rotation": {"angle": 0, "axis": "z", "origin": [2.8125, -6.5, 15.5]},
			"faces": {
				"north": {"uv": [0.25, 6.407, 5.562, 11.812], "rotation": 90, "texture": "#1"},
				"east": {"uv": [0.25, 6.407, 5.562, 11.812], "rotation": 90, "texture": "#1"},
				"south": {"uv": [0.25, 6.407, 5.562, 11.812], "rotation": 90, "texture": "#1"},
				"west": {"uv": [0.25, 6.407, 5.562, 11.812], "rotation": 90, "texture": "#1"},
				"up": {"uv": [0.25, 6.407, 5.562, 11.812], "rotation": 90, "texture": "#1"},
				"down": {"uv": [0.25, 6.407, 5.562, 11.812], "rotation": 90, "texture": "#1"}
			}
		},
		{
			"from": [6.78, -6.015, 7.875],
			"to": [7.03, -5.64, 8.125],
			"rotation": {"angle": 45, "axis": "z", "origin": [-1.6875, 0.625, 15.5]},
			"faces": {
				"north": {"uv": [0.25, 6.407, 5.562, 11.812], "texture": "#1"},
				"east": {"uv": [0.25, 6.407, 5.562, 11.812], "texture": "#1"},
				"south": {"uv": [0.25, 6.407, 5.562, 11.812], "texture": "#1"},
				"west": {"uv": [0.25, 6.407, 5.562, 11.812], "texture": "#1"},
				"up": {"uv": [0.25, 6.407, 5.562, 11.812], "texture": "#1"},
				"down": {"uv": [0.25, 6.407, 5.562, 11.812], "texture": "#1"}
			}
		},
		{
			"from": [9.63, 2.465, 7.875],
			"to": [9.88, 2.715, 8.125],
			"rotation": {"angle": 0, "axis": "z", "origin": [18.5625, 9.25, 15.5]},
			"faces": {
				"north": {"uv": [0.25, 6.407, 5.562, 11.812], "texture": "#1"},
				"east": {"uv": [0.25, 6.407, 5.562, 11.812], "texture": "#1"},
				"south": {"uv": [0.25, 6.407, 5.562, 11.812], "texture": "#1"},
				"west": {"uv": [0.25, 6.407, 5.562, 11.812], "texture": "#1"},
				"up": {"uv": [0.25, 6.407, 5.562, 11.812], "texture": "#1"},
				"down": {"uv": [0.25, 6.407, 5.562, 11.812], "texture": "#1"}
			}
		},
		{
			"from": [9.195, 10.82, 7.875],
			"to": [9.445, 11.32, 8.125],
			"rotation": {"angle": 0, "axis": "z", "origin": [0.5625, 1.75, 15.5]},
			"faces": {
				"north": {"uv": [0.25, 6.407, 5.562, 11.812], "texture": "#1"},
				"east": {"uv": [0.25, 6.407, 5.562, 11.812], "texture": "#1"},
				"south": {"uv": [0.25, 6.407, 5.562, 11.812], "texture": "#1"},
				"west": {"uv": [0.25, 6.407, 5.562, 11.812], "texture": "#1"},
				"up": {"uv": [0.25, 6.407, 5.562, 11.812], "texture": "#1"},
				"down": {"uv": [0.25, 6.407, 5.562, 11.812], "texture": "#1"}
			}
		},
		{
			"from": [4.695, 19.07, 7.875],
			"to": [4.945, 20.07, 8.125],
			"rotation": {"angle": -45, "axis": "z", "origin": [-3.9375, 10, 15.5]},
			"faces": {
				"north": {"uv": [0.25, 6.407, 5.562, 11.812], "texture": "#1"},
				"east": {"uv": [0.25, 6.407, 5.562, 11.812], "texture": "#1"},
				"south": {"uv": [0.25, 6.407, 5.562, 11.812], "texture": "#1"},
				"west": {"uv": [0.25, 6.407, 5.562, 11.812], "texture": "#1"},
				"up": {"uv": [0.25, 6.407, 5.562, 11.812], "texture": "#1"},
				"down": {"uv": [0.25, 6.407, 5.562, 11.812], "texture": "#1"}
			}
		},
		{
			"from": [11.38, -1.625, 7.875],
			"to": [11.63, -1.25, 8.125],
			"rotation": {"angle": -22.5, "axis": "z", "origin": [20.1875, 5, 15.5]},
			"faces": {
				"north": {"uv": [0.25, 6.407, 5.562, 11.812], "texture": "#1"},
				"east": {"uv": [0.25, 6.407, 5.562, 11.812], "texture": "#1"},
				"south": {"uv": [0.25, 6.407, 5.562, 11.812], "texture": "#1"},
				"west": {"uv": [0.25, 6.407, 5.562, 11.812], "texture": "#1"},
				"up": {"uv": [0.25, 6.407, 5.562, 11.812], "texture": "#1"},
				"down": {"uv": [0.25, 6.407, 5.562, 11.812], "texture": "#1"}
			}
		},
		{
			"from": [14.2, 5.07, 7.875],
			"to": [14.45, 6.695, 8.125],
			"rotation": {"angle": 22.5, "axis": "z", "origin": [5.5625, -4, 15.5]},
			"faces": {
				"north": {"uv": [0.25, 6.407, 5.562, 11.812], "texture": "#1"},
				"east": {"uv": [0.25, 6.407, 5.562, 11.812], "texture": "#1"},
				"south": {"uv": [0.25, 6.407, 5.562, 11.812], "texture": "#1"},
				"west": {"uv": [0.25, 6.407, 5.562, 11.812], "texture": "#1"},
				"up": {"uv": [0.25, 6.407, 5.562, 11.812], "texture": "#1"},
				"down": {"uv": [0.25, 6.407, 5.562, 11.812], "texture": "#1"}
			}
		},
		{
			"from": [18.42, 5.685, 7.875],
			"to": [18.67, 6.81, 8.125],
			"rotation": {"angle": 45, "axis": "z", "origin": [9.8125, -3.375, 15.5]},
			"faces": {
				"north": {"uv": [0.25, 6.407, 5.562, 11.812], "texture": "#1"},
				"east": {"uv": [0.25, 6.407, 5.562, 11.812], "texture": "#1"},
				"south": {"uv": [0.25, 6.407, 5.562, 11.812], "texture": "#1"},
				"west": {"uv": [0.25, 6.407, 5.562, 11.812], "texture": "#1"},
				"up": {"uv": [0.25, 6.407, 5.562, 11.812], "texture": "#1"},
				"down": {"uv": [0.25, 6.407, 5.562, 11.812], "texture": "#1"}
			}
		}
	],
	"display": {
		"thirdperson_righthand": {
			"rotation": [90, 0, 0]
		},
		"thirdperson_lefthand": {
			"rotation": [90, 0, 0]
		},
		"firstperson_righthand": {
			"scale": [0, 0, 0]
		},
		"firstperson_lefthand": {
			"scale": [0, 0, 0]
		},
		"gui": {
			"rotation": [13, 158, 0],
			"scale": [0.82, 0.81, 0.81]
		},
		"fixed": {
			"rotation": [-90, 0, 0],
			"translation": [0, 0, -15],
			"scale": [2, 2, 2]
		}
	},
	"groups": [
		{
			"name": "all",
			"origin": [8, 8, 8],
			"color": 0,
			"children": [
				{
					"name": "ampoule",
					"origin": [15.4375, 3.375, 15.5],
					"color": 0,
					"children": [0]
				},
				{
					"name": "cerclage entier",
					"origin": [8, 8, 8],
					"color": 0,
					"children": [
						{
							"name": "cerclage",
							"origin": [8, 8, 8],
							"color": 0,
							"children": [1, 2, 3, 4, 5, 6, 7, 8]
						},
						{
							"name": "cerclage",
							"origin": [8, 8, 8],
							"color": 0,
							"children": [9, 10, 11, 12, 13, 14, 15, 16]
						},
						{
							"name": "cerclage",
							"origin": [8, 8, 8],
							"color": 0,
							"children": [17, 18, 19, 20, 21, 22, 23, 24]
						},
						{
							"name": "cerclage",
							"origin": [8, 8, 8],
							"color": 0,
							"children": [25, 26, 27, 28, 29, 30, 31, 32]
						},
						{
							"name": "cerclage",
							"origin": [8, 8, 8],
							"color": 0,
							"children": [33, 34, 35, 36, 37, 38, 39, 40]
						},
						{
							"name": "cerclage",
							"origin": [8, 8, 8],
							"color": 0,
							"children": [41, 42, 43, 44, 45, 46, 47, 48]
						},
						{
							"name": "cerclage",
							"origin": [8, 8, 8],
							"color": 0,
							"children": [49, 50, 51, 52, 53, 54, 55, 56]
						}
					]
				},
				{
					"name": "socle",
					"origin": [8, 8, 8],
					"color": 0,
					"children": [
						57,
						58,
						59,
						60,
						61,
						62,
						63,
						64,
						65,
						66,
						67,
						68,
						{
							"name": "an1",
							"origin": [15.4375, 8, 15.5],
							"color": 0,
							"children": [
								69,
								70,
								71,
								72,
								73,
								74,
								75,
								76,
								77,
								78,
								79,
								80,
								81,
								82,
								83,
								84,
								{
									"name": "group",
									"origin": [15.4375, 8, 15.5],
									"color": 0,
									"children": []
								}
							]
						},
						{
							"name": "an1",
							"origin": [15.4375, 8, 15.5],
							"color": 0,
							"children": [
								85,
								86,
								87,
								88,
								89,
								90,
								91,
								92,
								93,
								94,
								95,
								96,
								97,
								98,
								99,
								100,
								{
									"name": "group",
									"origin": [15.4375, 8, 15.5],
									"color": 0,
									"children": []
								}
							]
						},
						{
							"name": "an1",
							"origin": [15.4375, 8, 15.5],
							"color": 0,
							"children": [
								101,
								102,
								103,
								104,
								105,
								106,
								107,
								108,
								109,
								110,
								111,
								112,
								113,
								114,
								115,
								116,
								{
									"name": "group",
									"origin": [15.4375, 8, 15.5],
									"color": 0,
									"children": []
								}
							]
						},
						{
							"name": "an1",
							"origin": [15.4375, 8, 15.5],
							"color": 0,
							"children": [
								117,
								118,
								119,
								120,
								121,
								122,
								123,
								124,
								125,
								126,
								127,
								128,
								129,
								130,
								131,
								132,
								{
									"name": "group",
									"origin": [15.4375, 8, 15.5],
									"color": 0,
									"children": []
								}
							]
						}
					]
				}
			]
		}
	]
}