{
	"credit": "Made with Blockbench",
	"ambientocclusion": false,
	"textures": {
		"0": "block/3d/stone",
		"1": "block/acacia_log_top",
		"2": "block/acacia_log",
		"3": "block/jungle_planks",
		"4": "block/purple_concrete",
		"particle": "block/3d/stone"
	},
	"elements": [
		{
			"from": [25.53125, 0, -0.09375],
			"to": [31.53125, 25.25, 5.90625],
			"rotation": {"angle": 0, "axis": "y", "origin": [18.78125, -8, -2.09375]},
			"faces": {
				"north": {"uv": [4, 0, 0, 16], "texture": "#4"},
				"east": {"uv": [4, 0, 0, 16], "texture": "#3"},
				"south": {"uv": [4, 0, 0, 16], "texture": "#4"},
				"west": {"uv": [4, 0, 0, 16], "texture": "#4"},
				"up": {"uv": [4, 0, 0, 16], "rotation": 90, "texture": "#4"},
				"down": {"uv": [4, 0, 0, 16], "rotation": 270, "texture": "#4"}
			}
		},
		{
			"from": [31.53125, 0, -0.09375],
			"to": [31.53125, 32, 31.90625],
			"rotation": {"angle": 0, "axis": "y", "origin": [18.78125, -8, -2.09375]},
			"faces": {
				"north": {"uv": [16, 0, 0, 16], "texture": "#4"},
				"east": {"uv": [16, 0, 0, 16], "texture": "#3"},
				"south": {"uv": [16, 0, 0, 16], "texture": "#4"},
				"west": {"uv": [16, 0, 0, 16], "texture": "#0"},
				"up": {"uv": [16, 0, 0, 16], "rotation": 90, "texture": "#4"},
				"down": {"uv": [16, 0, 0, 16], "rotation": 270, "texture": "#4"}
			}
		},
		{
			"from": [-16, 0, -0.09375],
			"to": [-16, 32, 31.90625],
			"rotation": {"angle": 0, "axis": "y", "origin": [-27.84375, -8, -2.09375]},
			"faces": {
				"north": {"uv": [16, 0, 0, 16], "texture": "#4"},
				"east": {"uv": [16, 0, 0, 16], "texture": "#0"},
				"south": {"uv": [16, 0, 0, 16], "texture": "#4"},
				"west": {"uv": [16, 0, 0, 16], "texture": "#3"},
				"up": {"uv": [16, 0, 0, 16], "rotation": 90, "texture": "#4"},
				"down": {"uv": [16, 0, 0, 16], "rotation": 270, "texture": "#4"}
			}
		},
		{
			"from": [-16, -0.125, -13.75],
			"to": [31.28125, 0.5, 31.90625],
			"rotation": {"angle": 0, "axis": "y", "origin": [-27.84375, -8, -2.09375]},
			"faces": {
				"north": {"uv": [16, 0, 0, 16], "texture": "#0"},
				"east": {"uv": [16, 0, 0, 16], "texture": "#0"},
				"south": {"uv": [16, 0, 0, 16], "texture": "#0"},
				"west": {"uv": [16, 0, 0, 16], "texture": "#0"},
				"up": {"uv": [16, 0, 0, 16], "rotation": 90, "texture": "#0"},
				"down": {"uv": [16, 0, 0, 16], "rotation": 270, "texture": "#0"}
			}
		},
		{
			"from": [-16, 25, -0.09375],
			"to": [31.53125, 32, 5.90625],
			"rotation": {"angle": 0, "axis": "y", "origin": [-27.84375, -8, -2.09375]},
			"faces": {
				"north": {"uv": [16, 0, 0, 16], "texture": "#3"},
				"east": {"uv": [16, 0, 0, 16], "texture": "#3"},
				"south": {"uv": [16, 0, 0, 16], "texture": "#3"},
				"west": {"uv": [16, 0, 0, 16], "texture": "#3"},
				"up": {"uv": [16, 0, 0, 16], "rotation": 90, "texture": "#3"},
				"down": {"uv": [16, 0, 0, 16], "rotation": 270, "texture": "#3"}
			}
		},
		{
			"from": [-16, 32, 27.03125],
			"to": [31.53125, 32, 31.90625],
			"rotation": {"angle": 0, "axis": "y", "origin": [-27.84375, -8, 23.90625]},
			"faces": {
				"north": {"uv": [16, 0, 0, 16], "texture": "#3"},
				"east": {"uv": [16, 0, 0, 16], "texture": "#3"},
				"south": {"uv": [16, 0, 0, 16], "texture": "#3"},
				"west": {"uv": [16, 0, 0, 16], "texture": "#3"},
				"up": {"uv": [16, 0, 0, 16], "rotation": 90, "texture": "#3"},
				"down": {"uv": [16, 0, 0, 16], "rotation": 270, "texture": "#3"}
			}
		},
		{
			"from": [-16, 32, 5.78125],
			"to": [31.53125, 32, 10.65625],
			"rotation": {"angle": 0, "axis": "y", "origin": [-27.84375, -8, 2.65625]},
			"faces": {
				"north": {"uv": [16, 0, 0, 16], "texture": "#3"},
				"east": {"uv": [16, 0, 0, 16], "texture": "#3"},
				"south": {"uv": [16, 0, 0, 16], "texture": "#3"},
				"west": {"uv": [16, 0, 0, 16], "texture": "#3"},
				"up": {"uv": [16, 0, 0, 16], "rotation": 90, "texture": "#3"},
				"down": {"uv": [16, 0, 0, 16], "rotation": 270, "texture": "#3"}
			}
		},
		{
			"from": [15.53125, 32, 10.65625],
			"to": [31.53125, 32, 27.15625],
			"rotation": {"angle": 0, "axis": "y", "origin": [-27.84375, -8, 2.65625]},
			"faces": {
				"north": {"uv": [16, 0, 0, 16], "texture": "#3"},
				"east": {"uv": [16, 0, 0, 16], "texture": "#3"},
				"south": {"uv": [16, 0, 0, 16], "texture": "#3"},
				"west": {"uv": [16, 0, 0, 16], "texture": "#3"},
				"up": {"uv": [16, 0, 0, 16], "rotation": 90, "texture": "#3"},
				"down": {"uv": [16, 0, 0, 16], "rotation": 270, "texture": "#3"}
			}
		},
		{
			"from": [-16, 32, 10.65625],
			"to": [16.15625, 32, 27.15625],
			"rotation": {"angle": 0, "axis": "y", "origin": [-59.84375, -8, 2.65625]},
			"faces": {
				"north": {"uv": [16, 0, 0, 16], "texture": "#3"},
				"east": {"uv": [16, 0, 0, 16], "texture": "#3"},
				"south": {"uv": [16, 0, 0, 16], "texture": "#3"},
				"west": {"uv": [16, 0, 0, 16], "texture": "#3"},
				"up": {"uv": [16, 0, 0, 16], "rotation": 90, "texture": "#3"},
				"down": {"uv": [16, 0, 0, 16], "rotation": 270, "texture": "#3"}
			}
		},
		{
			"from": [-16, 0, 31.90625],
			"to": [31.53125, 32, 31.90625],
			"rotation": {"angle": 0, "axis": "y", "origin": [-27.84375, -8, -2.09375]},
			"faces": {
				"north": {"uv": [16, 0, 0, 12.125], "texture": "#3"},
				"east": {"uv": [16, 0, 0, 12.125], "texture": "#3"},
				"south": {"uv": [16, 0, 0, 12.125], "texture": "#3"},
				"west": {"uv": [16, 0, 0, 12.125], "texture": "#3"},
				"up": {"uv": [16, 0, 0, 12.125], "texture": "#3"},
				"down": {"uv": [16, 0, 0, 12.125], "texture": "#3"}
			}
		},
		{
			"from": [-6.34375, 22.25, 3.65625],
			"to": [21.53125, 25.5, 5.90625],
			"rotation": {"angle": 0, "axis": "y", "origin": [8.90625, 1.5, -2.09375]},
			"faces": {
				"north": {"uv": [16, 1.75, 0, 3.875], "texture": "#4"},
				"east": {"uv": [16, 1.75, 0, 3.875], "texture": "#4"},
				"south": {"uv": [16, 1.75, 0, 3.875], "texture": "#4"},
				"west": {"uv": [16, 1.75, 0, 3.875], "texture": "#4"},
				"up": {"uv": [16, 1.75, 0, 3.875], "rotation": 90, "texture": "#4"},
				"down": {"uv": [16, 1.75, 0, 3.875], "rotation": 270, "texture": "#4"}
			}
		},
		{
			"from": [-16, 0, -0.09375],
			"to": [-10.46875, 25.125, 5.90625],
			"rotation": {"angle": 0, "axis": "y", "origin": [-23.21875, -8, -2.09375]},
			"faces": {
				"north": {"uv": [4, 0, 0, 16], "texture": "#4"},
				"east": {"uv": [4, 0, 0, 16], "texture": "#4"},
				"south": {"uv": [4, 0, 0, 16], "texture": "#4"},
				"west": {"uv": [4, 0, 0, 16], "texture": "#4"},
				"up": {"uv": [4, 0, 0, 16], "rotation": 90, "texture": "#4"},
				"down": {"uv": [4, 0, 0, 16], "rotation": 270, "texture": "#4"}
			}
		},
		{
			"from": [-10.46875, 23.25, 0.40625],
			"to": [25.53125, 25, 5.90625],
			"rotation": {"angle": 0, "axis": "y", "origin": [-23.21875, 1, -2.09375]},
			"faces": {
				"north": {"uv": [16, 1.75, 0, 3.875], "texture": "#4"},
				"east": {"uv": [16, 1.75, 0, 3.875], "texture": "#4"},
				"south": {"uv": [16, 1.75, 0, 3.875], "texture": "#4"},
				"west": {"uv": [16, 1.75, 0, 3.875], "texture": "#4"},
				"up": {"uv": [16, 1.75, 0, 3.875], "rotation": 90, "texture": "#4"},
				"down": {"uv": [16, 1.75, 0, 3.875], "rotation": 270, "texture": "#4"}
			}
		},
		{
			"from": [-10.59375, 0, 3.65625],
			"to": [-6.34375, 23.875, 5.90625],
			"rotation": {"angle": 0, "axis": "y", "origin": [-23.21875, -8, -2.09375]},
			"faces": {
				"north": {"uv": [2.875, 0, 0, 16], "texture": "#4"},
				"east": {"uv": [2.875, 0, 0, 16], "texture": "#4"},
				"south": {"uv": [2.875, 0, 0, 16], "texture": "#4"},
				"west": {"uv": [2.875, 0, 0, 16], "texture": "#4"},
				"up": {"uv": [2.875, 0, 0, 16], "rotation": 90, "texture": "#4"},
				"down": {"uv": [2.875, 0, 0, 16], "rotation": 270, "texture": "#4"}
			}
		},
		{
			"from": [21.53125, 0, 3.65625],
			"to": [25.78125, 24, 5.90625],
			"rotation": {"angle": 0, "axis": "y", "origin": [8.90625, -8, -2.09375]},
			"faces": {
				"north": {"uv": [2.875, 0, 0, 16], "texture": "#4"},
				"east": {"uv": [2.875, 0, 0, 16], "texture": "#4"},
				"south": {"uv": [2.875, 0, 0, 16], "texture": "#4"},
				"west": {"uv": [2.875, 0, 0, 16], "texture": "#4"},
				"up": {"uv": [2.875, 0, 0, 16], "rotation": 90, "texture": "#4"},
				"down": {"uv": [2.875, 0, 0, 16], "rotation": 270, "texture": "#4"}
			}
		},
		{
			"from": [-16, 26.25, -0.59375],
			"to": [31.53125, 30.125, 5.90625],
			"rotation": {"angle": 0, "axis": "y", "origin": [-23.21875, 0.375, -2.09375]},
			"faces": {
				"north": {"uv": [16, 0, 0, 16], "texture": "#3"},
				"east": {"uv": [16, 0, 0, 16], "texture": "#3"},
				"south": {"uv": [16, 0, 0, 16], "texture": "#3"},
				"west": {"uv": [16, 0, 0, 16], "texture": "#3"},
				"up": {"uv": [16, 0, 0, 16], "rotation": 90, "texture": "#3"},
				"down": {"uv": [16, 0, 0, 16], "rotation": 270, "texture": "#3"}
			}
		},
		{
			"from": [-16, 29.625, -5.84375],
			"to": [31.53125, 32, 0.15625],
			"rotation": {"angle": 0, "axis": "y", "origin": [-23.21875, 2.25, -2.09375]},
			"faces": {
				"north": {"uv": [16, 0, 0, 16], "texture": "#3"},
				"east": {"uv": [16, 0, 0, 16], "texture": "#3"},
				"south": {"uv": [16, 0, 0, 16], "texture": "#3"},
				"west": {"uv": [16, 0, 0, 16], "texture": "#3"},
				"up": {"uv": [16, 0, 0, 16], "rotation": 90, "texture": "#3"},
				"down": {"uv": [16, 0, 0, 16], "rotation": 270, "texture": "#3"}
			}
		},
		{
			"from": [-16, 29.5, 10.28125],
			"to": [31.53125, 32, 12.40625],
			"rotation": {"angle": -22.5, "axis": "x", "origin": [-23.21875, 1, 9.78125]},
			"faces": {
				"north": {"uv": [16, 3.625, 0, 5.625], "texture": "#4"},
				"east": {"uv": [16, 3.625, 0, 5.625], "texture": "#3"},
				"south": {"uv": [16, 3.625, 0, 5.625], "texture": "#4"},
				"west": {"uv": [16, 3.625, 0, 5.625], "texture": "#3"},
				"up": {"uv": [16, 3.625, 0, 5.625], "rotation": 90, "texture": "#4"},
				"down": {"uv": [16, 3.625, 0, 5.625], "rotation": 270, "texture": "#4"}
			}
		},
		{
			"from": [-3.25, 0, 11],
			"to": [18, 5.25, 15.625],
			"rotation": {"angle": -45, "axis": "y", "origin": [4.75, -8, 11.375]},
			"faces": {
				"north": {"uv": [0, 0, 2.625, 16], "rotation": 90, "texture": "#2"},
				"east": {"uv": [0, 0, 16, 16], "rotation": 90, "texture": "#1"},
				"south": {"uv": [0, 0, 2.625, 16], "rotation": 90, "texture": "#2"},
				"west": {"uv": [0, 0, 16, 16], "rotation": 90, "texture": "#1"},
				"up": {"uv": [0, 0, 2.625, 16], "rotation": 90, "texture": "#2"},
				"down": {"uv": [0, 0, 2.625, 16], "rotation": 90, "texture": "#2"}
			}
		},
		{
			"from": [10.75, 0, 7],
			"to": [15.375, 5.25, 28.25],
			"rotation": {"angle": 22.5, "axis": "y", "origin": [15, -8, 15]},
			"faces": {
				"north": {"uv": [0, 0, 16, 16], "rotation": 90, "texture": "#1"},
				"east": {"uv": [0, 0, 2.625, 16], "rotation": 90, "texture": "#2"},
				"south": {"uv": [0, 0, 16, 16], "rotation": 90, "texture": "#1"},
				"west": {"uv": [0, 0, 2.625, 16], "rotation": 90, "texture": "#2"},
				"up": {"uv": [0, 0, 2.625, 16], "rotation": 180, "texture": "#2"},
				"down": {"uv": [0, 0, 2.625, 16], "texture": "#2"}
			}
		},
		{
			"from": [-4.375, 5.375, 14.875],
			"to": [16.875, 10.625, 19.5],
			"rotation": {"angle": 45, "axis": "y", "origin": [3.625, -2.625, 15.25]},
			"faces": {
				"north": {"uv": [0, 0, 2.625, 16], "rotation": 90, "texture": "#2"},
				"east": {"uv": [0, 0, 16, 16], "rotation": 90, "texture": "#1"},
				"south": {"uv": [0, 0, 2.625, 16], "rotation": 90, "texture": "#2"},
				"west": {"uv": [0, 0, 16, 16], "rotation": 90, "texture": "#1"},
				"up": {"uv": [0, 0, 2.625, 16], "rotation": 90, "texture": "#2"},
				"down": {"uv": [0, 0, 2.625, 16], "rotation": 90, "texture": "#2"}
			}
		},
		{
			"from": [2.75, 5.375, 21.25],
			"to": [24, 10.625, 25.875],
			"rotation": {"angle": 22.5, "axis": "y", "origin": [10.75, -2.625, 21.625]},
			"faces": {
				"north": {"uv": [0, 0, 2.625, 16], "rotation": 90, "texture": "#2"},
				"east": {"uv": [0, 0, 16, 16], "rotation": 90, "texture": "#1"},
				"south": {"uv": [0, 0, 2.625, 16], "rotation": 90, "texture": "#2"},
				"west": {"uv": [0, 0, 16, 16], "rotation": 90, "texture": "#1"},
				"up": {"uv": [0, 0, 2.625, 16], "rotation": 90, "texture": "#2"},
				"down": {"uv": [0, 0, 2.625, 16], "rotation": 90, "texture": "#2"}
			}
		}
	],
	"display": {
		"thirdperson_righthand": {
			"rotation": [90, 90, 0],
			"translation": [-1.5, 0, -2.25],
			"scale": [0.15, 0.15, 0.15]
		},
		"thirdperson_lefthand": {
			"rotation": [90, 90, 0],
			"translation": [-1.5, 0, -2.25],
			"scale": [0.15, 0.15, 0.15]
		},
		"firstperson_righthand": {
			"rotation": [90, 90, 0],
			"translation": [-1.5, 0, -2.25],
			"scale": [0.15, 0.15, 0.15]
		},
		"firstperson_lefthand": {
			"rotation": [90, 90, 0],
			"translation": [-1.5, 0, -2.25],
			"scale": [0.15, 0.15, 0.15]
		},
		"ground": {
			"scale": [0.4, 0.4, 0.4]
		},
		"gui": {
			"rotation": [16, 156, 0],
			"translation": [-0.25, -1.5, 0],
			"scale": [0.23, 0.23, 0.23]
		},
		"fixed": {
			"rotation": [-90, 0, 0],
			"translation": [0, 0, -14],
			"scale": [2, 2, 2]
		}
	},
	"groups": [
		{
			"name": "group",
			"origin": [6.125, 1, 38.75],
			"color": 0,
			"children": [0, 1, 2, 3, 4, 5, 6, 7, 8, 9, 10, 11, 12, 13, 14, 15, 16, 17]
		},
		18,
		19,
		20,
		21
	]
}