{
	"credit": "ALTA Official CONTENT -- Do not use without credits !",
	"textures": {
		"0": "block/3d_objects/meubles_t1_props",
		"1": "block/piston_side",
		"particle": "block/3d_objects/meubles_t1_props"
	},
	"elements": [
		{
			"from": [0.96884, 10.64168, 7.1681],
			"to": [2.09384, 11.89168, 8.9181],
			"rotation": {"angle": 0, "axis": "y", "origin": [-7.90616, 5.89168, 15.1681]},
			"faces": {
				"north": {"uv": [0.032, 6.313, 5.782, 11.719], "texture": "#0"},
				"east": {"uv": [0.032, 6.313, 5.782, 11.719], "texture": "#0"},
				"south": {"uv": [0.032, 6.313, 5.782, 11.719], "texture": "#0"},
				"west": {"uv": [0.032, 6.313, 5.782, 11.719], "texture": "#0"},
				"up": {"uv": [0.032, 6.313, 5.782, 11.719], "rotation": 180, "texture": "#0"},
				"down": {"uv": [0.032, 6.313, 5.782, 11.719], "rotation": 180, "texture": "#0"}
			}
		},
		{
			"from": [0.59384, 9.64168, 7.1681],
			"to": [0.96884, 11.89168, 8.9181],
			"rotation": {"angle": 0, "axis": "y", "origin": [-7.90616, 5.89168, 15.1681]},
			"faces": {
				"north": {"uv": [0.032, 6.313, 5.782, 11.719], "texture": "#0"},
				"east": {"uv": [0.032, 6.313, 5.782, 11.719], "texture": "#0"},
				"south": {"uv": [0.032, 6.313, 5.782, 11.719], "texture": "#0"},
				"west": {"uv": [0.032, 6.313, 5.782, 11.719], "texture": "#0"},
				"up": {"uv": [0.032, 6.313, 5.782, 11.719], "rotation": 180, "texture": "#0"},
				"down": {"uv": [0.032, 6.313, 5.782, 11.719], "rotation": 180, "texture": "#0"}
			}
		},
		{
			"from": [0.96884, 11.26668, 7.1681],
			"to": [4.21884, 11.89168, 8.9181],
			"rotation": {"angle": 0, "axis": "y", "origin": [-7.90616, 5.89168, 15.1681]},
			"faces": {
				"north": {"uv": [0.032, 6.313, 5.782, 11.719], "texture": "#0"},
				"east": {"uv": [0.032, 6.313, 5.782, 11.719], "texture": "#0"},
				"south": {"uv": [0.032, 6.313, 5.782, 11.719], "texture": "#0"},
				"west": {"uv": [0.032, 6.313, 5.782, 11.719], "texture": "#0"},
				"up": {"uv": [0.032, 6.313, 5.782, 11.719], "rotation": 180, "texture": "#0"},
				"down": {"uv": [0.032, 6.313, 5.782, 11.719], "rotation": 180, "texture": "#0"}
			}
		},
		{
			"from": [3.84384, 10.76668, 7.4181],
			"to": [4.84384, 12.76668, 8.6681],
			"rotation": {"angle": 0, "axis": "y", "origin": [-7.90616, 5.89168, 15.1681]},
			"faces": {
				"north": {"uv": [0.032, 6.313, 5.782, 11.719], "texture": "#0"},
				"east": {"uv": [0.032, 6.313, 5.782, 11.719], "texture": "#0"},
				"south": {"uv": [0.032, 6.313, 5.782, 11.719], "texture": "#0"},
				"west": {"uv": [0.032, 6.313, 5.782, 11.719], "texture": "#0"},
				"up": {"uv": [0.032, 6.313, 5.782, 11.719], "rotation": 180, "texture": "#0"},
				"down": {"uv": [0.032, 6.313, 5.782, 11.719], "rotation": 180, "texture": "#0"}
			}
		},
		{
			"from": [-0.03116, 8.64168, 6.8556],
			"to": [0.59384, 12.26668, 9.2306],
			"rotation": {"angle": 0, "axis": "y", "origin": [-7.90616, 5.89168, 14.8556]},
			"faces": {
				"north": {"uv": [0.032, 6.313, 5.782, 11.719], "texture": "#0"},
				"east": {"uv": [0.032, 6.313, 5.782, 11.719], "texture": "#0"},
				"south": {"uv": [0.032, 6.313, 5.782, 11.719], "texture": "#0"},
				"west": {"uv": [0.032, 6.313, 5.782, 11.719], "texture": "#0"},
				"up": {"uv": [0.032, 6.313, 5.782, 11.719], "rotation": 180, "texture": "#0"},
				"down": {"uv": [0.032, 6.313, 5.782, 11.719], "rotation": 180, "texture": "#0"}
			}
		},
		{
			"from": [4.09384, 12.26668, 7.7931],
			"to": [4.59384, 13.01668, 8.2931],
			"rotation": {"angle": 0, "axis": "y", "origin": [-7.90616, 5.89168, 15.1681]},
			"faces": {
				"north": {"uv": [0.032, 6.313, 5.782, 11.719], "texture": "#0"},
				"east": {"uv": [0.032, 6.313, 5.782, 11.719], "texture": "#0"},
				"south": {"uv": [0.032, 6.313, 5.782, 11.719], "texture": "#0"},
				"west": {"uv": [0.032, 6.313, 5.782, 11.719], "texture": "#0"},
				"up": {"uv": [0.032, 6.313, 5.782, 11.719], "rotation": 180, "texture": "#0"},
				"down": {"uv": [0.032, 6.313, 5.782, 11.719], "rotation": 180, "texture": "#0"}
			}
		},
		{
			"from": [3.59384, 11.14168, 7.1681],
			"to": [5.09384, 12.26668, 8.9181],
			"rotation": {"angle": 0, "axis": "y", "origin": [-7.90616, 5.89168, 15.1681]},
			"faces": {
				"north": {"uv": [0.032, 6.313, 5.782, 11.719], "texture": "#0"},
				"east": {"uv": [0.032, 6.313, 5.782, 11.719], "texture": "#0"},
				"south": {"uv": [0.032, 6.313, 5.782, 11.719], "texture": "#0"},
				"west": {"uv": [0.032, 6.313, 5.782, 11.719], "texture": "#0"},
				"up": {"uv": [0.032, 6.313, 5.782, 11.719], "rotation": 180, "texture": "#0"},
				"down": {"uv": [0.032, 6.313, 5.782, 11.719], "rotation": 180, "texture": "#0"}
			}
		},
		{
			"from": [3.46884, 10.39168, 7.4181],
			"to": [5.21884, 10.76668, 8.6681],
			"rotation": {"angle": 0, "axis": "y", "origin": [-7.90616, 5.89168, 15.1681]},
			"faces": {
				"north": {"uv": [0.032, 6.313, 5.782, 11.719], "texture": "#0"},
				"east": {"uv": [0.032, 6.313, 5.782, 11.719], "texture": "#0"},
				"south": {"uv": [0.032, 6.313, 5.782, 11.719], "texture": "#0"},
				"west": {"uv": [0.032, 6.313, 5.782, 11.719], "texture": "#0"},
				"up": {"uv": [0.032, 6.313, 5.782, 11.719], "rotation": 180, "texture": "#0"},
				"down": {"uv": [0.032, 6.313, 5.782, 11.719], "rotation": 180, "texture": "#0"}
			}
		},
		{
			"from": [2.96884, 10.01668, 6.9181],
			"to": [5.71884, 10.39168, 9.1681],
			"rotation": {"angle": 0, "axis": "y", "origin": [-7.90616, 5.51668, 15.1681]},
			"faces": {
				"north": {"uv": [0.032, 6.313, 5.782, 11.719], "texture": "#0"},
				"east": {"uv": [0.032, 6.313, 5.782, 11.719], "texture": "#0"},
				"south": {"uv": [0.032, 6.313, 5.782, 11.719], "texture": "#0"},
				"west": {"uv": [0.032, 6.313, 5.782, 11.719], "texture": "#0"},
				"up": {"uv": [0.032, 6.313, 5.782, 11.719], "rotation": 180, "texture": "#0"},
				"down": {"uv": [0.032, 6.313, 5.782, 11.719], "rotation": 180, "texture": "#0"}
			}
		},
		{
			"from": [2.46884, 8.51668, 6.1681],
			"to": [2.59384, 9.14168, 9.7931],
			"rotation": {"angle": 0, "axis": "y", "origin": [-3.03116, 5.01668, -4.2069]},
			"faces": {
				"north": {"uv": [0.032, 6.313, 5.782, 11.719], "texture": "#0"},
				"east": {"uv": [0.032, 6.313, 5.782, 11.719], "texture": "#0"},
				"south": {"uv": [0.032, 6.313, 5.782, 11.719], "texture": "#0"},
				"west": {"uv": [0.032, 6.313, 5.782, 11.719], "texture": "#0"},
				"up": {"uv": [0.032, 6.313, 5.782, 11.719], "rotation": 180, "texture": "#0"},
				"down": {"uv": [0.032, 6.313, 5.782, 11.719], "rotation": 180, "texture": "#0"}
			}
		},
		{
			"from": [3.71884, 7.14168, 7.1681],
			"to": [7.09384, 7.64168, 8.9181],
			"rotation": {"angle": 22.5, "axis": "z", "origin": [-5.15616, 1.76668, 15.1681]},
			"faces": {
				"north": {"uv": [0.032, 6.313, 5.782, 11.719], "texture": "#0"},
				"east": {"uv": [0.032, 6.313, 5.782, 11.719], "texture": "#0"},
				"south": {"uv": [0.032, 6.313, 5.782, 11.719], "texture": "#0"},
				"west": {"uv": [0.032, 6.313, 5.782, 11.719], "texture": "#0"},
				"up": {"uv": [0.032, 6.313, 5.782, 11.719], "rotation": 180, "texture": "#0"},
				"down": {"uv": [0.032, 6.313, 5.782, 11.719], "rotation": 180, "texture": "#0"}
			}
		},
		{
			"from": [2.34384, 9.51668, 6.1681],
			"to": [6.21884, 9.64168, 9.7931],
			"rotation": {"angle": 0, "axis": "y", "origin": [-7.90616, 5.14168, 15.1681]},
			"faces": {
				"north": {"uv": [0.032, 6.313, 5.782, 11.719], "texture": "#0"},
				"east": {"uv": [0.032, 6.313, 5.782, 11.719], "texture": "#0"},
				"south": {"uv": [0.032, 6.313, 5.782, 11.719], "texture": "#0"},
				"west": {"uv": [0.032, 6.313, 5.782, 11.719], "texture": "#0"},
				"up": {"uv": [0.032, 6.313, 5.782, 11.719], "rotation": 180, "texture": "#0"},
				"down": {"uv": [0.032, 6.313, 5.782, 11.719], "rotation": 180, "texture": "#0"}
			}
		},
		{
			"from": [2.46884, 8.51668, 9.5431],
			"to": [6.09384, 9.14168, 9.6681],
			"rotation": {"angle": 0, "axis": "y", "origin": [-7.90616, 5.01668, 15.1681]},
			"faces": {
				"north": {"uv": [0.032, 6.313, 5.782, 11.719], "texture": "#0"},
				"east": {"uv": [0.032, 6.313, 5.782, 11.719], "texture": "#0"},
				"south": {"uv": [0.032, 6.313, 5.782, 11.719], "texture": "#0"},
				"west": {"uv": [0.032, 6.313, 5.782, 11.719], "texture": "#0"},
				"up": {"uv": [0.032, 6.313, 5.782, 11.719], "rotation": 180, "texture": "#0"},
				"down": {"uv": [0.032, 6.313, 5.782, 11.719], "rotation": 180, "texture": "#0"}
			}
		},
		{
			"from": [5.96884, 8.51668, 6.1681],
			"to": [6.09384, 9.14168, 9.7931],
			"rotation": {"angle": 0, "axis": "y", "origin": [0.46884, 5.01668, -4.2069]},
			"faces": {
				"north": {"uv": [0.032, 6.313, 5.782, 11.719], "texture": "#0"},
				"east": {"uv": [0.032, 6.313, 5.782, 11.719], "texture": "#0"},
				"south": {"uv": [0.032, 6.313, 5.782, 11.719], "texture": "#0"},
				"west": {"uv": [0.032, 6.313, 5.782, 11.719], "texture": "#0"},
				"up": {"uv": [0.032, 6.313, 5.782, 11.719], "rotation": 180, "texture": "#0"},
				"down": {"uv": [0.032, 6.313, 5.782, 11.719], "rotation": 180, "texture": "#0"}
			}
		},
		{
			"from": [2.71884, 9.64168, 6.6681],
			"to": [5.96884, 10.01668, 9.4181],
			"rotation": {"angle": 0, "axis": "y", "origin": [-7.90616, 5.14168, 15.1681]},
			"faces": {
				"north": {"uv": [0.032, 6.313, 5.782, 11.719], "texture": "#0"},
				"east": {"uv": [0.032, 6.313, 5.782, 11.719], "texture": "#0"},
				"south": {"uv": [0.032, 6.313, 5.782, 11.719], "texture": "#0"},
				"west": {"uv": [0.032, 6.313, 5.782, 11.719], "texture": "#0"},
				"up": {"uv": [0.032, 6.313, 5.782, 11.719], "rotation": 180, "texture": "#0"},
				"down": {"uv": [0.032, 6.313, 5.782, 11.719], "rotation": 180, "texture": "#0"}
			}
		},
		{
			"from": [3.96884, 13.01668, 7.6681],
			"to": [4.71884, 13.51668, 8.4181],
			"rotation": {"angle": 0, "axis": "y", "origin": [-7.90616, 6.64168, 15.1681]},
			"faces": {
				"north": {"uv": [0.032, 6.313, 5.782, 11.719], "texture": "#0"},
				"east": {"uv": [0.032, 6.313, 5.782, 11.719], "texture": "#0"},
				"south": {"uv": [0.032, 6.313, 5.782, 11.719], "texture": "#0"},
				"west": {"uv": [0.032, 6.313, 5.782, 11.719], "texture": "#0"},
				"up": {"uv": [0.032, 6.313, 5.782, 11.719], "rotation": 180, "texture": "#0"},
				"down": {"uv": [0.032, 6.313, 5.782, 11.719], "rotation": 180, "texture": "#0"}
			}
		},
		{
			"from": [2.46884, 8.51668, 6.2931],
			"to": [6.09384, 9.14168, 6.4181],
			"rotation": {"angle": 0, "axis": "y", "origin": [-7.90616, 5.01668, 11.9181]},
			"faces": {
				"north": {"uv": [0.032, 6.313, 5.782, 11.719], "texture": "#0"},
				"east": {"uv": [0.032, 6.313, 5.782, 11.719], "texture": "#0"},
				"south": {"uv": [0.032, 6.313, 5.782, 11.719], "texture": "#0"},
				"west": {"uv": [0.032, 6.313, 5.782, 11.719], "texture": "#0"},
				"up": {"uv": [0.032, 6.313, 5.782, 11.719], "rotation": 180, "texture": "#0"},
				"down": {"uv": [0.032, 6.313, 5.782, 11.719], "rotation": 180, "texture": "#0"}
			}
		},
		{
			"from": [1.71884, 9.14168, 5.6681],
			"to": [6.84384, 9.51668, 10.2931],
			"rotation": {"angle": 0, "axis": "y", "origin": [-7.90616, 5.01668, 15.1681]},
			"faces": {
				"north": {"uv": [0.032, 6.313, 5.782, 11.719], "texture": "#0"},
				"east": {"uv": [0.032, 6.313, 5.782, 11.719], "texture": "#0"},
				"south": {"uv": [0.032, 6.313, 5.782, 11.719], "texture": "#0"},
				"west": {"uv": [0.032, 6.313, 5.782, 11.719], "texture": "#0"},
				"up": {"uv": [0.032, 6.313, 5.782, 11.719], "rotation": 180, "texture": "#0"},
				"down": {"uv": [0.032, 6.313, 5.782, 11.719], "rotation": 180, "texture": "#0"}
			}
		},
		{
			"from": [5.59384, 5.01668, 6.5431],
			"to": [5.84384, 6.14168, 6.7931],
			"rotation": {"angle": 0, "axis": "y", "origin": [-8.28116, 1.64168, 1.1681]},
			"faces": {
				"north": {"uv": [0.032, 6.313, 5.782, 11.719], "texture": "#0"},
				"east": {"uv": [0.032, 6.313, 5.782, 11.719], "texture": "#0"},
				"south": {"uv": [0.032, 6.313, 5.782, 11.719], "texture": "#0"},
				"west": {"uv": [0.032, 6.313, 5.782, 11.719], "texture": "#0"},
				"up": {"uv": [0.032, 6.313, 5.782, 11.719], "rotation": 180, "texture": "#0"},
				"down": {"uv": [0.032, 6.313, 5.782, 11.719], "rotation": 180, "texture": "#0"}
			}
		},
		{
			"from": [5.46884, 3.89168, 6.6681],
			"to": [5.71884, 5.01668, 6.9181],
			"rotation": {"angle": 0, "axis": "y", "origin": [-8.40616, 0.51668, 1.2931]},
			"faces": {
				"north": {"uv": [0.032, 6.313, 5.782, 11.719], "texture": "#0"},
				"east": {"uv": [0.032, 6.313, 5.782, 11.719], "texture": "#0"},
				"south": {"uv": [0.032, 6.313, 5.782, 11.719], "texture": "#0"},
				"west": {"uv": [0.032, 6.313, 5.782, 11.719], "texture": "#0"},
				"up": {"uv": [0.032, 6.313, 5.782, 11.719], "rotation": 180, "texture": "#0"},
				"down": {"uv": [0.032, 6.313, 5.782, 11.719], "rotation": 180, "texture": "#0"}
			}
		},
		{
			"from": [5.71884, 6.14168, 6.4181],
			"to": [5.96884, 7.26668, 6.6681],
			"rotation": {"angle": 0, "axis": "y", "origin": [-8.15616, 2.76668, 1.0431]},
			"faces": {
				"north": {"uv": [0.032, 6.313, 5.782, 11.719], "texture": "#0"},
				"east": {"uv": [0.032, 6.313, 5.782, 11.719], "texture": "#0"},
				"south": {"uv": [0.032, 6.313, 5.782, 11.719], "texture": "#0"},
				"west": {"uv": [0.032, 6.313, 5.782, 11.719], "texture": "#0"},
				"up": {"uv": [0.032, 6.313, 5.782, 11.719], "rotation": 180, "texture": "#0"},
				"down": {"uv": [0.032, 6.313, 5.782, 11.719], "rotation": 180, "texture": "#0"}
			}
		},
		{
			"from": [5.84384, 7.26668, 6.2931],
			"to": [6.09384, 8.39168, 6.5431],
			"rotation": {"angle": 0, "axis": "y", "origin": [-8.03116, 3.89168, 0.9181]},
			"faces": {
				"north": {"uv": [0.032, 6.313, 5.782, 11.719], "texture": "#0"},
				"east": {"uv": [0.032, 6.313, 5.782, 11.719], "texture": "#0"},
				"south": {"uv": [0.032, 6.313, 5.782, 11.719], "texture": "#0"},
				"west": {"uv": [0.032, 6.313, 5.782, 11.719], "texture": "#0"},
				"up": {"uv": [0.032, 6.313, 5.782, 11.719], "rotation": 180, "texture": "#0"},
				"down": {"uv": [0.032, 6.313, 5.782, 11.719], "rotation": 180, "texture": "#0"}
			}
		},
		{
			"from": [5.96884, 8.39168, 6.1681],
			"to": [6.21884, 9.51668, 6.4181],
			"rotation": {"angle": 0, "axis": "y", "origin": [-7.90616, 5.01668, 0.7931]},
			"faces": {
				"north": {"uv": [0.032, 6.313, 5.782, 11.719], "texture": "#0"},
				"east": {"uv": [0.032, 6.313, 5.782, 11.719], "texture": "#0"},
				"south": {"uv": [0.032, 6.313, 5.782, 11.719], "texture": "#0"},
				"west": {"uv": [0.032, 6.313, 5.782, 11.719], "texture": "#0"},
				"up": {"uv": [0.032, 6.313, 5.782, 11.719], "rotation": 180, "texture": "#0"},
				"down": {"uv": [0.032, 6.313, 5.782, 11.719], "rotation": 180, "texture": "#0"}
			}
		},
		{
			"from": [2.71884, 5.01668, 6.5431],
			"to": [2.96884, 6.14168, 6.7931],
			"rotation": {"angle": 0, "axis": "y", "origin": [16.84384, 1.64168, 1.1681]},
			"faces": {
				"north": {"uv": [0.032, 6.313, 5.782, 11.719], "texture": "#0"},
				"east": {"uv": [0.032, 6.313, 5.782, 11.719], "texture": "#0"},
				"south": {"uv": [0.032, 6.313, 5.782, 11.719], "texture": "#0"},
				"west": {"uv": [0.032, 6.313, 5.782, 11.719], "texture": "#0"},
				"up": {"uv": [0.032, 6.313, 5.782, 11.719], "rotation": 180, "texture": "#0"},
				"down": {"uv": [0.032, 6.313, 5.782, 11.719], "rotation": 180, "texture": "#0"}
			}
		},
		{
			"from": [2.84384, 3.89168, 6.6681],
			"to": [3.09384, 5.01668, 6.9181],
			"rotation": {"angle": 0, "axis": "y", "origin": [16.96884, 0.51668, 1.2931]},
			"faces": {
				"north": {"uv": [0.032, 6.313, 5.782, 11.719], "texture": "#0"},
				"east": {"uv": [0.032, 6.313, 5.782, 11.719], "texture": "#0"},
				"south": {"uv": [0.032, 6.313, 5.782, 11.719], "texture": "#0"},
				"west": {"uv": [0.032, 6.313, 5.782, 11.719], "texture": "#0"},
				"up": {"uv": [0.032, 6.313, 5.782, 11.719], "rotation": 180, "texture": "#0"},
				"down": {"uv": [0.032, 6.313, 5.782, 11.719], "rotation": 180, "texture": "#0"}
			}
		},
		{
			"from": [2.59384, 6.14168, 6.4181],
			"to": [2.84384, 7.26668, 6.6681],
			"rotation": {"angle": 0, "axis": "y", "origin": [16.71884, 2.76668, 1.0431]},
			"faces": {
				"north": {"uv": [0.032, 6.313, 5.782, 11.719], "texture": "#0"},
				"east": {"uv": [0.032, 6.313, 5.782, 11.719], "texture": "#0"},
				"south": {"uv": [0.032, 6.313, 5.782, 11.719], "texture": "#0"},
				"west": {"uv": [0.032, 6.313, 5.782, 11.719], "texture": "#0"},
				"up": {"uv": [0.032, 6.313, 5.782, 11.719], "rotation": 180, "texture": "#0"},
				"down": {"uv": [0.032, 6.313, 5.782, 11.719], "rotation": 180, "texture": "#0"}
			}
		},
		{
			"from": [2.46884, 7.26668, 6.2931],
			"to": [2.71884, 8.39168, 6.5431],
			"rotation": {"angle": 0, "axis": "y", "origin": [16.59384, 3.89168, 0.9181]},
			"faces": {
				"north": {"uv": [0.032, 6.313, 5.782, 11.719], "texture": "#0"},
				"east": {"uv": [0.032, 6.313, 5.782, 11.719], "texture": "#0"},
				"south": {"uv": [0.032, 6.313, 5.782, 11.719], "texture": "#0"},
				"west": {"uv": [0.032, 6.313, 5.782, 11.719], "texture": "#0"},
				"up": {"uv": [0.032, 6.313, 5.782, 11.719], "rotation": 180, "texture": "#0"},
				"down": {"uv": [0.032, 6.313, 5.782, 11.719], "rotation": 180, "texture": "#0"}
			}
		},
		{
			"from": [2.34384, 8.39168, 6.1681],
			"to": [2.59384, 9.51668, 6.4181],
			"rotation": {"angle": 0, "axis": "y", "origin": [16.46884, 5.01668, 0.7931]},
			"faces": {
				"north": {"uv": [0.032, 6.313, 5.782, 11.719], "texture": "#0"},
				"east": {"uv": [0.032, 6.313, 5.782, 11.719], "texture": "#0"},
				"south": {"uv": [0.032, 6.313, 5.782, 11.719], "texture": "#0"},
				"west": {"uv": [0.032, 6.313, 5.782, 11.719], "texture": "#0"},
				"up": {"uv": [0.032, 6.313, 5.782, 11.719], "rotation": 180, "texture": "#0"},
				"down": {"uv": [0.032, 6.313, 5.782, 11.719], "rotation": 180, "texture": "#0"}
			}
		},
		{
			"from": [5.59384, 5.01668, 9.1681],
			"to": [5.84384, 6.14168, 9.4181],
			"rotation": {"angle": 0, "axis": "y", "origin": [-8.28116, 1.64168, 14.7931]},
			"faces": {
				"north": {"uv": [0.032, 6.313, 5.782, 11.719], "texture": "#0"},
				"east": {"uv": [0.032, 6.313, 5.782, 11.719], "texture": "#0"},
				"south": {"uv": [0.032, 6.313, 5.782, 11.719], "texture": "#0"},
				"west": {"uv": [0.032, 6.313, 5.782, 11.719], "texture": "#0"},
				"up": {"uv": [0.032, 6.313, 5.782, 11.719], "rotation": 180, "texture": "#0"},
				"down": {"uv": [0.032, 6.313, 5.782, 11.719], "rotation": 180, "texture": "#0"}
			}
		},
		{
			"from": [5.46884, 3.89168, 9.0431],
			"to": [5.71884, 5.01668, 9.2931],
			"rotation": {"angle": 0, "axis": "y", "origin": [-8.40616, 0.51668, 14.6681]},
			"faces": {
				"north": {"uv": [0.032, 6.313, 5.782, 11.719], "texture": "#0"},
				"east": {"uv": [0.032, 6.313, 5.782, 11.719], "texture": "#0"},
				"south": {"uv": [0.032, 6.313, 5.782, 11.719], "texture": "#0"},
				"west": {"uv": [0.032, 6.313, 5.782, 11.719], "texture": "#0"},
				"up": {"uv": [0.032, 6.313, 5.782, 11.719], "rotation": 180, "texture": "#0"},
				"down": {"uv": [0.032, 6.313, 5.782, 11.719], "rotation": 180, "texture": "#0"}
			}
		},
		{
			"from": [2.84384, 3.39168, 6.6681],
			"to": [5.71884, 3.89168, 9.2931],
			"rotation": {"angle": 0, "axis": "y", "origin": [-8.40616, 0.51668, 14.6681]},
			"faces": {
				"north": {"uv": [0.032, 6.313, 5.782, 11.719], "texture": "#0"},
				"east": {"uv": [0.032, 6.313, 5.782, 11.719], "texture": "#0"},
				"south": {"uv": [0.032, 6.313, 5.782, 11.719], "texture": "#0"},
				"west": {"uv": [0.032, 6.313, 5.782, 11.719], "texture": "#0"},
				"up": {"uv": [0.032, 6.313, 5.782, 11.719], "rotation": 180, "texture": "#0"},
				"down": {"uv": [0.032, 6.313, 5.782, 11.719], "rotation": 180, "texture": "#0"}
			}
		},
		{
			"from": [3.22134, 3.01418, 6.9706],
			"to": [5.46384, 3.44668, 9.0181],
			"rotation": {"angle": 0, "axis": "y", "origin": [-5.55366, -0.06082, 13.2106]},
			"faces": {
				"north": {"uv": [0.032, 6.313, 5.782, 11.719], "texture": "#0"},
				"east": {"uv": [0.032, 6.313, 5.782, 11.719], "texture": "#0"},
				"south": {"uv": [0.032, 6.313, 5.782, 11.719], "texture": "#0"},
				"west": {"uv": [0.032, 6.313, 5.782, 11.719], "texture": "#0"},
				"up": {"uv": [0.032, 6.313, 5.782, 11.719], "rotation": 180, "texture": "#0"},
				"down": {"uv": [0.032, 6.313, 5.782, 11.719], "rotation": 180, "texture": "#0"}
			}
		},
		{
			"from": [3.84634, 2.88918, 7.3456],
			"to": [4.96384, 3.44668, 8.6431],
			"rotation": {"angle": 0, "axis": "y", "origin": [-5.55366, -0.06082, 13.2106]},
			"faces": {
				"north": {"uv": [0.032, 6.313, 5.782, 11.719], "texture": "#0"},
				"east": {"uv": [0.032, 6.313, 5.782, 11.719], "texture": "#0"},
				"south": {"uv": [0.032, 6.313, 5.782, 11.719], "texture": "#0"},
				"west": {"uv": [0.032, 6.313, 5.782, 11.719], "texture": "#0"},
				"up": {"uv": [0.032, 6.313, 5.782, 11.719], "rotation": 180, "texture": "#0"},
				"down": {"uv": [0.032, 6.313, 5.782, 11.719], "rotation": 180, "texture": "#0"}
			}
		},
		{
			"from": [4.09634, 2.51418, 7.5956],
			"to": [4.71384, 3.44668, 8.3931],
			"rotation": {"angle": 0, "axis": "y", "origin": [-5.55366, -0.06082, 13.2106]},
			"faces": {
				"north": {"uv": [0.032, 6.313, 5.782, 11.719], "texture": "#0"},
				"east": {"uv": [0.032, 6.313, 5.782, 11.719], "texture": "#0"},
				"south": {"uv": [0.032, 6.313, 5.782, 11.719], "texture": "#0"},
				"west": {"uv": [0.032, 6.313, 5.782, 11.719], "texture": "#0"},
				"up": {"uv": [0.032, 6.313, 5.782, 11.719], "rotation": 180, "texture": "#0"},
				"down": {"uv": [0.032, 6.313, 5.782, 11.719], "rotation": 180, "texture": "#0"}
			}
		},
		{
			"from": [5.71884, 6.14168, 9.2931],
			"to": [5.96884, 7.26668, 9.5431],
			"rotation": {"angle": 0, "axis": "y", "origin": [-8.15616, 2.76668, 14.9181]},
			"faces": {
				"north": {"uv": [0.032, 6.313, 5.782, 11.719], "texture": "#0"},
				"east": {"uv": [0.032, 6.313, 5.782, 11.719], "texture": "#0"},
				"south": {"uv": [0.032, 6.313, 5.782, 11.719], "texture": "#0"},
				"west": {"uv": [0.032, 6.313, 5.782, 11.719], "texture": "#0"},
				"up": {"uv": [0.032, 6.313, 5.782, 11.719], "rotation": 180, "texture": "#0"},
				"down": {"uv": [0.032, 6.313, 5.782, 11.719], "rotation": 180, "texture": "#0"}
			}
		},
		{
			"from": [5.84384, 7.26668, 9.4181],
			"to": [6.09384, 8.39168, 9.6681],
			"rotation": {"angle": 0, "axis": "y", "origin": [-8.03116, 3.89168, 15.0431]},
			"faces": {
				"north": {"uv": [0.032, 6.313, 5.782, 11.719], "texture": "#0"},
				"east": {"uv": [0.032, 6.313, 5.782, 11.719], "texture": "#0"},
				"south": {"uv": [0.032, 6.313, 5.782, 11.719], "texture": "#0"},
				"west": {"uv": [0.032, 6.313, 5.782, 11.719], "texture": "#0"},
				"up": {"uv": [0.032, 6.313, 5.782, 11.719], "rotation": 180, "texture": "#0"},
				"down": {"uv": [0.032, 6.313, 5.782, 11.719], "rotation": 180, "texture": "#0"}
			}
		},
		{
			"from": [5.96884, 8.39168, 9.5431],
			"to": [6.21884, 9.51668, 9.7931],
			"rotation": {"angle": 0, "axis": "y", "origin": [-7.90616, 5.01668, 15.1681]},
			"faces": {
				"north": {"uv": [0.032, 6.313, 5.782, 11.719], "texture": "#0"},
				"east": {"uv": [0.032, 6.313, 5.782, 11.719], "texture": "#0"},
				"south": {"uv": [0.032, 6.313, 5.782, 11.719], "texture": "#0"},
				"west": {"uv": [0.032, 6.313, 5.782, 11.719], "texture": "#0"},
				"up": {"uv": [0.032, 6.313, 5.782, 11.719], "rotation": 180, "texture": "#0"},
				"down": {"uv": [0.032, 6.313, 5.782, 11.719], "rotation": 180, "texture": "#0"}
			}
		},
		{
			"from": [2.71884, 5.01668, 9.1681],
			"to": [2.96884, 6.14168, 9.4181],
			"rotation": {"angle": 0, "axis": "y", "origin": [16.84384, 1.64168, 14.7931]},
			"faces": {
				"north": {"uv": [0.032, 6.313, 5.782, 11.719], "texture": "#0"},
				"east": {"uv": [0.032, 6.313, 5.782, 11.719], "texture": "#0"},
				"south": {"uv": [0.032, 6.313, 5.782, 11.719], "texture": "#0"},
				"west": {"uv": [0.032, 6.313, 5.782, 11.719], "texture": "#0"},
				"up": {"uv": [0.032, 6.313, 5.782, 11.719], "rotation": 180, "texture": "#0"},
				"down": {"uv": [0.032, 6.313, 5.782, 11.719], "rotation": 180, "texture": "#0"}
			}
		},
		{
			"from": [2.84384, 3.89168, 9.0431],
			"to": [3.09384, 5.01668, 9.2931],
			"rotation": {"angle": 0, "axis": "y", "origin": [16.96884, 0.51668, 14.6681]},
			"faces": {
				"north": {"uv": [0.032, 6.313, 5.782, 11.719], "texture": "#0"},
				"east": {"uv": [0.032, 6.313, 5.782, 11.719], "texture": "#0"},
				"south": {"uv": [0.032, 6.313, 5.782, 11.719], "texture": "#0"},
				"west": {"uv": [0.032, 6.313, 5.782, 11.719], "texture": "#0"},
				"up": {"uv": [0.032, 6.313, 5.782, 11.719], "rotation": 180, "texture": "#0"},
				"down": {"uv": [0.032, 6.313, 5.782, 11.719], "rotation": 180, "texture": "#0"}
			}
		},
		{
			"from": [2.59384, 6.14168, 9.2931],
			"to": [2.84384, 7.26668, 9.5431],
			"rotation": {"angle": 0, "axis": "y", "origin": [16.71884, 2.76668, 14.9181]},
			"faces": {
				"north": {"uv": [0.032, 6.313, 5.782, 11.719], "texture": "#0"},
				"east": {"uv": [0.032, 6.313, 5.782, 11.719], "texture": "#0"},
				"south": {"uv": [0.032, 6.313, 5.782, 11.719], "texture": "#0"},
				"west": {"uv": [0.032, 6.313, 5.782, 11.719], "texture": "#0"},
				"up": {"uv": [0.032, 6.313, 5.782, 11.719], "rotation": 180, "texture": "#0"},
				"down": {"uv": [0.032, 6.313, 5.782, 11.719], "rotation": 180, "texture": "#0"}
			}
		},
		{
			"from": [2.46884, 7.26668, 9.4181],
			"to": [2.71884, 8.39168, 9.6681],
			"rotation": {"angle": 0, "axis": "y", "origin": [16.59384, 3.89168, 15.0431]},
			"faces": {
				"north": {"uv": [0.032, 6.313, 5.782, 11.719], "texture": "#0"},
				"east": {"uv": [0.032, 6.313, 5.782, 11.719], "texture": "#0"},
				"south": {"uv": [0.032, 6.313, 5.782, 11.719], "texture": "#0"},
				"west": {"uv": [0.032, 6.313, 5.782, 11.719], "texture": "#0"},
				"up": {"uv": [0.032, 6.313, 5.782, 11.719], "rotation": 180, "texture": "#0"},
				"down": {"uv": [0.032, 6.313, 5.782, 11.719], "rotation": 180, "texture": "#0"}
			}
		},
		{
			"from": [2.34384, 8.39168, 9.5431],
			"to": [2.59384, 9.51668, 9.7931],
			"rotation": {"angle": 0, "axis": "y", "origin": [16.46884, 5.01668, 15.1681]},
			"faces": {
				"north": {"uv": [0.032, 6.313, 5.782, 11.719], "texture": "#0"},
				"east": {"uv": [0.032, 6.313, 5.782, 11.719], "texture": "#0"},
				"south": {"uv": [0.032, 6.313, 5.782, 11.719], "texture": "#0"},
				"west": {"uv": [0.032, 6.313, 5.782, 11.719], "texture": "#0"},
				"up": {"uv": [0.032, 6.313, 5.782, 11.719], "rotation": 180, "texture": "#0"},
				"down": {"uv": [0.032, 6.313, 5.782, 11.719], "rotation": 180, "texture": "#0"}
			}
		},
		{
			"from": [1.46884, 11.14168, 7.1681],
			"to": [2.59384, 11.64168, 8.9181],
			"rotation": {"angle": 0, "axis": "y", "origin": [-7.40616, 5.89168, 15.1681]},
			"faces": {
				"north": {"uv": [0.032, 6.313, 5.782, 11.719], "texture": "#0"},
				"east": {"uv": [0.032, 6.313, 5.782, 11.719], "texture": "#0"},
				"south": {"uv": [0.032, 6.313, 5.782, 11.719], "texture": "#0"},
				"west": {"uv": [0.032, 6.313, 5.782, 11.719], "texture": "#0"},
				"up": {"uv": [0.032, 6.313, 5.782, 11.719], "rotation": 180, "texture": "#0"},
				"down": {"uv": [0.032, 6.313, 5.782, 11.719], "rotation": 180, "texture": "#0"}
			}
		},
		{
			"from": [3.46884, 6.51668, 7.1681],
			"to": [4.96884, 9.14168, 8.7931],
			"rotation": {"angle": 0, "axis": "y", "origin": [-4.65616, 14.51668, -0.3319]},
			"faces": {
				"north": {"uv": [0, 0, 16, 16], "texture": "#1"},
				"east": {"uv": [0, 0, 16, 16], "texture": "#1"},
				"south": {"uv": [0, 0, 16, 16], "texture": "#1"},
				"west": {"uv": [0, 0, 16, 16], "texture": "#1"},
				"up": {"uv": [0, 0, 16, 16], "rotation": 180, "texture": "#1"},
				"down": {"uv": [0, 0, 16, 16], "rotation": 180, "texture": "#1"}
			}
		}
	],
	"display": {
		"gui": {
			"rotation": [10, 45, 0],
			"translation": [-2.5, -2.5, 0]
		}
	},
	"groups": [
		{
			"name": "group",
			"origin": [19, 7.125, 20.25],
			"children": [0, 1, 2, 3, 4, 5, 6, 7, 8, 9, 10, 11, 12, 13, 14, 15, 16, 17,
				{
					"name": "group",
					"origin": [24.375, 2.625, 1.375],
					"children": [18, 19, 20, 21, 22]
				},
				{
					"name": "group",
					"origin": [24.375, 2.625, 1.375],
					"children": [23, 24, 25, 26, 27]
				},
				{
					"name": "group",
					"origin": [24.375, 2.625, 1.375],
					"children": [28, 29, 30, 31, 32, 33, 34, 35, 36]
				},
				{
					"name": "group",
					"origin": [24.375, 2.625, 1.375],
					"children": [37, 38, 39, 40, 41]
				}, 42,
				{
					"name": "group",
					"origin": [8, 8, 8],
					"children": [43]
				}
			]
		}
	]
}