{
	"credit": "Made with Blockbench",
	"textures": {
		"0": "block/3d/carton/face1_carton",
		"1": "block/3d/carton/face2_carton",
		"particle": "block/3d/carton/face1_carton"
	},
	"elements": [
		{
			"from": [8, 0, 1],
			"to": [15, 7, 15],
			"faces": {
				"north": {"uv": [0, 2.25, 15.75, 14.8125], "rotation": 270, "texture": "#1"},
				"east": {"uv": [0.375, 3.375, 15.75, 13.1875], "texture": "#0"},
				"south": {"uv": [0, 2.25, 15.75, 14.875], "texture": "#1"},
				"west": {"uv": [0.375, 3.375, 15.75, 13.1875], "rotation": 180, "texture": "#0"},
				"up": {"uv": [0.375, 3.375, 15.75, 13.1875], "rotation": 270, "texture": "#0"},
				"down": {"uv": [0.375, 3.375, 15.75, 13.1875], "rotation": 90, "texture": "#0"}
			}
		},
		{
			"from": [0, 0, 1],
			"to": [7, 7, 15],
			"faces": {
				"north": {"uv": [0, 2.25, 15.75, 14.875], "rotation": 270, "texture": "#1"},
				"east": {"uv": [0.375, 3.375, 15.75, 13.1875], "rotation": 180, "texture": "#0"},
				"south": {"uv": [0, 2.25, 15.75, 14.8125], "texture": "#1"},
				"west": {"uv": [0.375, 3.375, 15.75, 13.1875], "texture": "#0"},
				"up": {"uv": [0.375, 3.375, 15.75, 13.1875], "rotation": 90, "texture": "#0"},
				"down": {"uv": [0.375, 3.375, 15.75, 13.1875], "rotation": 270, "texture": "#0"}
			}
		},
		{
			"from": [4, 7, 1],
			"to": [11, 14, 15],
			"rotation": {"angle": 22.5, "axis": "y", "origin": [8, 8, 8]},
			"faces": {
				"north": {"uv": [0, 2.25, 15.75, 14.8125], "rotation": 270, "texture": "#1"},
				"east": {"uv": [0.375, 3.375, 15.75, 13.1875], "texture": "#0"},
				"south": {"uv": [0, 2.25, 15.75, 14.875], "texture": "#1"},
				"west": {"uv": [0.375, 3.375, 15.75, 13.1875], "rotation": 180, "texture": "#0"},
				"up": {"uv": [0.375, 3.375, 15.75, 13.1875], "rotation": 270, "texture": "#0"},
				"down": {"uv": [0.375, 3.375, 15.75, 13.1875], "rotation": 90, "texture": "#0"}
			}
		}
	],
	"display": {
		"gui": {
			"rotation": [11, 18, 0],
			"translation": [0.5, 0, 0],
			"scale": [0.62, 0.65, 0.75]
		},
		"firstperson_lefthand": {
			"scale": [0, 0, 0]
		},
		"firstperson_righthand": {
			"scale": [0, 0, 0]
		}
	}
}