{
	"credit": "Made with Blockbench",
	"textures": {
		"1": "block/3d/plaque_t1",
		"2": "block/acacia_planks"
	},
	"elements": [
		{
			"from": [15.75, 5, 3.5],
			"to": [16, 10, 12.5],
			"faces": {
				"north": {"uv": [0, 0, 16, 16], "texture": "#2"},
				"east": {"uv": [0, 0, 16, 16], "texture": "#2"},
				"south": {"uv": [0, 0, 16, 16], "texture": "#2"},
				"west": {"uv": [0.344, 4.157, 15.657, 11.843], "texture": "#1"},
				"up": {"uv": [0, 0, 16, 16], "rotation": 270, "texture": "#2"},
				"down": {"uv": [0, 0, 16, 16], "rotation": 90, "texture": "#2"}
			}
		}
	],
	"display": {
		"firstperson_righthand": {
			"scale": [0, 0, 0]
		},
		"firstperson_lefthand": {
			"scale": [0, 0, 0]
		},
		"gui": {
			"rotation": [0, 90, 0],
			"scale": [1.2, 1.2, 1.2]
		}
	}
}