{
	"credit": "ALTA Official CONTENT -- Do not use without credits !",
	"textures": {
		"0": "block/anvil_top",
		"2": "block/3d/metal",
		"3": "block/3d/stone",
		"4": "block/mossy_cobblestone",
		"particle": "block/anvil_top"
	},
	"elements": [
		{
			"from": [-9.40561, 8.5, 6.375],
			"to": [-8.90561, 9.25, 7.5],
			"rotation": {"angle": -45, "axis": "x", "origin": [-1.53061, 16.5, 9.5]},
			"faces": {
				"north": {"uv": [2.25, 0.25, 13.75, 15.75], "texture": "#2"},
				"east": {"uv": [2.25, 0.25, 13.75, 15.75], "texture": "#2"},
				"south": {"uv": [2.25, 0.25, 13.75, 15.75], "texture": "#2"},
				"west": {"uv": [2.25, 0.25, 13.75, 15.75], "texture": "#2"},
				"up": {"uv": [2.25, 0.25, 13.75, 15.75], "texture": "#2"},
				"down": {"uv": [2.25, 0.25, 13.75, 15.75], "texture": "#2"}
			}
		},
		{
			"from": [-9.53061, 11.875, 16.5],
			"to": [-8.78061, 23, 17.5],
			"rotation": {"angle": 22.5, "axis": "x", "origin": [-1.53061, 19.875, 9.375]},
			"faces": {
				"north": {"uv": [2.25, 0.25, 13.75, 15.75], "rotation": 90, "texture": "#0"},
				"east": {"uv": [2.25, 0.25, 13.75, 15.75], "rotation": 90, "texture": "#0"},
				"south": {"uv": [2.25, 0.25, 13.75, 15.75], "rotation": 90, "texture": "#0"},
				"west": {"uv": [2.25, 0.25, 13.75, 15.75], "rotation": 90, "texture": "#0"},
				"up": {"uv": [2.25, 0.25, 13.75, 15.75], "rotation": 90, "texture": "#0"},
				"down": {"uv": [2.25, 0.25, 13.75, 15.75], "rotation": 90, "texture": "#0"}
			}
		},
		{
			"from": [-9.53061, 8.5, 1],
			"to": [-8.78061, 9.25, 13.125],
			"rotation": {"angle": 0, "axis": "y", "origin": [-1.53061, 16.5, 9.5]},
			"faces": {
				"north": {"uv": [2.25, 0.25, 13.75, 15.75], "texture": "#0"},
				"east": {"uv": [2.25, 0.25, 13.75, 15.75], "texture": "#0"},
				"south": {"uv": [2.25, 0.25, 13.75, 15.75], "texture": "#0"},
				"west": {"uv": [2.25, 0.25, 13.75, 15.75], "texture": "#0"},
				"up": {"uv": [2.25, 0.25, 13.75, 15.75], "texture": "#0"},
				"down": {"uv": [2.25, 0.25, 13.75, 15.75], "texture": "#0"}
			}
		},
		{
			"from": [-9.53061, 10, 7],
			"to": [-8.78061, 14.25, 7.375],
			"rotation": {"angle": 45, "axis": "x", "origin": [-1.53061, 14.5, -0.625]},
			"faces": {
				"north": {"uv": [2.25, 0.25, 13.75, 15.75], "rotation": 90, "texture": "#0"},
				"east": {"uv": [2.25, 0.25, 13.75, 15.75], "rotation": 90, "texture": "#0"},
				"south": {"uv": [2.25, 0.25, 13.75, 15.75], "rotation": 90, "texture": "#0"},
				"west": {"uv": [2.25, 0.25, 13.75, 15.75], "rotation": 90, "texture": "#0"},
				"up": {"uv": [2.25, 0.25, 13.75, 15.75], "rotation": 90, "texture": "#0"},
				"down": {"uv": [2.25, 0.25, 13.75, 15.75], "rotation": 90, "texture": "#0"}
			}
		},
		{
			"from": [-9.53061, 7.75, -1],
			"to": [-8.78061, 8.125, 3.875],
			"rotation": {"angle": -22.5, "axis": "x", "origin": [-1.53061, 15.75, 3.5]},
			"faces": {
				"north": {"uv": [2.25, 0.25, 13.75, 15.75], "texture": "#0"},
				"east": {"uv": [2.25, 0.25, 13.75, 15.75], "texture": "#0"},
				"south": {"uv": [2.25, 0.25, 13.75, 15.75], "texture": "#0"},
				"west": {"uv": [2.25, 0.25, 13.75, 15.75], "texture": "#0"},
				"up": {"uv": [2.25, 0.25, 13.75, 15.75], "texture": "#0"},
				"down": {"uv": [2.25, 0.25, 13.75, 15.75], "texture": "#0"}
			}
		},
		{
			"from": [-9.53061, 7.75, 10.25],
			"to": [-8.78061, 8.125, 15.125],
			"rotation": {"angle": 22.5, "axis": "x", "origin": [-1.53061, 15.75, 10.625]},
			"faces": {
				"north": {"uv": [2.25, 0.25, 13.75, 15.75], "texture": "#0"},
				"east": {"uv": [2.25, 0.25, 13.75, 15.75], "texture": "#0"},
				"south": {"uv": [2.25, 0.25, 13.75, 15.75], "texture": "#0"},
				"west": {"uv": [2.25, 0.25, 13.75, 15.75], "texture": "#0"},
				"up": {"uv": [2.25, 0.25, 13.75, 15.75], "texture": "#0"},
				"down": {"uv": [2.25, 0.25, 13.75, 15.75], "texture": "#0"}
			}
		},
		{
			"from": [-9.53061, 10, 6.625],
			"to": [-8.78061, 14.25, 7],
			"rotation": {"angle": -45, "axis": "x", "origin": [-1.53061, 14.5, 14.625]},
			"faces": {
				"north": {"uv": [2.25, 0.25, 13.75, 15.75], "rotation": 90, "texture": "#0"},
				"east": {"uv": [2.25, 0.25, 13.75, 15.75], "rotation": 90, "texture": "#0"},
				"south": {"uv": [2.25, 0.25, 13.75, 15.75], "rotation": 90, "texture": "#0"},
				"west": {"uv": [2.25, 0.25, 13.75, 15.75], "rotation": 90, "texture": "#0"},
				"up": {"uv": [2.25, 0.25, 13.75, 15.75], "rotation": 90, "texture": "#0"},
				"down": {"uv": [2.25, 0.25, 13.75, 15.75], "rotation": 90, "texture": "#0"}
			}
		},
		{
			"from": [-9.53061, 2.125, 1.75],
			"to": [-8.78061, 12.125, 2.5],
			"rotation": {"angle": 22.5, "axis": "x", "origin": [-1.53061, 8.5, -5.5]},
			"faces": {
				"north": {"uv": [2.25, 0.25, 13.75, 15.75], "rotation": 90, "texture": "#0"},
				"east": {"uv": [2.25, 0.25, 13.75, 15.75], "rotation": 90, "texture": "#0"},
				"south": {"uv": [2.25, 0.25, 13.75, 15.75], "rotation": 90, "texture": "#0"},
				"west": {"uv": [2.25, 0.25, 13.75, 15.75], "rotation": 90, "texture": "#0"},
				"up": {"uv": [2.25, 0.25, 13.75, 15.75], "rotation": 90, "texture": "#0"},
				"down": {"uv": [2.25, 0.25, 13.75, 15.75], "rotation": 90, "texture": "#0"}
			}
		},
		{
			"from": [-9.53061, 2.125, 11.625],
			"to": [-8.78061, 12.125, 12.375],
			"rotation": {"angle": -22.5, "axis": "x", "origin": [-1.53061, 8.5, 19.625]},
			"faces": {
				"north": {"uv": [2.25, 0.25, 13.75, 15.75], "rotation": 90, "texture": "#0"},
				"east": {"uv": [2.25, 0.25, 13.75, 15.75], "rotation": 90, "texture": "#0"},
				"south": {"uv": [2.25, 0.25, 13.75, 15.75], "rotation": 90, "texture": "#0"},
				"west": {"uv": [2.25, 0.25, 13.75, 15.75], "rotation": 90, "texture": "#0"},
				"up": {"uv": [2.25, 0.25, 13.75, 15.75], "rotation": 90, "texture": "#0"},
				"down": {"uv": [2.25, 0.25, 13.75, 15.75], "rotation": 90, "texture": "#0"}
			}
		},
		{
			"from": [24.71939, 8.5, 6.375],
			"to": [25.21939, 9.25, 7.5],
			"rotation": {"angle": -45, "axis": "x", "origin": [17.34439, 16.5, 9.5]},
			"faces": {
				"north": {"uv": [2.25, 0.25, 13.75, 15.75], "texture": "#2"},
				"east": {"uv": [2.25, 0.25, 13.75, 15.75], "texture": "#2"},
				"south": {"uv": [2.25, 0.25, 13.75, 15.75], "texture": "#2"},
				"west": {"uv": [2.25, 0.25, 13.75, 15.75], "texture": "#2"},
				"up": {"uv": [2.25, 0.25, 13.75, 15.75], "texture": "#2"},
				"down": {"uv": [2.25, 0.25, 13.75, 15.75], "texture": "#2"}
			}
		},
		{
			"from": [-11.90561, 20, 17.125],
			"to": [27.84439, 22, 17.75],
			"rotation": {"angle": 22.5, "axis": "x", "origin": [17.34439, 22.125, 10.375]},
			"faces": {
				"north": {"uv": [2.25, 0.25, 13.75, 15.75], "rotation": 270, "texture": "#3"},
				"east": {"uv": [2.25, 0.25, 13.75, 15.75], "rotation": 270, "texture": "#3"},
				"south": {"uv": [2.25, 0.25, 13.75, 15.75], "rotation": 270, "texture": "#3"},
				"west": {"uv": [2.25, 0.25, 13.75, 15.75], "rotation": 270, "texture": "#3"},
				"up": {"uv": [2.25, 0.25, 13.75, 15.75], "rotation": 270, "texture": "#3"},
				"down": {"uv": [2.25, 0.25, 13.75, 15.75], "rotation": 270, "texture": "#3"}
			}
		},
		{
			"from": [-11.90561, 17.125, 17.125],
			"to": [27.84439, 19.25, 17.75],
			"rotation": {"angle": 22.5, "axis": "x", "origin": [17.34439, 22.125, 10.375]},
			"faces": {
				"north": {"uv": [6.75, 0, 16, 15.75], "rotation": 270, "texture": "#3"},
				"east": {"uv": [6.75, 0, 16, 15.75], "rotation": 270, "texture": "#3"},
				"south": {"uv": [6.75, 0, 16, 15.75], "rotation": 270, "texture": "#3"},
				"west": {"uv": [6.75, 0, 16, 15.75], "rotation": 270, "texture": "#3"},
				"up": {"uv": [6.75, 0, 16, 15.75], "rotation": 270, "texture": "#3"},
				"down": {"uv": [6.75, 0, 16, 15.75], "rotation": 270, "texture": "#3"}
			}
		},
		{
			"from": [-11.90561, 14.375, 17.125],
			"to": [27.84439, 16.375, 17.75],
			"rotation": {"angle": 22.5, "axis": "x", "origin": [17.34439, 22.125, 10.375]},
			"faces": {
				"north": {"uv": [0, 0, 9.25, 15.75], "rotation": 270, "texture": "#3"},
				"east": {"uv": [0, 0, 9.25, 15.75], "rotation": 270, "texture": "#3"},
				"south": {"uv": [0, 0, 9.25, 15.75], "rotation": 270, "texture": "#3"},
				"west": {"uv": [0, 0, 9.25, 15.75], "rotation": 270, "texture": "#3"},
				"up": {"uv": [0, 0, 9.25, 15.75], "rotation": 270, "texture": "#3"},
				"down": {"uv": [0, 0, 9.25, 15.75], "rotation": 270, "texture": "#3"}
			}
		},
		{
			"from": [-11.90561, 11.875, 16.125],
			"to": [27.84439, 13.875, 16.75],
			"rotation": {"angle": 22.5, "axis": "x", "origin": [17.34439, 19.875, 9.375]},
			"faces": {
				"north": {"uv": [2.25, 0, 11.5, 15.75], "rotation": 270, "texture": "#3"},
				"east": {"uv": [2.25, 0, 11.5, 15.75], "rotation": 270, "texture": "#3"},
				"south": {"uv": [2.25, 0, 11.5, 15.75], "rotation": 270, "texture": "#3"},
				"west": {"uv": [2.25, 0, 11.5, 15.75], "rotation": 270, "texture": "#3"},
				"up": {"uv": [2.25, 0, 11.5, 15.75], "rotation": 270, "texture": "#3"},
				"down": {"uv": [2.25, 0, 11.5, 15.75], "rotation": 270, "texture": "#3"}
			}
		},
		{
			"name": "cube2",
			"from": [24.59439, 8.5, 1],
			"to": [25.34439, 9.25, 13.125],
			"rotation": {"angle": 0, "axis": "y", "origin": [17.34439, 16.5, 9.5]},
			"faces": {
				"north": {"uv": [2.25, 0.25, 13.75, 15.75], "texture": "#0"},
				"east": {"uv": [2.25, 0.25, 13.75, 15.75], "texture": "#0"},
				"south": {"uv": [2.25, 0.25, 13.75, 15.75], "texture": "#0"},
				"west": {"uv": [2.25, 0.25, 13.75, 15.75], "texture": "#0"},
				"up": {"uv": [2.25, 0.25, 13.75, 15.75], "texture": "#0"},
				"down": {"uv": [2.25, 0.25, 13.75, 15.75], "texture": "#0"}
			}
		},
		{
			"from": [24.59439, 10, 7],
			"to": [25.34439, 14.25, 7.375],
			"rotation": {"angle": 45, "axis": "x", "origin": [17.34439, 14.5, -0.625]},
			"faces": {
				"north": {"uv": [2.25, 0.25, 13.75, 15.75], "rotation": 270, "texture": "#0"},
				"east": {"uv": [2.25, 0.25, 13.75, 15.75], "rotation": 270, "texture": "#0"},
				"south": {"uv": [2.25, 0.25, 13.75, 15.75], "rotation": 270, "texture": "#0"},
				"west": {"uv": [2.25, 0.25, 13.75, 15.75], "rotation": 270, "texture": "#0"},
				"up": {"uv": [2.25, 0.25, 13.75, 15.75], "rotation": 270, "texture": "#0"},
				"down": {"uv": [2.25, 0.25, 13.75, 15.75], "rotation": 270, "texture": "#0"}
			}
		},
		{
			"from": [24.59439, 7.75, -1],
			"to": [25.34439, 8.125, 3.875],
			"rotation": {"angle": -22.5, "axis": "x", "origin": [17.34439, 15.75, 3.5]},
			"faces": {
				"north": {"uv": [2.25, 0.25, 13.75, 15.75], "texture": "#0"},
				"east": {"uv": [2.25, 0.25, 13.75, 15.75], "texture": "#0"},
				"south": {"uv": [2.25, 0.25, 13.75, 15.75], "texture": "#0"},
				"west": {"uv": [2.25, 0.25, 13.75, 15.75], "texture": "#0"},
				"up": {"uv": [2.25, 0.25, 13.75, 15.75], "texture": "#0"},
				"down": {"uv": [2.25, 0.25, 13.75, 15.75], "texture": "#0"}
			}
		},
		{
			"from": [24.59439, 7.75, 10.25],
			"to": [25.34439, 8.125, 15.125],
			"rotation": {"angle": 22.5, "axis": "x", "origin": [17.34439, 15.75, 10.625]},
			"faces": {
				"north": {"uv": [2.25, 0.25, 13.75, 15.75], "texture": "#0"},
				"east": {"uv": [2.25, 0.25, 13.75, 15.75], "texture": "#0"},
				"south": {"uv": [2.25, 0.25, 13.75, 15.75], "texture": "#0"},
				"west": {"uv": [2.25, 0.25, 13.75, 15.75], "texture": "#0"},
				"up": {"uv": [2.25, 0.25, 13.75, 15.75], "texture": "#0"},
				"down": {"uv": [2.25, 0.25, 13.75, 15.75], "texture": "#0"}
			}
		},
		{
			"from": [24.59439, 10, 6.625],
			"to": [25.34439, 14.25, 7],
			"rotation": {"angle": -45, "axis": "x", "origin": [17.34439, 14.5, 14.625]},
			"faces": {
				"north": {"uv": [2.25, 0.25, 13.75, 15.75], "rotation": 270, "texture": "#0"},
				"east": {"uv": [2.25, 0.25, 13.75, 15.75], "rotation": 270, "texture": "#0"},
				"south": {"uv": [2.25, 0.25, 13.75, 15.75], "rotation": 270, "texture": "#0"},
				"west": {"uv": [2.25, 0.25, 13.75, 15.75], "rotation": 270, "texture": "#0"},
				"up": {"uv": [2.25, 0.25, 13.75, 15.75], "rotation": 270, "texture": "#0"},
				"down": {"uv": [2.25, 0.25, 13.75, 15.75], "rotation": 270, "texture": "#0"}
			}
		},
		{
			"from": [24.59439, 2.25, 1.75],
			"to": [25.34439, 12.125, 2.5],
			"rotation": {"angle": 22.5, "axis": "x", "origin": [17.34439, 8.5, -5.5]},
			"faces": {
				"north": {"uv": [2.25, 0.25, 13.75, 15.75], "rotation": 270, "texture": "#0"},
				"east": {"uv": [2.25, 0.25, 13.75, 15.75], "rotation": 270, "texture": "#0"},
				"south": {"uv": [2.25, 0.25, 13.75, 15.75], "rotation": 270, "texture": "#0"},
				"west": {"uv": [2.25, 0.25, 13.75, 15.75], "rotation": 270, "texture": "#0"},
				"up": {"uv": [2.25, 0.25, 13.75, 15.75], "rotation": 270, "texture": "#0"},
				"down": {"uv": [2.25, 0.25, 13.75, 15.75], "rotation": 270, "texture": "#0"}
			}
		},
		{
			"from": [24.59439, 2, 11.625],
			"to": [25.34439, 12.125, 12.375],
			"rotation": {"angle": -22.5, "axis": "x", "origin": [17.34439, 8.5, 19.625]},
			"faces": {
				"north": {"uv": [2.25, 0.25, 13.75, 15.75], "rotation": 270, "texture": "#0"},
				"east": {"uv": [2.25, 0.25, 13.75, 15.75], "rotation": 270, "texture": "#0"},
				"south": {"uv": [2.25, 0.25, 13.75, 15.75], "rotation": 270, "texture": "#0"},
				"west": {"uv": [2.25, 0.25, 13.75, 15.75], "rotation": 270, "texture": "#0"},
				"up": {"uv": [2.25, 0.25, 13.75, 15.75], "rotation": 270, "texture": "#0"},
				"down": {"uv": [2.25, 0.25, 13.75, 15.75], "rotation": 270, "texture": "#0"}
			}
		},
		{
			"from": [7.75, 8.5, 6.375],
			"to": [8.25, 9.25, 7.5],
			"rotation": {"angle": -45, "axis": "x", "origin": [0.375, 16.5, 9.5]},
			"faces": {
				"north": {"uv": [2.25, 0.25, 13.75, 15.75], "texture": "#2"},
				"east": {"uv": [2.25, 0.25, 13.75, 15.75], "texture": "#2"},
				"south": {"uv": [2.25, 0.25, 13.75, 15.75], "texture": "#2"},
				"west": {"uv": [2.25, 0.25, 13.75, 15.75], "texture": "#2"},
				"up": {"uv": [2.25, 0.25, 13.75, 15.75], "texture": "#2"},
				"down": {"uv": [2.25, 0.25, 13.75, 15.75], "texture": "#2"}
			}
		},
		{
			"from": [7.625, 11.875, 16.5],
			"to": [8.375, 23, 17.5],
			"rotation": {"angle": 22.5, "axis": "x", "origin": [0.375, 19.875, 9.375]},
			"faces": {
				"north": {"uv": [2.25, 0.25, 13.75, 15.75], "rotation": 270, "texture": "#0"},
				"east": {"uv": [2.25, 0.25, 13.75, 15.75], "rotation": 270, "texture": "#0"},
				"south": {"uv": [2.25, 0.25, 13.75, 15.75], "rotation": 270, "texture": "#0"},
				"west": {"uv": [2.25, 0.25, 13.75, 15.75], "rotation": 270, "texture": "#0"},
				"up": {"uv": [2.25, 0.25, 13.75, 15.75], "rotation": 270, "texture": "#0"},
				"down": {"uv": [2.25, 0.25, 13.75, 15.75], "rotation": 270, "texture": "#0"}
			}
		},
		{
			"from": [7.625, 8.5, 1],
			"to": [8.375, 9.25, 13.125],
			"rotation": {"angle": 0, "axis": "y", "origin": [0.375, 16.5, 9.5]},
			"faces": {
				"north": {"uv": [2.25, 0.25, 13.75, 15.75], "texture": "#0"},
				"east": {"uv": [2.25, 0.25, 13.75, 15.75], "texture": "#0"},
				"south": {"uv": [2.25, 0.25, 13.75, 15.75], "texture": "#0"},
				"west": {"uv": [2.25, 0.25, 13.75, 15.75], "texture": "#0"},
				"up": {"uv": [2.25, 0.25, 13.75, 15.75], "texture": "#0"},
				"down": {"uv": [2.25, 0.25, 13.75, 15.75], "texture": "#0"}
			}
		},
		{
			"from": [-11.875, 9.25, 9.25],
			"to": [27.875, 9.75, 11.25],
			"rotation": {"angle": 0, "axis": "y", "origin": [-2.375, 16.5, 7.625]},
			"faces": {
				"north": {"uv": [0, 0, 9.25, 15.75], "rotation": 270, "texture": "#3"},
				"east": {"uv": [0, 0, 9.25, 15.75], "rotation": 270, "texture": "#3"},
				"south": {"uv": [0, 0, 9.25, 15.75], "rotation": 270, "texture": "#3"},
				"west": {"uv": [0, 0, 9.25, 15.75], "rotation": 270, "texture": "#3"},
				"up": {"uv": [0, 0, 9.25, 15.75], "rotation": 270, "texture": "#3"},
				"down": {"uv": [0, 0, 9.25, 15.75], "rotation": 270, "texture": "#3"}
			}
		},
		{
			"from": [-11.875, 9.25, 6.625],
			"to": [27.875, 9.75, 8.625],
			"rotation": {"angle": 0, "axis": "y", "origin": [-2.375, 16.5, 5]},
			"faces": {
				"north": {"uv": [6.75, 0.25, 16, 16], "rotation": 270, "texture": "#3"},
				"east": {"uv": [6.75, 0.25, 16, 16], "rotation": 270, "texture": "#3"},
				"south": {"uv": [6.75, 0.25, 16, 16], "rotation": 270, "texture": "#3"},
				"west": {"uv": [6.75, 0.25, 16, 16], "rotation": 270, "texture": "#3"},
				"up": {"uv": [6.75, 0.25, 16, 16], "rotation": 270, "texture": "#3"},
				"down": {"uv": [6.75, 0.25, 16, 16], "rotation": 270, "texture": "#3"}
			}
		},
		{
			"from": [-11.875, 9.25, 4],
			"to": [27.875, 9.75, 6],
			"rotation": {"angle": 0, "axis": "y", "origin": [-2.375, 16.5, 2.375]},
			"faces": {
				"north": {"uv": [2.25, 0, 11.5, 15.75], "rotation": 270, "texture": "#3"},
				"east": {"uv": [2.25, 0, 11.5, 15.75], "rotation": 270, "texture": "#3"},
				"south": {"uv": [2.25, 0, 11.5, 15.75], "rotation": 270, "texture": "#3"},
				"west": {"uv": [2.25, 0, 11.5, 15.75], "rotation": 270, "texture": "#3"},
				"up": {"uv": [2.25, 0, 11.5, 15.75], "rotation": 270, "texture": "#3"},
				"down": {"uv": [2.25, 0, 11.5, 15.75], "rotation": 270, "texture": "#3"}
			}
		},
		{
			"from": [-11.875, 9.25, 1.5],
			"to": [27.875, 9.75, 3.5],
			"rotation": {"angle": 0, "axis": "y", "origin": [-2.375, 16.5, -0.125]},
			"faces": {
				"north": {"uv": [4.75, 0, 14, 15.75], "rotation": 270, "texture": "#3"},
				"east": {"uv": [4.75, 0, 14, 15.75], "rotation": 270, "texture": "#3"},
				"south": {"uv": [4.75, 0, 14, 15.75], "rotation": 270, "texture": "#3"},
				"west": {"uv": [4.75, 0, 14, 15.75], "rotation": 270, "texture": "#3"},
				"up": {"uv": [4.75, 0, 14, 15.75], "rotation": 270, "texture": "#3"},
				"down": {"uv": [4.75, 0, 14, 15.75], "rotation": 270, "texture": "#3"}
			}
		},
		{
			"from": [24.59439, 11.875, 16.5],
			"to": [25.34439, 23, 17.5],
			"rotation": {"angle": 22.5, "axis": "x", "origin": [17.34439, 19.875, 9.375]},
			"faces": {
				"north": {"uv": [3.875, 0.375, 10.75, 16], "texture": "#0"},
				"east": {"uv": [3.875, 0.375, 10.75, 16], "texture": "#0"},
				"south": {"uv": [3.875, 0.375, 10.75, 16], "texture": "#0"},
				"west": {"uv": [3.875, 0.375, 10.75, 16], "texture": "#0"},
				"up": {"uv": [3.875, 0.375, 10.75, 16], "texture": "#0"},
				"down": {"uv": [3.875, 0.375, 10.75, 16], "texture": "#0"}
			}
		},
		{
			"from": [-10.0625, 0, -1.25],
			"to": [26.0625, 0.125, 16],
			"rotation": {"angle": 0, "axis": "y", "origin": [8.0625, 8, 8]},
			"faces": {
				"north": {"uv": [0.375, 5, 15.625, 15.75], "texture": "#4"},
				"east": {"uv": [0.375, 5, 15.625, 15.75], "texture": "#4"},
				"south": {"uv": [0.375, 5, 15.625, 15.75], "texture": "#4"},
				"west": {"uv": [0.375, 5, 15.625, 15.75], "texture": "#4"},
				"up": {"uv": [0.375, 5, 15.625, 15.75], "texture": "#4"},
				"down": {"uv": [0.375, 5, 15.625, 15.75], "texture": "#4"}
			}
		}
	],
	"display": {
		"thirdperson_righthand": {
			"rotation": [75, 0, -10],
			"translation": [-5.75, -5.25, 1],
			"scale": [0.5, 0.5, 0.5]
		},
		"thirdperson_lefthand": {
			"scale": [0.35, 0.35, 0.38]
		},
		"firstperson_righthand": {
			"scale": [0, 0, 0]
		},
		"firstperson_lefthand": {
			"scale": [0, 0, 0]
		},
		"gui": {
			"rotation": [9, 134, 0],
			"translation": [-0.25, -0.5, 0],
			"scale": [0.38, 0.39, 0.37]
		},
		"fixed": {
			"rotation": [-90, 0, 0],
			"translation": [0, 2.75, -14.5],
			"scale": [2, 2, 2]
		}
	},
	"groups": [
		{
			"name": "cote",
			"origin": [8, 8, 8],
			"children": [0, 1, 2, 3, 4, 5, 6, 7, 8,
				{
					"name": "group",
					"origin": [8, 8, 8],
					"children": [9, 10, 11, 12, 13, 14, 15, 16, 17, 18, 19, 20]
				},
				{
					"name": "group",
					"origin": [8, 8, 8],
					"children": [21, 22, 23]
				}
			]
		},
		{
			"name": "group",
			"origin": [8, 8, 8],
			"children": [24, 25, 26, 27, 28]
		}, 29]
}