{
	"credit": "ALTA Official CONTENT -- Do not use without credits !",
	"textures": {
		"0": "block/black_glazed_terracotta",
		"1": "block/dirt",
		"8": "block/nether_bricks",
		"particle": "block/black_glazed_terracotta"
	},
	"elements": [
		{
			"from": [-14.875, 18, -0.875],
			"to": [28.375, 18.5, -0.375],
			"rotation": {"angle": 0, "axis": "y", "origin": [23.5, 8, -8.375]},
			"faces": {
				"north": {"uv": [0, 0, 16, 1.25], "texture": "#0"},
				"east": {"uv": [0, 0, 16, 1.25], "texture": "#0"},
				"south": {"uv": [0, 0, 16, 1.25], "texture": "#0"},
				"west": {"uv": [0, 0, 16, 1.25], "texture": "#0"},
				"up": {"uv": [0, 0, 16, 1.25], "texture": "#0"},
				"down": {"uv": [0, 0, 16, 1.25], "texture": "#0"}
			}
		},
		{
			"from": [-15.125, 0, -1.125],
			"to": [0.875, 18, 16],
			"rotation": {"angle": 0, "axis": "y", "origin": [10.375, 8, 8]},
			"faces": {
				"north": {"uv": [0, 16, 16, 0], "rotation": 90, "texture": "#0"},
				"east": {"uv": [0, 16, 16, 0], "rotation": 90, "texture": "#0"},
				"south": {"uv": [0, 16, 16, 0], "rotation": 90, "texture": "#0"},
				"west": {"uv": [0, 16, 16, 0], "rotation": 90, "texture": "#0"},
				"up": {"uv": [16, 0, 0, 16], "rotation": 90, "texture": "#1"},
				"down": {"uv": [16, 0, 0, 16], "rotation": 90, "texture": "#0"}
			}
		},
		{
			"from": [0.875, 0, -1.125],
			"to": [16.875, 18, 16],
			"rotation": {"angle": 0, "axis": "y", "origin": [26.375, 8, 8]},
			"faces": {
				"north": {"uv": [0, 16, 16, 0], "rotation": 90, "texture": "#0"},
				"east": {"uv": [0, 16, 16, 0], "rotation": 90, "texture": "#0"},
				"south": {"uv": [0, 16, 16, 0], "rotation": 90, "texture": "#0"},
				"west": {"uv": [0, 16, 16, 0], "rotation": 90, "texture": "#0"},
				"up": {"uv": [16, 0, 0, 16], "rotation": 90, "texture": "#1"},
				"down": {"uv": [16, 0, 0, 16], "rotation": 90, "texture": "#0"}
			}
		},
		{
			"from": [16.875, 0, -1.125],
			"to": [28.875, 18, 16],
			"rotation": {"angle": 0, "axis": "y", "origin": [38.375, 8, 8]},
			"faces": {
				"north": {"uv": [0, 16, 16, 0], "rotation": 90, "texture": "#0"},
				"east": {"uv": [0, 16, 16, 0], "rotation": 90, "texture": "#0"},
				"south": {"uv": [0, 16, 16, 0], "rotation": 90, "texture": "#0"},
				"west": {"uv": [0, 16, 16, 0], "rotation": 90, "texture": "#0"},
				"up": {"uv": [16, 0, 0, 10.75], "rotation": 90, "texture": "#1"},
				"down": {"uv": [16, 0, 0, 16], "rotation": 90, "texture": "#0"}
			}
		},
		{
			"from": [-15.375, 0, 16],
			"to": [1.75, 19.375, 16.625],
			"rotation": {"angle": 0, "axis": "y", "origin": [-7.375, 8, 8]},
			"faces": {
				"north": {"uv": [0, 0, 16, 16], "texture": "#8"},
				"east": {"uv": [0, 0, 16, 16], "texture": "#8"},
				"south": {"uv": [0, 0, 16, 16], "texture": "#8"},
				"west": {"uv": [0, 0, 16, 16], "texture": "#8"},
				"up": {"uv": [0, 0, 16, 16], "texture": "#8"},
				"down": {"uv": [0, 0, 16, 16], "texture": "#8"}
			}
		},
		{
			"from": [1.75, 0, 16],
			"to": [18.875, 19.375, 16.625],
			"rotation": {"angle": 0, "axis": "y", "origin": [9.75, 8, 8]},
			"faces": {
				"north": {"uv": [0, 0, 16, 16], "texture": "#8"},
				"east": {"uv": [0, 0, 16, 16], "texture": "#8"},
				"south": {"uv": [0, 0, 16, 16], "texture": "#8"},
				"west": {"uv": [0, 0, 16, 16], "texture": "#8"},
				"up": {"uv": [0, 0, 16, 16], "texture": "#8"},
				"down": {"uv": [0, 0, 16, 16], "texture": "#8"}
			}
		},
		{
			"from": [18.75, 0, 16],
			"to": [29.5, 19.375, 16.625],
			"rotation": {"angle": 0, "axis": "y", "origin": [35.375, 8, 8]},
			"faces": {
				"north": {"uv": [0, 0, 16, 16], "texture": "#8"},
				"east": {"uv": [0, 0, 16, 16], "texture": "#8"},
				"south": {"uv": [0, 0, 16, 16], "texture": "#8"},
				"west": {"uv": [0, 0, 16, 16], "texture": "#8"},
				"up": {"uv": [0, 0, 16, 16], "texture": "#8"},
				"down": {"uv": [0, 0, 16, 16], "texture": "#8"}
			}
		},
		{
			"from": [-15.375, 0, -1.5],
			"to": [-13.25, 19.375, -0.875],
			"rotation": {"angle": 0, "axis": "y", "origin": [-7.375, 8, 7.125]},
			"faces": {
				"north": {"uv": [0, 0, 3.75, 16], "texture": "#8"},
				"east": {"uv": [0, 0, 3.75, 16], "texture": "#8"},
				"south": {"uv": [0, 0, 3.75, 16], "texture": "#8"},
				"west": {"uv": [0, 0, 3.75, 16], "texture": "#8"},
				"up": {"uv": [0, 0, 3.75, 16], "texture": "#8"},
				"down": {"uv": [0, 0, 3.75, 16], "texture": "#8"}
			}
		},
		{
			"from": [14, 0, -1.5],
			"to": [28.875, 19.375, -0.875],
			"rotation": {"angle": 0, "axis": "y", "origin": [20.875, 8, 7.125]},
			"faces": {
				"north": {"uv": [0, 0, 16, 16], "texture": "#8"},
				"east": {"uv": [0, 0, 16, 16], "texture": "#8"},
				"south": {"uv": [0, 0, 16, 16], "texture": "#8"},
				"west": {"uv": [0, 0, 16, 16], "texture": "#8"},
				"up": {"uv": [0, 0, 16, 16], "texture": "#8"},
				"down": {"uv": [0, 0, 16, 16], "texture": "#8"}
			}
		},
		{
			"from": [-0.875, 0, -1.5],
			"to": [14, 19.375, -0.875],
			"rotation": {"angle": 0, "axis": "y", "origin": [6, 8, 7.125]},
			"faces": {
				"north": {"uv": [0, 0, 16, 16], "texture": "#8"},
				"east": {"uv": [0, 0, 16, 16], "texture": "#8"},
				"south": {"uv": [0, 0, 16, 16], "texture": "#8"},
				"west": {"uv": [0, 0, 16, 16], "texture": "#8"},
				"up": {"uv": [0, 0, 16, 16], "texture": "#8"},
				"down": {"uv": [0, 0, 16, 16], "texture": "#8"}
			}
		},
		{
			"from": [-13.25, 0, -1.5],
			"to": [-0.75, 19.375, -0.875],
			"rotation": {"angle": 0, "axis": "y", "origin": [-6.25, 8, 7.125]},
			"faces": {
				"north": {"uv": [0, 0, 16, 16], "texture": "#8"},
				"east": {"uv": [0, 0, 16, 16], "texture": "#8"},
				"south": {"uv": [0, 0, 16, 16], "texture": "#8"},
				"west": {"uv": [0, 0, 16, 16], "texture": "#8"},
				"up": {"uv": [0, 0, 16, 16], "texture": "#8"},
				"down": {"uv": [0, 0, 16, 16], "texture": "#8"}
			}
		},
		{
			"from": [-16, 0, 1.25],
			"to": [-15.375, 19.375, 16.625],
			"rotation": {"angle": 0, "axis": "y", "origin": [-7.375, 8, 21.875]},
			"faces": {
				"north": {"uv": [0, 0, 16, 16], "texture": "#8"},
				"east": {"uv": [0, 0, 16, 16], "texture": "#8"},
				"south": {"uv": [0, 0, 16, 16], "texture": "#8"},
				"west": {"uv": [0, 0, 16, 16], "texture": "#8"},
				"up": {"uv": [0, 0, 16, 16], "texture": "#8"},
				"down": {"uv": [0, 0, 16, 16], "texture": "#8"}
			}
		},
		{
			"from": [-16, 0, -1.5],
			"to": [-15.375, 19.375, 1.25],
			"rotation": {"angle": 0, "axis": "y", "origin": [-7.375, 8, -6.75]},
			"faces": {
				"north": {"uv": [7.25, 0, 12.25, 16], "texture": "#8"},
				"east": {"uv": [7.25, 0, 12.25, 16], "texture": "#8"},
				"south": {"uv": [7.25, 0, 12.25, 16], "texture": "#8"},
				"west": {"uv": [7.25, 0, 12.25, 16], "texture": "#8"},
				"up": {"uv": [7.25, 0, 12.25, 16], "texture": "#8"},
				"down": {"uv": [7.25, 0, 12.25, 16], "texture": "#8"}
			}
		},
		{
			"from": [28.875, 0, -1.5],
			"to": [29.5, 19.375, 1.25],
			"rotation": {"angle": 0, "axis": "y", "origin": [20.875, 8, -6.75]},
			"faces": {
				"north": {"uv": [0, 0, 16, 16], "texture": "#8"},
				"east": {"uv": [0, 0, 16, 16], "texture": "#8"},
				"south": {"uv": [0, 0, 16, 16], "texture": "#8"},
				"west": {"uv": [0, 0, 16, 16], "texture": "#8"},
				"up": {"uv": [0, 0, 16, 16], "texture": "#8"},
				"down": {"uv": [0, 0, 16, 16], "texture": "#8"}
			}
		},
		{
			"from": [28.875, 0, 1.125],
			"to": [29.5, 19.375, 16.625],
			"rotation": {"angle": 0, "axis": "y", "origin": [20.875, 8, 21.875]},
			"faces": {
				"north": {"uv": [0, 0, 16, 16], "texture": "#8"},
				"east": {"uv": [0, 0, 16, 16], "texture": "#8"},
				"south": {"uv": [0, 0, 16, 16], "texture": "#8"},
				"west": {"uv": [0, 0, 16, 16], "texture": "#8"},
				"up": {"uv": [0, 0, 16, 16], "texture": "#8"},
				"down": {"uv": [0, 0, 16, 16], "texture": "#8"}
			}
		},
		{
			"from": [-15.25, 18, -0.875],
			"to": [-14.75, 18.5, 16],
			"rotation": {"angle": 0, "axis": "y", "origin": [-7.25, 8, 8]},
			"faces": {
				"north": {"uv": [0, 0, 16, 1.25], "rotation": 90, "texture": "#0"},
				"east": {"uv": [0, 0, 16, 1.25], "rotation": 90, "texture": "#0"},
				"south": {"uv": [0, 0, 16, 1.25], "rotation": 90, "texture": "#0"},
				"west": {"uv": [0, 0, 16, 1.25], "rotation": 90, "texture": "#0"},
				"up": {"uv": [0, 0, 16, 1.25], "rotation": 90, "texture": "#0"},
				"down": {"uv": [0, 0, 16, 1.25], "rotation": 90, "texture": "#0"}
			}
		},
		{
			"from": [28.375, 18, -0.875],
			"to": [28.875, 18.5, 16],
			"rotation": {"angle": 0, "axis": "y", "origin": [36.375, 8, 8]},
			"faces": {
				"north": {"uv": [0, 0, 16, 1.25], "rotation": 90, "texture": "#0"},
				"east": {"uv": [0, 0, 16, 1.25], "rotation": 90, "texture": "#0"},
				"south": {"uv": [0, 0, 16, 1.25], "rotation": 90, "texture": "#0"},
				"west": {"uv": [0, 0, 16, 1.25], "rotation": 90, "texture": "#0"},
				"up": {"uv": [0, 0, 16, 1.25], "rotation": 90, "texture": "#0"},
				"down": {"uv": [0, 0, 16, 1.25], "rotation": 90, "texture": "#0"}
			}
		},
		{
			"from": [-14.875, 18, 15.5],
			"to": [28.5, 18.5, 16],
			"rotation": {"angle": 0, "axis": "y", "origin": [23.5, 8, 8]},
			"faces": {
				"north": {"uv": [0, 0, 16, 1.25], "texture": "#0"},
				"east": {"uv": [0, 0, 16, 1.25], "texture": "#0"},
				"south": {"uv": [0, 0, 16, 1.25], "texture": "#0"},
				"west": {"uv": [0, 0, 16, 1.25], "texture": "#0"},
				"up": {"uv": [0, 0, 16, 1.25], "texture": "#0"},
				"down": {"uv": [0, 0, 16, 1.25], "texture": "#0"}
			}
		}
	],
	"display": {
		"thirdperson_righthand": {
			"rotation": [90, 0, 0],
			"translation": [-6.565, -0.5, 7],
			"scale": [0.6, 0.6, 0.6]
		},
		"thirdperson_lefthand": {
			"rotation": [90, 0, 0],
			"translation": [-6.565, -0.5, 7],
			"scale": [0.6, 0.6, 0.6]
		},
		"firstperson_righthand": {
			"translation": [0, 3, 0],
			"scale": [0, 0, 0]
		},
		"firstperson_lefthand": {
			"translation": [0, 3, 0],
			"scale": [0, 0, 0]
		},
		"ground": {
			"translation": [0, 2, 0],
			"scale": [0.4, 0.4, 0.4]
		},
		"gui": {
			"rotation": [17, -45, 0],
			"translation": [0, -2, 0],
			"scale": [0.29, 0.32, 0.3]
		},
		"head": {
			"translation": [0, -13, 0],
			"scale": [1.3, 1.3, 1.3]
		},
		"fixed": {
			"translation": [0, -4, -15],
			"scale": [1.6, 1.6, 1.6]
		}
	},
	"groups": [
		{
			"name": "group",
			"origin": [23.5, 8, 8],
			"children": [0, 1, 2, 3, 4, 5, 6, 7, 8, 9, 10, 11, 12, 13, 14, 15, 16, 17]
		}
	]
}