{
    "__comment": "Designed by Nidhogg for AMBERSTONE",
	"variants": {
        "has_bottle_0=false,has_bottle_1=false,has_bottle_2=false": { "model": "block/bs_traffic_cone" },
        "has_bottle_0=true,has_bottle_1=false,has_bottle_2=false": { "model": "block/bs_bedside_lamp" },
        "has_bottle_0=false,has_bottle_1=true,has_bottle_2=false": { "model": "block/bs_bar_table" },
        "has_bottle_0=false,has_bottle_1=false,has_bottle_2=true": { "model": "block/bs_seat" },
        "has_bottle_0=true,has_bottle_1=true,has_bottle_2=false": { "model": "block/bs_trash" },
        "has_bottle_0=true,has_bottle_1=false,has_bottle_2=true": { "model": "block/bs_docking_pad" },
        "has_bottle_0=false,has_bottle_1=true,has_bottle_2=true": { "model": "block/bs_umbrella" },
        "has_bottle_0=true,has_bottle_1=true,has_bottle_2=true": { "model": "block/bs_chain" }
    }
}
