{
    "multipart": [
        {   "apply": { "model": "3d/addon/vide22" }},
        {   "when": { "level": "1" },
            "apply": { "model": "block/composter1" }
        },
        {   "when": { "level": "2" },
            "apply": { "model": "block/composter2" }
        },
        {   "when": { "level": "3" },
            "apply": { "model": "block/composter3" }
        },
        {   "when": { "level": "4" },
            "apply": { "model": "block/composter4" }
        },
        {   "when": { "level": "5" },
            "apply": { "model": "block/composter5" }
        },
        {   "when": { "level": "6" },
            "apply": { "model": "block/composter6" }
        },
        {   "when": { "level": "7" },
            "apply": { "model": "block/composter7" }
        },
        {   "when": { "level": "8" },
            "apply": { "model": "block/composter_contents_ready" }
        }
    ]
}
