{
	"credit": "ALTA Official CONTENT -- Do not use without credits !",
	"textures": {
		"0": "block/Updates/2.75/chariot1",
		"1": "block/3d/carton/face1_carton",
		"2": "block/acacia_planks",
		"3": "block/3d/metal",
		"particle": "block/Updates/2.75/chariot1"
	},
	"elements": [
		{
			"from": [1.25, -13.375, -5.25],
			"to": [14.875, -6.375, 21.25],
			"rotation": {"angle": 0, "axis": "y", "origin": [9.25, -5.375, 7.875]},
			"faces": {
				"north": {"uv": [4, 2.625, 11, 5.5], "texture": "#0"},
				"east": {"uv": [9, 3.75, 10.5, 5], "texture": "#0"},
				"south": {"uv": [3.875, 2.5, 11, 5.625], "texture": "#0"},
				"west": {"uv": [9, 3.75, 10.5, 5], "texture": "#0"},
				"up": {"uv": [9, 3.75, 10.5, 5], "texture": "#0"},
				"down": {"uv": [9, 3.75, 10.5, 5], "texture": "#0"}
			}
		},
		{
			"from": [1.25, -6.25, -3],
			"to": [14.875, 0.75, 23.5],
			"rotation": {"angle": 0, "axis": "y", "origin": [9.25, 1.75, 10.125]},
			"faces": {
				"north": {"uv": [2.75, 5.75, 9.625, 8.875], "texture": "#0"},
				"east": {"uv": [3.625, 6.625, 4.75, 8], "texture": "#0"},
				"south": {"uv": [2.875, 5.875, 9.75, 8.875], "texture": "#0"},
				"west": {"uv": [3.625, 6.625, 4.75, 8], "texture": "#0"},
				"up": {"uv": [3.625, 6.625, 4.75, 8], "texture": "#0"},
				"down": {"uv": [3.625, 6.625, 4.75, 8], "texture": "#0"}
			}
		},
		{
			"from": [1.75, 0.75, 2.75],
			"to": [10.375, 7.75, 15.875],
			"rotation": {"angle": 22.5, "axis": "y", "origin": [4.375, 8.75, 3.75]},
			"faces": {
				"north": {"uv": [0, 3, 7.938, 13.313], "texture": "#1"},
				"east": {"uv": [0, 3, 16, 13.313], "texture": "#1"},
				"south": {"uv": [6.875, 3, 16, 13.313], "texture": "#1"},
				"west": {"uv": [0, 3, 16, 13.313], "texture": "#1"},
				"up": {"uv": [3.75, 3, 13.75, 13.313], "texture": "#1"},
				"down": {"uv": [0, 3, 16, 13.313], "texture": "#1"}
			}
		},
		{
			"from": [15.125, 13.78, 20.47],
			"to": [16, 14.905, 20.97],
			"rotation": {"angle": -22.5, "axis": "x", "origin": [23.125, -0.625, 28]},
			"faces": {
				"north": {"uv": [0, 0, 16, 16], "texture": "#3"},
				"east": {"uv": [0, 0, 16, 16], "texture": "#3"},
				"south": {"uv": [0, 0, 16, 16], "texture": "#3"},
				"west": {"uv": [0, 0, 16, 16], "texture": "#3"},
				"up": {"uv": [0, 0, 16, 16], "texture": "#3"},
				"down": {"uv": [0, 0, 16, 16], "texture": "#3"}
			}
		},
		{
			"from": [15.125, 13.78, -4.97],
			"to": [16, 14.905, -4.47],
			"rotation": {"angle": 22.5, "axis": "x", "origin": [23.125, -0.625, -12]},
			"faces": {
				"north": {"uv": [0, 0, 16, 16], "texture": "#3"},
				"east": {"uv": [0, 0, 16, 16], "texture": "#3"},
				"south": {"uv": [0, 0, 16, 16], "texture": "#3"},
				"west": {"uv": [0, 0, 16, 16], "texture": "#3"},
				"up": {"uv": [0, 0, 16, 16], "texture": "#3"},
				"down": {"uv": [0, 0, 16, 16], "texture": "#3"}
			}
		},
		{
			"from": [15.125, 4.47, 15.97],
			"to": [16, 4.97, 17.095],
			"rotation": {"angle": 22.5, "axis": "x", "origin": [23.125, 12, 31.5]},
			"faces": {
				"north": {"uv": [0, 0, 16, 16], "texture": "#3"},
				"east": {"uv": [0, 0, 16, 16], "texture": "#3"},
				"south": {"uv": [0, 0, 16, 16], "texture": "#3"},
				"west": {"uv": [0, 0, 16, 16], "texture": "#3"},
				"up": {"uv": [0, 0, 16, 16], "texture": "#3"},
				"down": {"uv": [0, 0, 16, 16], "texture": "#3"}
			}
		},
		{
			"from": [15.125, 4.47, -1.095],
			"to": [16, 4.97, 0.03],
			"rotation": {"angle": -22.5, "axis": "x", "origin": [23.125, 12, -15.5]},
			"faces": {
				"north": {"uv": [0, 0, 16, 16], "texture": "#3"},
				"east": {"uv": [0, 0, 16, 16], "texture": "#3"},
				"south": {"uv": [0, 0, 16, 16], "texture": "#3"},
				"west": {"uv": [0, 0, 16, 16], "texture": "#3"},
				"up": {"uv": [0, 0, 16, 16], "texture": "#3"},
				"down": {"uv": [0, 0, 16, 16], "texture": "#3"}
			}
		},
		{
			"from": [15.125, -13.375, 15.5],
			"to": [16, 10, 16],
			"rotation": {"angle": 0, "axis": "y", "origin": [23.125, -6.375, 23.125]},
			"faces": {
				"north": {"uv": [0, 0, 16, 16], "texture": "#3"},
				"east": {"uv": [0, 0, 16, 16], "texture": "#3"},
				"south": {"uv": [0, 0, 16, 16], "texture": "#3"},
				"west": {"uv": [0, 0, 16, 16], "texture": "#3"},
				"up": {"uv": [0, 0, 16, 16], "texture": "#3"},
				"down": {"uv": [0, 0, 16, 16], "texture": "#3"}
			}
		},
		{
			"from": [15.125, -13.375, 0],
			"to": [16, 10, 0.5],
			"rotation": {"angle": 0, "axis": "y", "origin": [23.125, -6.375, -7.125]},
			"faces": {
				"north": {"uv": [0, 0, 16, 16], "texture": "#3"},
				"east": {"uv": [0, 0, 16, 16], "texture": "#3"},
				"south": {"uv": [0, 0, 16, 16], "texture": "#3"},
				"west": {"uv": [0, 0, 16, 16], "texture": "#3"},
				"up": {"uv": [0, 0, 16, 16], "texture": "#3"},
				"down": {"uv": [0, 0, 16, 16], "texture": "#3"}
			}
		},
		{
			"from": [15.125, -13.375, 3.375],
			"to": [16, 11, 3.875],
			"rotation": {"angle": 0, "axis": "y", "origin": [23.125, -6.375, -3.75]},
			"faces": {
				"north": {"uv": [0, 0, 16, 16], "texture": "#3"},
				"east": {"uv": [0, 0, 16, 16], "texture": "#3"},
				"south": {"uv": [0, 0, 16, 16], "texture": "#3"},
				"west": {"uv": [0, 0, 16, 16], "texture": "#3"},
				"up": {"uv": [0, 0, 16, 16], "texture": "#3"},
				"down": {"uv": [0, 0, 16, 16], "texture": "#3"}
			}
		},
		{
			"from": [15.125, -13.375, 11.875],
			"to": [16, 11, 12.375],
			"rotation": {"angle": 0, "axis": "y", "origin": [23.125, -6.375, 4.75]},
			"faces": {
				"north": {"uv": [0, 0, 16, 16], "texture": "#3"},
				"east": {"uv": [0, 0, 16, 16], "texture": "#3"},
				"south": {"uv": [0, 0, 16, 16], "texture": "#3"},
				"west": {"uv": [0, 0, 16, 16], "texture": "#3"},
				"up": {"uv": [0, 0, 16, 16], "texture": "#3"},
				"down": {"uv": [0, 0, 16, 16], "texture": "#3"}
			}
		},
		{
			"from": [15.125, -13.375, 7.625],
			"to": [16, 11, 8.125],
			"rotation": {"angle": 0, "axis": "y", "origin": [23.125, -6.375, 0.5]},
			"faces": {
				"north": {"uv": [0, 0, 16, 16], "texture": "#3"},
				"east": {"uv": [0, 0, 16, 16], "texture": "#3"},
				"south": {"uv": [0, 0, 16, 16], "texture": "#3"},
				"west": {"uv": [0, 0, 16, 16], "texture": "#3"},
				"up": {"uv": [0, 0, 16, 16], "texture": "#3"},
				"down": {"uv": [0, 0, 16, 16], "texture": "#3"}
			}
		},
		{
			"from": [15.125, 11, 1.5],
			"to": [16, 11.445, 14.5],
			"rotation": {"angle": 0, "axis": "y", "origin": [23.125, -4.75, 22.625]},
			"faces": {
				"north": {"uv": [0, 0, 16, 16], "texture": "#3"},
				"east": {"uv": [0, 0, 16, 16], "texture": "#3"},
				"south": {"uv": [0, 0, 16, 16], "texture": "#3"},
				"west": {"uv": [0, 0, 16, 16], "texture": "#3"},
				"up": {"uv": [0, 0, 16, 16], "texture": "#3"},
				"down": {"uv": [0, 0, 16, 16], "texture": "#3"}
			}
		},
		{
			"from": [15.125, -12.875, 0.375],
			"to": [16, -12.43, 15.625],
			"rotation": {"angle": 0, "axis": "y", "origin": [23.125, -28.625, 22.625]},
			"faces": {
				"north": {"uv": [0, 0, 16, 16], "texture": "#3"},
				"east": {"uv": [0, 0, 16, 16], "texture": "#3"},
				"south": {"uv": [0, 0, 16, 16], "texture": "#3"},
				"west": {"uv": [0, 0, 16, 16], "texture": "#3"},
				"up": {"uv": [0, 0, 16, 16], "texture": "#3"},
				"down": {"uv": [0, 0, 16, 16], "texture": "#3"}
			}
		},
		{
			"from": [15.125, -5.625, 0.375],
			"to": [16, -5.18, 15.625],
			"rotation": {"angle": 0, "axis": "y", "origin": [23.125, -21.375, 22.625]},
			"faces": {
				"north": {"uv": [0, 0, 16, 16], "texture": "#3"},
				"east": {"uv": [0, 0, 16, 16], "texture": "#3"},
				"south": {"uv": [0, 0, 16, 16], "texture": "#3"},
				"west": {"uv": [0, 0, 16, 16], "texture": "#3"},
				"up": {"uv": [0, 0, 16, 16], "texture": "#3"},
				"down": {"uv": [0, 0, 16, 16], "texture": "#3"}
			}
		},
		{
			"from": [15.125, 0, 0.375],
			"to": [16, 0.445, 15.625],
			"rotation": {"angle": 0, "axis": "y", "origin": [23.125, -15.75, 22.625]},
			"faces": {
				"north": {"uv": [0, 0, 16, 16], "texture": "#3"},
				"east": {"uv": [0, 0, 16, 16], "texture": "#3"},
				"south": {"uv": [0, 0, 16, 16], "texture": "#3"},
				"west": {"uv": [0, 0, 16, 16], "texture": "#3"},
				"up": {"uv": [0, 0, 16, 16], "texture": "#3"},
				"down": {"uv": [0, 0, 16, 16], "texture": "#3"}
			}
		},
		{
			"from": [15.125, 9.625, 0.375],
			"to": [16, 10.07, 15.625],
			"rotation": {"angle": 0, "axis": "y", "origin": [23.125, -6.125, 22.625]},
			"faces": {
				"north": {"uv": [0, 0, 16, 16], "texture": "#3"},
				"east": {"uv": [0, 0, 16, 16], "texture": "#3"},
				"south": {"uv": [0, 0, 16, 16], "texture": "#3"},
				"west": {"uv": [0, 0, 16, 16], "texture": "#3"},
				"up": {"uv": [0, 0, 16, 16], "texture": "#3"},
				"down": {"uv": [0, 0, 16, 16], "texture": "#3"}
			}
		},
		{
			"from": [0, -14.375, 0],
			"to": [16, -13.375, 16],
			"rotation": {"angle": 0, "axis": "y", "origin": [8, -6.375, 8]},
			"faces": {
				"north": {"uv": [0, 0, 16, 1], "texture": "#3"},
				"east": {"uv": [0, 0, 16, 1], "texture": "#3"},
				"south": {"uv": [0, 0, 16, 1], "texture": "#3"},
				"west": {"uv": [0, 0, 16, 1], "texture": "#3"},
				"up": {"uv": [0, 0, 16, 1], "texture": "#3"},
				"down": {"uv": [0, 0, 16, 1], "texture": "#3"}
			}
		},
		{
			"from": [4, -16, 5.375],
			"to": [5.125, -14.25, 7.125],
			"rotation": {"angle": 45, "axis": "y", "origin": [12, -8, 13.375]},
			"faces": {
				"north": {"uv": [0, 0, 16, 16], "texture": "#2"},
				"east": {"uv": [0, 0, 16, 16], "texture": "#2"},
				"south": {"uv": [0, 0, 16, 16], "texture": "#2"},
				"west": {"uv": [0, 0, 16, 16], "texture": "#2"},
				"up": {"uv": [0, 0, 16, 16], "texture": "#2"},
				"down": {"uv": [0, 0, 16, 16], "texture": "#2"}
			}
		},
		{
			"from": [14.25, -16, 13],
			"to": [15.375, -14.25, 14.75],
			"rotation": {"angle": 0, "axis": "y", "origin": [22.25, -8, 21]},
			"faces": {
				"north": {"uv": [0, 0, 16, 16], "texture": "#2"},
				"east": {"uv": [0, 0, 16, 16], "texture": "#2"},
				"south": {"uv": [0, 0, 16, 16], "texture": "#2"},
				"west": {"uv": [0, 0, 16, 16], "texture": "#2"},
				"up": {"uv": [0, 0, 16, 16], "texture": "#2"},
				"down": {"uv": [0, 0, 16, 16], "texture": "#2"}
			}
		},
		{
			"from": [14.25, -16, 2.125],
			"to": [15.375, -14.25, 3.875],
			"rotation": {"angle": 0, "axis": "y", "origin": [22.25, -8, 10.125]},
			"faces": {
				"north": {"uv": [0, 0, 16, 16], "texture": "#2"},
				"east": {"uv": [0, 0, 16, 16], "texture": "#2"},
				"south": {"uv": [0, 0, 16, 16], "texture": "#2"},
				"west": {"uv": [0, 0, 16, 16], "texture": "#2"},
				"up": {"uv": [0, 0, 16, 16], "texture": "#2"},
				"down": {"uv": [0, 0, 16, 16], "texture": "#2"}
			}
		},
		{
			"from": [0, 13.78, 20.47],
			"to": [0.875, 14.905, 20.97],
			"rotation": {"angle": -22.5, "axis": "x", "origin": [8, -0.625, 28]},
			"faces": {
				"north": {"uv": [0, 0, 16, 16], "texture": "#3"},
				"east": {"uv": [0, 0, 16, 16], "texture": "#3"},
				"south": {"uv": [0, 0, 16, 16], "texture": "#3"},
				"west": {"uv": [0, 0, 16, 16], "texture": "#3"},
				"up": {"uv": [0, 0, 16, 16], "texture": "#3"},
				"down": {"uv": [0, 0, 16, 16], "texture": "#3"}
			}
		},
		{
			"from": [0, 13.78, -4.97],
			"to": [0.875, 14.905, -4.47],
			"rotation": {"angle": 22.5, "axis": "x", "origin": [8, -0.625, -12]},
			"faces": {
				"north": {"uv": [0, 0, 16, 16], "texture": "#3"},
				"east": {"uv": [0, 0, 16, 16], "texture": "#3"},
				"south": {"uv": [0, 0, 16, 16], "texture": "#3"},
				"west": {"uv": [0, 0, 16, 16], "texture": "#3"},
				"up": {"uv": [0, 0, 16, 16], "texture": "#3"},
				"down": {"uv": [0, 0, 16, 16], "texture": "#3"}
			}
		},
		{
			"from": [0, 4.47, 15.97],
			"to": [0.875, 4.97, 17.095],
			"rotation": {"angle": 22.5, "axis": "x", "origin": [8, 12, 31.5]},
			"faces": {
				"north": {"uv": [0, 0, 16, 16], "texture": "#3"},
				"east": {"uv": [0, 0, 16, 16], "texture": "#3"},
				"south": {"uv": [0, 0, 16, 16], "texture": "#3"},
				"west": {"uv": [0, 0, 16, 16], "texture": "#3"},
				"up": {"uv": [0, 0, 16, 16], "texture": "#3"},
				"down": {"uv": [0, 0, 16, 16], "texture": "#3"}
			}
		},
		{
			"from": [0, 4.47, -1.095],
			"to": [0.875, 4.97, 0.03],
			"rotation": {"angle": -22.5, "axis": "x", "origin": [8, 12, -15.5]},
			"faces": {
				"north": {"uv": [0, 0, 16, 16], "texture": "#3"},
				"east": {"uv": [0, 0, 16, 16], "texture": "#3"},
				"south": {"uv": [0, 0, 16, 16], "texture": "#3"},
				"west": {"uv": [0, 0, 16, 16], "texture": "#3"},
				"up": {"uv": [0, 0, 16, 16], "texture": "#3"},
				"down": {"uv": [0, 0, 16, 16], "texture": "#3"}
			}
		},
		{
			"from": [0, -13.375, 15.5],
			"to": [0.875, 10, 16],
			"rotation": {"angle": 0, "axis": "y", "origin": [8, -6.375, 23.125]},
			"faces": {
				"north": {"uv": [0, 0, 16, 16], "texture": "#3"},
				"east": {"uv": [0, 0, 16, 16], "texture": "#3"},
				"south": {"uv": [0, 0, 16, 16], "texture": "#3"},
				"west": {"uv": [0, 0, 16, 16], "texture": "#3"},
				"up": {"uv": [0, 0, 16, 16], "texture": "#3"},
				"down": {"uv": [0, 0, 16, 16], "texture": "#3"}
			}
		},
		{
			"from": [0, -13.375, 0],
			"to": [0.875, 10, 0.5],
			"rotation": {"angle": 0, "axis": "y", "origin": [8, -6.375, -7.125]},
			"faces": {
				"north": {"uv": [0, 0, 16, 16], "texture": "#3"},
				"east": {"uv": [0, 0, 16, 16], "texture": "#3"},
				"south": {"uv": [0, 0, 16, 16], "texture": "#3"},
				"west": {"uv": [0, 0, 16, 16], "texture": "#3"},
				"up": {"uv": [0, 0, 16, 16], "texture": "#3"},
				"down": {"uv": [0, 0, 16, 16], "texture": "#3"}
			}
		},
		{
			"from": [0, -13.375, 3.375],
			"to": [0.875, 11, 3.875],
			"rotation": {"angle": 0, "axis": "y", "origin": [8, -6.375, -3.75]},
			"faces": {
				"north": {"uv": [0, 0, 16, 16], "texture": "#3"},
				"east": {"uv": [0, 0, 16, 16], "texture": "#3"},
				"south": {"uv": [0, 0, 16, 16], "texture": "#3"},
				"west": {"uv": [0, 0, 16, 16], "texture": "#3"},
				"up": {"uv": [0, 0, 16, 16], "texture": "#3"},
				"down": {"uv": [0, 0, 16, 16], "texture": "#3"}
			}
		},
		{
			"from": [0, -13.375, 11.875],
			"to": [0.875, 11, 12.375],
			"rotation": {"angle": 0, "axis": "y", "origin": [8, -6.375, 4.75]},
			"faces": {
				"north": {"uv": [0, 0, 16, 16], "texture": "#3"},
				"east": {"uv": [0, 0, 16, 16], "texture": "#3"},
				"south": {"uv": [0, 0, 16, 16], "texture": "#3"},
				"west": {"uv": [0, 0, 16, 16], "texture": "#3"},
				"up": {"uv": [0, 0, 16, 16], "texture": "#3"},
				"down": {"uv": [0, 0, 16, 16], "texture": "#3"}
			}
		},
		{
			"from": [0, -13.375, 7.625],
			"to": [0.875, 11, 8.125],
			"rotation": {"angle": 0, "axis": "y", "origin": [8, -6.375, 0.5]},
			"faces": {
				"north": {"uv": [0, 0, 16, 16], "texture": "#3"},
				"east": {"uv": [0, 0, 16, 16], "texture": "#3"},
				"south": {"uv": [0, 0, 16, 16], "texture": "#3"},
				"west": {"uv": [0, 0, 16, 16], "texture": "#3"},
				"up": {"uv": [0, 0, 16, 16], "texture": "#3"},
				"down": {"uv": [0, 0, 16, 16], "texture": "#3"}
			}
		},
		{
			"from": [0, 11, 1.5],
			"to": [0.875, 11.445, 14.5],
			"rotation": {"angle": 0, "axis": "y", "origin": [8, -4.75, 22.625]},
			"faces": {
				"north": {"uv": [0, 0, 16, 16], "texture": "#3"},
				"east": {"uv": [0, 0, 16, 16], "texture": "#3"},
				"south": {"uv": [0, 0, 16, 16], "texture": "#3"},
				"west": {"uv": [0, 0, 16, 16], "texture": "#3"},
				"up": {"uv": [0, 0, 16, 16], "texture": "#3"},
				"down": {"uv": [0, 0, 16, 16], "texture": "#3"}
			}
		},
		{
			"from": [0, -12.875, 0.375],
			"to": [0.875, -12.43, 15.625],
			"rotation": {"angle": 0, "axis": "y", "origin": [8, -28.625, 22.625]},
			"faces": {
				"north": {"uv": [0, 0, 16, 16], "texture": "#3"},
				"east": {"uv": [0, 0, 16, 16], "texture": "#3"},
				"south": {"uv": [0, 0, 16, 16], "texture": "#3"},
				"west": {"uv": [0, 0, 16, 16], "texture": "#3"},
				"up": {"uv": [0, 0, 16, 16], "texture": "#3"},
				"down": {"uv": [0, 0, 16, 16], "texture": "#3"}
			}
		},
		{
			"from": [0, -5.625, 0.375],
			"to": [0.875, -5.18, 15.625],
			"rotation": {"angle": 0, "axis": "y", "origin": [8, -21.375, 22.625]},
			"faces": {
				"north": {"uv": [0, 0, 16, 16], "texture": "#3"},
				"east": {"uv": [0, 0, 16, 16], "texture": "#3"},
				"south": {"uv": [0, 0, 16, 16], "texture": "#3"},
				"west": {"uv": [0, 0, 16, 16], "texture": "#3"},
				"up": {"uv": [0, 0, 16, 16], "texture": "#3"},
				"down": {"uv": [0, 0, 16, 16], "texture": "#3"}
			}
		},
		{
			"from": [0, 0, 0.375],
			"to": [0.875, 0.445, 15.625],
			"rotation": {"angle": 0, "axis": "y", "origin": [8, -15.75, 22.625]},
			"faces": {
				"north": {"uv": [0, 0, 16, 16], "texture": "#3"},
				"east": {"uv": [0, 0, 16, 16], "texture": "#3"},
				"south": {"uv": [0, 0, 16, 16], "texture": "#3"},
				"west": {"uv": [0, 0, 16, 16], "texture": "#3"},
				"up": {"uv": [0, 0, 16, 16], "texture": "#3"},
				"down": {"uv": [0, 0, 16, 16], "texture": "#3"}
			}
		},
		{
			"from": [0, 9.625, 0.375],
			"to": [0.875, 10.07, 15.625],
			"rotation": {"angle": 0, "axis": "y", "origin": [8, -6.125, 22.625]},
			"faces": {
				"north": {"uv": [0, 0, 16, 16], "texture": "#3"},
				"east": {"uv": [0, 0, 16, 16], "texture": "#3"},
				"south": {"uv": [0, 0, 16, 16], "texture": "#3"},
				"west": {"uv": [0, 0, 16, 16], "texture": "#3"},
				"up": {"uv": [0, 0, 16, 16], "texture": "#3"},
				"down": {"uv": [0, 0, 16, 16], "texture": "#3"}
			}
		},
		{
			"from": [1.125, -16, 2.125],
			"to": [2.25, -14.25, 3.875],
			"rotation": {"angle": 0, "axis": "y", "origin": [9.125, -8, 10.125]},
			"faces": {
				"north": {"uv": [0, 0, 16, 16], "texture": "#2"},
				"east": {"uv": [0, 0, 16, 16], "texture": "#2"},
				"south": {"uv": [0, 0, 16, 16], "texture": "#2"},
				"west": {"uv": [0, 0, 16, 16], "texture": "#2"},
				"up": {"uv": [0, 0, 16, 16], "texture": "#2"},
				"down": {"uv": [0, 0, 16, 16], "texture": "#2"}
			}
		}
	],
	"display": {
		"thirdperson_righthand": {
			"scale": [0.31, 0.32, 0.29]
		},
		"thirdperson_lefthand": {
			"scale": [0.32, 0.32, 0.32]
		},
		"firstperson_righthand": {
			"scale": [0, 0, 0]
		},
		"firstperson_lefthand": {
			"scale": [0, 0, 0]
		},
		"gui": {
			"rotation": [14, -32, 0],
			"translation": [0, -1.75, 0],
			"scale": [0.43, 0.43, 0.4]
		}
	},
	"groups": [
		{
			"name": "group",
			"origin": [8, 8, 8],
			"children": [
				{
					"name": "group",
					"origin": [8, 8, 8],
					"children": [0, 1, 2]
				},
				{
					"name": "group",
					"origin": [8, 8, 8],
					"children": [3, 4, 5, 6, 7, 8, 9, 10, 11, 12, 13, 14, 15, 16, 17]
				}, 18, 19, 20,
				{
					"name": "group",
					"origin": [8, 8, 8],
					"children": [21, 22, 23, 24, 25, 26, 27, 28, 29, 30, 31, 32, 33, 34]
				}, 35]
		}
	]
}