{
	"credit": "ALTA Official CONTENT -- Do not use without credits !",
	"textures": {
		"13": "block/Updates/2.75/props04a",
		"14": "block/Updates/2.75/logohdg",
		"1_0": "block/acacia_planks",
		"particle": "block/acacia_planks",
		"1_1": "block/light_gray_wool"
	},
	"elements": [
		{
			"from": [14.625, -12.625, 6.125],
			"to": [16.75, -11.75, 7.375],
			"rotation": {"angle": -45, "axis": "x", "origin": [6.75, -4.625, 14.125]},
			"faces": {
				"north": {"uv": [1.25, 0, 0, 0.875], "texture": "#1_0"},
				"east": {"uv": [1.25, 0, 0, 0.875], "texture": "#1_0"},
				"south": {"uv": [1.25, 0, 0, 0.875], "texture": "#1_0"},
				"west": {"uv": [1.25, 0, 0, 0.875], "texture": "#1_0"},
				"up": {"uv": [1.25, 0, 0, 0.875], "texture": "#1_0"},
				"down": {"uv": [1.25, 0, 0, 0.875], "texture": "#1_0"}
			}
		},
		{
			"from": [14.625, -12.625, 12],
			"to": [16.75, -11.875, 14.25],
			"rotation": {"angle": 0, "axis": "y", "origin": [6.75, -4.125, 20]},
			"faces": {
				"north": {"uv": [2.25, 0, 0, 0.75], "texture": "#1_0"},
				"east": {"uv": [2.25, 0, 0, 0.75], "texture": "#1_0"},
				"south": {"uv": [2.25, 0, 0, 0.75], "texture": "#1_0"},
				"west": {"uv": [2.25, 0, 0, 0.75], "texture": "#1_0"},
				"up": {"uv": [2.25, 0, 0, 0.75], "texture": "#1_0"},
				"down": {"uv": [2.25, 0, 0, 0.75], "texture": "#1_0"}
			}
		},
		{
			"from": [14.625, -15.125, 11.125],
			"to": [16.75, -12.75, 11.875],
			"rotation": {"angle": 0, "axis": "y", "origin": [6.75, -7.125, 19.125]},
			"faces": {
				"north": {"uv": [0.75, 0, 0, 2.375], "texture": "#1_0"},
				"east": {"uv": [0.75, 0, 0, 2.375], "texture": "#1_0"},
				"south": {"uv": [0.75, 0, 0, 2.375], "texture": "#1_0"},
				"west": {"uv": [0.75, 0, 0, 2.375], "texture": "#1_0"},
				"down": {"uv": [0.75, 0, 0, 2.375], "texture": "#1_0"}
			}
		},
		{
			"from": [14.625, -15.125, 14.25],
			"to": [16.75, -12.75, 15],
			"rotation": {"angle": 0, "axis": "y", "origin": [6.75, -7.125, 22.75]},
			"faces": {
				"north": {"uv": [0.75, 0, 0, 2.375], "texture": "#1_0"},
				"east": {"uv": [0.75, 0, 0, 2.375], "texture": "#1_0"},
				"south": {"uv": [0.75, 0, 0, 2.375], "texture": "#1_0"},
				"west": {"uv": [0.75, 0, 0, 2.375], "texture": "#1_0"},
				"up": {"uv": [0.75, 0, 0, 2.375], "texture": "#1_0"},
				"down": {"uv": [0.75, 0, 0, 2.375], "texture": "#1_0"}
			}
		},
		{
			"from": [14.625, -10.25, 3.25],
			"to": [16.75, -9.375, 4.5],
			"rotation": {"angle": -45, "axis": "x", "origin": [6.75, -1.625, 11.25]},
			"faces": {
				"north": {"uv": [3.75, 0, 2.5, 0.875], "texture": "#1_0"},
				"east": {"uv": [3.75, 0, 2.5, 0.875], "texture": "#1_0"},
				"south": {"uv": [3.75, 0, 2.5, 0.875], "texture": "#1_0"},
				"west": {"uv": [3.75, 0, 2.5, 0.875], "texture": "#1_0"},
				"up": {"uv": [3.75, 0, 2.5, 0.875], "texture": "#1_0"},
				"down": {"uv": [3.75, 0, 2.5, 0.875], "texture": "#1_0"}
			}
		},
		{
			"from": [14.625, -16, 6.125],
			"to": [16.75, -15.25, 7.375],
			"rotation": {"angle": 45, "axis": "x", "origin": [6.75, -23.25, 14.125]},
			"faces": {
				"east": {"uv": [1.25, 0.25, 0, 1], "texture": "#1_0"},
				"south": {"uv": [1.25, 0.25, 0, 1], "texture": "#1_0"},
				"west": {"uv": [1.25, 0.25, 0, 1], "texture": "#1_0"},
				"up": {"uv": [1.25, 0.25, 0, 1], "texture": "#1_0"},
				"down": {"uv": [1.25, 0.25, 0, 1], "texture": "#1_0"}
			}
		},
		{
			"from": [14.625, -12.625, 18.75],
			"to": [16.75, -11.75, 20],
			"rotation": {"angle": 45, "axis": "x", "origin": [6.75, -4.625, 12]},
			"faces": {
				"north": {"uv": [2.5, 0, 1.25, 0.875], "texture": "#1_0"},
				"east": {"uv": [2.5, 0, 1.25, 0.875], "texture": "#1_0"},
				"south": {"uv": [2.5, 0, 1.25, 0.875], "texture": "#1_0"},
				"west": {"uv": [2.5, 0, 1.25, 0.875], "texture": "#1_0"},
				"up": {"uv": [2.5, 0, 1.25, 0.875], "texture": "#1_0"},
				"down": {"uv": [2.5, 0, 1.25, 0.875], "texture": "#1_0"}
			}
		},
		{
			"from": [14.625, -15.875, 12],
			"to": [16.75, -15.125, 14.25],
			"rotation": {"angle": 0, "axis": "y", "origin": [6.75, -7.875, 20]},
			"faces": {
				"east": {"uv": [2.25, 0, 0, 0.75], "texture": "#1_0"},
				"south": {"uv": [2.25, 0, 0, 0.75], "texture": "#1_0"},
				"west": {"uv": [2.25, 0, 0, 0.75], "texture": "#1_0"},
				"up": {"uv": [2.25, 0, 0, 0.75], "texture": "#1_0"},
				"down": {"uv": [2.25, 0, 0, 0.75], "texture": "#1_0"}
			}
		},
		{
			"from": [15.125, -15.75, 11.875],
			"to": [15.875, -12.125, 14.25],
			"rotation": {"angle": 0, "axis": "y", "origin": [6.75, -7.875, 20]},
			"faces": {
				"east": {"uv": [2.375, 0, 0, 3.75], "texture": "#1_1"},
				"west": {"uv": [2.375, 0, 0, 3.75], "texture": "#1_1"}
			}
		},
		{
			"from": [0.75, -15.875, 4.125],
			"to": [2.5, -15.5, 6.5],
			"rotation": {"angle": 0, "axis": "y", "origin": [8.75, -7.875, 12.125]},
			"faces": {
				"north": {"uv": [0, 0, 1.75, 2.375], "texture": "#1_0"},
				"east": {"uv": [0, 0, 1.75, 2.375], "texture": "#1_0"},
				"south": {"uv": [0, 0, 1.75, 2.375], "texture": "#1_0"},
				"west": {"uv": [0, 0, 1.75, 2.375], "texture": "#1_0"},
				"up": {"uv": [0, 0, 1.75, 2.375], "texture": "#1_0"},
				"down": {"uv": [0, 0, 1.75, 2.375], "texture": "#1_0"}
			}
		},
		{
			"from": [13.625, -15.875, 4.125],
			"to": [15.375, -15.5, 6.5],
			"rotation": {"angle": 0, "axis": "y", "origin": [21.625, -7.875, 12.125]},
			"faces": {
				"north": {"uv": [0, 0, 1.75, 0.375], "texture": "#1_0"},
				"east": {"uv": [0, 0, 1.75, 0.375], "texture": "#1_0"},
				"south": {"uv": [0, 0, 1.75, 0.375], "texture": "#1_0"},
				"west": {"uv": [0, 0, 1.75, 0.375], "texture": "#1_0"},
				"up": {"uv": [0, 0, 1.75, 0.375], "texture": "#1_0"},
				"down": {"uv": [0, 0, 1.75, 0.375], "texture": "#1_0"}
			}
		},
		{
			"from": [-0.375, -12.625, 6.125],
			"to": [1.75, -11.75, 7.375],
			"rotation": {"angle": -45, "axis": "x", "origin": [9.625, -4.625, 14.125]},
			"faces": {
				"north": {"uv": [0, 0, 1.25, 0.875], "texture": "#1_0"},
				"east": {"uv": [0, 0, 1.25, 0.875], "texture": "#1_0"},
				"south": {"uv": [0, 0, 1.25, 0.875], "texture": "#1_0"},
				"west": {"uv": [0, 0, 1.25, 0.875], "texture": "#1_0"},
				"up": {"uv": [0, 0, 1.25, 0.875], "texture": "#1_0"},
				"down": {"uv": [0, 0, 1.25, 0.875], "texture": "#1_0"}
			}
		},
		{
			"from": [-0.375, -12.625, 12],
			"to": [1.75, -11.875, 14.25],
			"rotation": {"angle": 0, "axis": "y", "origin": [9.625, -4.125, 20]},
			"faces": {
				"north": {"uv": [0, 0, 2.25, 0.75], "texture": "#1_0"},
				"east": {"uv": [0, 0, 2.25, 0.75], "texture": "#1_0"},
				"south": {"uv": [0, 0, 2.25, 0.75], "texture": "#1_0"},
				"west": {"uv": [0, 0, 2.25, 0.75], "texture": "#1_0"},
				"up": {"uv": [0, 0, 2.25, 0.75], "texture": "#1_0"},
				"down": {"uv": [0, 0, 2.25, 0.75], "texture": "#1_0"}
			}
		},
		{
			"from": [-0.375, -15.125, 11.125],
			"to": [1.75, -12.75, 11.875],
			"rotation": {"angle": 0, "axis": "y", "origin": [9.625, -7.125, 19.125]},
			"faces": {
				"north": {"uv": [0, 0, 0.75, 2.375], "texture": "#1_0"},
				"east": {"uv": [0, 0, 0.75, 2.375], "texture": "#1_0"},
				"south": {"uv": [0, 0, 0.75, 2.375], "texture": "#1_0"},
				"west": {"uv": [0, 0, 0.75, 2.375], "texture": "#1_0"},
				"down": {"uv": [0, 0, 0.75, 2.375], "texture": "#1_0"}
			}
		},
		{
			"from": [-0.375, -15.125, 14.75],
			"to": [1.75, -12.75, 15],
			"rotation": {"angle": 0, "axis": "y", "origin": [9.625, -7.125, 22.75]},
			"faces": {
				"south": {"uv": [0, 0, 0.25, 2.375], "texture": "#1_0"},
				"up": {"uv": [0, 0, 0.25, 2.375], "texture": "#1_0"},
				"down": {"uv": [0, 0, 0.25, 2.375], "texture": "#1_0"}
			}
		},
		{
			"from": [-0.375, -15.125, 14.25],
			"to": [1.75, -12.75, 15],
			"rotation": {"angle": 0, "axis": "y", "origin": [9.625, -7.125, 22.75]},
			"faces": {
				"north": {"uv": [0, 0, 0.75, 2.375], "texture": "#1_0"},
				"east": {"uv": [0, 0, 0.75, 2.375], "texture": "#1_0"},
				"west": {"uv": [0, 0, 0.75, 2.375], "texture": "#1_0"}
			}
		},
		{
			"from": [-0.375, -10.25, 3.25],
			"to": [1.75, -9.375, 4.5],
			"rotation": {"angle": -45, "axis": "x", "origin": [9.625, -1.625, 11.25]},
			"faces": {
				"north": {"uv": [2.5, 0, 3.75, 0.875], "texture": "#1_0"},
				"east": {"uv": [2.5, 0, 3.75, 0.875], "texture": "#1_0"},
				"south": {"uv": [2.5, 0, 3.75, 0.875], "texture": "#1_0"},
				"west": {"uv": [2.5, 0, 3.75, 0.875], "texture": "#1_0"},
				"up": {"uv": [2.5, 0, 3.75, 0.875], "texture": "#1_0"},
				"down": {"uv": [2.5, 0, 3.75, 0.875], "texture": "#1_0"}
			}
		},
		{
			"from": [-0.375, -16, 6.125],
			"to": [1.75, -15.25, 7.375],
			"rotation": {"angle": 45, "axis": "x", "origin": [9.625, -23.25, 14.125]},
			"faces": {
				"east": {"uv": [0, 0.25, 1.25, 1], "texture": "#1_0"},
				"south": {"uv": [0, 0.25, 1.25, 1], "texture": "#1_0"},
				"west": {"uv": [0, 0.25, 1.25, 1], "texture": "#1_0"},
				"up": {"uv": [0, 0.25, 1.25, 1], "texture": "#1_0"},
				"down": {"uv": [0, 0.25, 1.25, 1], "texture": "#1_0"}
			}
		},
		{
			"from": [-0.375, -12.625, 18.75],
			"to": [1.75, -11.75, 20],
			"rotation": {"angle": 45, "axis": "x", "origin": [9.625, -4.625, 12]},
			"faces": {
				"north": {"uv": [1.25, 0, 2.5, 0.875], "texture": "#1_0"},
				"east": {"uv": [1.25, 0, 2.5, 0.875], "texture": "#1_0"},
				"south": {"uv": [1.25, 0, 2.5, 0.875], "texture": "#1_0"},
				"west": {"uv": [1.25, 0, 2.5, 0.875], "texture": "#1_0"},
				"up": {"uv": [1.25, 0, 2.5, 0.875], "texture": "#1_0"},
				"down": {"uv": [1.25, 0, 2.5, 0.875], "texture": "#1_0"}
			}
		},
		{
			"from": [-0.375, -15.875, 12],
			"to": [1.75, -15.125, 14.25],
			"rotation": {"angle": 0, "axis": "y", "origin": [9.625, -7.875, 20]},
			"faces": {
				"east": {"uv": [0, 0, 2.25, 0.75], "texture": "#1_0"},
				"south": {"uv": [0, 0, 2.25, 0.75], "texture": "#1_0"},
				"west": {"uv": [0, 0, 2.25, 0.75], "texture": "#1_0"},
				"up": {"uv": [0, 0, 2.25, 0.75], "texture": "#1_0"},
				"down": {"uv": [0, 0, 2.25, 0.75], "texture": "#1_0"}
			}
		},
		{
			"from": [0.5, -15.75, 11.875],
			"to": [1.25, -12.125, 14.25],
			"rotation": {"angle": 0, "axis": "y", "origin": [9.625, -7.875, 20]},
			"faces": {
				"east": {"uv": [0, 0, 2.375, 3.75], "texture": "#1_1"},
				"west": {"uv": [0, 0, 2.375, 3.75], "texture": "#1_1"}
			}
		},
		{
			"from": [1.25, -12.625, -2.625],
			"to": [2, -7.5, -2],
			"rotation": {"angle": -45, "axis": "x", "origin": [9.25, -4.625, 5.375]},
			"faces": {
				"north": {"uv": [0, 0, 0.75, 5.125], "texture": "#1_0"},
				"east": {"uv": [0, 0, 0.75, 5.125], "texture": "#1_0"},
				"south": {"uv": [0, 0, 0.75, 5.125], "texture": "#1_0"},
				"west": {"uv": [0, 0, 0.75, 5.125], "texture": "#1_0"},
				"down": {"uv": [0, 0, 0.75, 5.125], "texture": "#1_0"}
			}
		},
		{
			"from": [14.125, -12.625, -2.625],
			"to": [14.875, -7.5, -2],
			"rotation": {"angle": -45, "axis": "x", "origin": [22.125, -4.625, 5.375]},
			"faces": {
				"north": {"uv": [0, 0, 0.625, 5.125], "texture": "#1_0"},
				"east": {"uv": [0, 0, 0.625, 5.125], "texture": "#1_0"},
				"south": {"uv": [0, 0, 0.625, 5.125], "texture": "#1_0"},
				"west": {"uv": [0, 0, 0.625, 5.125], "texture": "#1_0"},
				"up": {"uv": [0, 0, 0.625, 5.125], "texture": "#1_0"},
				"down": {"uv": [0, 0, 0.625, 5.125], "texture": "#1_0"}
			}
		},
		{
			"from": [0, -12.375, 0],
			"to": [9.75, -3.5, 24.125],
			"rotation": {"angle": 0, "axis": "y", "origin": [8, -4.375, 8]},
			"faces": {
				"north": {"uv": [1.782, 12.657, 3.844, 13.937], "texture": "#13"},
				"east": {"uv": [1.782, 12.657, 3.844, 13.937], "texture": "#13"},
				"south": {"uv": [1.782, 12.657, 3.844, 13.937], "texture": "#13"},
				"west": {"uv": [2.5, 6.375, 6.187, 7.686], "texture": "#13"},
				"up": {"uv": [1.782, 12.657, 3.844, 13.937], "texture": "#13"},
				"down": {"uv": [1.782, 12.657, 3.844, 13.937], "texture": "#13"}
			}
		},
		{
			"from": [15.875, -12.25, 15.75],
			"to": [16.75, -10.125, 16.25],
			"rotation": {"angle": 0, "axis": "y", "origin": [24.75, -4.375, 13.75]},
			"faces": {
				"north": {"uv": [1.344, 12.657, 5.031, 13.967], "texture": "#13"},
				"east": {"uv": [1.344, 12.657, 5.031, 13.967], "texture": "#13"},
				"south": {"uv": [1.344, 12.657, 5.031, 13.967], "texture": "#13"},
				"up": {"uv": [1.344, 12.657, 5.031, 13.967], "texture": "#13"},
				"down": {"uv": [1.344, 12.657, 5.031, 13.967], "texture": "#13"}
			}
		},
		{
			"from": [0.375, -3.25, 9.25],
			"to": [8.25, 2.625, 19.5],
			"rotation": {"angle": 0, "axis": "y", "origin": [8, -4.125, 8]},
			"faces": {
				"north": {"uv": [12, 4.938, 14, 6.718], "texture": "#13"},
				"east": {"uv": [12, 4.938, 14, 6.718], "texture": "#13"},
				"south": {"uv": [12, 4.938, 14, 6.718], "texture": "#13"},
				"west": {"uv": [3.563, 5.125, 6.219, 6.249], "texture": "#13"},
				"up": {"uv": [12, 4.938, 14, 6.718], "texture": "#13"}
			}
		},
		{
			"from": [1.125, -3.25, 8.25],
			"to": [2.25, 11, 9.25],
			"rotation": {"angle": 0, "axis": "y", "origin": [8, -4.125, 7]},
			"faces": {
				"north": {"uv": [3.563, 5.125, 6.219, 6.249], "texture": "#1_0"},
				"east": {"uv": [3.563, 5.125, 6.219, 6.249], "texture": "#1_0"},
				"south": {"uv": [3.563, 5.125, 6.219, 6.249], "texture": "#1_0"},
				"west": {"uv": [3.563, 5.125, 6.219, 6.249], "texture": "#1_0"}
			}
		},
		{
			"from": [15, -3.25, 8.25],
			"to": [16.125, 11, 9.25],
			"rotation": {"angle": 0, "axis": "y", "origin": [9.25, -4.125, 7]},
			"faces": {
				"north": {"uv": [14, 4.938, 12, 6.718], "texture": "#1_0"},
				"east": {"uv": [14, 4.938, 12, 6.718], "texture": "#1_0"},
				"south": {"uv": [14, 4.938, 12, 6.718], "texture": "#1_0"},
				"west": {"uv": [14, 4.938, 12, 6.718], "texture": "#1_0"},
				"down": {"uv": [14, 4.938, 12, 6.718], "texture": "#1_0"}
			}
		},
		{
			"from": [1.125, -3.25, 21.875],
			"to": [2.25, 11, 22.875],
			"rotation": {"angle": 0, "axis": "y", "origin": [8, -4.125, 20.625]},
			"faces": {
				"north": {"uv": [3.563, 5.125, 6.219, 6.249], "texture": "#1_0"},
				"east": {"uv": [3.563, 5.125, 6.219, 6.249], "texture": "#1_0"},
				"south": {"uv": [3.563, 5.125, 6.219, 6.249], "texture": "#1_0"},
				"west": {"uv": [3.563, 5.125, 6.219, 6.249], "texture": "#1_0"},
				"down": {"uv": [3.563, 5.125, 6.219, 6.249], "texture": "#1_0"}
			}
		},
		{
			"from": [0.625, 11.75, 2],
			"to": [1.625, 16.125, 19.125],
			"rotation": {"angle": 0, "axis": "y", "origin": [-7, -4.125, 23.625]},
			"faces": {
				"north": {"uv": [3.563, 5.125, 6.219, 6.249], "texture": "#1_0"},
				"east": {"uv": [3.563, 5.125, 6.219, 6.249], "texture": "#1_0"},
				"south": {"uv": [3.563, 5.125, 6.219, 6.249], "texture": "#1_0"},
				"west": {"uv": [0, 4.25, 15.998, 11.215], "texture": "#14"},
				"up": {"uv": [3.563, 5.125, 6.219, 6.249], "texture": "#1_0"}
			}
		},
		{
			"from": [15.375, 11.75, 1.625],
			"to": [16.375, 16.125, 18.75],
			"rotation": {"angle": 0, "axis": "y", "origin": [24, -4.125, 23.25]},
			"faces": {
				"north": {"uv": [6.219, 5.125, 3.563, 6.249], "texture": "#1_0"},
				"east": {"uv": [15.998, 4.25, 0, 11.215], "texture": "#14"},
				"south": {"uv": [6.219, 5.125, 3.563, 6.249], "texture": "#1_0"},
				"west": {"uv": [6.219, 5.125, 3.563, 6.249], "texture": "#1_0"},
				"up": {"uv": [6.219, 5.125, 3.563, 6.249], "texture": "#1_0"}
			}
		},
		{
			"from": [0.25, 11, -3.25],
			"to": [16.625, 11.75, 24.75],
			"rotation": {"angle": 0, "axis": "y", "origin": [8, -4.125, 18.375]},
			"faces": {
				"north": {"uv": [3.563, 5.125, 6.219, 6.249], "texture": "#1_0"},
				"east": {"uv": [3.563, 5.125, 6.219, 6.249], "texture": "#1_0"},
				"south": {"uv": [3.563, 5.125, 6.219, 6.249], "texture": "#1_0"},
				"west": {"uv": [3.563, 5.125, 6.219, 6.249], "texture": "#1_0"},
				"up": {"uv": [3.563, 5.125, 6.219, 6.249], "texture": "#1_0"},
				"down": {"uv": [3.563, 5.125, 6.219, 6.249], "texture": "#1_0"}
			}
		},
		{
			"from": [14.875, -3.25, 21.875],
			"to": [16, 11, 22.875],
			"rotation": {"angle": 0, "axis": "y", "origin": [21.75, -4.125, 20.625]},
			"faces": {
				"north": {"uv": [3.563, 5.125, 6.219, 6.249], "texture": "#1_0"},
				"east": {"uv": [3.563, 5.125, 6.219, 6.249], "texture": "#1_0"},
				"south": {"uv": [3.563, 5.125, 6.219, 6.249], "texture": "#1_0"},
				"west": {"uv": [3.563, 5.125, 6.219, 6.249], "texture": "#1_0"},
				"down": {"uv": [3.563, 5.125, 6.219, 6.249], "texture": "#1_0"}
			}
		},
		{
			"from": [-0.875, -12.375, 15.75],
			"to": [0, -10.125, 16.375],
			"rotation": {"angle": 0, "axis": "y", "origin": [8, -4.375, 13.75]},
			"faces": {
				"north": {"uv": [1.344, 12.657, 5.031, 13.967], "texture": "#13"},
				"south": {"uv": [1.344, 12.657, 5.031, 13.967], "texture": "#13"},
				"west": {"uv": [1.344, 12.657, 5.031, 13.967], "texture": "#13"},
				"up": {"uv": [1.344, 12.657, 5.031, 13.967], "texture": "#13"},
				"down": {"uv": [1.344, 12.657, 5.031, 13.967], "texture": "#13"}
			}
		},
		{
			"from": [-0.875, -12.375, 10],
			"to": [0, -10.125, 10.625],
			"rotation": {"angle": 0, "axis": "y", "origin": [8, -4.375, 8]},
			"faces": {
				"north": {"uv": [1.344, 12.657, 5.031, 13.967], "texture": "#13"},
				"south": {"uv": [1.344, 12.657, 5.031, 13.967], "texture": "#13"},
				"west": {"uv": [1.344, 12.657, 5.031, 13.967], "texture": "#13"},
				"up": {"uv": [1.344, 12.657, 5.031, 13.967], "texture": "#13"},
				"down": {"uv": [1.344, 12.657, 5.031, 13.967], "texture": "#13"}
			}
		},
		{
			"from": [-0.875, -10.625, 10.625],
			"to": [0, -10.125, 15.75],
			"rotation": {"angle": 0, "axis": "y", "origin": [8, -4.375, 13.75]},
			"faces": {
				"west": {"uv": [1.344, 12.657, 5.031, 13.967], "texture": "#13"},
				"up": {"uv": [1.344, 12.657, 5.031, 13.967], "texture": "#13"},
				"down": {"uv": [1.344, 12.657, 5.031, 13.967], "texture": "#13"}
			}
		},
		{
			"from": [15.875, -10.625, 10.625],
			"to": [16.75, -10.125, 15.75],
			"rotation": {"angle": 0, "axis": "y", "origin": [24.75, -4.375, 13.75]},
			"faces": {
				"east": {"uv": [1.344, 12.657, 5.031, 13.967], "texture": "#13"},
				"up": {"uv": [1.344, 12.657, 5.031, 13.967], "texture": "#13"},
				"down": {"uv": [1.344, 12.657, 5.031, 13.967], "texture": "#13"}
			}
		},
		{
			"from": [15.875, -12.25, 10.125],
			"to": [16.75, -10.125, 10.625],
			"rotation": {"angle": 0, "axis": "y", "origin": [24.75, -4.375, 8.125]},
			"faces": {
				"north": {"uv": [1.344, 12.657, 5.031, 13.967], "texture": "#13"},
				"east": {"uv": [1.344, 12.657, 5.031, 13.967], "texture": "#13"},
				"south": {"uv": [1.344, 12.657, 5.031, 13.967], "texture": "#13"},
				"up": {"uv": [1.344, 12.657, 5.031, 13.967], "texture": "#13"},
				"down": {"uv": [1.344, 12.657, 5.031, 13.967], "texture": "#13"}
			}
		},
		{
			"from": [6.75, -12.375, 0],
			"to": [14.875, -11.875, 24.125],
			"rotation": {"angle": 0, "axis": "y", "origin": [8, -4.375, 8]},
			"faces": {
				"south": {"uv": [1.782, 12.657, 3.844, 13.937], "texture": "#13"},
				"up": {"uv": [1.782, 12.657, 3.844, 13.937], "texture": "#13"},
				"down": {"uv": [1.782, 12.657, 3.844, 13.937], "texture": "#13"}
			}
		},
		{
			"from": [14.875, -12.375, 0],
			"to": [16, -3.5, 24.125],
			"rotation": {"angle": 0, "axis": "y", "origin": [8, -4.375, 8]},
			"faces": {
				"north": {"uv": [3.844, 12.657, 1.782, 13.937], "texture": "#13"},
				"east": {"uv": [6.187, 6.375, 2.5, 7.686], "texture": "#13"},
				"south": {"uv": [3.844, 12.657, 1.782, 13.937], "texture": "#13"},
				"west": {"uv": [3.844, 12.657, 1.782, 13.937], "texture": "#13"},
				"up": {"uv": [3.844, 12.657, 1.782, 13.937], "texture": "#13"},
				"down": {"uv": [3.844, 12.657, 1.782, 13.937], "texture": "#13"}
			}
		},
		{
			"from": [6.75, -12.375, 0],
			"to": [14.875, -3.625, 0],
			"rotation": {"angle": 0, "axis": "y", "origin": [8, -4.375, 8]},
			"faces": {
				"north": {"uv": [1.782, 12.657, 3.844, 13.937], "texture": "#13"},
				"south": {"uv": [1.782, 12.657, 3.844, 13.937], "texture": "#13"}
			}
		},
		{
			"from": [-0.625, -3.625, -4.25],
			"to": [10.125, -3.25, 21],
			"rotation": {"angle": 0, "axis": "y", "origin": [8, -4.125, 8]},
			"faces": {
				"north": {"uv": [1.813, 12.719, 3.25, 13.874], "texture": "#13"},
				"east": {"uv": [1.813, 12.719, 3.25, 13.874], "texture": "#13"},
				"south": {"uv": [1.813, 12.719, 3.25, 13.874], "texture": "#13"},
				"west": {"uv": [1.813, 12.719, 3.25, 13.874], "texture": "#13"},
				"up": {"uv": [1.813, 12.719, 3.25, 13.874], "texture": "#13"},
				"down": {"uv": [1.813, 12.719, 3.25, 13.874], "texture": "#13"}
			}
		},
		{
			"from": [0, -7.125, -4],
			"to": [16, -3.5, 0.125],
			"rotation": {"angle": 0, "axis": "y", "origin": [8, -4.375, 4]},
			"faces": {
				"north": {"uv": [11.907, 13.344, 14.75, 14.436], "texture": "#13"},
				"east": {"uv": [1.407, 7.155, 2.499, 6.344], "texture": "#13"},
				"south": {"uv": [1.938, 12.657, 5.688, 14.093], "texture": "#13"},
				"west": {"uv": [1.407, 7.155, 2.499, 6.344], "texture": "#13"},
				"up": {"uv": [1.938, 12.657, 5.688, 14.093], "texture": "#13"},
				"down": {"uv": [1.938, 12.657, 5.688, 14.093], "texture": "#13"}
			}
		}
	],
	"display": {
		"thirdperson_righthand": {
			"rotation": [0, 89.5, 0],
			"translation": [-7.25, -2, 0],
			"scale": [0.36, 0.4518, 0.44398]
		},
		"thirdperson_lefthand": {
			"rotation": [0, 91, 0],
			"translation": [-7, 0, 0],
			"scale": [0.37, 0.37, 0.37]
		},
		"firstperson_righthand": {
			"scale": [0, 0, 0]
		},
		"firstperson_lefthand": {
			"scale": [0, 0, 0]
		},
		"gui": {
			"rotation": [14, 58, 0],
			"translation": [-0.75, -3.5, 0],
			"scale": [0.41, 0.41, 0.42]
		},
		"fixed": {
			"rotation": [-90, 90, 0],
			"translation": [0, 0, -15],
			"scale": [2, 2, 2]
		}
	},
	"groups": [
		{
			"name": "group",
			"origin": [8, 8, 8],
			"children": [
				{
					"name": "group",
					"origin": [8, 11.75, 8],
					"children": [0, 1, 2, 3, 4, 5, 6, 7, 8]
				}, 9, 10,
				{
					"name": "group",
					"origin": [8, 11.75, 8],
					"children": [11, 12, 13, 14, 15, 16, 17, 18, 19, 20]
				},
				{
					"name": "group",
					"origin": [8, 8, 8],
					"children": [21, 22]
				},
				{
					"name": "group",
					"origin": [8, 11.5, 4],
					"children": [23, 24, 25, 26, 27, 28, 29, 30, 31, 32, 33, 34, 35, 36, 37, 38, 39, 40, 41, 42]
				}
			]
		}
	]
}