{
	"credit": "ALTA Official CONTENT -- Do not use without credits !",
	"textures": {
		"5": "block/Updates/2.75/props03a",
		"1_0": "block/acacia_planks",
		"particle": "block/acacia_planks",
		"1_1": "block/light_gray_wool",
		"1_2": "block/Updates/2.75/benne1",
		"1_3": "block/green_wool"
	},
	"elements": [
		{
			"from": [1, -12.25, 2.5],
			"to": [2.5, -12, 2.625],
			"rotation": {"angle": 0, "axis": "y", "origin": [8, -5.625, 8]},
			"faces": {
				"north": {"uv": [0, 0, 0.09375, 0.01563], "texture": "#1_0"},
				"east": {"uv": [0, 0, 0.09375, 0.01563], "texture": "#1_0"},
				"south": {"uv": [0, 0, 0.09375, 0.01563], "texture": "#1_0"},
				"west": {"uv": [0, 0, 0.09375, 0.01563], "texture": "#1_0"},
				"up": {"uv": [0, 0, 0.09375, 0.01563], "texture": "#1_0"},
				"down": {"uv": [0, 0, 0.09375, 0.01563], "texture": "#1_0"}
			}
		},
		{
			"from": [1.25, -12.375, 0.875],
			"to": [1.375, -12.25, 1],
			"rotation": {"angle": 0, "axis": "y", "origin": [8, -5.625, 8]},
			"faces": {
				"north": {"uv": [0, 0, 0.00781, 0.00781], "texture": "#1_0"},
				"east": {"uv": [0, 0, 0.00781, 0.00781], "texture": "#1_0"},
				"south": {"uv": [0, 0, 0.00781, 0.00781], "texture": "#1_0"},
				"west": {"uv": [0, 0, 0.00781, 0.00781], "texture": "#1_0"},
				"up": {"uv": [0, 0, 0.00781, 0.00781], "texture": "#1_0"},
				"down": {"uv": [0, 0, 0.00781, 0.00781], "texture": "#1_0"}
			}
		},
		{
			"from": [2.125, -12.375, 0.875],
			"to": [2.25, -12.25, 1],
			"rotation": {"angle": 0, "axis": "y", "origin": [8, -5.625, 8]},
			"faces": {
				"north": {"uv": [0, 0, 0.00781, 0.00781], "texture": "#1_0"},
				"east": {"uv": [0, 0, 0.00781, 0.00781], "texture": "#1_0"},
				"south": {"uv": [0, 0, 0.00781, 0.00781], "texture": "#1_0"},
				"west": {"uv": [0, 0, 0.00781, 0.00781], "texture": "#1_0"},
				"up": {"uv": [0, 0, 0.00781, 0.00781], "texture": "#1_0"},
				"down": {"uv": [0, 0, 0.00781, 0.00781], "texture": "#1_0"}
			}
		},
		{
			"from": [1.25, -12.375, 2.5],
			"to": [1.375, -12.25, 2.625],
			"rotation": {"angle": 0, "axis": "y", "origin": [8, -5.625, 8]},
			"faces": {
				"north": {"uv": [0, 0, 0.00781, 0.00781], "texture": "#1_0"},
				"east": {"uv": [0, 0, 0.00781, 0.00781], "texture": "#1_0"},
				"south": {"uv": [0, 0, 0.00781, 0.00781], "texture": "#1_0"},
				"west": {"uv": [0, 0, 0.00781, 0.00781], "texture": "#1_0"},
				"up": {"uv": [0, 0, 0.00781, 0.00781], "texture": "#1_0"},
				"down": {"uv": [0, 0, 0.00781, 0.00781], "texture": "#1_0"}
			}
		},
		{
			"from": [1.25, -13.25, 0.875],
			"to": [1.375, -13.125, 1],
			"rotation": {"angle": 0, "axis": "y", "origin": [8, -5.625, 8]},
			"faces": {
				"north": {"uv": [0, 0, 0.00781, 0.00781], "texture": "#1_0"},
				"east": {"uv": [0, 0, 0.00781, 0.00781], "texture": "#1_0"},
				"south": {"uv": [0, 0, 0.00781, 0.00781], "texture": "#1_0"},
				"west": {"uv": [0, 0, 0.00781, 0.00781], "texture": "#1_0"},
				"up": {"uv": [0, 0, 0.00781, 0.00781], "texture": "#1_0"},
				"down": {"uv": [0, 0, 0.00781, 0.00781], "texture": "#1_0"}
			}
		},
		{
			"from": [0.875, -13.25, 2.5],
			"to": [1.25, -12.25, 2.625],
			"rotation": {"angle": 0, "axis": "y", "origin": [8, -5.625, 8]},
			"faces": {
				"north": {"uv": [0, 0, 0.02344, 0.0625], "texture": "#1_0"},
				"east": {"uv": [0, 0, 0.02344, 0.0625], "texture": "#1_0"},
				"south": {"uv": [0, 0, 0.02344, 0.0625], "texture": "#1_0"},
				"west": {"uv": [0, 0, 0.02344, 0.0625], "texture": "#1_0"},
				"up": {"uv": [0, 0, 0.02344, 0.0625], "texture": "#1_0"},
				"down": {"uv": [0, 0, 0.02344, 0.0625], "texture": "#1_0"}
			}
		},
		{
			"from": [0.875, -13.25, 0.875],
			"to": [1.25, -12.25, 1],
			"rotation": {"angle": 0, "axis": "y", "origin": [8, -5.625, 8]},
			"faces": {
				"north": {"uv": [0, 0, 0.02344, 0.0625], "texture": "#1_0"},
				"east": {"uv": [0, 0, 0.02344, 0.0625], "texture": "#1_0"},
				"south": {"uv": [0, 0, 0.02344, 0.0625], "texture": "#1_0"},
				"west": {"uv": [0, 0, 0.02344, 0.0625], "texture": "#1_0"},
				"up": {"uv": [0, 0, 0.02344, 0.0625], "texture": "#1_0"},
				"down": {"uv": [0, 0, 0.02344, 0.0625], "texture": "#1_0"}
			}
		},
		{
			"from": [1.25, -13.625, 1],
			"to": [2.25, -13.5, 2.5],
			"rotation": {"angle": 0, "axis": "y", "origin": [8, -5.625, 8]},
			"faces": {
				"north": {"uv": [0, 0, 0.0625, 0.00781], "texture": "#1_0"},
				"east": {"uv": [0, 0, 0.0625, 0.00781], "texture": "#1_0"},
				"south": {"uv": [0, 0, 0.0625, 0.00781], "texture": "#1_0"},
				"west": {"uv": [0, 0, 0.0625, 0.00781], "texture": "#1_0"},
				"up": {"uv": [0, 0, 0.0625, 0.00781], "texture": "#1_0"},
				"down": {"uv": [0, 0, 0.0625, 0.00781], "texture": "#1_0"}
			}
		},
		{
			"from": [1.25, -12, 1],
			"to": [2.25, -11.875, 2.5],
			"rotation": {"angle": 0, "axis": "y", "origin": [8, -5.625, 8]},
			"faces": {
				"north": {"uv": [0, 0, 0.0625, 0.00781], "texture": "#1_0"},
				"east": {"uv": [0, 0, 0.0625, 0.00781], "texture": "#1_0"},
				"south": {"uv": [0, 0, 0.0625, 0.00781], "texture": "#1_0"},
				"west": {"uv": [0, 0, 0.0625, 0.00781], "texture": "#1_0"},
				"up": {"uv": [0, 0, 0.0625, 0.00781], "texture": "#1_0"},
				"down": {"uv": [0, 0, 0.0625, 0.00781], "texture": "#1_0"}
			}
		},
		{
			"from": [1.25, -12, 2.5],
			"to": [2.25, -11.875, 2.625],
			"rotation": {"angle": 0, "axis": "y", "origin": [8, -5.625, 8]},
			"faces": {
				"north": {"uv": [0, 0, 0.0625, 0.00781], "texture": "#1_0"},
				"east": {"uv": [0, 0, 0.0625, 0.00781], "texture": "#1_0"},
				"south": {"uv": [0, 0, 0.0625, 0.00781], "texture": "#1_0"},
				"west": {"uv": [0, 0, 0.0625, 0.00781], "texture": "#1_0"},
				"up": {"uv": [0, 0, 0.0625, 0.00781], "texture": "#1_0"},
				"down": {"uv": [0, 0, 0.0625, 0.00781], "texture": "#1_0"}
			}
		},
		{
			"from": [2.5, -13.25, 1],
			"to": [2.625, -12.25, 2.5],
			"rotation": {"angle": 0, "axis": "y", "origin": [8, -5.625, 8]},
			"faces": {
				"north": {"uv": [0, 0, 0.00781, 0.0625], "texture": "#1_0"},
				"east": {"uv": [0, 0, 0.00781, 0.0625], "texture": "#1_0"},
				"south": {"uv": [0, 0, 0.00781, 0.0625], "texture": "#1_0"},
				"west": {"uv": [0, 0, 0.00781, 0.0625], "texture": "#1_0"},
				"up": {"uv": [0, 0, 0.00781, 0.0625], "texture": "#1_0"},
				"down": {"uv": [0, 0, 0.00781, 0.0625], "texture": "#1_0"}
			}
		},
		{
			"from": [2.125, -12.375, 2.5],
			"to": [2.25, -12.25, 2.625],
			"rotation": {"angle": 0, "axis": "y", "origin": [8, -5.625, 8]},
			"faces": {
				"north": {"uv": [0, 0, 0.00781, 0.00781], "texture": "#1_0"},
				"east": {"uv": [0, 0, 0.00781, 0.00781], "texture": "#1_0"},
				"south": {"uv": [0, 0, 0.00781, 0.00781], "texture": "#1_0"},
				"west": {"uv": [0, 0, 0.00781, 0.00781], "texture": "#1_0"},
				"up": {"uv": [0, 0, 0.00781, 0.00781], "texture": "#1_0"},
				"down": {"uv": [0, 0, 0.00781, 0.00781], "texture": "#1_0"}
			}
		},
		{
			"from": [0.875, -13.25, 1],
			"to": [1, -12.25, 2.5],
			"rotation": {"angle": 0, "axis": "y", "origin": [8, -5.625, 8]},
			"faces": {
				"north": {"uv": [0, 0, 0.00781, 0.0625], "texture": "#1_0"},
				"east": {"uv": [0, 0, 0.00781, 0.0625], "texture": "#1_0"},
				"south": {"uv": [0, 0, 0.00781, 0.0625], "texture": "#1_0"},
				"west": {"uv": [0, 0, 0.00781, 0.0625], "texture": "#1_0"},
				"up": {"uv": [0, 0, 0.00781, 0.0625], "texture": "#1_0"},
				"down": {"uv": [0, 0, 0.00781, 0.0625], "texture": "#1_0"}
			}
		},
		{
			"from": [1.25, -13.25, 2.5],
			"to": [1.375, -13.125, 2.625],
			"rotation": {"angle": 0, "axis": "y", "origin": [8, -5.625, 8]},
			"faces": {
				"north": {"uv": [0, 0, 0.00781, 0.00781], "texture": "#1_0"},
				"east": {"uv": [0, 0, 0.00781, 0.00781], "texture": "#1_0"},
				"south": {"uv": [0, 0, 0.00781, 0.00781], "texture": "#1_0"},
				"west": {"uv": [0, 0, 0.00781, 0.00781], "texture": "#1_0"},
				"up": {"uv": [0, 0, 0.00781, 0.00781], "texture": "#1_0"},
				"down": {"uv": [0, 0, 0.00781, 0.00781], "texture": "#1_0"}
			}
		},
		{
			"from": [1.25, -13.625, 2.5],
			"to": [2.25, -13.5, 2.625],
			"rotation": {"angle": 0, "axis": "y", "origin": [8, -5.625, 8]},
			"faces": {
				"north": {"uv": [0, 0, 0.0625, 0.00781], "texture": "#1_0"},
				"east": {"uv": [0, 0, 0.0625, 0.00781], "texture": "#1_0"},
				"south": {"uv": [0, 0, 0.0625, 0.00781], "texture": "#1_0"},
				"west": {"uv": [0, 0, 0.0625, 0.00781], "texture": "#1_0"},
				"up": {"uv": [0, 0, 0.0625, 0.00781], "texture": "#1_0"},
				"down": {"uv": [0, 0, 0.0625, 0.00781], "texture": "#1_0"}
			}
		},
		{
			"from": [2.125, -13.25, 2.5],
			"to": [2.25, -13.125, 2.625],
			"rotation": {"angle": 0, "axis": "y", "origin": [8, -5.625, 8]},
			"faces": {
				"north": {"uv": [0, 0, 0.00781, 0.00781], "texture": "#1_0"},
				"east": {"uv": [0, 0, 0.00781, 0.00781], "texture": "#1_0"},
				"south": {"uv": [0, 0, 0.00781, 0.00781], "texture": "#1_0"},
				"west": {"uv": [0, 0, 0.00781, 0.00781], "texture": "#1_0"},
				"up": {"uv": [0, 0, 0.00781, 0.00781], "texture": "#1_0"},
				"down": {"uv": [0, 0, 0.00781, 0.00781], "texture": "#1_0"}
			}
		},
		{
			"from": [2.25, -13.25, 2.5],
			"to": [2.625, -12.25, 2.625],
			"rotation": {"angle": 0, "axis": "y", "origin": [8, -5.625, 8]},
			"faces": {
				"north": {"uv": [0, 0, 0.02344, 0.0625], "texture": "#1_0"},
				"east": {"uv": [0, 0, 0.02344, 0.0625], "texture": "#1_0"},
				"south": {"uv": [0, 0, 0.02344, 0.0625], "texture": "#1_0"},
				"west": {"uv": [0, 0, 0.02344, 0.0625], "texture": "#1_0"},
				"up": {"uv": [0, 0, 0.02344, 0.0625], "texture": "#1_0"},
				"down": {"uv": [0, 0, 0.02344, 0.0625], "texture": "#1_0"}
			}
		},
		{
			"from": [1, -13.5, 2.5],
			"to": [2.5, -13.25, 2.625],
			"rotation": {"angle": 0, "axis": "y", "origin": [8, -5.625, 8]},
			"faces": {
				"north": {"uv": [0, 0, 0.09375, 0.01563], "texture": "#1_0"},
				"east": {"uv": [0, 0, 0.09375, 0.01563], "texture": "#1_0"},
				"south": {"uv": [0, 0, 0.09375, 0.01563], "texture": "#1_0"},
				"west": {"uv": [0, 0, 0.09375, 0.01563], "texture": "#1_0"},
				"up": {"uv": [0, 0, 0.09375, 0.01563], "texture": "#1_0"},
				"down": {"uv": [0, 0, 0.09375, 0.01563], "texture": "#1_0"}
			}
		},
		{
			"from": [2.125, -13.25, 0.875],
			"to": [2.25, -13.125, 1],
			"rotation": {"angle": 0, "axis": "y", "origin": [8, -5.625, 8]},
			"faces": {
				"north": {"uv": [0, 0, 0.00781, 0.00781], "texture": "#1_0"},
				"east": {"uv": [0, 0, 0.00781, 0.00781], "texture": "#1_0"},
				"south": {"uv": [0, 0, 0.00781, 0.00781], "texture": "#1_0"},
				"west": {"uv": [0, 0, 0.00781, 0.00781], "texture": "#1_0"},
				"up": {"uv": [0, 0, 0.00781, 0.00781], "texture": "#1_0"},
				"down": {"uv": [0, 0, 0.00781, 0.00781], "texture": "#1_0"}
			}
		},
		{
			"from": [2.25, -13.25, 0.875],
			"to": [2.625, -12.25, 1],
			"rotation": {"angle": 0, "axis": "y", "origin": [8, -5.625, 8]},
			"faces": {
				"north": {"uv": [0, 0, 0.02344, 0.0625], "texture": "#1_0"},
				"east": {"uv": [0, 0, 0.02344, 0.0625], "texture": "#1_0"},
				"south": {"uv": [0, 0, 0.02344, 0.0625], "texture": "#1_0"},
				"west": {"uv": [0, 0, 0.02344, 0.0625], "texture": "#1_0"},
				"up": {"uv": [0, 0, 0.02344, 0.0625], "texture": "#1_0"},
				"down": {"uv": [0, 0, 0.02344, 0.0625], "texture": "#1_0"}
			}
		},
		{
			"from": [1, -13.5, 0.875],
			"to": [2.5, -13.25, 1],
			"rotation": {"angle": 0, "axis": "y", "origin": [8, -5.625, 8]},
			"faces": {
				"north": {"uv": [0, 0, 0.09375, 0.01563], "texture": "#1_0"},
				"east": {"uv": [0, 0, 0.09375, 0.01563], "texture": "#1_0"},
				"south": {"uv": [0, 0, 0.09375, 0.01563], "texture": "#1_0"},
				"west": {"uv": [0, 0, 0.09375, 0.01563], "texture": "#1_0"},
				"up": {"uv": [0, 0, 0.09375, 0.01563], "texture": "#1_0"},
				"down": {"uv": [0, 0, 0.09375, 0.01563], "texture": "#1_0"}
			}
		},
		{
			"from": [1, -12.25, 0.875],
			"to": [2.5, -12, 1],
			"rotation": {"angle": 0, "axis": "y", "origin": [8, -5.625, 8]},
			"faces": {
				"north": {"uv": [0, 0, 0.09375, 0.01563], "texture": "#1_0"},
				"east": {"uv": [0, 0, 0.09375, 0.01563], "texture": "#1_0"},
				"south": {"uv": [0, 0, 0.09375, 0.01563], "texture": "#1_0"},
				"west": {"uv": [0, 0, 0.09375, 0.01563], "texture": "#1_0"},
				"up": {"uv": [0, 0, 0.09375, 0.01563], "texture": "#1_0"},
				"down": {"uv": [0, 0, 0.09375, 0.01563], "texture": "#1_0"}
			}
		},
		{
			"from": [1, -13.5, 1],
			"to": [2.5, -12, 2.5],
			"rotation": {"angle": 0, "axis": "y", "origin": [8, -5.625, 8]},
			"faces": {
				"north": {"uv": [0, 0, 0.09375, 0.09375], "texture": "#1_1"},
				"east": {"uv": [0, 0, 0.09375, 0.09375], "texture": "#1_0"},
				"south": {"uv": [0, 0, 0.09375, 0.09375], "texture": "#1_1"},
				"west": {"uv": [0, 0, 0.09375, 0.09375], "texture": "#1_0"},
				"up": {"uv": [0, 0, 0.09375, 0.09375], "texture": "#1_0"},
				"down": {"uv": [0, 0, 0.09375, 0.09375], "texture": "#1_0"}
			}
		},
		{
			"from": [7.375, -12.25, 17.375],
			"to": [8.875, -12, 17.5],
			"rotation": {"angle": 45, "axis": "y", "origin": [8, -5.625, 25.875]},
			"faces": {
				"north": {"uv": [0, 0, 0.09375, 0.01563], "texture": "#1_0"},
				"east": {"uv": [0, 0, 0.09375, 0.01563], "texture": "#1_0"},
				"south": {"uv": [0, 0, 0.09375, 0.01563], "texture": "#1_0"},
				"west": {"uv": [0, 0, 0.09375, 0.01563], "texture": "#1_0"},
				"up": {"uv": [0, 0, 0.09375, 0.01563], "texture": "#1_0"},
				"down": {"uv": [0, 0, 0.09375, 0.01563], "texture": "#1_0"}
			}
		},
		{
			"from": [7.625, -12.375, 15.75],
			"to": [7.75, -12.25, 15.875],
			"rotation": {"angle": 45, "axis": "y", "origin": [8, -5.625, 25.875]},
			"faces": {
				"north": {"uv": [0, 0, 0.00781, 0.00781], "texture": "#1_0"},
				"east": {"uv": [0, 0, 0.00781, 0.00781], "texture": "#1_0"},
				"south": {"uv": [0, 0, 0.00781, 0.00781], "texture": "#1_0"},
				"west": {"uv": [0, 0, 0.00781, 0.00781], "texture": "#1_0"},
				"up": {"uv": [0, 0, 0.00781, 0.00781], "texture": "#1_0"},
				"down": {"uv": [0, 0, 0.00781, 0.00781], "texture": "#1_0"}
			}
		},
		{
			"from": [8.5, -12.375, 15.75],
			"to": [8.625, -12.25, 15.875],
			"rotation": {"angle": 45, "axis": "y", "origin": [8, -5.625, 25.875]},
			"faces": {
				"north": {"uv": [0, 0, 0.00781, 0.00781], "texture": "#1_0"},
				"east": {"uv": [0, 0, 0.00781, 0.00781], "texture": "#1_0"},
				"south": {"uv": [0, 0, 0.00781, 0.00781], "texture": "#1_0"},
				"west": {"uv": [0, 0, 0.00781, 0.00781], "texture": "#1_0"},
				"up": {"uv": [0, 0, 0.00781, 0.00781], "texture": "#1_0"},
				"down": {"uv": [0, 0, 0.00781, 0.00781], "texture": "#1_0"}
			}
		},
		{
			"from": [7.625, -12.375, 17.375],
			"to": [7.75, -12.25, 17.5],
			"rotation": {"angle": 45, "axis": "y", "origin": [8, -5.625, 25.875]},
			"faces": {
				"north": {"uv": [0, 0, 0.00781, 0.00781], "texture": "#1_0"},
				"east": {"uv": [0, 0, 0.00781, 0.00781], "texture": "#1_0"},
				"south": {"uv": [0, 0, 0.00781, 0.00781], "texture": "#1_0"},
				"west": {"uv": [0, 0, 0.00781, 0.00781], "texture": "#1_0"},
				"up": {"uv": [0, 0, 0.00781, 0.00781], "texture": "#1_0"},
				"down": {"uv": [0, 0, 0.00781, 0.00781], "texture": "#1_0"}
			}
		},
		{
			"from": [7.625, -13.25, 15.75],
			"to": [7.75, -13.125, 15.875],
			"rotation": {"angle": 45, "axis": "y", "origin": [8, -5.625, 25.875]},
			"faces": {
				"north": {"uv": [0, 0, 0.00781, 0.00781], "texture": "#1_0"},
				"east": {"uv": [0, 0, 0.00781, 0.00781], "texture": "#1_0"},
				"south": {"uv": [0, 0, 0.00781, 0.00781], "texture": "#1_0"},
				"west": {"uv": [0, 0, 0.00781, 0.00781], "texture": "#1_0"},
				"up": {"uv": [0, 0, 0.00781, 0.00781], "texture": "#1_0"},
				"down": {"uv": [0, 0, 0.00781, 0.00781], "texture": "#1_0"}
			}
		},
		{
			"from": [7.25, -13.25, 17.375],
			"to": [7.625, -12.25, 17.5],
			"rotation": {"angle": 45, "axis": "y", "origin": [8, -5.625, 25.875]},
			"faces": {
				"north": {"uv": [0, 0, 0.02344, 0.0625], "texture": "#1_0"},
				"east": {"uv": [0, 0, 0.02344, 0.0625], "texture": "#1_0"},
				"south": {"uv": [0, 0, 0.02344, 0.0625], "texture": "#1_0"},
				"west": {"uv": [0, 0, 0.02344, 0.0625], "texture": "#1_0"},
				"up": {"uv": [0, 0, 0.02344, 0.0625], "texture": "#1_0"},
				"down": {"uv": [0, 0, 0.02344, 0.0625], "texture": "#1_0"}
			}
		},
		{
			"from": [7.25, -13.25, 15.75],
			"to": [7.625, -12.25, 15.875],
			"rotation": {"angle": 45, "axis": "y", "origin": [8, -5.625, 25.875]},
			"faces": {
				"north": {"uv": [0, 0, 0.02344, 0.0625], "texture": "#1_0"},
				"east": {"uv": [0, 0, 0.02344, 0.0625], "texture": "#1_0"},
				"south": {"uv": [0, 0, 0.02344, 0.0625], "texture": "#1_0"},
				"west": {"uv": [0, 0, 0.02344, 0.0625], "texture": "#1_0"},
				"up": {"uv": [0, 0, 0.02344, 0.0625], "texture": "#1_0"},
				"down": {"uv": [0, 0, 0.02344, 0.0625], "texture": "#1_0"}
			}
		},
		{
			"from": [7.625, -13.625, 15.875],
			"to": [8.625, -13.5, 17.375],
			"rotation": {"angle": 45, "axis": "y", "origin": [8, -5.625, 25.875]},
			"faces": {
				"north": {"uv": [0, 0, 0.0625, 0.00781], "texture": "#1_0"},
				"east": {"uv": [0, 0, 0.0625, 0.00781], "texture": "#1_0"},
				"south": {"uv": [0, 0, 0.0625, 0.00781], "texture": "#1_0"},
				"west": {"uv": [0, 0, 0.0625, 0.00781], "texture": "#1_0"},
				"up": {"uv": [0, 0, 0.0625, 0.00781], "texture": "#1_0"},
				"down": {"uv": [0, 0, 0.0625, 0.00781], "texture": "#1_0"}
			}
		},
		{
			"from": [7.625, -12, 15.875],
			"to": [8.625, -11.875, 17.375],
			"rotation": {"angle": 45, "axis": "y", "origin": [8, -5.625, 25.875]},
			"faces": {
				"north": {"uv": [0, 0, 0.0625, 0.00781], "texture": "#1_0"},
				"east": {"uv": [0, 0, 0.0625, 0.00781], "texture": "#1_0"},
				"south": {"uv": [0, 0, 0.0625, 0.00781], "texture": "#1_0"},
				"west": {"uv": [0, 0, 0.0625, 0.00781], "texture": "#1_0"},
				"up": {"uv": [0, 0, 0.0625, 0.00781], "texture": "#1_0"},
				"down": {"uv": [0, 0, 0.0625, 0.00781], "texture": "#1_0"}
			}
		},
		{
			"from": [7.625, -12, 17.375],
			"to": [8.625, -11.875, 17.5],
			"rotation": {"angle": 45, "axis": "y", "origin": [8, -5.625, 25.875]},
			"faces": {
				"north": {"uv": [0, 0, 0.0625, 0.00781], "texture": "#1_0"},
				"east": {"uv": [0, 0, 0.0625, 0.00781], "texture": "#1_0"},
				"south": {"uv": [0, 0, 0.0625, 0.00781], "texture": "#1_0"},
				"west": {"uv": [0, 0, 0.0625, 0.00781], "texture": "#1_0"},
				"up": {"uv": [0, 0, 0.0625, 0.00781], "texture": "#1_0"},
				"down": {"uv": [0, 0, 0.0625, 0.00781], "texture": "#1_0"}
			}
		},
		{
			"from": [8.875, -13.25, 15.875],
			"to": [9, -12.25, 17.375],
			"rotation": {"angle": 45, "axis": "y", "origin": [8, -5.625, 25.875]},
			"faces": {
				"north": {"uv": [0, 0, 0.00781, 0.0625], "texture": "#1_0"},
				"east": {"uv": [0, 0, 0.00781, 0.0625], "texture": "#1_0"},
				"south": {"uv": [0, 0, 0.00781, 0.0625], "texture": "#1_0"},
				"west": {"uv": [0, 0, 0.00781, 0.0625], "texture": "#1_0"},
				"up": {"uv": [0, 0, 0.00781, 0.0625], "texture": "#1_0"},
				"down": {"uv": [0, 0, 0.00781, 0.0625], "texture": "#1_0"}
			}
		},
		{
			"from": [8.5, -12.375, 17.375],
			"to": [8.625, -12.25, 17.5],
			"rotation": {"angle": 45, "axis": "y", "origin": [8, -5.625, 25.875]},
			"faces": {
				"north": {"uv": [0, 0, 0.00781, 0.00781], "texture": "#1_0"},
				"east": {"uv": [0, 0, 0.00781, 0.00781], "texture": "#1_0"},
				"south": {"uv": [0, 0, 0.00781, 0.00781], "texture": "#1_0"},
				"west": {"uv": [0, 0, 0.00781, 0.00781], "texture": "#1_0"},
				"up": {"uv": [0, 0, 0.00781, 0.00781], "texture": "#1_0"},
				"down": {"uv": [0, 0, 0.00781, 0.00781], "texture": "#1_0"}
			}
		},
		{
			"from": [7.25, -13.25, 15.875],
			"to": [7.375, -12.25, 17.375],
			"rotation": {"angle": 45, "axis": "y", "origin": [8, -5.625, 25.875]},
			"faces": {
				"north": {"uv": [0, 0, 0.00781, 0.0625], "texture": "#1_0"},
				"east": {"uv": [0, 0, 0.00781, 0.0625], "texture": "#1_0"},
				"south": {"uv": [0, 0, 0.00781, 0.0625], "texture": "#1_0"},
				"west": {"uv": [0, 0, 0.00781, 0.0625], "texture": "#1_0"},
				"up": {"uv": [0, 0, 0.00781, 0.0625], "texture": "#1_0"},
				"down": {"uv": [0, 0, 0.00781, 0.0625], "texture": "#1_0"}
			}
		},
		{
			"from": [7.625, -13.25, 17.375],
			"to": [7.75, -13.125, 17.5],
			"rotation": {"angle": 45, "axis": "y", "origin": [8, -5.625, 25.875]},
			"faces": {
				"north": {"uv": [0, 0, 0.00781, 0.00781], "texture": "#1_0"},
				"east": {"uv": [0, 0, 0.00781, 0.00781], "texture": "#1_0"},
				"south": {"uv": [0, 0, 0.00781, 0.00781], "texture": "#1_0"},
				"west": {"uv": [0, 0, 0.00781, 0.00781], "texture": "#1_0"},
				"up": {"uv": [0, 0, 0.00781, 0.00781], "texture": "#1_0"},
				"down": {"uv": [0, 0, 0.00781, 0.00781], "texture": "#1_0"}
			}
		},
		{
			"from": [7.625, -13.625, 17.375],
			"to": [8.625, -13.5, 17.5],
			"rotation": {"angle": 45, "axis": "y", "origin": [8, -5.625, 25.875]},
			"faces": {
				"north": {"uv": [0, 0, 0.0625, 0.00781], "texture": "#1_0"},
				"east": {"uv": [0, 0, 0.0625, 0.00781], "texture": "#1_0"},
				"south": {"uv": [0, 0, 0.0625, 0.00781], "texture": "#1_0"},
				"west": {"uv": [0, 0, 0.0625, 0.00781], "texture": "#1_0"},
				"up": {"uv": [0, 0, 0.0625, 0.00781], "texture": "#1_0"},
				"down": {"uv": [0, 0, 0.0625, 0.00781], "texture": "#1_0"}
			}
		},
		{
			"from": [8.5, -13.25, 17.375],
			"to": [8.625, -13.125, 17.5],
			"rotation": {"angle": 45, "axis": "y", "origin": [8, -5.625, 25.875]},
			"faces": {
				"north": {"uv": [0, 0, 0.00781, 0.00781], "texture": "#1_0"},
				"east": {"uv": [0, 0, 0.00781, 0.00781], "texture": "#1_0"},
				"south": {"uv": [0, 0, 0.00781, 0.00781], "texture": "#1_0"},
				"west": {"uv": [0, 0, 0.00781, 0.00781], "texture": "#1_0"},
				"up": {"uv": [0, 0, 0.00781, 0.00781], "texture": "#1_0"},
				"down": {"uv": [0, 0, 0.00781, 0.00781], "texture": "#1_0"}
			}
		},
		{
			"from": [8.625, -13.25, 17.375],
			"to": [9, -12.25, 17.5],
			"rotation": {"angle": 45, "axis": "y", "origin": [8, -5.625, 25.875]},
			"faces": {
				"north": {"uv": [0, 0, 0.02344, 0.0625], "texture": "#1_0"},
				"east": {"uv": [0, 0, 0.02344, 0.0625], "texture": "#1_0"},
				"south": {"uv": [0, 0, 0.02344, 0.0625], "texture": "#1_0"},
				"west": {"uv": [0, 0, 0.02344, 0.0625], "texture": "#1_0"},
				"up": {"uv": [0, 0, 0.02344, 0.0625], "texture": "#1_0"},
				"down": {"uv": [0, 0, 0.02344, 0.0625], "texture": "#1_0"}
			}
		},
		{
			"from": [7.375, -13.5, 17.375],
			"to": [8.875, -13.25, 17.5],
			"rotation": {"angle": 45, "axis": "y", "origin": [8, -5.625, 25.875]},
			"faces": {
				"north": {"uv": [0, 0, 0.09375, 0.01563], "texture": "#1_0"},
				"east": {"uv": [0, 0, 0.09375, 0.01563], "texture": "#1_0"},
				"south": {"uv": [0, 0, 0.09375, 0.01563], "texture": "#1_0"},
				"west": {"uv": [0, 0, 0.09375, 0.01563], "texture": "#1_0"},
				"up": {"uv": [0, 0, 0.09375, 0.01563], "texture": "#1_0"},
				"down": {"uv": [0, 0, 0.09375, 0.01563], "texture": "#1_0"}
			}
		},
		{
			"from": [8.5, -13.25, 15.75],
			"to": [8.625, -13.125, 15.875],
			"rotation": {"angle": 45, "axis": "y", "origin": [8, -5.625, 25.875]},
			"faces": {
				"north": {"uv": [0, 0, 0.00781, 0.00781], "texture": "#1_0"},
				"east": {"uv": [0, 0, 0.00781, 0.00781], "texture": "#1_0"},
				"south": {"uv": [0, 0, 0.00781, 0.00781], "texture": "#1_0"},
				"west": {"uv": [0, 0, 0.00781, 0.00781], "texture": "#1_0"},
				"up": {"uv": [0, 0, 0.00781, 0.00781], "texture": "#1_0"},
				"down": {"uv": [0, 0, 0.00781, 0.00781], "texture": "#1_0"}
			}
		},
		{
			"from": [8.625, -13.25, 15.75],
			"to": [9, -12.25, 15.875],
			"rotation": {"angle": 45, "axis": "y", "origin": [8, -5.625, 25.875]},
			"faces": {
				"north": {"uv": [0, 0, 0.02344, 0.0625], "texture": "#1_0"},
				"east": {"uv": [0, 0, 0.02344, 0.0625], "texture": "#1_0"},
				"south": {"uv": [0, 0, 0.02344, 0.0625], "texture": "#1_0"},
				"west": {"uv": [0, 0, 0.02344, 0.0625], "texture": "#1_0"},
				"up": {"uv": [0, 0, 0.02344, 0.0625], "texture": "#1_0"},
				"down": {"uv": [0, 0, 0.02344, 0.0625], "texture": "#1_0"}
			}
		},
		{
			"from": [7.375, -13.5, 15.75],
			"to": [8.875, -13.25, 15.875],
			"rotation": {"angle": 45, "axis": "y", "origin": [8, -5.625, 25.875]},
			"faces": {
				"north": {"uv": [0, 0, 0.09375, 0.01563], "texture": "#1_0"},
				"east": {"uv": [0, 0, 0.09375, 0.01563], "texture": "#1_0"},
				"south": {"uv": [0, 0, 0.09375, 0.01563], "texture": "#1_0"},
				"west": {"uv": [0, 0, 0.09375, 0.01563], "texture": "#1_0"},
				"up": {"uv": [0, 0, 0.09375, 0.01563], "texture": "#1_0"},
				"down": {"uv": [0, 0, 0.09375, 0.01563], "texture": "#1_0"}
			}
		},
		{
			"from": [7.375, -12.25, 15.75],
			"to": [8.875, -12, 15.875],
			"rotation": {"angle": 45, "axis": "y", "origin": [8, -5.625, 25.875]},
			"faces": {
				"north": {"uv": [0, 0, 0.09375, 0.01563], "texture": "#1_0"},
				"east": {"uv": [0, 0, 0.09375, 0.01563], "texture": "#1_0"},
				"south": {"uv": [0, 0, 0.09375, 0.01563], "texture": "#1_0"},
				"west": {"uv": [0, 0, 0.09375, 0.01563], "texture": "#1_0"},
				"up": {"uv": [0, 0, 0.09375, 0.01563], "texture": "#1_0"},
				"down": {"uv": [0, 0, 0.09375, 0.01563], "texture": "#1_0"}
			}
		},
		{
			"from": [7.375, -13.5, 15.875],
			"to": [8.875, -12, 17.375],
			"rotation": {"angle": 45, "axis": "y", "origin": [8, -5.625, 25.875]},
			"faces": {
				"north": {"uv": [0, 0, 0.09375, 0.09375], "texture": "#1_1"},
				"east": {"uv": [0, 0, 0.09375, 0.09375], "texture": "#1_0"},
				"south": {"uv": [0, 0, 0.09375, 0.09375], "texture": "#1_1"},
				"west": {"uv": [0, 0, 0.09375, 0.09375], "texture": "#1_0"},
				"up": {"uv": [0, 0, 0.09375, 0.09375], "texture": "#1_0"},
				"down": {"uv": [0, 0, 0.09375, 0.09375], "texture": "#1_0"}
			}
		},
		{
			"from": [11.625, -12.25, 23.375],
			"to": [13.125, -12, 23.5],
			"rotation": {"angle": -22.5, "axis": "y", "origin": [20.375, -5.625, 25.875]},
			"faces": {
				"north": {"uv": [0, 0, 0.09375, 0.01563], "texture": "#1_0"},
				"east": {"uv": [0, 0, 0.09375, 0.01563], "texture": "#1_0"},
				"south": {"uv": [0, 0, 0.09375, 0.01563], "texture": "#1_0"},
				"west": {"uv": [0, 0, 0.09375, 0.01563], "texture": "#1_0"},
				"up": {"uv": [0, 0, 0.09375, 0.01563], "texture": "#1_0"},
				"down": {"uv": [0, 0, 0.09375, 0.01563], "texture": "#1_0"}
			}
		},
		{
			"from": [11.875, -12.375, 21.75],
			"to": [12, -12.25, 21.875],
			"rotation": {"angle": -22.5, "axis": "y", "origin": [20.375, -5.625, 25.875]},
			"faces": {
				"north": {"uv": [0, 0, 0.00781, 0.00781], "texture": "#1_0"},
				"east": {"uv": [0, 0, 0.00781, 0.00781], "texture": "#1_0"},
				"south": {"uv": [0, 0, 0.00781, 0.00781], "texture": "#1_0"},
				"west": {"uv": [0, 0, 0.00781, 0.00781], "texture": "#1_0"},
				"up": {"uv": [0, 0, 0.00781, 0.00781], "texture": "#1_0"},
				"down": {"uv": [0, 0, 0.00781, 0.00781], "texture": "#1_0"}
			}
		},
		{
			"from": [12.75, -12.375, 21.75],
			"to": [12.875, -12.25, 21.875],
			"rotation": {"angle": -22.5, "axis": "y", "origin": [20.375, -5.625, 25.875]},
			"faces": {
				"north": {"uv": [0, 0, 0.00781, 0.00781], "texture": "#1_0"},
				"east": {"uv": [0, 0, 0.00781, 0.00781], "texture": "#1_0"},
				"south": {"uv": [0, 0, 0.00781, 0.00781], "texture": "#1_0"},
				"west": {"uv": [0, 0, 0.00781, 0.00781], "texture": "#1_0"},
				"up": {"uv": [0, 0, 0.00781, 0.00781], "texture": "#1_0"},
				"down": {"uv": [0, 0, 0.00781, 0.00781], "texture": "#1_0"}
			}
		},
		{
			"from": [11.875, -12.375, 23.375],
			"to": [12, -12.25, 23.5],
			"rotation": {"angle": -22.5, "axis": "y", "origin": [20.375, -5.625, 25.875]},
			"faces": {
				"north": {"uv": [0, 0, 0.00781, 0.00781], "texture": "#1_0"},
				"east": {"uv": [0, 0, 0.00781, 0.00781], "texture": "#1_0"},
				"south": {"uv": [0, 0, 0.00781, 0.00781], "texture": "#1_0"},
				"west": {"uv": [0, 0, 0.00781, 0.00781], "texture": "#1_0"},
				"up": {"uv": [0, 0, 0.00781, 0.00781], "texture": "#1_0"},
				"down": {"uv": [0, 0, 0.00781, 0.00781], "texture": "#1_0"}
			}
		},
		{
			"from": [11.875, -13.25, 21.75],
			"to": [12, -13.125, 21.875],
			"rotation": {"angle": -22.5, "axis": "y", "origin": [20.375, -5.625, 25.875]},
			"faces": {
				"north": {"uv": [0, 0, 0.00781, 0.00781], "texture": "#1_0"},
				"east": {"uv": [0, 0, 0.00781, 0.00781], "texture": "#1_0"},
				"south": {"uv": [0, 0, 0.00781, 0.00781], "texture": "#1_0"},
				"west": {"uv": [0, 0, 0.00781, 0.00781], "texture": "#1_0"},
				"up": {"uv": [0, 0, 0.00781, 0.00781], "texture": "#1_0"},
				"down": {"uv": [0, 0, 0.00781, 0.00781], "texture": "#1_0"}
			}
		},
		{
			"from": [11.5, -13.25, 23.375],
			"to": [11.875, -12.25, 23.5],
			"rotation": {"angle": -22.5, "axis": "y", "origin": [20.375, -5.625, 25.875]},
			"faces": {
				"north": {"uv": [0, 0, 0.02344, 0.0625], "texture": "#1_0"},
				"east": {"uv": [0, 0, 0.02344, 0.0625], "texture": "#1_0"},
				"south": {"uv": [0, 0, 0.02344, 0.0625], "texture": "#1_0"},
				"west": {"uv": [0, 0, 0.02344, 0.0625], "texture": "#1_0"},
				"up": {"uv": [0, 0, 0.02344, 0.0625], "texture": "#1_0"},
				"down": {"uv": [0, 0, 0.02344, 0.0625], "texture": "#1_0"}
			}
		},
		{
			"from": [11.5, -13.25, 21.75],
			"to": [11.875, -12.25, 21.875],
			"rotation": {"angle": -22.5, "axis": "y", "origin": [20.375, -5.625, 25.875]},
			"faces": {
				"north": {"uv": [0, 0, 0.02344, 0.0625], "texture": "#1_0"},
				"east": {"uv": [0, 0, 0.02344, 0.0625], "texture": "#1_0"},
				"south": {"uv": [0, 0, 0.02344, 0.0625], "texture": "#1_0"},
				"west": {"uv": [0, 0, 0.02344, 0.0625], "texture": "#1_0"},
				"up": {"uv": [0, 0, 0.02344, 0.0625], "texture": "#1_0"},
				"down": {"uv": [0, 0, 0.02344, 0.0625], "texture": "#1_0"}
			}
		},
		{
			"from": [11.875, -13.625, 21.875],
			"to": [12.875, -13.5, 23.375],
			"rotation": {"angle": -22.5, "axis": "y", "origin": [20.375, -5.625, 25.875]},
			"faces": {
				"north": {"uv": [0, 0, 0.0625, 0.00781], "texture": "#1_0"},
				"east": {"uv": [0, 0, 0.0625, 0.00781], "texture": "#1_0"},
				"south": {"uv": [0, 0, 0.0625, 0.00781], "texture": "#1_0"},
				"west": {"uv": [0, 0, 0.0625, 0.00781], "texture": "#1_0"},
				"up": {"uv": [0, 0, 0.0625, 0.00781], "texture": "#1_0"},
				"down": {"uv": [0, 0, 0.0625, 0.00781], "texture": "#1_0"}
			}
		},
		{
			"from": [11.875, -12, 21.875],
			"to": [12.875, -11.875, 23.375],
			"rotation": {"angle": -22.5, "axis": "y", "origin": [20.375, -5.625, 25.875]},
			"faces": {
				"north": {"uv": [0, 0, 0.0625, 0.00781], "texture": "#1_0"},
				"east": {"uv": [0, 0, 0.0625, 0.00781], "texture": "#1_0"},
				"south": {"uv": [0, 0, 0.0625, 0.00781], "texture": "#1_0"},
				"west": {"uv": [0, 0, 0.0625, 0.00781], "texture": "#1_0"},
				"up": {"uv": [0, 0, 0.0625, 0.00781], "texture": "#1_0"},
				"down": {"uv": [0, 0, 0.0625, 0.00781], "texture": "#1_0"}
			}
		},
		{
			"from": [11.875, -12, 23.375],
			"to": [12.875, -11.875, 23.5],
			"rotation": {"angle": -22.5, "axis": "y", "origin": [20.375, -5.625, 25.875]},
			"faces": {
				"north": {"uv": [0, 0, 0.0625, 0.00781], "texture": "#1_0"},
				"east": {"uv": [0, 0, 0.0625, 0.00781], "texture": "#1_0"},
				"south": {"uv": [0, 0, 0.0625, 0.00781], "texture": "#1_0"},
				"west": {"uv": [0, 0, 0.0625, 0.00781], "texture": "#1_0"},
				"up": {"uv": [0, 0, 0.0625, 0.00781], "texture": "#1_0"},
				"down": {"uv": [0, 0, 0.0625, 0.00781], "texture": "#1_0"}
			}
		},
		{
			"from": [13.125, -13.25, 21.875],
			"to": [13.25, -12.25, 23.375],
			"rotation": {"angle": -22.5, "axis": "y", "origin": [20.375, -5.625, 25.875]},
			"faces": {
				"north": {"uv": [0, 0, 0.00781, 0.0625], "texture": "#1_0"},
				"east": {"uv": [0, 0, 0.00781, 0.0625], "texture": "#1_0"},
				"south": {"uv": [0, 0, 0.00781, 0.0625], "texture": "#1_0"},
				"west": {"uv": [0, 0, 0.00781, 0.0625], "texture": "#1_0"},
				"up": {"uv": [0, 0, 0.00781, 0.0625], "texture": "#1_0"},
				"down": {"uv": [0, 0, 0.00781, 0.0625], "texture": "#1_0"}
			}
		},
		{
			"from": [12.75, -12.375, 23.375],
			"to": [12.875, -12.25, 23.5],
			"rotation": {"angle": -22.5, "axis": "y", "origin": [20.375, -5.625, 25.875]},
			"faces": {
				"north": {"uv": [0, 0, 0.00781, 0.00781], "texture": "#1_0"},
				"east": {"uv": [0, 0, 0.00781, 0.00781], "texture": "#1_0"},
				"south": {"uv": [0, 0, 0.00781, 0.00781], "texture": "#1_0"},
				"west": {"uv": [0, 0, 0.00781, 0.00781], "texture": "#1_0"},
				"up": {"uv": [0, 0, 0.00781, 0.00781], "texture": "#1_0"},
				"down": {"uv": [0, 0, 0.00781, 0.00781], "texture": "#1_0"}
			}
		},
		{
			"from": [11.5, -13.25, 21.875],
			"to": [11.625, -12.25, 23.375],
			"rotation": {"angle": -22.5, "axis": "y", "origin": [20.375, -5.625, 25.875]},
			"faces": {
				"north": {"uv": [0, 0, 0.00781, 0.0625], "texture": "#1_0"},
				"east": {"uv": [0, 0, 0.00781, 0.0625], "texture": "#1_0"},
				"south": {"uv": [0, 0, 0.00781, 0.0625], "texture": "#1_0"},
				"west": {"uv": [0, 0, 0.00781, 0.0625], "texture": "#1_0"},
				"up": {"uv": [0, 0, 0.00781, 0.0625], "texture": "#1_0"},
				"down": {"uv": [0, 0, 0.00781, 0.0625], "texture": "#1_0"}
			}
		},
		{
			"from": [11.875, -13.25, 23.375],
			"to": [12, -13.125, 23.5],
			"rotation": {"angle": -22.5, "axis": "y", "origin": [20.375, -5.625, 25.875]},
			"faces": {
				"north": {"uv": [0, 0, 0.00781, 0.00781], "texture": "#1_0"},
				"east": {"uv": [0, 0, 0.00781, 0.00781], "texture": "#1_0"},
				"south": {"uv": [0, 0, 0.00781, 0.00781], "texture": "#1_0"},
				"west": {"uv": [0, 0, 0.00781, 0.00781], "texture": "#1_0"},
				"up": {"uv": [0, 0, 0.00781, 0.00781], "texture": "#1_0"},
				"down": {"uv": [0, 0, 0.00781, 0.00781], "texture": "#1_0"}
			}
		},
		{
			"from": [11.875, -13.625, 23.375],
			"to": [12.875, -13.5, 23.5],
			"rotation": {"angle": -22.5, "axis": "y", "origin": [20.375, -5.625, 25.875]},
			"faces": {
				"north": {"uv": [0, 0, 0.0625, 0.00781], "texture": "#1_0"},
				"east": {"uv": [0, 0, 0.0625, 0.00781], "texture": "#1_0"},
				"south": {"uv": [0, 0, 0.0625, 0.00781], "texture": "#1_0"},
				"west": {"uv": [0, 0, 0.0625, 0.00781], "texture": "#1_0"},
				"up": {"uv": [0, 0, 0.0625, 0.00781], "texture": "#1_0"},
				"down": {"uv": [0, 0, 0.0625, 0.00781], "texture": "#1_0"}
			}
		},
		{
			"from": [12.75, -13.25, 23.375],
			"to": [12.875, -13.125, 23.5],
			"rotation": {"angle": -22.5, "axis": "y", "origin": [20.375, -5.625, 25.875]},
			"faces": {
				"north": {"uv": [0, 0, 0.00781, 0.00781], "texture": "#1_0"},
				"east": {"uv": [0, 0, 0.00781, 0.00781], "texture": "#1_0"},
				"south": {"uv": [0, 0, 0.00781, 0.00781], "texture": "#1_0"},
				"west": {"uv": [0, 0, 0.00781, 0.00781], "texture": "#1_0"},
				"up": {"uv": [0, 0, 0.00781, 0.00781], "texture": "#1_0"},
				"down": {"uv": [0, 0, 0.00781, 0.00781], "texture": "#1_0"}
			}
		},
		{
			"from": [12.875, -13.25, 23.375],
			"to": [13.25, -12.25, 23.5],
			"rotation": {"angle": -22.5, "axis": "y", "origin": [20.375, -5.625, 25.875]},
			"faces": {
				"north": {"uv": [0, 0, 0.02344, 0.0625], "texture": "#1_0"},
				"east": {"uv": [0, 0, 0.02344, 0.0625], "texture": "#1_0"},
				"south": {"uv": [0, 0, 0.02344, 0.0625], "texture": "#1_0"},
				"west": {"uv": [0, 0, 0.02344, 0.0625], "texture": "#1_0"},
				"up": {"uv": [0, 0, 0.02344, 0.0625], "texture": "#1_0"},
				"down": {"uv": [0, 0, 0.02344, 0.0625], "texture": "#1_0"}
			}
		},
		{
			"from": [11.625, -13.5, 23.375],
			"to": [13.125, -13.25, 23.5],
			"rotation": {"angle": -22.5, "axis": "y", "origin": [20.375, -5.625, 25.875]},
			"faces": {
				"north": {"uv": [0, 0, 0.09375, 0.01563], "texture": "#1_0"},
				"east": {"uv": [0, 0, 0.09375, 0.01563], "texture": "#1_0"},
				"south": {"uv": [0, 0, 0.09375, 0.01563], "texture": "#1_0"},
				"west": {"uv": [0, 0, 0.09375, 0.01563], "texture": "#1_0"},
				"up": {"uv": [0, 0, 0.09375, 0.01563], "texture": "#1_0"},
				"down": {"uv": [0, 0, 0.09375, 0.01563], "texture": "#1_0"}
			}
		},
		{
			"from": [12.75, -13.25, 21.75],
			"to": [12.875, -13.125, 21.875],
			"rotation": {"angle": -22.5, "axis": "y", "origin": [20.375, -5.625, 25.875]},
			"faces": {
				"north": {"uv": [0, 0, 0.00781, 0.00781], "texture": "#1_0"},
				"east": {"uv": [0, 0, 0.00781, 0.00781], "texture": "#1_0"},
				"south": {"uv": [0, 0, 0.00781, 0.00781], "texture": "#1_0"},
				"west": {"uv": [0, 0, 0.00781, 0.00781], "texture": "#1_0"},
				"up": {"uv": [0, 0, 0.00781, 0.00781], "texture": "#1_0"},
				"down": {"uv": [0, 0, 0.00781, 0.00781], "texture": "#1_0"}
			}
		},
		{
			"from": [12.875, -13.25, 21.75],
			"to": [13.25, -12.25, 21.875],
			"rotation": {"angle": -22.5, "axis": "y", "origin": [20.375, -5.625, 25.875]},
			"faces": {
				"north": {"uv": [0, 0, 0.02344, 0.0625], "texture": "#1_0"},
				"east": {"uv": [0, 0, 0.02344, 0.0625], "texture": "#1_0"},
				"south": {"uv": [0, 0, 0.02344, 0.0625], "texture": "#1_0"},
				"west": {"uv": [0, 0, 0.02344, 0.0625], "texture": "#1_0"},
				"up": {"uv": [0, 0, 0.02344, 0.0625], "texture": "#1_0"},
				"down": {"uv": [0, 0, 0.02344, 0.0625], "texture": "#1_0"}
			}
		},
		{
			"from": [11.625, -13.5, 21.75],
			"to": [13.125, -13.25, 21.875],
			"rotation": {"angle": -22.5, "axis": "y", "origin": [20.375, -5.625, 25.875]},
			"faces": {
				"north": {"uv": [0, 0, 0.09375, 0.01563], "texture": "#1_0"},
				"east": {"uv": [0, 0, 0.09375, 0.01563], "texture": "#1_0"},
				"south": {"uv": [0, 0, 0.09375, 0.01563], "texture": "#1_0"},
				"west": {"uv": [0, 0, 0.09375, 0.01563], "texture": "#1_0"},
				"up": {"uv": [0, 0, 0.09375, 0.01563], "texture": "#1_0"},
				"down": {"uv": [0, 0, 0.09375, 0.01563], "texture": "#1_0"}
			}
		},
		{
			"from": [11.625, -12.25, 21.75],
			"to": [13.125, -12, 21.875],
			"rotation": {"angle": -22.5, "axis": "y", "origin": [20.375, -5.625, 25.875]},
			"faces": {
				"north": {"uv": [0, 0, 0.09375, 0.01563], "texture": "#1_0"},
				"east": {"uv": [0, 0, 0.09375, 0.01563], "texture": "#1_0"},
				"south": {"uv": [0, 0, 0.09375, 0.01563], "texture": "#1_0"},
				"west": {"uv": [0, 0, 0.09375, 0.01563], "texture": "#1_0"},
				"up": {"uv": [0, 0, 0.09375, 0.01563], "texture": "#1_0"},
				"down": {"uv": [0, 0, 0.09375, 0.01563], "texture": "#1_0"}
			}
		},
		{
			"from": [11.625, -13.5, 21.875],
			"to": [13.125, -12, 23.375],
			"rotation": {"angle": -22.5, "axis": "y", "origin": [20.375, -5.625, 25.875]},
			"faces": {
				"north": {"uv": [0, 0, 0.09375, 0.09375], "texture": "#1_1"},
				"east": {"uv": [0, 0, 0.09375, 0.09375], "texture": "#1_0"},
				"south": {"uv": [0, 0, 0.09375, 0.09375], "texture": "#1_1"},
				"west": {"uv": [0, 0, 0.09375, 0.09375], "texture": "#1_0"},
				"up": {"uv": [0, 0, 0.09375, 0.09375], "texture": "#1_0"},
				"down": {"uv": [0, 0, 0.09375, 0.09375], "texture": "#1_0"}
			}
		},
		{
			"from": [19.625, -12.25, 0.125],
			"to": [21.125, -12, 0.25],
			"rotation": {"angle": 45, "axis": "y", "origin": [20.375, -5.625, 7.875]},
			"faces": {
				"north": {"uv": [0, 0, 0.09375, 0.01563], "texture": "#1_0"},
				"east": {"uv": [0, 0, 0.09375, 0.01563], "texture": "#1_0"},
				"south": {"uv": [0, 0, 0.09375, 0.01563], "texture": "#1_0"},
				"west": {"uv": [0, 0, 0.09375, 0.01563], "texture": "#1_0"},
				"up": {"uv": [0, 0, 0.09375, 0.01563], "texture": "#1_0"},
				"down": {"uv": [0, 0, 0.09375, 0.01563], "texture": "#1_0"}
			}
		},
		{
			"from": [19.875, -12.375, -1.5],
			"to": [20, -12.25, -1.375],
			"rotation": {"angle": 45, "axis": "y", "origin": [20.375, -5.625, 7.875]},
			"faces": {
				"north": {"uv": [0, 0, 0.00781, 0.00781], "texture": "#1_0"},
				"east": {"uv": [0, 0, 0.00781, 0.00781], "texture": "#1_0"},
				"south": {"uv": [0, 0, 0.00781, 0.00781], "texture": "#1_0"},
				"west": {"uv": [0, 0, 0.00781, 0.00781], "texture": "#1_0"},
				"up": {"uv": [0, 0, 0.00781, 0.00781], "texture": "#1_0"},
				"down": {"uv": [0, 0, 0.00781, 0.00781], "texture": "#1_0"}
			}
		},
		{
			"from": [20.75, -12.375, -1.5],
			"to": [20.875, -12.25, -1.375],
			"rotation": {"angle": 45, "axis": "y", "origin": [20.375, -5.625, 7.875]},
			"faces": {
				"north": {"uv": [0, 0, 0.00781, 0.00781], "texture": "#1_0"},
				"east": {"uv": [0, 0, 0.00781, 0.00781], "texture": "#1_0"},
				"south": {"uv": [0, 0, 0.00781, 0.00781], "texture": "#1_0"},
				"west": {"uv": [0, 0, 0.00781, 0.00781], "texture": "#1_0"},
				"up": {"uv": [0, 0, 0.00781, 0.00781], "texture": "#1_0"},
				"down": {"uv": [0, 0, 0.00781, 0.00781], "texture": "#1_0"}
			}
		},
		{
			"from": [19.875, -12.375, 0.125],
			"to": [20, -12.25, 0.25],
			"rotation": {"angle": 45, "axis": "y", "origin": [20.375, -5.625, 7.875]},
			"faces": {
				"north": {"uv": [0, 0, 0.00781, 0.00781], "texture": "#1_0"},
				"east": {"uv": [0, 0, 0.00781, 0.00781], "texture": "#1_0"},
				"south": {"uv": [0, 0, 0.00781, 0.00781], "texture": "#1_0"},
				"west": {"uv": [0, 0, 0.00781, 0.00781], "texture": "#1_0"},
				"up": {"uv": [0, 0, 0.00781, 0.00781], "texture": "#1_0"},
				"down": {"uv": [0, 0, 0.00781, 0.00781], "texture": "#1_0"}
			}
		},
		{
			"from": [19.875, -13.25, -1.5],
			"to": [20, -13.125, -1.375],
			"rotation": {"angle": 45, "axis": "y", "origin": [20.375, -5.625, 7.875]},
			"faces": {
				"north": {"uv": [0, 0, 0.00781, 0.00781], "texture": "#1_0"},
				"east": {"uv": [0, 0, 0.00781, 0.00781], "texture": "#1_0"},
				"south": {"uv": [0, 0, 0.00781, 0.00781], "texture": "#1_0"},
				"west": {"uv": [0, 0, 0.00781, 0.00781], "texture": "#1_0"},
				"up": {"uv": [0, 0, 0.00781, 0.00781], "texture": "#1_0"},
				"down": {"uv": [0, 0, 0.00781, 0.00781], "texture": "#1_0"}
			}
		},
		{
			"from": [19.5, -13.25, 0.125],
			"to": [19.875, -12.25, 0.25],
			"rotation": {"angle": 45, "axis": "y", "origin": [20.375, -5.625, 7.875]},
			"faces": {
				"north": {"uv": [0, 0, 0.02344, 0.0625], "texture": "#1_0"},
				"east": {"uv": [0, 0, 0.02344, 0.0625], "texture": "#1_0"},
				"south": {"uv": [0, 0, 0.02344, 0.0625], "texture": "#1_0"},
				"west": {"uv": [0, 0, 0.02344, 0.0625], "texture": "#1_0"},
				"up": {"uv": [0, 0, 0.02344, 0.0625], "texture": "#1_0"},
				"down": {"uv": [0, 0, 0.02344, 0.0625], "texture": "#1_0"}
			}
		},
		{
			"from": [19.5, -13.25, -1.5],
			"to": [19.875, -12.25, -1.375],
			"rotation": {"angle": 45, "axis": "y", "origin": [20.375, -5.625, 7.875]},
			"faces": {
				"north": {"uv": [0, 0, 0.02344, 0.0625], "texture": "#1_0"},
				"east": {"uv": [0, 0, 0.02344, 0.0625], "texture": "#1_0"},
				"south": {"uv": [0, 0, 0.02344, 0.0625], "texture": "#1_0"},
				"west": {"uv": [0, 0, 0.02344, 0.0625], "texture": "#1_0"},
				"up": {"uv": [0, 0, 0.02344, 0.0625], "texture": "#1_0"},
				"down": {"uv": [0, 0, 0.02344, 0.0625], "texture": "#1_0"}
			}
		},
		{
			"from": [19.875, -13.625, -1.375],
			"to": [20.875, -13.5, 0.125],
			"rotation": {"angle": 45, "axis": "y", "origin": [20.375, -5.625, 7.875]},
			"faces": {
				"north": {"uv": [0, 0, 0.0625, 0.00781], "texture": "#1_0"},
				"east": {"uv": [0, 0, 0.0625, 0.00781], "texture": "#1_0"},
				"south": {"uv": [0, 0, 0.0625, 0.00781], "texture": "#1_0"},
				"west": {"uv": [0, 0, 0.0625, 0.00781], "texture": "#1_0"},
				"up": {"uv": [0, 0, 0.0625, 0.00781], "texture": "#1_0"},
				"down": {"uv": [0, 0, 0.0625, 0.00781], "texture": "#1_0"}
			}
		},
		{
			"from": [19.875, -12, -1.375],
			"to": [20.875, -11.875, 0.125],
			"rotation": {"angle": 45, "axis": "y", "origin": [20.375, -5.625, 7.875]},
			"faces": {
				"north": {"uv": [0, 0, 0.0625, 0.00781], "texture": "#1_0"},
				"east": {"uv": [0, 0, 0.0625, 0.00781], "texture": "#1_0"},
				"south": {"uv": [0, 0, 0.0625, 0.00781], "texture": "#1_0"},
				"west": {"uv": [0, 0, 0.0625, 0.00781], "texture": "#1_0"},
				"up": {"uv": [0, 0, 0.0625, 0.00781], "texture": "#1_0"},
				"down": {"uv": [0, 0, 0.0625, 0.00781], "texture": "#1_0"}
			}
		},
		{
			"from": [19.875, -12, 0.125],
			"to": [20.875, -11.875, 0.25],
			"rotation": {"angle": 45, "axis": "y", "origin": [20.375, -5.625, 7.875]},
			"faces": {
				"north": {"uv": [0, 0, 0.0625, 0.00781], "texture": "#1_0"},
				"east": {"uv": [0, 0, 0.0625, 0.00781], "texture": "#1_0"},
				"south": {"uv": [0, 0, 0.0625, 0.00781], "texture": "#1_0"},
				"west": {"uv": [0, 0, 0.0625, 0.00781], "texture": "#1_0"},
				"up": {"uv": [0, 0, 0.0625, 0.00781], "texture": "#1_0"},
				"down": {"uv": [0, 0, 0.0625, 0.00781], "texture": "#1_0"}
			}
		},
		{
			"from": [21.125, -13.25, -1.375],
			"to": [21.25, -12.25, 0.125],
			"rotation": {"angle": 45, "axis": "y", "origin": [20.375, -5.625, 7.875]},
			"faces": {
				"north": {"uv": [0, 0, 0.00781, 0.0625], "texture": "#1_0"},
				"east": {"uv": [0, 0, 0.00781, 0.0625], "texture": "#1_0"},
				"south": {"uv": [0, 0, 0.00781, 0.0625], "texture": "#1_0"},
				"west": {"uv": [0, 0, 0.00781, 0.0625], "texture": "#1_0"},
				"up": {"uv": [0, 0, 0.00781, 0.0625], "texture": "#1_0"},
				"down": {"uv": [0, 0, 0.00781, 0.0625], "texture": "#1_0"}
			}
		},
		{
			"from": [20.75, -12.375, 0.125],
			"to": [20.875, -12.25, 0.25],
			"rotation": {"angle": 45, "axis": "y", "origin": [20.375, -5.625, 7.875]},
			"faces": {
				"north": {"uv": [0, 0, 0.00781, 0.00781], "texture": "#1_0"},
				"east": {"uv": [0, 0, 0.00781, 0.00781], "texture": "#1_0"},
				"south": {"uv": [0, 0, 0.00781, 0.00781], "texture": "#1_0"},
				"west": {"uv": [0, 0, 0.00781, 0.00781], "texture": "#1_0"},
				"up": {"uv": [0, 0, 0.00781, 0.00781], "texture": "#1_0"},
				"down": {"uv": [0, 0, 0.00781, 0.00781], "texture": "#1_0"}
			}
		},
		{
			"from": [19.5, -13.25, -1.375],
			"to": [19.625, -12.25, 0.125],
			"rotation": {"angle": 45, "axis": "y", "origin": [20.375, -5.625, 7.875]},
			"faces": {
				"north": {"uv": [0, 0, 0.00781, 0.0625], "texture": "#1_0"},
				"east": {"uv": [0, 0, 0.00781, 0.0625], "texture": "#1_0"},
				"south": {"uv": [0, 0, 0.00781, 0.0625], "texture": "#1_0"},
				"west": {"uv": [0, 0, 0.00781, 0.0625], "texture": "#1_0"},
				"up": {"uv": [0, 0, 0.00781, 0.0625], "texture": "#1_0"},
				"down": {"uv": [0, 0, 0.00781, 0.0625], "texture": "#1_0"}
			}
		},
		{
			"from": [19.875, -13.25, 0.125],
			"to": [20, -13.125, 0.25],
			"rotation": {"angle": 45, "axis": "y", "origin": [20.375, -5.625, 7.875]},
			"faces": {
				"north": {"uv": [0, 0, 0.00781, 0.00781], "texture": "#1_0"},
				"east": {"uv": [0, 0, 0.00781, 0.00781], "texture": "#1_0"},
				"south": {"uv": [0, 0, 0.00781, 0.00781], "texture": "#1_0"},
				"west": {"uv": [0, 0, 0.00781, 0.00781], "texture": "#1_0"},
				"up": {"uv": [0, 0, 0.00781, 0.00781], "texture": "#1_0"},
				"down": {"uv": [0, 0, 0.00781, 0.00781], "texture": "#1_0"}
			}
		},
		{
			"from": [19.875, -13.625, 0.125],
			"to": [20.875, -13.5, 0.25],
			"rotation": {"angle": 45, "axis": "y", "origin": [20.375, -5.625, 7.875]},
			"faces": {
				"north": {"uv": [0, 0, 0.0625, 0.00781], "texture": "#1_0"},
				"east": {"uv": [0, 0, 0.0625, 0.00781], "texture": "#1_0"},
				"south": {"uv": [0, 0, 0.0625, 0.00781], "texture": "#1_0"},
				"west": {"uv": [0, 0, 0.0625, 0.00781], "texture": "#1_0"},
				"up": {"uv": [0, 0, 0.0625, 0.00781], "texture": "#1_0"},
				"down": {"uv": [0, 0, 0.0625, 0.00781], "texture": "#1_0"}
			}
		},
		{
			"from": [20.75, -13.25, 0.125],
			"to": [20.875, -13.125, 0.25],
			"rotation": {"angle": 45, "axis": "y", "origin": [20.375, -5.625, 7.875]},
			"faces": {
				"north": {"uv": [0, 0, 0.00781, 0.00781], "texture": "#1_0"},
				"east": {"uv": [0, 0, 0.00781, 0.00781], "texture": "#1_0"},
				"south": {"uv": [0, 0, 0.00781, 0.00781], "texture": "#1_0"},
				"west": {"uv": [0, 0, 0.00781, 0.00781], "texture": "#1_0"},
				"up": {"uv": [0, 0, 0.00781, 0.00781], "texture": "#1_0"},
				"down": {"uv": [0, 0, 0.00781, 0.00781], "texture": "#1_0"}
			}
		},
		{
			"from": [20.875, -13.25, 0.125],
			"to": [21.25, -12.25, 0.25],
			"rotation": {"angle": 45, "axis": "y", "origin": [20.375, -5.625, 7.875]},
			"faces": {
				"north": {"uv": [0, 0, 0.02344, 0.0625], "texture": "#1_0"},
				"east": {"uv": [0, 0, 0.02344, 0.0625], "texture": "#1_0"},
				"south": {"uv": [0, 0, 0.02344, 0.0625], "texture": "#1_0"},
				"west": {"uv": [0, 0, 0.02344, 0.0625], "texture": "#1_0"},
				"up": {"uv": [0, 0, 0.02344, 0.0625], "texture": "#1_0"},
				"down": {"uv": [0, 0, 0.02344, 0.0625], "texture": "#1_0"}
			}
		},
		{
			"from": [19.625, -13.5, 0.125],
			"to": [21.125, -13.25, 0.25],
			"rotation": {"angle": 45, "axis": "y", "origin": [20.375, -5.625, 7.875]},
			"faces": {
				"north": {"uv": [0, 0, 0.09375, 0.01563], "texture": "#1_0"},
				"east": {"uv": [0, 0, 0.09375, 0.01563], "texture": "#1_0"},
				"south": {"uv": [0, 0, 0.09375, 0.01563], "texture": "#1_0"},
				"west": {"uv": [0, 0, 0.09375, 0.01563], "texture": "#1_0"},
				"up": {"uv": [0, 0, 0.09375, 0.01563], "texture": "#1_0"},
				"down": {"uv": [0, 0, 0.09375, 0.01563], "texture": "#1_0"}
			}
		},
		{
			"from": [20.75, -13.25, -1.5],
			"to": [20.875, -13.125, -1.375],
			"rotation": {"angle": 45, "axis": "y", "origin": [20.375, -5.625, 7.875]},
			"faces": {
				"north": {"uv": [0, 0, 0.00781, 0.00781], "texture": "#1_0"},
				"east": {"uv": [0, 0, 0.00781, 0.00781], "texture": "#1_0"},
				"south": {"uv": [0, 0, 0.00781, 0.00781], "texture": "#1_0"},
				"west": {"uv": [0, 0, 0.00781, 0.00781], "texture": "#1_0"},
				"up": {"uv": [0, 0, 0.00781, 0.00781], "texture": "#1_0"},
				"down": {"uv": [0, 0, 0.00781, 0.00781], "texture": "#1_0"}
			}
		},
		{
			"from": [20.875, -13.25, -1.5],
			"to": [21.25, -12.25, -1.375],
			"rotation": {"angle": 45, "axis": "y", "origin": [20.375, -5.625, 7.875]},
			"faces": {
				"north": {"uv": [0, 0, 0.02344, 0.0625], "texture": "#1_0"},
				"east": {"uv": [0, 0, 0.02344, 0.0625], "texture": "#1_0"},
				"south": {"uv": [0, 0, 0.02344, 0.0625], "texture": "#1_0"},
				"west": {"uv": [0, 0, 0.02344, 0.0625], "texture": "#1_0"},
				"up": {"uv": [0, 0, 0.02344, 0.0625], "texture": "#1_0"},
				"down": {"uv": [0, 0, 0.02344, 0.0625], "texture": "#1_0"}
			}
		},
		{
			"from": [19.625, -13.5, -1.5],
			"to": [21.125, -13.25, -1.375],
			"rotation": {"angle": 45, "axis": "y", "origin": [20.375, -5.625, 7.875]},
			"faces": {
				"north": {"uv": [0, 0, 0.09375, 0.01563], "texture": "#1_0"},
				"east": {"uv": [0, 0, 0.09375, 0.01563], "texture": "#1_0"},
				"south": {"uv": [0, 0, 0.09375, 0.01563], "texture": "#1_0"},
				"west": {"uv": [0, 0, 0.09375, 0.01563], "texture": "#1_0"},
				"up": {"uv": [0, 0, 0.09375, 0.01563], "texture": "#1_0"},
				"down": {"uv": [0, 0, 0.09375, 0.01563], "texture": "#1_0"}
			}
		},
		{
			"from": [19.625, -12.25, -1.5],
			"to": [21.125, -12, -1.375],
			"rotation": {"angle": 45, "axis": "y", "origin": [20.375, -5.625, 7.875]},
			"faces": {
				"north": {"uv": [0, 0, 0.09375, 0.01563], "texture": "#1_0"},
				"east": {"uv": [0, 0, 0.09375, 0.01563], "texture": "#1_0"},
				"south": {"uv": [0, 0, 0.09375, 0.01563], "texture": "#1_0"},
				"west": {"uv": [0, 0, 0.09375, 0.01563], "texture": "#1_0"},
				"up": {"uv": [0, 0, 0.09375, 0.01563], "texture": "#1_0"},
				"down": {"uv": [0, 0, 0.09375, 0.01563], "texture": "#1_0"}
			}
		},
		{
			"from": [19.625, -13.5, -1.375],
			"to": [21.125, -12, 0.125],
			"rotation": {"angle": 45, "axis": "y", "origin": [20.375, -5.625, 7.875]},
			"faces": {
				"north": {"uv": [0, 0, 0.09375, 0.09375], "texture": "#1_1"},
				"east": {"uv": [0, 0, 0.09375, 0.09375], "texture": "#1_0"},
				"south": {"uv": [0, 0, 0.09375, 0.09375], "texture": "#1_1"},
				"west": {"uv": [0, 0, 0.09375, 0.09375], "texture": "#1_0"},
				"up": {"uv": [0, 0, 0.09375, 0.09375], "texture": "#1_0"},
				"down": {"uv": [0, 0, 0.09375, 0.09375], "texture": "#1_0"}
			}
		},
		{
			"name": "pied",
			"from": [1.375, -11.875, 19],
			"to": [1.875, -11.5, 19.5],
			"rotation": {"angle": 0, "axis": "y", "origin": [8, -5.625, 8]},
			"faces": {
				"north": {"uv": [0, 0, 0.03125, 0.03125], "texture": "#1_1"},
				"east": {"uv": [0, 0, 0.03125, 0.03125], "texture": "#1_1"},
				"south": {"uv": [0, 0, 0.03125, 0.03125], "texture": "#1_1"},
				"west": {"uv": [0, 0, 0.03125, 0.03125], "texture": "#1_1"},
				"up": {"uv": [0, 0, 0.03125, 0.03125], "texture": "#1_1"},
				"down": {"uv": [0, 0, 0.03125, 0.03125], "texture": "#1_1"}
			}
		},
		{
			"name": "pied",
			"from": [14.125, -11.875, 19.5],
			"to": [14.625, -11.5, 20],
			"rotation": {"angle": 0, "axis": "y", "origin": [8, -5.625, 8]},
			"faces": {
				"north": {"uv": [0, 0, 0.03125, 0.03125], "texture": "#1_1"},
				"east": {"uv": [0, 0, 0.03125, 0.03125], "texture": "#1_1"},
				"south": {"uv": [0, 0, 0.03125, 0.03125], "texture": "#1_1"},
				"west": {"uv": [0, 0, 0.03125, 0.03125], "texture": "#1_1"},
				"up": {"uv": [0, 0, 0.03125, 0.03125], "texture": "#1_1"},
				"down": {"uv": [0, 0, 0.03125, 0.03125], "texture": "#1_1"}
			}
		},
		{
			"name": "pied",
			"from": [14.125, -11.875, 1.5],
			"to": [14.625, -11.5, 2],
			"rotation": {"angle": 0, "axis": "y", "origin": [8, -5.625, 8]},
			"faces": {
				"north": {"uv": [0, 0, 0.03125, 0.03125], "texture": "#1_1"},
				"east": {"uv": [0, 0, 0.03125, 0.03125], "texture": "#1_1"},
				"south": {"uv": [0, 0, 0.03125, 0.03125], "texture": "#1_1"},
				"west": {"uv": [0, 0, 0.03125, 0.03125], "texture": "#1_1"},
				"up": {"uv": [0, 0, 0.03125, 0.03125], "texture": "#1_1"},
				"down": {"uv": [0, 0, 0.03125, 0.03125], "texture": "#1_1"}
			}
		},
		{
			"name": "pied",
			"from": [1.5, -11.875, 1.5],
			"to": [2, -11.5, 2],
			"rotation": {"angle": 0, "axis": "y", "origin": [8, -5.625, 8]},
			"faces": {
				"north": {"uv": [0, 0, 0.03125, 0.03125], "texture": "#1_1"},
				"east": {"uv": [0, 0, 0.03125, 0.03125], "texture": "#1_1"},
				"south": {"uv": [0, 0, 0.03125, 0.03125], "texture": "#1_1"},
				"west": {"uv": [0, 0, 0.03125, 0.03125], "texture": "#1_1"},
				"up": {"uv": [0, 0, 0.03125, 0.03125], "texture": "#1_1"},
				"down": {"uv": [0, 0, 0.03125, 0.03125], "texture": "#1_1"}
			}
		},
		{
			"from": [0, -11.5, 16.875],
			"to": [16, -11.375, 20.5],
			"rotation": {"angle": 0, "axis": "y", "origin": [8, -5.625, 8]},
			"faces": {
				"north": {"uv": [0, 0, 1, 0.00781], "texture": "#1_0"},
				"east": {"uv": [11.594, 7.249, 13.938, 4.719], "texture": "#5"},
				"south": {"uv": [0, 0, 1, 0.00781], "texture": "#1_0"},
				"west": {"uv": [11.594, 7.249, 13.938, 4.719], "texture": "#5"},
				"up": {"uv": [0, 0, 1, 0.00781], "texture": "#1_3"},
				"down": {"uv": [0, 0, 1, 0.00781], "texture": "#1_0"}
			}
		},
		{
			"from": [0, -11.5, 0.125],
			"to": [16, -11.375, 3.75],
			"rotation": {"angle": 0, "axis": "y", "origin": [8, -5.625, 8]},
			"faces": {
				"north": {"uv": [0, 0, 1, 0.00781], "texture": "#1_0"},
				"east": {"uv": [11.594, 7.249, 13.938, 4.719], "texture": "#5"},
				"south": {"uv": [0, 0, 1, 0.00781], "texture": "#1_0"},
				"west": {"uv": [11.594, 7.249, 13.938, 4.719], "texture": "#5"},
				"up": {"uv": [0, 0, 1, 0.00781], "texture": "#1_3"},
				"down": {"uv": [0, 0, 1, 0.00781], "texture": "#1_0"}
			}
		},
		{
			"from": [0, -11.375, 0.125],
			"to": [16, -11.25, 4.5],
			"rotation": {"angle": 0, "axis": "y", "origin": [8, -5.625, 8]},
			"faces": {
				"north": {"uv": [0, 0, 1, 0.00781], "texture": "#1_0"},
				"east": {"uv": [11.594, 7.249, 13.938, 4.719], "texture": "#5"},
				"south": {"uv": [0, 0, 1, 0.00781], "texture": "#1_0"},
				"west": {"uv": [11.594, 7.249, 13.938, 4.719], "texture": "#5"},
				"up": {"uv": [0, 0, 1, 0.00781], "texture": "#1_3"},
				"down": {"uv": [0, 0, 1, 0.00781], "texture": "#1_0"}
			}
		},
		{
			"from": [0, -11.375, 16.125],
			"to": [16, -11.25, 20.5],
			"rotation": {"angle": 0, "axis": "y", "origin": [8, -5.625, 8]},
			"faces": {
				"north": {"uv": [0, 0, 1, 0.00781], "texture": "#1_0"},
				"east": {"uv": [11.594, 7.249, 13.938, 4.719], "texture": "#5"},
				"south": {"uv": [0, 0, 1, 0.00781], "texture": "#1_0"},
				"west": {"uv": [11.594, 7.249, 13.938, 4.719], "texture": "#5"},
				"up": {"uv": [0, 0, 1, 0.00781], "texture": "#1_3"},
				"down": {"uv": [0, 0, 1, 0.00781], "texture": "#1_0"}
			}
		},
		{
			"from": [0, -11.25, 15.75],
			"to": [16, -11, 20.75],
			"rotation": {"angle": 0, "axis": "y", "origin": [8, -5.625, 8]},
			"faces": {
				"north": {"uv": [11.594, 7.249, 13.938, 4.719], "texture": "#5"},
				"east": {"uv": [11.594, 7.249, 13.938, 4.719], "texture": "#5"},
				"south": {"uv": [11.594, 7.249, 13.938, 4.719], "texture": "#5"},
				"west": {"uv": [11.594, 7.249, 13.938, 4.719], "texture": "#5"},
				"up": {"uv": [11.594, 7.249, 13.938, 4.719], "texture": "#5"},
				"down": {"uv": [11.594, 7.249, 13.938, 4.719], "texture": "#5"}
			}
		},
		{
			"from": [0, -11, -0.125],
			"to": [16, -1.125, 20.75],
			"rotation": {"angle": 0, "axis": "y", "origin": [8, -5.625, 8]},
			"faces": {
				"north": {"uv": [14.749, 4.25, 10.907, 8.459], "texture": "#5"},
				"east": {"uv": [6.498, 3.407, 0.719, 6.865], "texture": "#5"},
				"south": {"uv": [14.749, 4.25, 10.907, 8.459], "texture": "#5"},
				"west": {"uv": [6.498, 3.407, 0.719, 6.865], "texture": "#5"},
				"up": {"uv": [14.749, 4.25, 10.907, 8.459], "texture": "#5"},
				"down": {"uv": [14.749, 4.25, 10.907, 8.459], "texture": "#5"}
			}
		},
		{
			"from": [-0.375, -1.125, -0.375],
			"to": [16.25, -0.625, 21],
			"rotation": {"angle": 0, "axis": "y", "origin": [8, -5.625, 8]},
			"faces": {
				"north": {"uv": [11.594, 7.249, 13.938, 4.719], "texture": "#5"},
				"east": {"uv": [11.594, 7.249, 13.938, 4.719], "texture": "#5"},
				"south": {"uv": [11.594, 7.249, 13.938, 4.719], "texture": "#5"},
				"west": {"uv": [11.594, 7.249, 13.938, 4.719], "texture": "#5"},
				"up": {"uv": [11.594, 7.249, 13.938, 4.719], "texture": "#5"},
				"down": {"uv": [11.594, 7.249, 13.938, 4.719], "texture": "#5"}
			}
		},
		{
			"from": [-0.5, -0.625, -0.5],
			"to": [16.375, 0.375, 21.125],
			"rotation": {"angle": 0, "axis": "y", "origin": [8, -5.625, 8]},
			"faces": {
				"north": {"uv": [11.594, 7.249, 13.938, 4.719], "texture": "#5"},
				"east": {"uv": [11.594, 7.249, 13.938, 4.719], "texture": "#5"},
				"south": {"uv": [11.594, 7.249, 13.938, 4.719], "texture": "#5"},
				"west": {"uv": [11.594, 7.249, 13.938, 4.719], "texture": "#5"},
				"up": {"uv": [11.594, 7.249, 13.938, 4.719], "texture": "#5"},
				"down": {"uv": [11.594, 7.249, 13.938, 4.719], "texture": "#5"}
			}
		},
		{
			"from": [-0.625, 0.375, -0.625],
			"to": [16.5, 0.625, 21.25],
			"rotation": {"angle": 0, "axis": "y", "origin": [8, -5.625, 8]},
			"faces": {
				"north": {"uv": [11.594, 7.249, 13.938, 4.719], "texture": "#5"},
				"east": {"uv": [11.594, 7.249, 13.938, 4.719], "texture": "#5"},
				"south": {"uv": [11.594, 7.249, 13.938, 4.719], "texture": "#5"},
				"west": {"uv": [11.594, 7.249, 13.938, 4.719], "texture": "#5"},
				"up": {"uv": [0.469, 12.249, 9.813, 2.719], "texture": "#1_2"},
				"down": {"uv": [11.594, 7.249, 13.938, 4.719], "texture": "#5"}
			}
		},
		{
			"from": [-0.625, 0.625, -0.625],
			"to": [16.5, 1.5, 0.25],
			"rotation": {"angle": 0, "axis": "y", "origin": [8, -5.625, 8]},
			"faces": {
				"north": {"uv": [11.594, 7.249, 13.938, 4.719], "texture": "#5"},
				"east": {"uv": [11.594, 7.249, 13.938, 4.719], "texture": "#5"},
				"south": {"uv": [11.594, 7.249, 13.938, 4.719], "texture": "#5"},
				"west": {"uv": [11.594, 7.249, 13.938, 4.719], "texture": "#5"},
				"up": {"uv": [11.594, 7.249, 13.938, 4.719], "texture": "#5"},
				"down": {"uv": [11.594, 7.249, 13.938, 4.719], "texture": "#5"}
			}
		},
		{
			"from": [0.25, 0.625, 9.75],
			"to": [15.625, 1.5, 10.625],
			"rotation": {"angle": 0, "axis": "y", "origin": [8, -5.625, 8]},
			"faces": {
				"north": {"uv": [0, 0, 0.96094, 0.05469], "texture": "#1_3"},
				"east": {"uv": [0, 0, 0.96094, 0.05469], "texture": "#1_3"},
				"south": {"uv": [0, 0, 0.96094, 0.05469], "texture": "#1_0"},
				"west": {"uv": [0, 0, 0.96094, 0.05469], "texture": "#1_3"},
				"up": {"uv": [0, 0, 0.96094, 0.05469], "texture": "#1_0"},
				"down": {"uv": [0, 0, 0.96094, 0.05469], "texture": "#1_3"}
			}
		},
		{
			"from": [-0.625, 0.625, 20.375],
			"to": [16.5, 1.5, 21.25],
			"rotation": {"angle": 0, "axis": "y", "origin": [8, -5.625, 8]},
			"faces": {
				"north": {"uv": [11.813, 5.813, 14.038, 6.586], "texture": "#5"},
				"east": {"uv": [11.813, 5.813, 14.038, 6.586], "texture": "#5"},
				"south": {"uv": [11.813, 5.813, 14.038, 6.586], "texture": "#5"},
				"west": {"uv": [11.813, 5.813, 14.038, 6.586], "texture": "#5"},
				"up": {"uv": [11.813, 5.813, 14.038, 6.586], "texture": "#5"},
				"down": {"uv": [11.813, 5.813, 14.038, 6.586], "texture": "#5"}
			}
		},
		{
			"from": [-0.625, -16, 23.875],
			"to": [16.5, -2.625, 24.125],
			"rotation": {"angle": -22.5, "axis": "x", "origin": [8, -5.625, 8]},
			"faces": {
				"north": {"uv": [10.907, 4.094, 14.593, 8.406], "texture": "#5"},
				"east": {"uv": [10.907, 4.094, 14.593, 8.406], "texture": "#5"},
				"south": {"uv": [10.907, 4.094, 14.593, 8.406], "texture": "#5"},
				"west": {"uv": [10.907, 4.094, 14.593, 8.406], "texture": "#5"},
				"up": {"uv": [10.907, 4.094, 14.593, 8.406], "texture": "#5"},
				"down": {"uv": [10.907, 4.094, 14.593, 8.406], "texture": "#5"}
			}
		},
		{
			"from": [-0.625, 1.5, -0.625],
			"to": [16.5, 1.75, 10.125],
			"rotation": {"angle": 0, "axis": "y", "origin": [8, -5.625, 8]},
			"faces": {
				"north": {"uv": [11.032, 4.25, 14.594, 7.282], "rotation": 180, "texture": "#5"},
				"east": {"uv": [11.032, 4.25, 14.594, 7.282], "rotation": 180, "texture": "#5"},
				"south": {"uv": [11.032, 4.25, 14.594, 7.282], "rotation": 180, "texture": "#5"},
				"west": {"uv": [11.032, 4.25, 14.594, 7.282], "rotation": 180, "texture": "#5"},
				"up": {"uv": [11.032, 4.25, 14.594, 7.282], "rotation": 180, "texture": "#5"},
				"down": {"uv": [11.032, 4.25, 14.594, 7.282], "rotation": 180, "texture": "#5"}
			}
		},
		{
			"from": [0.375, 2.125, 9],
			"to": [15.5, 2.375, 9.375],
			"rotation": {"angle": 0, "axis": "y", "origin": [8, -5.625, 8]},
			"faces": {
				"north": {"uv": [0, 0, 0.94531, 0.01563], "rotation": 180, "texture": "#1_0"},
				"east": {"uv": [0, 0, 0.94531, 0.01563], "rotation": 180, "texture": "#1_0"},
				"south": {"uv": [0, 0, 0.94531, 0.01563], "rotation": 180, "texture": "#1_0"},
				"west": {"uv": [0, 0, 0.94531, 0.01563], "rotation": 180, "texture": "#1_0"},
				"up": {"uv": [0, 0, 0.94531, 0.01563], "rotation": 180, "texture": "#1_0"},
				"down": {"uv": [0, 0, 0.94531, 0.01563], "rotation": 180, "texture": "#1_0"}
			}
		},
		{
			"from": [0.375, 1.75, 9],
			"to": [1.5, 2.25, 9.375],
			"rotation": {"angle": 0, "axis": "y", "origin": [8, -5.625, 8]},
			"faces": {
				"north": {"uv": [0, 0, 0.07031, 0.03125], "rotation": 180, "texture": "#1_0"},
				"east": {"uv": [0, 0, 0.07031, 0.03125], "rotation": 180, "texture": "#1_0"},
				"south": {"uv": [0, 0, 0.07031, 0.03125], "rotation": 180, "texture": "#1_0"},
				"west": {"uv": [0, 0, 0.07031, 0.03125], "rotation": 180, "texture": "#1_0"},
				"up": {"uv": [0, 0, 0.07031, 0.03125], "rotation": 180, "texture": "#1_0"},
				"down": {"uv": [0, 0, 0.07031, 0.03125], "rotation": 180, "texture": "#1_0"}
			}
		},
		{
			"from": [14.375, 1.75, 9],
			"to": [15.5, 2.25, 9.375],
			"rotation": {"angle": 0, "axis": "y", "origin": [8, -5.625, 8]},
			"faces": {
				"north": {"uv": [0, 0, 0.07031, 0.03125], "rotation": 180, "texture": "#1_0"},
				"east": {"uv": [0, 0, 0.07031, 0.03125], "rotation": 180, "texture": "#1_0"},
				"south": {"uv": [0, 0, 0.07031, 0.03125], "rotation": 180, "texture": "#1_0"},
				"west": {"uv": [0, 0, 0.07031, 0.03125], "rotation": 180, "texture": "#1_0"},
				"up": {"uv": [0, 0, 0.07031, 0.03125], "rotation": 180, "texture": "#1_0"},
				"down": {"uv": [0, 0, 0.07031, 0.03125], "rotation": 180, "texture": "#1_0"}
			}
		},
		{
			"from": [15.25, 1.5, 20.625],
			"to": [15.625, 2.125, 21.125],
			"rotation": {"angle": 0, "axis": "y", "origin": [8, -5.625, 8]},
			"faces": {
				"north": {"uv": [0, 0, 0.02344, 0.03906], "texture": "#1_0"},
				"east": {"uv": [0, 0, 0.02344, 0.03906], "texture": "#1_0"},
				"south": {"uv": [0, 0, 0.02344, 0.03906], "texture": "#1_0"},
				"west": {"uv": [0, 0, 0.02344, 0.03906], "texture": "#1_0"},
				"up": {"uv": [0, 0, 0.02344, 0.03906], "texture": "#1_0"},
				"down": {"uv": [0, 0, 0.02344, 0.03906], "texture": "#1_0"}
			}
		},
		{
			"from": [0.25, 1.5, 20.625],
			"to": [0.625, 2.125, 21.125],
			"rotation": {"angle": 0, "axis": "y", "origin": [8, -5.625, 8]},
			"faces": {
				"north": {"uv": [0, 0, 0.02344, 0.03906], "texture": "#1_0"},
				"east": {"uv": [0, 0, 0.02344, 0.03906], "texture": "#1_0"},
				"south": {"uv": [0, 0, 0.02344, 0.03906], "texture": "#1_0"},
				"west": {"uv": [0, 0, 0.02344, 0.03906], "texture": "#1_0"},
				"up": {"uv": [0, 0, 0.02344, 0.03906], "texture": "#1_0"},
				"down": {"uv": [0, 0, 0.02344, 0.03906], "texture": "#1_0"}
			}
		},
		{
			"from": [15.25, 2.125, 20.875],
			"to": [15.625, 2.75, 21.25],
			"rotation": {"angle": 0, "axis": "y", "origin": [8, -5.625, 8]},
			"faces": {
				"north": {"uv": [0, 0, 0.02344, 0.03906], "texture": "#1_0"},
				"east": {"uv": [0, 0, 0.02344, 0.03906], "texture": "#1_0"},
				"south": {"uv": [0, 0, 0.02344, 0.03906], "texture": "#1_0"},
				"west": {"uv": [0, 0, 0.02344, 0.03906], "texture": "#1_0"},
				"up": {"uv": [0, 0, 0.02344, 0.03906], "texture": "#1_0"},
				"down": {"uv": [0, 0, 0.02344, 0.03906], "texture": "#1_0"}
			}
		},
		{
			"from": [0.25, 2.125, 20.875],
			"to": [0.625, 2.75, 21.25],
			"rotation": {"angle": 0, "axis": "y", "origin": [8, -5.625, 8]},
			"faces": {
				"north": {"uv": [0, 0, 0.02344, 0.03906], "texture": "#1_0"},
				"east": {"uv": [0, 0, 0.02344, 0.03906], "texture": "#1_0"},
				"south": {"uv": [0, 0, 0.02344, 0.03906], "texture": "#1_0"},
				"west": {"uv": [0, 0, 0.02344, 0.03906], "texture": "#1_0"},
				"up": {"uv": [0, 0, 0.02344, 0.03906], "texture": "#1_0"},
				"down": {"uv": [0, 0, 0.02344, 0.03906], "texture": "#1_0"}
			}
		},
		{
			"from": [15.25, 2.75, 21.25],
			"to": [15.625, 3.125, 21.75],
			"rotation": {"angle": 0, "axis": "y", "origin": [8, -5.625, 8]},
			"faces": {
				"north": {"uv": [0, 0, 0.02344, 0.02344], "texture": "#1_0"},
				"east": {"uv": [0, 0, 0.02344, 0.02344], "texture": "#1_0"},
				"south": {"uv": [0, 0, 0.02344, 0.02344], "texture": "#1_0"},
				"west": {"uv": [0, 0, 0.02344, 0.02344], "texture": "#1_0"},
				"up": {"uv": [0, 0, 0.02344, 0.02344], "texture": "#1_0"},
				"down": {"uv": [0, 0, 0.02344, 0.02344], "texture": "#1_0"}
			}
		},
		{
			"from": [0.25, 2.75, 21.25],
			"to": [0.625, 3.125, 21.75],
			"rotation": {"angle": 0, "axis": "y", "origin": [8, -5.625, 8]},
			"faces": {
				"north": {"uv": [0, 0, 0.02344, 0.02344], "texture": "#1_0"},
				"east": {"uv": [0, 0, 0.02344, 0.02344], "texture": "#1_0"},
				"south": {"uv": [0, 0, 0.02344, 0.02344], "texture": "#1_0"},
				"west": {"uv": [0, 0, 0.02344, 0.02344], "texture": "#1_0"},
				"up": {"uv": [0, 0, 0.02344, 0.02344], "texture": "#1_0"},
				"down": {"uv": [0, 0, 0.02344, 0.02344], "texture": "#1_0"}
			}
		},
		{
			"from": [15.625, 0.625, 0.25],
			"to": [16.5, 1.5, 20.375],
			"rotation": {"angle": 0, "axis": "y", "origin": [8, -5.625, 8]},
			"faces": {
				"north": {"uv": [11.594, 7.249, 13.938, 4.719], "texture": "#5"},
				"east": {"uv": [11.594, 7.249, 13.938, 4.719], "texture": "#5"},
				"south": {"uv": [11.594, 7.249, 13.938, 4.719], "texture": "#5"},
				"west": {"uv": [11.594, 7.249, 13.938, 4.719], "texture": "#5"},
				"up": {"uv": [11.594, 7.249, 13.938, 4.719], "texture": "#5"},
				"down": {"uv": [11.594, 7.249, 13.938, 4.719], "texture": "#5"}
			}
		},
		{
			"from": [-0.625, 0.625, 0.25],
			"to": [0.25, 1.5, 20.375],
			"rotation": {"angle": 0, "axis": "y", "origin": [8, -5.625, 8]},
			"faces": {
				"north": {"uv": [11.594, 7.249, 13.938, 4.719], "texture": "#5"},
				"east": {"uv": [11.594, 7.249, 13.938, 4.719], "texture": "#5"},
				"south": {"uv": [11.594, 7.249, 13.938, 4.719], "texture": "#5"},
				"west": {"uv": [11.594, 7.249, 13.938, 4.719], "texture": "#5"},
				"up": {"uv": [11.594, 7.249, 13.938, 4.719], "texture": "#5"},
				"down": {"uv": [11.594, 7.249, 13.938, 4.719], "texture": "#5"}
			}
		},
		{
			"from": [0, -11.25, -0.125],
			"to": [16, -11, 4.875],
			"rotation": {"angle": 0, "axis": "y", "origin": [8, -5.625, 8]},
			"faces": {
				"north": {"uv": [11.594, 7.249, 13.938, 4.719], "texture": "#5"},
				"east": {"uv": [11.594, 7.249, 13.938, 4.719], "texture": "#5"},
				"south": {"uv": [0, 0, 1, 0.01563], "texture": "#1_0"},
				"west": {"uv": [11.594, 7.249, 13.938, 4.719], "texture": "#5"},
				"up": {"uv": [0, 0, 1, 0.01563], "texture": "#1_3"},
				"down": {"uv": [0, 0, 1, 0.01563], "texture": "#1_0"}
			}
		},
		{
			"from": [2.625, -7.5, 17],
			"to": [12.875, 6.625, 17.625],
			"rotation": {"angle": 22.5, "axis": "x", "origin": [10.625, 0.5, 25]},
			"faces": {
				"north": {"uv": [1.219, 0.813, 2.844, 2.969], "texture": "#5"},
				"east": {"uv": [1.219, 0.813, 2.844, 2.969], "texture": "#5"},
				"south": {"uv": [1.219, 0.813, 2.844, 2.969], "texture": "#5"},
				"west": {"uv": [1.219, 0.813, 2.844, 2.969], "texture": "#5"},
				"up": {"uv": [1.219, 0.813, 2.844, 2.969], "texture": "#5"},
				"down": {"uv": [1.219, 0.813, 2.844, 2.969], "texture": "#5"}
			}
		},
		{
			"from": [2.625, -10.125, 14.5],
			"to": [12.875, 4, 15.125],
			"rotation": {"angle": 22.5, "axis": "x", "origin": [10.625, -2.125, 22.5]},
			"faces": {
				"north": {"uv": [1.219, 0.813, 2.844, 2.969], "texture": "#5"},
				"east": {"uv": [1.219, 0.813, 2.844, 2.969], "texture": "#5"},
				"south": {"uv": [1.219, 0.813, 2.844, 2.969], "texture": "#5"},
				"west": {"uv": [1.219, 0.813, 2.844, 2.969], "texture": "#5"},
				"up": {"uv": [1.219, 0.813, 2.844, 2.969], "texture": "#5"},
				"down": {"uv": [1.219, 0.813, 2.844, 2.969], "texture": "#5"}
			}
		}
	],
	"display": {
		"thirdperson_righthand": {
			"rotation": [0, 89.5, 0],
			"translation": [-7.25, -2, 0],
			"scale": [0.36, 0.4518, 0.44398]
		},
		"thirdperson_lefthand": {
			"rotation": [0, 91, 0],
			"translation": [-7, 0, 0],
			"scale": [0.37, 0.37, 0.37]
		},
		"firstperson_righthand": {
			"scale": [0, 0, 0]
		},
		"firstperson_lefthand": {
			"scale": [0, 0, 0]
		},
		"gui": {
			"rotation": [14, -118, 0],
			"translation": [1.75, -0.75, 0],
			"scale": [0.47, 0.47, 0.47]
		},
		"fixed": {
			"rotation": [-90, 90, 0],
			"translation": [0, 0, -15],
			"scale": [2, 2, 2]
		}
	},
	"groups": [
		{
			"name": "parrot_spawn_egg",
			"origin": [8, 8, 8],
			"children": [
				{
					"name": "roulettes1",
					"origin": [8, 8, 8],
					"children": [0, 1, 2, 3, 4, 5, 6, 7, 8, 9, 10, 11, 12, 13, 14, 15, 16, 17, 18, 19, 20, 21, 22]
				},
				{
					"name": "roulettes2",
					"origin": [8, 8, 8],
					"children": [23, 24, 25, 26, 27, 28, 29, 30, 31, 32, 33, 34, 35, 36, 37, 38, 39, 40, 41, 42, 43, 44, 45]
				},
				{
					"name": "roulettes3",
					"origin": [8, 8, 8],
					"children": [46, 47, 48, 49, 50, 51, 52, 53, 54, 55, 56, 57, 58, 59, 60, 61, 62, 63, 64, 65, 66, 67, 68]
				},
				{
					"name": "roulettes4",
					"origin": [8, 8, 8],
					"children": [69, 70, 71, 72, 73, 74, 75, 76, 77, 78, 79, 80, 81, 82, 83, 84, 85, 86, 87, 88, 89, 90, 91]
				},
				{
					"name": "pieds",
					"origin": [8, 8, 8],
					"children": [92, 93, 94, 95]
				},
				{
					"name": "base",
					"origin": [8, 8, 8],
					"children": [96, 97, 98, 99, 100, 101, 102, 103, 104, 105, 106, 107, 108, 109, 110, 111, 112, 113, 114, 115, 116, 117, 118, 119, 120, 121, 122, 123]
				}
			]
		}
	]
}