{
	"credit": "ALTA Official CONTENT -- Do not use without credits !",
	"textures": {
		"11": "block/Updates/2.75/props05a",
		"12": "block/3d/bois_meuble"
	},
	"elements": [
		{
			"from": [1.75, -1.5, 7.625],
			"to": [1.875, 4.25, 11.75],
			"rotation": {"angle": -22.5, "axis": "z", "origin": [10.125, -8, 33]},
			"faces": {
				"north": {"uv": [0, 0, 16, 16], "texture": "#12"},
				"east": {"uv": [0, 0, 16, 16], "texture": "#12"},
				"south": {"uv": [0, 0, 16, 16], "texture": "#12"},
				"west": {"uv": [5.282, 4.25, 6.063, 5.563], "texture": "#11"},
				"up": {"uv": [0, 0, 16, 16], "texture": "#12"},
				"down": {"uv": [0, 0, 16, 16], "texture": "#12"}
			}
		},
		{
			"from": [1.75, -1.5, -2],
			"to": [1.875, 4.25, 2.125],
			"rotation": {"angle": -22.5, "axis": "z", "origin": [10.125, -8, 23.375]},
			"faces": {
				"north": {"uv": [0, 0, 16, 16], "texture": "#12"},
				"east": {"uv": [0, 0, 16, 16], "texture": "#12"},
				"south": {"uv": [0, 0, 16, 16], "texture": "#12"},
				"west": {"uv": [2.25, 1.5, 3.5, 3.657], "texture": "#11"},
				"up": {"uv": [0, 0, 16, 16], "texture": "#12"},
				"down": {"uv": [0, 0, 16, 16], "texture": "#12"}
			}
		},
		{
			"from": [1.75, -8.75, 7.625],
			"to": [1.875, -2.75, 11.75],
			"rotation": {"angle": -22.5, "axis": "z", "origin": [10.125, -8, 33]},
			"faces": {
				"north": {"uv": [0, 0, 16, 16], "texture": "#12"},
				"east": {"uv": [0, 0, 16, 16], "texture": "#12"},
				"south": {"uv": [0, 0, 16, 16], "texture": "#12"},
				"west": {"uv": [5.157, 5.657, 5.844, 7.095], "texture": "#11"},
				"up": {"uv": [0, 0, 16, 16], "texture": "#12"},
				"down": {"uv": [0, 0, 16, 16], "texture": "#12"}
			}
		},
		{
			"from": [1.75, -1.5, 2.625],
			"to": [1.875, 4.25, 6.75],
			"rotation": {"angle": -22.5, "axis": "z", "origin": [10.125, -8, 28]},
			"faces": {
				"north": {"uv": [0, 0, 16, 16], "texture": "#12"},
				"east": {"uv": [0, 0, 16, 16], "texture": "#12"},
				"south": {"uv": [0, 0, 16, 16], "texture": "#12"},
				"west": {"uv": [2.438, 3.75, 3.313, 5.313], "texture": "#11"},
				"up": {"uv": [0, 0, 16, 16], "texture": "#12"},
				"down": {"uv": [0, 0, 16, 16], "texture": "#12"}
			}
		},
		{
			"from": [1.75, -1.5, 12.875],
			"to": [1.875, 4.25, 17],
			"rotation": {"angle": -22.5, "axis": "z", "origin": [10.125, -8, 38.25]},
			"faces": {
				"north": {"uv": [0, 0, 16, 16], "texture": "#12"},
				"east": {"uv": [0, 0, 16, 16], "texture": "#12"},
				"south": {"uv": [0, 0, 16, 16], "texture": "#12"},
				"west": {"uv": [9.438, 3.375, 10.313, 4.282], "texture": "#11"},
				"up": {"uv": [0, 0, 16, 16], "texture": "#12"},
				"down": {"uv": [0, 0, 16, 16], "texture": "#12"}
			}
		},
		{
			"from": [2.875, -8.5, 14.75],
			"to": [3, -2.125, 18.75],
			"rotation": {"angle": -22.5, "axis": "z", "origin": [11.25, -5.375, 23.375]},
			"faces": {
				"north": {"uv": [0, 0, 16, 16], "texture": "#12"},
				"east": {"uv": [0, 0, 16, 16], "texture": "#12"},
				"south": {"uv": [0, 0, 16, 16], "texture": "#12"},
				"west": {"uv": [3.688, 1.469, 4.844, 3.563], "texture": "#11"},
				"up": {"uv": [0, 0, 16, 16], "texture": "#12"},
				"down": {"uv": [0, 0, 16, 16], "texture": "#12"}
			}
		},
		{
			"from": [1.75, -11.125, 2.5],
			"to": [1.875, -4.75, 6.625],
			"rotation": {"angle": -22.5, "axis": "z", "origin": [10.125, -8, 27.875]},
			"faces": {
				"north": {"uv": [0, 0, 16, 16], "texture": "#12"},
				"east": {"uv": [0, 0, 16, 16], "texture": "#12"},
				"south": {"uv": [0, 0, 16, 16], "texture": "#12"},
				"west": {"uv": [2.688, 5.532, 3.5, 7.188], "texture": "#11"},
				"up": {"uv": [0, 0, 16, 16], "texture": "#12"},
				"down": {"uv": [0, 0, 16, 16], "texture": "#12"}
			}
		},
		{
			"from": [-8.5, -11.875, -7.625],
			"to": [-7.875, -2.875, 6.625],
			"rotation": {"angle": -45, "axis": "y", "origin": [-0.5, -3.875, 10.875]},
			"faces": {
				"north": {"uv": [9.375, 1.063, 15.219, 4.438], "texture": "#11"},
				"east": {"uv": [9.375, 1.063, 15.219, 4.438], "texture": "#11"},
				"south": {"uv": [9.375, 1.063, 15.219, 4.438], "texture": "#11"},
				"west": {"uv": [9.375, 1.063, 15.219, 4.438], "texture": "#11"},
				"up": {"uv": [9.375, 1.063, 15.219, 4.438], "texture": "#11"},
				"down": {"uv": [9.375, 1.063, 15.219, 4.438], "texture": "#11"}
			}
		},
		{
			"from": [2.125, -16, 0],
			"to": [2.875, 4.875, 0.625],
			"rotation": {"angle": -22.5, "axis": "z", "origin": [10.125, -8, 8]},
			"faces": {
				"north": {"uv": [0, 0, 16, 16], "texture": "#12"},
				"east": {"uv": [0, 0, 16, 16], "texture": "#12"},
				"south": {"uv": [0, 0, 16, 16], "texture": "#12"},
				"west": {"uv": [0, 0, 16, 16], "texture": "#12"},
				"up": {"uv": [0, 0, 16, 16], "texture": "#12"},
				"down": {"uv": [0, 0, 16, 16], "texture": "#12"}
			}
		},
		{
			"from": [13, -0.625, 0.5],
			"to": [13.75, 0, 16],
			"rotation": {"angle": 22.5, "axis": "z", "origin": [5.75, -8, 23.375]},
			"faces": {
				"north": {"uv": [0, 0, 16, 16], "texture": "#12"},
				"east": {"uv": [0, 0, 16, 16], "texture": "#12"},
				"south": {"uv": [0, 0, 16, 16], "texture": "#12"},
				"west": {"uv": [0, 0, 16, 16], "texture": "#12"},
				"up": {"uv": [0, 0, 16, 16], "texture": "#12"},
				"down": {"uv": [0, 0, 16, 16], "texture": "#12"}
			}
		},
		{
			"from": [13, -5, 0.5],
			"to": [13.75, -4.375, 16],
			"rotation": {"angle": 22.5, "axis": "z", "origin": [5.75, -8, 23.375]},
			"faces": {
				"north": {"uv": [0, 0, 16, 16], "texture": "#12"},
				"east": {"uv": [0, 0, 16, 16], "texture": "#12"},
				"south": {"uv": [0, 0, 16, 16], "texture": "#12"},
				"west": {"uv": [0, 0, 16, 16], "texture": "#12"},
				"up": {"uv": [0, 0, 16, 16], "texture": "#12"},
				"down": {"uv": [0, 0, 16, 16], "texture": "#12"}
			}
		},
		{
			"from": [13, -16, 15.375],
			"to": [13.75, 4.875, 16],
			"rotation": {"angle": 22.5, "axis": "z", "origin": [5.75, -8, 23.375]},
			"faces": {
				"north": {"uv": [0, 0, 16, 16], "texture": "#12"},
				"east": {"uv": [0, 0, 16, 16], "texture": "#12"},
				"south": {"uv": [0, 0, 16, 16], "texture": "#12"},
				"west": {"uv": [0, 0, 16, 16], "texture": "#12"},
				"up": {"uv": [0, 0, 16, 16], "texture": "#12"},
				"down": {"uv": [0, 0, 16, 16], "texture": "#12"}
			}
		},
		{
			"from": [2.125, -16, 15.375],
			"to": [2.875, 4.875, 16],
			"rotation": {"angle": -22.5, "axis": "z", "origin": [10.125, -8, 23.375]},
			"faces": {
				"north": {"uv": [0, 0, 16, 16], "texture": "#12"},
				"east": {"uv": [0, 0, 16, 16], "texture": "#12"},
				"south": {"uv": [0, 0, 16, 16], "texture": "#12"},
				"west": {"uv": [0, 0, 16, 16], "texture": "#12"},
				"up": {"uv": [0, 0, 16, 16], "texture": "#12"},
				"down": {"uv": [0, 0, 16, 16], "texture": "#12"}
			}
		},
		{
			"from": [1.875, -10.25, -2.375],
			"to": [2.875, 3.75, 18],
			"rotation": {"angle": -22.5, "axis": "z", "origin": [10.125, -8, 23.375]},
			"faces": {
				"north": {"uv": [0, 0, 16, 16], "texture": "#12"},
				"east": {"uv": [0, 0, 16, 16], "texture": "#12"},
				"south": {"uv": [0, 0, 16, 16], "texture": "#12"},
				"west": {"uv": [0, 0, 16, 16], "texture": "#12"},
				"up": {"uv": [0, 0, 16, 16], "texture": "#12"},
				"down": {"uv": [0, 0, 16, 16], "texture": "#12"}
			}
		},
		{
			"from": [0.75, -10.5, 0],
			"to": [15.125, -9.75, 0.5],
			"rotation": {"angle": 0, "axis": "y", "origin": [7.625, -2.5, 8]},
			"faces": {
				"north": {"uv": [0, 0, 16, 16], "texture": "#12"},
				"east": {"uv": [0, 0, 16, 16], "texture": "#12"},
				"south": {"uv": [0, 0, 16, 16], "texture": "#12"},
				"west": {"uv": [0, 0, 16, 16], "texture": "#12"},
				"up": {"uv": [0, 0, 16, 16], "texture": "#12"},
				"down": {"uv": [0, 0, 16, 16], "texture": "#12"}
			}
		},
		{
			"from": [0.75, -10.5, 15.375],
			"to": [15.125, -9.75, 15.875],
			"rotation": {"angle": 0, "axis": "y", "origin": [7.625, -2.5, 23.375]},
			"faces": {
				"north": {"uv": [0, 0, 16, 16], "texture": "#12"},
				"east": {"uv": [0, 0, 16, 16], "texture": "#12"},
				"south": {"uv": [0, 0, 16, 16], "texture": "#12"},
				"west": {"uv": [0, 0, 16, 16], "texture": "#12"},
				"up": {"uv": [0, 0, 16, 16], "texture": "#12"},
				"down": {"uv": [0, 0, 16, 16], "texture": "#12"}
			}
		},
		{
			"from": [3.875, -3.625, 15.375],
			"to": [12, -2.875, 15.875],
			"rotation": {"angle": 0, "axis": "y", "origin": [7.625, 4.375, 23.375]},
			"faces": {
				"north": {"uv": [0, 0, 16, 16], "texture": "#12"},
				"east": {"uv": [0, 0, 16, 16], "texture": "#12"},
				"south": {"uv": [0, 0, 16, 16], "texture": "#12"},
				"west": {"uv": [0, 0, 16, 16], "texture": "#12"},
				"up": {"uv": [0, 0, 16, 16], "texture": "#12"},
				"down": {"uv": [0, 0, 16, 16], "texture": "#12"}
			}
		},
		{
			"from": [3.875, -3.625, 0.25],
			"to": [12, -2.875, 0.75],
			"rotation": {"angle": 0, "axis": "y", "origin": [7.625, 4.375, 8.25]},
			"faces": {
				"north": {"uv": [0, 0, 16, 16], "texture": "#12"},
				"east": {"uv": [0, 0, 16, 16], "texture": "#12"},
				"south": {"uv": [0, 0, 16, 16], "texture": "#12"},
				"west": {"uv": [0, 0, 16, 16], "texture": "#12"},
				"up": {"uv": [0, 0, 16, 16], "texture": "#12"},
				"down": {"uv": [0, 0, 16, 16], "texture": "#12"}
			}
		},
		{
			"from": [13, -16, 0],
			"to": [13.75, 4.875, 0.625],
			"rotation": {"angle": 22.5, "axis": "z", "origin": [5.75, -8, 8]},
			"faces": {
				"north": {"uv": [0, 0, 16, 16], "texture": "#12"},
				"east": {"uv": [0, 0, 16, 16], "texture": "#12"},
				"south": {"uv": [0, 0, 16, 16], "texture": "#12"},
				"west": {"uv": [0, 0, 16, 16], "texture": "#12"},
				"up": {"uv": [0, 0, 16, 16], "texture": "#12"},
				"down": {"uv": [0, 0, 16, 16], "texture": "#12"}
			}
		},
		{
			"from": [2.875, -8.5, -2],
			"to": [3, -2.125, 2.125],
			"rotation": {"angle": -22.5, "axis": "z", "origin": [11.25, -5.375, 23.375]},
			"faces": {
				"north": {"uv": [0, 0, 16, 16], "texture": "#12"},
				"east": {"uv": [0, 0, 16, 16], "texture": "#12"},
				"south": {"uv": [0, 0, 16, 16], "texture": "#12"},
				"west": {"uv": [3.5, 5.25, 4.313, 6.595], "texture": "#11"},
				"up": {"uv": [0, 0, 16, 16], "texture": "#12"},
				"down": {"uv": [0, 0, 16, 16], "texture": "#12"}
			}
		}
	],
	"display": {
		"thirdperson_righthand": {
			"rotation": [0, 89.5, 0],
			"translation": [-7.25, -2, 0],
			"scale": [0.36, 0.4518, 0.44398]
		},
		"thirdperson_lefthand": {
			"rotation": [0, 91, 0],
			"translation": [-7, 0, 0],
			"scale": [0.37, 0.37, 0.37]
		},
		"firstperson_righthand": {
			"scale": [0, 0, 0]
		},
		"firstperson_lefthand": {
			"scale": [0, 0, 0]
		},
		"gui": {
			"rotation": [14, 58, 0],
			"translation": [0.75, -0.75, 0],
			"scale": [0.57, 0.56, 0.58]
		},
		"fixed": {
			"rotation": [-90, 90, 0],
			"translation": [0, 0, -15],
			"scale": [2, 2, 2]
		}
	},
	"groups": [
		{
			"name": "group",
			"origin": [8, 8, 8],
			"children": [0, 1,
				{
					"name": "group",
					"origin": [8, 8, 8],
					"children": []
				}, 2, 3, 4, 5, 6, 7,
				{
					"name": "group",
					"origin": [3.625, 3.875, 8],
					"children": [8,
						{
							"name": "group",
							"origin": [3.625, 3.875, 8],
							"children": [9, 10, 11, 12, 13, 14, 15, 16, 17]
						},
						{
							"name": "group",
							"origin": [3.625, 3.875, 8],
							"children": []
						}, 18]
				}, 19]
		}
	]
}