{
  "multipart": [
    {
      "apply": {
        "model": "minecraft:block/composter"
      }
    },
    {
      "when": {
        "level": "1"
      },
      "apply": {
        "model": "minecraft:block/composter1"
      }
    },
    {
      "when": {
        "level": "2"
      },
      "apply": {
        "model": "minecraft:block/composter2"
      }
    },
    {
      "when": {
        "level": "3"
      },
      "apply": {
        "model": "minecraft:block/composter3"
      }
    },
    {
      "when": {
        "level": "4"
      },
      "apply": {
        "model": "minecraft:block/composter4"
      }
    },
    {
      "when": {
        "level": "5"
      },
      "apply": {
        "model": "minecraft:block/composter5"
      }
    },
    {
      "when": {
        "level": "6"
      },
      "apply": {
        "model": "minecraft:block/composter6"
      }
    },
    {
      "when": {
        "level": "7"
      },
      "apply": {
        "model": "minecraft:block/composter7"
      }
    },
    {
      "when": {
        "level": "8"
      },
      "apply": {
        "model": "minecraft:block/composter_contents_ready"
      }
    }
  ]
}