{
	"credit": "ALTA Official CONTENT -- Do not use without credits !",
	"textures": {
		"0": "block/Updates/2.75/jrn01",
		"particle": "block/Updates/2.75/jrn01"
	},
	"elements": [
		{
			"from": [14.50781, 2.125, 2.625],
			"to": [18.63281, 5.75, 5.375],
			"rotation": {"angle": 0, "axis": "y", "origin": [12.88281, -5.125, 8]},
			"faces": {
				"north": {"uv": [4.469, 0.469, 5.558, 1.778], "texture": "#0"},
				"east": {"uv": [9.782, 10.438, 11.122, 11.717], "texture": "#0"},
				"south": {"uv": [9.782, 10.438, 11.122, 11.717], "texture": "#0"},
				"west": {"uv": [9.782, 10.438, 11.122, 11.717], "texture": "#0"},
				"up": {"uv": [9.782, 10.438, 11.122, 11.717], "texture": "#0"},
				"down": {"uv": [9.782, 10.438, 11.122, 11.717], "texture": "#0"}
			}
		},
		{
			"from": [12.32031, -16, 0],
			"to": [20.82031, -5.75, 9.5],
			"rotation": {"angle": 0, "axis": "y", "origin": [16.82031, -8, 8]},
			"faces": {
				"north": {"uv": [4.25, 4.625, 6.372, 6.687], "texture": "#0"},
				"east": {"uv": [9.563, 10.188, 11.155, 13.313], "texture": "#0"},
				"south": {"uv": [9.563, 10.188, 11.155, 13.313], "texture": "#0"},
				"west": {"uv": [9.563, 10.188, 11.155, 13.313], "texture": "#0"},
				"up": {"uv": [9.563, 10.188, 11.155, 13.313], "texture": "#0"},
				"down": {"uv": [9.563, 10.188, 11.155, 13.313], "texture": "#0"}
			}
		},
		{
			"from": [19.69531, -5.75, 0],
			"to": [20.82031, 2.75, 9.5],
			"rotation": {"angle": 0, "axis": "y", "origin": [16.82031, 1.375, 8]},
			"faces": {
				"north": {"uv": [9.625, 13.563, 10.153, 14.531], "texture": "#0"},
				"east": {"uv": [9.563, 10.188, 11.155, 13.313], "texture": "#0"},
				"south": {"uv": [9.563, 10.188, 11.155, 13.313], "texture": "#0"},
				"west": {"uv": [9.563, 10.188, 11.155, 13.313], "texture": "#0"},
				"up": {"uv": [9.563, 10.188, 11.155, 13.313], "texture": "#0"},
				"down": {"uv": [9.563, 10.188, 11.155, 13.313], "texture": "#0"}
			}
		},
		{
			"from": [12.32031, -5.75, 0],
			"to": [13.44531, 2.75, 9.5],
			"rotation": {"angle": 0, "axis": "y", "origin": [9.44531, 1.375, 8]},
			"faces": {
				"north": {"uv": [5.907, 2.407, 6.153, 3.968], "texture": "#0"},
				"east": {"uv": [5.907, 2.407, 6.153, 3.968], "texture": "#0"},
				"south": {"uv": [5.907, 2.407, 6.153, 3.968], "texture": "#0"},
				"west": {"uv": [5.907, 2.407, 6.153, 3.968], "texture": "#0"},
				"up": {"uv": [5.907, 2.407, 6.153, 3.968], "texture": "#0"},
				"down": {"uv": [5.907, 2.407, 6.153, 3.968], "texture": "#0"}
			}
		},
		{
			"from": [13.44531, 0.25, 0],
			"to": [19.69531, 2.75, 9.5],
			"rotation": {"angle": 0, "axis": "y", "origin": [10.57031, 1.375, 8]},
			"faces": {
				"north": {"uv": [9.625, 13.563, 10.153, 14.531], "texture": "#0"},
				"east": {"uv": [9.563, 10.188, 11.155, 13.313], "texture": "#0"},
				"south": {"uv": [9.563, 10.188, 11.155, 13.313], "texture": "#0"},
				"west": {"uv": [9.563, 10.188, 11.155, 13.313], "texture": "#0"},
				"up": {"uv": [9.563, 10.188, 11.155, 13.313], "texture": "#0"},
				"down": {"uv": [9.563, 10.188, 11.155, 13.313], "texture": "#0"}
			}
		},
		{
			"from": [13.44531, -5.75, 0],
			"to": [19.69531, 0.25, 9.5],
			"rotation": {"angle": 0, "axis": "y", "origin": [10.57031, -1.125, 8]},
			"faces": {
				"north": {"uv": [4.469, 2.438, 5.903, 3.999], "texture": "#0"},
				"east": {"uv": [9.563, 10.188, 11.155, 13.313], "texture": "#0"},
				"south": {"uv": [9.563, 10.188, 11.155, 13.313], "texture": "#0"},
				"west": {"uv": [9.563, 10.188, 11.155, 13.313], "texture": "#0"},
				"up": {"uv": [9.563, 10.188, 11.155, 13.313], "texture": "#0"},
				"down": {"uv": [9.563, 10.188, 11.155, 13.313], "texture": "#0"}
			}
		},
		{
			"from": [15.75781, 2.75, 1.125],
			"to": [17.50781, 3.25, 4],
			"rotation": {"angle": 0, "axis": "y", "origin": [13.00781, -6.25, 8]},
			"faces": {
				"north": {"uv": [9.594, 10.688, 11.469, 13.563], "texture": "#0"},
				"east": {"uv": [9.594, 10.688, 11.469, 13.563], "texture": "#0"},
				"south": {"uv": [9.594, 10.688, 11.469, 13.563], "texture": "#0"},
				"west": {"uv": [9.594, 10.688, 11.469, 13.563], "texture": "#0"},
				"up": {"uv": [9.594, 10.688, 11.469, 13.563], "texture": "#0"},
				"down": {"uv": [9.594, 10.688, 11.469, 13.563], "texture": "#0"}
			}
		},
		{
			"from": [1.44531, -16, 8.75],
			"to": [2.32031, -12.5, 9.5],
			"rotation": {"angle": 0, "axis": "y", "origin": [-1.67969, -8, 8]},
			"faces": {
				"north": {"uv": [5.782, 10.938, 6.093, 13.03], "texture": "#0"},
				"east": {"uv": [5.782, 10.938, 6.093, 13.03], "texture": "#0"},
				"south": {"uv": [5.782, 10.938, 6.093, 13.03], "texture": "#0"},
				"west": {"uv": [5.782, 10.938, 6.093, 13.03], "texture": "#0"},
				"up": {"uv": [5.782, 10.938, 6.093, 13.03], "texture": "#0"},
				"down": {"uv": [5.782, 10.938, 6.093, 13.03], "texture": "#0"}
			}
		},
		{
			"from": [-9.05469, -12.5, 0],
			"to": [2.32031, 0, 9.5],
			"rotation": {"angle": 0, "axis": "y", "origin": [-1.67969, -8, 8]},
			"faces": {
				"north": {"uv": [9.25, 1.594, 11.905, 5.812], "texture": "#0"},
				"east": {"uv": [9.25, 3.282, 11.905, 5.813], "texture": "#0"},
				"south": {"uv": [9.25, 1.594, 11.905, 5.812], "texture": "#0"},
				"west": {"uv": [9.25, 3.282, 11.905, 5.813], "texture": "#0"},
				"up": {"uv": [4, 10, 5.967, 11.125], "texture": "#0"},
				"down": {"uv": [9.25, 3.282, 11.905, 5.813], "texture": "#0"}
			}
		},
		{
			"from": [-9.05469, -16, 8.75],
			"to": [-8.17969, -12.5, 9.5],
			"rotation": {"angle": 0, "axis": "y", "origin": [-12.17969, -8, 8]},
			"faces": {
				"north": {"uv": [5.782, 10.938, 6.093, 13.03], "texture": "#0"},
				"east": {"uv": [5.782, 10.938, 6.093, 13.03], "texture": "#0"},
				"south": {"uv": [5.782, 10.938, 6.093, 13.03], "texture": "#0"},
				"west": {"uv": [5.782, 10.938, 6.093, 13.03], "texture": "#0"},
				"up": {"uv": [5.782, 10.938, 6.093, 13.03], "texture": "#0"},
				"down": {"uv": [5.782, 10.938, 6.093, 13.03], "texture": "#0"}
			}
		},
		{
			"from": [-9.05469, -16, 0],
			"to": [-8.17969, -12.5, 0.75],
			"rotation": {"angle": 0, "axis": "y", "origin": [-12.17969, -8, -0.75]},
			"faces": {
				"north": {"uv": [5.782, 10.938, 6.093, 13.03], "texture": "#0"},
				"east": {"uv": [5.782, 10.938, 6.093, 13.03], "texture": "#0"},
				"south": {"uv": [5.782, 10.938, 6.093, 13.03], "texture": "#0"},
				"west": {"uv": [5.782, 10.938, 6.093, 13.03], "texture": "#0"},
				"up": {"uv": [5.782, 10.938, 6.093, 13.03], "texture": "#0"},
				"down": {"uv": [5.782, 10.938, 6.093, 13.03], "texture": "#0"}
			}
		},
		{
			"from": [1.44531, -16, 0],
			"to": [2.32031, -12.5, 0.75],
			"rotation": {"angle": 0, "axis": "y", "origin": [-1.67969, -8, -0.75]},
			"faces": {
				"north": {"uv": [5.782, 10.938, 6.093, 13.03], "texture": "#0"},
				"east": {"uv": [5.782, 10.938, 6.093, 13.03], "texture": "#0"},
				"south": {"uv": [5.782, 10.938, 6.093, 13.03], "texture": "#0"},
				"west": {"uv": [5.782, 10.938, 6.093, 13.03], "texture": "#0"},
				"up": {"uv": [5.782, 10.938, 6.093, 13.03], "texture": "#0"},
				"down": {"uv": [5.782, 10.938, 6.093, 13.03], "texture": "#0"}
			}
		},
		{
			"from": [5.13281, -0.75, 2.625],
			"to": [9.25781, 2.875, 5.375],
			"rotation": {"angle": 0, "axis": "y", "origin": [3.50781, -8, 8]},
			"faces": {
				"north": {"uv": [7.157, 0.813, 8.25, 1.906], "texture": "#0"},
				"east": {"uv": [7.344, 8.625, 8.532, 10.063], "texture": "#0"},
				"south": {"uv": [7.344, 8.625, 8.532, 10.063], "texture": "#0"},
				"west": {"uv": [7.344, 8.625, 8.532, 10.063], "texture": "#0"},
				"up": {"uv": [7.344, 8.625, 8.532, 10.063], "texture": "#0"},
				"down": {"uv": [7.344, 8.625, 8.532, 10.063], "texture": "#0"}
			}
		},
		{
			"from": [6.75781, -0.625, 1.125],
			"to": [7.63281, 1.5, 4],
			"rotation": {"angle": 0, "axis": "y", "origin": [3.63281, -8, 8]},
			"faces": {
				"north": {"uv": [7.625, 10.844, 8.5, 12.969], "texture": "#0"},
				"east": {"uv": [7.625, 10.844, 8.5, 12.969], "texture": "#0"},
				"south": {"uv": [7.625, 10.844, 8.5, 12.969], "texture": "#0"},
				"west": {"uv": [7.625, 10.844, 8.5, 12.969], "texture": "#0"},
				"up": {"uv": [7.625, 10.844, 8.5, 12.969], "texture": "#0"},
				"down": {"uv": [7.625, 10.844, 8.5, 12.969], "texture": "#0"}
			}
		},
		{
			"from": [2.94531, -16, 0],
			"to": [11.44531, 0.125, 9.5],
			"rotation": {"angle": 0, "axis": "y", "origin": [7.44531, -8, 8]},
			"faces": {
				"north": {"uv": [6.5, 2.25, 8.874, 6.75], "texture": "#0"},
				"east": {"uv": [7.282, 11.844, 8.906, 14.532], "texture": "#0"},
				"south": {"uv": [7.282, 11.844, 8.906, 14.532], "texture": "#0"},
				"west": {"uv": [7.282, 11.844, 8.906, 14.532], "texture": "#0"},
				"up": {"uv": [7.282, 11.844, 8.906, 14.532], "texture": "#0"},
				"down": {"uv": [7.282, 11.844, 8.906, 14.532], "texture": "#0"}
			}
		},
		{
			"from": [6.25781, 1, 1.125],
			"to": [8.13281, 1.5, 4],
			"rotation": {"angle": 0, "axis": "y", "origin": [3.63281, -8, 8]},
			"faces": {
				"north": {"uv": [6.875, 11.094, 8.75, 13.969], "texture": "#0"},
				"east": {"uv": [6.875, 11.094, 8.75, 13.969], "texture": "#0"},
				"south": {"uv": [6.875, 11.094, 8.75, 13.969], "texture": "#0"},
				"west": {"uv": [6.875, 11.094, 8.75, 13.969], "texture": "#0"},
				"up": {"uv": [6.875, 11.094, 8.75, 13.969], "texture": "#0"},
				"down": {"uv": [6.875, 11.094, 8.75, 13.969], "texture": "#0"}
			}
		}
	],
	"display": {
		"thirdperson_righthand": {
			"scale": [0.25, 0.26, 0.25]
		},
		"thirdperson_lefthand": {
			"scale": [0.28, 0.27, 0.26]
		},
		"firstperson_righthand": {
			"scale": [0, 0, 0]
		},
		"firstperson_lefthand": {
			"scale": [0, 0, 0]
		},
		"gui": {
			"rotation": [27, 143, 0],
			"scale": [0.48, 0.47, 0.47]
		}
	},
	"groups": [
		{
			"name": "group",
			"origin": [8, 8, 8],
			"children": [
				{
					"name": "group",
					"origin": [8.25, 8, 8],
					"children": [0, 1, 2, 3, 4, 5, 6]
				},
				{
					"name": "group",
					"origin": [8, 8, 8],
					"children": [7, 8, 9, 10, 11]
				},
				{
					"name": "group",
					"origin": [8.25, 8, 8],
					"children": [12, 13, 14, 15]
				}
			]
		}
	]
}