{
    "__comment": "Designed by Tachibana",
    "multipart": [
        {   "apply": { "model": "oak_fence_post" }},
        {   "when": { "north": "true" },
            "apply": { "model": "oak_fence_side1", "uvlock": true }
        },
        {   "when": { "east": "true" },
            "apply": { "model": "oak_fence_side2", "uvlock": true }
        },
        {   "when": { "south": "true" },
            "apply": { "model": "oak_fence_side1", "y": 180, "uvlock": true }
        },
        {   "when": { "west": "true" },
            "apply": { "model": "oak_fence_side2", "y": 180, "uvlock": true }
        },
        
        {   "when": { "north": "false", "south": "false", "east": "false", "west": "false" },
            "apply": { "model": "oak_fence_post_none"}
        },
        
        {   "when": { "north": "true", "east": "false" },
            "apply": { "model": "oak_fence_cnt1"}
        },
        {   "when": { "north": "true", "west": "false" },
            "apply": { "model": "oak_fence_cnt1"}
        },
        {   "when": { "south": "true", "east": "false" },
            "apply": { "model": "oak_fence_cnt1"}
        },
        {   "when": { "south": "true", "west": "false" },
            "apply": { "model": "oak_fence_cnt1"}
        },
        
        {   "when": { "north": "true", "south": "false", "east": "true", "west": "true" },
            "apply": { "model": "oak_fence_cnt2"}
        },
        {   "when": { "north": "false", "south": "true", "east": "true", "west": "true" },
            "apply": { "model": "oak_fence_cnt2"}
        },
        
        {   "when": { "east": "true", "north": "false", "south": "false" },
            "apply": { "model": "oak_fence_cnt2" }
        },
        {   "when": { "west": "true", "north": "false", "south": "false" },
            "apply": { "model": "oak_fence_cnt2" }
        },
        
        {   "when": { "north": "true", "south": "true", "east": "true", "west": "true" },
            "apply": { "model": "oak_fence_cnt1"}
        }
    ]
}
