{
	"__comment": "Designed by Tachibana",
	"variants": {
        "normal": [
            { "model": "block/waterlily" },
            { "model": "block/waterlily", "y": 90 },
            { "model": "block/waterlily", "y": 180 },
            { "model": "block/waterlily", "y": 270 },
            { "model": "block/waterlily1" },
            { "model": "block/waterlily1", "y": 90 },
            { "model": "block/waterlily1", "y": 180 },
            { "model": "block/waterlily1", "y": 270 },
            { "model": "block/waterlily2" },
            { "model": "block/waterlily2", "y": 90 },
            { "model": "block/waterlily2", "y": 180 },
            { "model": "block/waterlily2", "y": 270 },
            { "model": "block/waterlily3" },
            { "model": "block/waterlily3", "y": 90 },
            { "model": "block/waterlily3", "y": 180 },
            { "model": "block/waterlily3", "y": 270 }
        ]
    }
}
